clip_id,split,pc1,pc2
--Ymqszjv54.001,train,-6.968412,2.3535972
--Ymqszjv54.003,train,0.0528581,8.351102
--Ymqszjv54.004,train,1.5186179,5.571774
--Ymqszjv54.005,train,0.8996313,9.362459
-2qsCrkXdWs.001,train,-6.038754,-4.6744723
-55DRRMTppE.000,train,13.036602,-9.200932
-55DRRMTppE.005,train,13.192559,-12.626891
-5riMLK-PgU.001,train,11.105526,11.898245
-6otZ7M-Mro.000,train,-9.057496,-0.41814187
-6otZ7M-Mro.001,train,-10.24225,2.8571439
-8asrRvfJWA.003,train,4.6350694,-8.348579
-8asrRvfJWA.004,train,11.677524,-2.8072305
-9BZ8A9U7TE.000,train,-2.7615204,-4.876317
-9BZ8A9U7TE.003,train,2.537893,-6.1710143
-9BZ8A9U7TE.004,train,-1.7563106,-6.040255
-AmMDnVl4s8.003,train,9.986446,-3.4263494
-C5M9g4Quzc.002,train,16.668957,5.8247557
-DOqN0d8KHw.002,train,-9.257051,2.0068603
-DOqN0d8KHw.003,train,-6.5015435,2.2907195
-Gl98Jn45Fs.000,train,2.845117,-2.3140912
-Gl98Jn45Fs.001,train,-0.7924247,-8.467253
-Gl98Jn45Fs.003,train,-2.9066863,-8.673611
-IK--4uz5ZY.000,train,-8.062048,-1.1208333
-IK--4uz5ZY.002,train,-6.9940653,-0.107462116
-IK--4uz5ZY.003,train,-5.9573355,-1.2025716
-IK--4uz5ZY.004,train,-7.834699,-1.591141
-N6QKrbnaDs.005,train,-0.7486622,12.311928
-NwfYYf5xLo.005,train,4.6627355,-5.536806
-OXMbG7ZwRk.000,train,-11.838524,5.4148736
-OXMbG7ZwRk.003,train,-11.907799,1.7118728
-OXMbG7ZwRk.004,train,-11.895874,4.6322603
-OXMbG7ZwRk.005,train,-13.37147,5.193328
-Osv5l1vrNU.001,train,6.1542587,-12.912809
-Osv5l1vrNU.004,train,5.3643937,-13.506533
-R2SZu3SYgM.000,train,-11.998591,1.4076355
-R2SZu3SYgM.004,train,-9.191163,2.5926354
-RhPxhfpg4U.001,train,-5.51554,8.063673
-RhPxhfpg4U.003,train,-7.6054134,2.0874896
-RhPxhfpg4U.005,train,-7.2067943,2.0505872
-VTqcHNgH7M.002,train,-8.254347,-11.541903
-VTqcHNgH7M.003,train,-7.851455,-8.959311
-VTqcHNgH7M.004,train,-8.022505,-10.757693
-Wqk9eex6bQ.002,train,-13.229876,5.258897
-Wqk9eex6bQ.003,train,-11.680512,6.162385
-Wqk9eex6bQ.004,train,-12.268822,2.7681441
-Wqk9eex6bQ.005,train,-9.87059,1.9713659
-aU2FN5pkWA.001,train,-2.5936027,-7.8010483
-aU2FN5pkWA.004,train,-8.311668,-0.3443116
-agCXYgb7pI.004,train,1.1686025,7.832938
-awAu11kBZ0.000,train,-1.6823506,-14.829816
-c2HtptBFxY.002,train,-12.348093,-2.3648818
-c_tyGzShwk.004,train,8.669406,-3.2055438
-fXqnCljdm0.000,train,-7.7648816,4.4030957
-fXqnCljdm0.003,train,-4.6835546,4.658315
-fqiCqZtgYs.001,train,17.600702,-0.99842125
-fqiCqZtgYs.002,train,1.9602386,-3.1028419
-fqiCqZtgYs.003,train,6.12338,2.443974
-mt-IKgGhuY.004,train,-13.9027605,4.886912
-utrsarZeIY.001,train,21.450731,-4.2613435
-utrsarZeIY.004,train,17.851458,1.6747001
-zNyDPzId4E.001,train,13.175242,-8.947463
-zNyDPzId4E.003,train,22.88814,0.55443925
01qN-BqJXRM.005,train,-6.2140646,1.9888449
04oq2yrBwMg.001,train,-11.892984,10.592826
04oq2yrBwMg.004,train,-8.038355,14.238297
05l5bteT_qA.000,train,1.4411685,-4.846
05l5bteT_qA.001,train,0.84923613,-12.964957
0C6i34q2-f8.000,train,2.8246076,9.571192
0C6i34q2-f8.001,train,-3.8439114,8.008475
0C6i34q2-f8.003,train,-1.4322224,1.786805
0D7W2pR4RpQ.004,train,15.443088,-5.61603
0FVu7VKIg2s.000,train,10.064929,10.706051
0G9vplL8ae8.001,train,-7.610877,3.7805007
0G9vplL8ae8.003,train,-7.277936,2.585149
0LqfKzp11kg.000,train,11.724494,4.7673674
0MB91ku0eEw.003,train,-10.17622,9.301809
0ObEtA6Q8vU.002,train,-10.107783,-2.3223403
0ObEtA6Q8vU.003,train,-4.2274423,2.9746013
0ObEtA6Q8vU.005,train,-4.0337257,5.333942
0QTR0WiJSNk.001,train,5.121721,-4.168205
0RLFM1ehSFM.000,train,-9.528244,4.4399514
0VnZngec8sc.001,train,-12.690393,1.5506783
0VnZngec8sc.003,train,-13.718322,2.521808
0VnZngec8sc.004,train,-11.532275,0.90460664
0Wr69VD_oXI.004,train,-2.804937,-7.2856107
0ZK5jQAvhFo.004,train,-5.8889136,-1.2676986
0_xOGmydDN0.001,train,-10.537519,7.52132
0_xOGmydDN0.002,train,-16.268522,8.268046
0_xOGmydDN0.003,train,-13.510861,7.347832
0_xOGmydDN0.004,train,-12.664961,7.5659847
0axZSeaUbfs.002,train,-10.238206,-3.7154372
0axZSeaUbfs.004,train,-8.494789,-0.40827227
0axZSeaUbfs.005,train,-10.370251,0.22746623
0dIqLMMn4jY.000,train,14.201921,3.2690365
0fMw9o1v2tY.001,train,17.62447,-2.498115
0fMw9o1v2tY.002,train,11.93745,-6.103077
0fMw9o1v2tY.003,train,11.101999,-6.5337105
0gv5Z0qt2jc.000,train,-5.1927557,4.391312
0gv5Z0qt2jc.001,train,-7.607271,3.5536554
0gv5Z0qt2jc.002,train,-5.3307934,7.8667116
0gv5Z0qt2jc.003,train,-8.383278,5.036156
0gv5Z0qt2jc.004,train,-4.202529,10.535839
0gv5Z0qt2jc.005,train,-6.3727546,3.792969
0hWbtuRVUgM.001,train,1.3763348,4.36052
0hWbtuRVUgM.005,train,-4.9173727,4.5581446
0iQIfGnKflc.001,train,2.3166852,11.549186
0iQIfGnKflc.002,train,-2.7284062,8.626873
0iXXdsO95O0.000,train,9.474823,1.643165
0kg6pmbSN6A.000,train,2.6208029,13.58722
0kg6pmbSN6A.001,train,6.407895,17.168537
0kg6pmbSN6A.002,train,6.4252667,17.487915
0kg6pmbSN6A.005,train,2.5065227,12.727089
0mym1CooiTE.000,train,-6.144162,-7.6611934
0mym1CooiTE.001,train,-6.955461,-5.1441884
0mym1CooiTE.003,train,-3.344208,-11.457221
0mym1CooiTE.004,train,-5.9255157,-6.152429
0n2vWTs6XwA.001,train,18.030632,-8.089818
0tse0Fsy_rg.001,train,16.564497,7.902896
0tse0Fsy_rg.002,train,14.57707,-0.34652534
0tse0Fsy_rg.004,train,26.697855,9.6772
0u56Q_QmxIM.002,train,-7.5820036,9.657502
0u56Q_QmxIM.004,train,-9.171815,6.5502024
0uCqd5hZcyI.000,train,-5.4493384,-3.9589841
0uCqd5hZcyI.005,train,-0.46537232,-6.6944227
0zJcYnsh55g.003,train,26.175602,3.1953816
1-GgVRmAEoo.002,train,-5.195227,-5.294552
1-GgVRmAEoo.003,train,-0.4989817,3.9401941
1-GgVRmAEoo.004,train,-7.7204747,-0.43449247
117jrwvl2Nc.000,train,-7.682967,-5.2881527
117jrwvl2Nc.004,train,-11.23483,-3.0691423
12Ezy1y1cWY.001,train,27.05455,13.635879
12Ezy1y1cWY.005,train,7.8913984,10.275951
12Hbl_oZF9c.001,train,-6.024984,-3.091243
12Hbl_oZF9c.003,train,-1.7972263,-6.7092247
12lqQE6oPNE.001,train,12.25708,-1.1567605
13KtmgntgQw.002,train,-8.518896,2.5057342
13XlKeC_p3U.000,train,-4.3748655,-6.971083
13XlKeC_p3U.001,train,-7.215489,-5.277904
13kjwEtSyXc.000,train,-9.238802,-0.7142816
13kjwEtSyXc.002,train,-3.7027884,2.193232
13kjwEtSyXc.004,train,-10.447123,-3.6282856
15yOT2ZolPE.002,train,-6.7526293,3.53967
176vWywoq9E.000,train,0.45070365,8.913891
176vWywoq9E.001,train,-7.3245516,9.8982935
176vWywoq9E.002,train,2.4553628,9.189609
176vWywoq9E.004,train,-7.105422,7.330167
184MlJCcboQ.000,train,3.2978096,-11.256589
186c7kCyCHQ.005,train,-5.291638,1.9603493
19cplBTXyoY.002,train,15.215578,1.8200527
19pTUX8KfYM.000,train,-8.638582,-2.5262556
1AMp8Y_0UGc.000,train,0.79630286,-2.4245007
1AMp8Y_0UGc.002,train,6.0926366,-0.55269593
1AMp8Y_0UGc.004,train,6.063278,-2.2618008
1CYzbX8AaP8.001,train,1.4978662,5.53288
1CYzbX8AaP8.003,train,-8.08043,8.189684
1DCnIad1Y0w.002,train,11.701512,2.1125143
1Gn4GX8miWQ.000,train,-7.506005,-3.1540055
1Gn4GX8miWQ.001,train,-8.343671,-4.895604
1Gn4GX8miWQ.002,train,-8.622404,-1.3079135
1Gn4GX8miWQ.003,train,-9.738922,-3.9192483
1Gn4GX8miWQ.004,train,-8.933451,-2.33183
1Gn4GX8miWQ.005,train,-8.268072,-1.5766917
1Kb5d-w3YJ8.002,train,-2.604056,4.5096326
1Lv72Si4GnY.001,train,22.739725,0.34296563
1OGu_7IljCo.004,train,-1.7279931,-3.9080002
1RMdiCbNNh4.003,train,8.576566,-8.143497
1RMdiCbNNh4.005,train,2.4568868,-9.274998
1S0SxmfbOus.002,train,-5.1335936,-4.300834
1UaqZEUUk9I.000,train,3.1773465,5.5403333
1UaqZEUUk9I.002,train,-2.7308543,5.554518
1W7XLdNpEgc.001,train,12.308756,6.578998
1W7XLdNpEgc.005,train,13.587404,6.5856123
1Wh2mIFrGvk.001,train,18.505924,5.4053345
1XqMZQu_pP4.002,train,-0.7476384,-11.037187
1YsZ4GPpyBA.004,train,-6.1481247,-10.481881
1YsZ4GPpyBA.005,train,-5.5603127,-11.881388
1ZqHFoxLz54.000,train,8.387478,-3.3606904
1cqwKxx6GF8.001,train,-2.7481148,1.6849091
1cqwKxx6GF8.004,train,-2.7935653,5.6692476
1cqwKxx6GF8.005,train,-6.7050066,-0.32252494
1dOaM7zWPo8.000,train,-8.819141,1.531505
1eOvtoZCie8.000,train,-1.5823466,-6.8968205
1eOvtoZCie8.002,train,-3.5589151,-8.368184
1eOvtoZCie8.004,train,-8.309792,-8.102857
1eOvtoZCie8.005,train,-1.0339139,-5.0747933
1fsFL_qNYlQ.001,train,-5.831355,-9.554487
1fsFL_qNYlQ.005,train,-4.5435305,-11.353823
1hpZ2ecWqtI.002,train,-6.3908916,-4.6184363
1hpZ2ecWqtI.003,train,-4.436104,-1.9814564
1hpZ2ecWqtI.005,train,-4.797129,-4.403087
1izSTcQI7H4.000,train,-11.219301,5.903372
1izSTcQI7H4.004,train,-13.213157,7.198193
1jC4vsQsjwM.002,train,-11.423539,1.9448826
1jC4vsQsjwM.004,train,-11.852893,1.8012747
1jC4vsQsjwM.005,train,-10.308285,-0.5031733
1m67onLoRwY.000,train,-10.423523,-1.5213706
1m67onLoRwY.003,train,-11.694868,-1.6767772
1mHjMNZZvFo.000,train,-0.4021233,-12.703113
1mHjMNZZvFo.003,train,-6.255786,-8.669488
1mHjMNZZvFo.004,train,-2.5953615,-9.0194
1mHjMNZZvFo.005,train,-3.7718666,-10.906622
1mODTfLRGdI.000,train,-3.324237,-11.905547
1mODTfLRGdI.001,train,-4.737952,-6.737825
1mODTfLRGdI.003,train,-4.8975725,-8.622867
1mReUxIEuw0.000,train,15.127595,3.0419354
1mReUxIEuw0.005,train,17.657278,6.5402284
1mdMhaq5p4w.001,train,3.7655513,-13.48638
1mdMhaq5p4w.002,train,5.759408,-11.3701515
1mdMhaq5p4w.004,train,10.811086,-7.077681
1mdMhaq5p4w.005,train,15.817008,-12.099962
1mfrM-FT-5E.000,train,-3.6522403,6.0633397
1pm5uoU85FI.000,train,-2.8664114,-2.1982205
1pm5uoU85FI.001,train,-0.43576914,-3.6718495
1pm5uoU85FI.003,train,-8.056405,-1.4429309
1q-N_zbsAg0.000,train,-4.164196,5.3874645
1q-N_zbsAg0.001,train,2.8830192,7.751165
1q-N_zbsAg0.003,train,-2.4640858,3.2654057
1q-N_zbsAg0.004,train,-4.536655,3.4132497
1sjXuXtx9-E.000,train,-2.1101701,-19.522892
1tPH6PNeOSk.002,train,7.9939675,6.5953016
1tPH6PNeOSk.004,train,1.9716923,3.4220161
1uCO2d0pFg0.000,train,-9.460388,1.3344098
1wWMWbl6ILg.004,train,6.5571175,-1.3282455
1yIGI42lzak.001,train,-0.3803133,3.795197
1yIGI42lzak.002,train,0.57210964,5.061774
1yIGI42lzak.003,train,-3.1106384,5.84976
1yIGI42lzak.005,train,-1.9027634,7.059204
1yjRBwUiYxs.005,train,-11.1522045,-0.11456326
2-LDYe7OXZU.000,train,-8.514752,-0.11739543
2-LDYe7OXZU.001,train,-7.5563216,-1.7374617
2-LDYe7OXZU.003,train,-7.40764,1.8707442
2-LDYe7OXZU.005,train,-8.360075,1.8341806
26ZnknvfdNM.001,train,-5.3825054,-0.8590338
26ZnknvfdNM.002,train,-6.3772316,0.5530343
26ZnknvfdNM.003,train,-2.8552172,0.3967088
26ZnknvfdNM.004,train,-3.1116185,0.28814209
29UCGJldICw.005,train,16.603725,-3.7825956
2AV8m02PjdU.000,train,20.348465,-10.915967
2AV8m02PjdU.002,train,23.735226,-13.658503
2AV8m02PjdU.003,train,9.386894,-12.603547
2AYq7CdNXNo.000,train,-4.1808457,-16.307026
2AYq7CdNXNo.001,train,-2.4190702,-17.68025
2AYq7CdNXNo.003,train,-4.600082,-17.441097
2AYq7CdNXNo.004,train,-3.6614554,-15.850837
2DZb5yIc6Fg.001,train,-2.348534,9.764877
2DZb5yIc6Fg.002,train,-10.143927,5.9571695
2DZb5yIc6Fg.003,train,-2.5719068,11.289791
2Fgn78rYjPM.005,train,-2.5985966,1.6409477
2GHz8LYflE0.000,train,17.450487,-8.928417
2HE6cw3HFPk.001,train,1.4606719,-6.9141765
2HE6cw3HFPk.003,train,2.4417887,-3.8816178
2IwWILRuuNU.003,train,-7.495034,-0.23984748
2IwWILRuuNU.004,train,-9.077527,-5.925896
2IwWILRuuNU.005,train,-9.080581,-0.8030881
2KSBoJZMcMU.003,train,-8.136753,0.26896578
2KSBoJZMcMU.004,train,-3.9463842,-0.44607458
2KSBoJZMcMU.005,train,-7.491464,-1.0714047
2Lgd2Ye-1L8.000,train,-8.794152,-1.5833012
2NNYN1ZCJhw.003,train,-7.4204235,-10.544287
2OAA4slRc5M.004,train,-6.4339604,4.921639
2P1FbMJLUAs.000,train,22.970592,4.7841353
2P1FbMJLUAs.003,train,22.575441,0.8367519
2P1FbMJLUAs.005,train,31.351337,3.775772
2PSGksTyrnI.001,train,-8.195985,1.4918789
2PSGksTyrnI.003,train,-6.062415,8.227932
2PSGksTyrnI.004,train,-1.6128378,8.29341
2PSGksTyrnI.005,train,-8.4743395,1.8887755
2RQGNwx_nlI.000,train,-0.7911578,-15.545016
2SzC9dm4Yy4.002,train,29.725657,-0.8709493
2T3oK1Gse2g.000,train,1.4813476,-4.1760173
2T3oK1Gse2g.002,train,12.984665,-3.739578
2TMl5EMrdVI.002,train,10.513621,6.240388
2TMl5EMrdVI.003,train,-1.8968226,7.507826
2TMl5EMrdVI.004,train,2.2241783,4.347415
2TMl5EMrdVI.005,train,7.3182464,11.786959
2TXrDZgbDHE.001,train,20.053308,-0.33511224
2TXrDZgbDHE.005,train,65.2316,23.912062
2TbU3Eg2i4A.003,train,-3.9335382,-7.2716417
2TbU3Eg2i4A.004,train,-7.9019384,1.5901651
2TbU3Eg2i4A.005,train,4.815176,6.2847056
2UqnC_rFcRQ.001,train,-2.9809422,4.655824
2UqnC_rFcRQ.002,train,-5.326072,6.8232627
2UqnC_rFcRQ.003,train,-4.797198,4.8011003
2WuhWF4fAOQ.001,train,13.205512,-1.9055437
2WuhWF4fAOQ.002,train,3.333154,-7.525083
2WuhWF4fAOQ.003,train,4.053209,-2.07774
2WuhWF4fAOQ.004,train,7.131517,-11.3288145
2_OOIcYfLV0.003,train,21.177687,-4.6012807
2bAsXLQjlt8.001,train,-12.878944,-1.1869025
2bAsXLQjlt8.002,train,-12.987465,-2.2058413
2bAsXLQjlt8.004,train,-13.9218855,-0.1905266
2bAsXLQjlt8.005,train,-10.593493,-2.7468014
2ceHmUmguzk.000,train,0.49084872,1.0171418
2ceHmUmguzk.001,train,0.26566392,-2.460828
2ceHmUmguzk.002,train,0.18712057,0.97679466
2ceHmUmguzk.005,train,-1.4297305,-3.8170924
2d6btbaNdfo.004,train,0.055878226,3.9175353
2f7rLXwzP3s.000,train,9.445471,-21.631224
2f7rLXwzP3s.002,train,6.635391,-23.956686
2fzLibPAtvI.004,train,7.9618387,4.242751
2fzLibPAtvI.005,train,11.106125,7.2882113
2hhqEWiv4eI.000,train,-11.167574,6.3635993
2hhqEWiv4eI.001,train,-13.949553,6.0137763
2hhqEWiv4eI.002,train,-4.1189504,7.6794214
2hhqEWiv4eI.004,train,-10.050464,5.391113
2kqPuht5jTg.002,train,-9.529191,-7.0504093
2kqPuht5jTg.004,train,-10.847842,-3.2152069
2kqPuht5jTg.005,train,-10.210838,-5.768849
2mfmw63l88g.001,train,-3.9100804,7.287379
2mfmw63l88g.003,train,-4.7257447,5.510778
2mfmw63l88g.004,train,-5.1294518,6.2234135
2mfmw63l88g.005,train,-2.9468234,6.4039326
2mgj9ncREyA.000,train,0.6734508,2.3411467
2mgj9ncREyA.005,train,8.156929,1.6622363
2oEUp9sGRGk.000,train,-8.337099,-0.99748605
2oEUp9sGRGk.001,train,-6.567238,-3.775524
2oiXF5_gTyk.001,train,-0.2153705,-0.6814946
2oiXF5_gTyk.002,train,10.935328,-6.0158725
2oiXF5_gTyk.003,train,-0.5633086,0.114176266
2pNKs0i3YkY.002,train,24.172216,-2.3327322
2q7ZwMoPvok.000,train,16.268837,0.9705031
2q8orkMs2Jg.000,train,8.745359,-7.7938013
2q8orkMs2Jg.003,train,28.558168,-2.0783515
2q8orkMs2Jg.005,train,15.147488,-5.73202
2r5NVi3SZ2I.000,train,-1.0864904,-2.3404584
2rV3Ibtdnvs.000,train,-11.791178,0.036292356
2uAJJH7B5aw.000,train,-5.473345,5.5746045
2uAJJH7B5aw.001,train,-4.1095347,2.4911776
2uAJJH7B5aw.003,train,-5.926208,4.5212593
2x8GZaBY6TM.001,train,-11.717688,3.524604
2x8GZaBY6TM.002,train,-4.8446484,5.178272
2x8GZaBY6TM.003,train,-10.69706,3.98057
2yUnXroXyeI.003,train,-7.6279984,1.0060729
300gK3CnzW0.000,train,-6.5340896,6.6054683
300gK3CnzW0.002,train,-2.6809626,3.469806
300gK3CnzW0.004,train,-5.501655,3.995576
32XmVytuwQc.001,train,-3.938897,-0.92375
35-2f1y0guA.000,train,-7.475356,-4.1217775
36NZ0sHWQFg.001,train,12.117707,17.427235
36sZ__mv_KY.003,train,-0.97502154,2.9799447
38fE5B4ghw0.000,train,6.002517,-13.332205
38fE5B4ghw0.002,train,8.760648,-7.0345316
38fE5B4ghw0.003,train,2.8882437,-12.395553
38fE5B4ghw0.004,train,7.9533224,-8.763588
38fE5B4ghw0.005,train,11.569311,-8.819515
39BJkEXJpgc.001,train,-8.34538,-2.962209
39BJkEXJpgc.003,train,-6.8042808,-5.84597
39BJkEXJpgc.005,train,-7.234172,-5.730425
39o1zJFeM7E.001,train,-2.5842307,-1.5740231
39o1zJFeM7E.002,train,-4.460591,-1.3595481
39o1zJFeM7E.003,train,-3.7003193,-2.4664693
39o1zJFeM7E.004,train,11.196967,24.788418
3AyjQQYmqU4.000,train,-7.1703606,-4.320317
3AyjQQYmqU4.001,train,-9.43684,-1.8294973
3AyjQQYmqU4.003,train,-9.989153,-0.5162779
3DURnr95fMg.000,train,-9.117547,3.4112225
3DURnr95fMg.002,train,2.0738766,12.044476
3DURnr95fMg.004,train,-7.542332,4.68935
3GylAjrajHs.003,train,-6.9028726,-1.8503784
3GylAjrajHs.004,train,-0.26537806,0.27614072
3HA2W1s4oP8.000,train,-8.69894,3.3794024
3HA2W1s4oP8.001,train,-11.550382,5.628358
3HA2W1s4oP8.002,train,-8.620714,6.836261
3HA2W1s4oP8.003,train,-11.231906,3.6715539
3J7Cl3FXs1o.001,train,6.2880235,9.081702
3J7Cl3FXs1o.004,train,-3.4306445,5.220085
3JAFkk42zPs.004,train,-5.27851,5.6427817
3JAFkk42zPs.005,train,-5.217289,6.784532
3JzvXA-Zfbs.000,train,-9.58837,-0.693963
3JzvXA-Zfbs.001,train,-10.019504,3.4605954
3JzvXA-Zfbs.002,train,-8.649902,2.277
3JzvXA-Zfbs.003,train,-10.506616,-1.4962404
3K16KyiAZHw.004,train,1.4944109,-13.519751
3LAaFUSGvsU.001,train,-12.777798,9.104889
3LAaFUSGvsU.003,train,-14.904008,7.66704
3LAaFUSGvsU.004,train,-12.184166,4.1314454
3OoQBXWTGfE.000,train,-7.192634,7.144254
3OoQBXWTGfE.001,train,-10.42515,8.309861
3OoQBXWTGfE.002,train,-12.344169,5.84621
3OoQBXWTGfE.004,train,-12.253421,6.114605
3P_D_bd-_NM.000,train,2.332233,1.0945474
3P_D_bd-_NM.001,train,3.5506017,-3.6411872
3P_D_bd-_NM.003,train,-0.79927635,0.47807533
3P_D_bd-_NM.005,train,-1.1876441,-1.2766429
3Q3SB1dVAng.000,train,-2.9359426,-11.308925
3Q3SB1dVAng.001,train,-1.792699,-14.705324
3Q3SB1dVAng.002,train,0.5258218,-15.677728
3Q3SB1dVAng.003,train,-1.5960245,-17.616562
3Q3SB1dVAng.005,train,0.074225746,-15.976292
3R2LrAKCWr8.001,train,-8.313559,-1.9046375
3R2LrAKCWr8.002,train,-6.918659,-4.181365
3RhBqNzCMG8.001,train,-4.891833,-12.236975
3S72dDIm1fM.000,train,-7.9743237,6.0810304
3S72dDIm1fM.001,train,-9.035237,9.278757
3S8QUGYVf_w.000,train,-11.387463,-0.8101573
3S8QUGYVf_w.001,train,-11.228157,-0.18335156
3S8QUGYVf_w.003,train,-12.244266,0.65977764
3S8QUGYVf_w.004,train,-11.917153,-0.5305428
3Sj-GZ3YXWs.000,train,-7.4071965,5.083167
3Sj-GZ3YXWs.001,train,-7.0192013,5.8460393
3Sj-GZ3YXWs.002,train,-3.8513198,5.8163157
3Sj-GZ3YXWs.004,train,-7.239131,2.250773
3Sj-GZ3YXWs.005,train,-7.034387,8.02487
3VTL2kFt17M.000,train,-0.20433815,0.89116174
3VTL2kFt17M.002,train,27.647802,9.894958
3VTL2kFt17M.004,train,10.066608,8.017652
3VTL2kFt17M.005,train,11.315095,1.9093696
3Vr5-zedeWk.000,train,-7.992114,7.505728
3Vr5-zedeWk.002,train,13.847871,18.723362
3Vr5-zedeWk.003,train,-6.9441276,6.0718617
3Vr5-zedeWk.004,train,-7.0325017,8.042265
3Vr5-zedeWk.005,train,-3.1272275,6.4176383
3VyriB3isO8.001,train,22.360165,7.080873
3VyriB3isO8.004,train,22.722528,11.585337
3WPXm_5f4Lw.002,train,44.50466,2.7109206
3WmWJ1lNy-U.000,train,-7.0916967,-3.233717
3WmWJ1lNy-U.001,train,0.5188624,-3.1739721
3WoXkI06zGk.001,train,32.33247,5.707198
3WoXkI06zGk.002,train,22.235752,4.7471666
3WoXkI06zGk.003,train,25.802513,8.507537
3ZwXifihvtA.000,train,9.487569,3.5970464
3b9fhd-EDaY.001,train,-8.533649,4.9637322
3ccY8jYkI5o.000,train,-1.7241013,-3.4425464
3ccY8jYkI5o.002,train,-1.6374154,-4.235543
3ccY8jYkI5o.004,train,4.003329,0.42694134
3ccY8jYkI5o.005,train,0.14761993,-2.9720242
3df_Uk9EmwU.000,train,17.679405,-28.404099
3df_Uk9EmwU.001,train,19.688694,-22.926723
3df_Uk9EmwU.004,train,17.29979,-23.816076
3df_Uk9EmwU.005,train,21.573195,-28.324224
3g6Ab-BIbR4.001,train,-8.632714,-5.3512278
3gKpBq-1yG4.000,train,4.503723,3.8218496
3gKpBq-1yG4.001,train,1.016607,3.5362387
3gKpBq-1yG4.002,train,6.271026,4.0973163
3gKpBq-1yG4.003,train,3.8654325,1.5308267
3gKpBq-1yG4.004,train,1.001345,2.2453
3gKpBq-1yG4.005,train,8.454404,4.7824216
3gmc2kLV4Bo.002,train,-1.488467,-10.440073
3hKgh9AB3tk.001,train,-4.373249,-2.8109872
3hKgh9AB3tk.002,train,-1.320116,-0.43203497
3hKgh9AB3tk.005,train,-4.749398,0.34955904
3lV-sr3NOUo.003,train,-8.057596,3.0131116
3lV-sr3NOUo.004,train,-6.347271,6.1733804
3nxH1f6IQjQ.000,train,-6.8920593,-3.6192794
3orJLMVqWYw.000,train,16.38557,6.318425
3orJLMVqWYw.004,train,4.9509344,2.2009284
3pJZOCtAzYE.001,train,5.66322,-6.6706653
3tPq9fNOXZQ.001,train,-0.45307022,3.613336
3tPq9fNOXZQ.002,train,-4.0169497,-3.2646775
3tPq9fNOXZQ.003,train,-5.9273515,0.6995088
3tPq9fNOXZQ.005,train,1.5035012,4.0323224
3taD1fEPfC8.001,train,-2.6165383,-3.4738972
3taD1fEPfC8.002,train,-0.6051933,-2.4793885
3taD1fEPfC8.003,train,-8.138343,-3.6417582
3taD1fEPfC8.004,train,-2.4789488,-4.334739
3wRj39GKLJ0.001,train,0.023063734,5.5091386
3wgZrRMosvY.002,train,-1.0760926,-1.9536148
3wgZrRMosvY.003,train,8.101242,2.4182847
3y3au0hVfm8.001,train,-3.5150254,-10.037841
3ySH8eJQRCI.001,train,-9.08983,5.945598
3ySH8eJQRCI.002,train,-10.654956,7.7224536
3ySH8eJQRCI.003,train,-11.606178,5.8366323
3ySH8eJQRCI.004,train,-12.1421,4.612199
3ySH8eJQRCI.005,train,-8.927702,8.121993
3yU-7AXnFCM.002,train,20.558544,13.635756
3yU-7AXnFCM.003,train,-0.9786044,-4.1783557
3zAyM2edy1g.000,train,7.7282124,10.385146
3zAyM2edy1g.001,train,21.451605,16.544342
3zAyM2edy1g.004,train,5.0790205,8.173497
40rn4A64Bdk.001,train,-2.4066353,-6.5476055
40rn4A64Bdk.003,train,-1.07063,-12.424366
41NNb7cucVo.000,train,14.820815,-5.8670597
41NNb7cucVo.001,train,6.5559635,-7.9520707
41NNb7cucVo.002,train,7.4979014,-6.7801795
41NNb7cucVo.003,train,11.387779,-8.378143
43tayteIFRk.005,train,-11.871805,10.658976
44rxmXiga90.001,train,-9.016778,6.709332
44rxmXiga90.002,train,-0.7315214,5.1573315
44rxmXiga90.003,train,-7.5144987,7.1738687
44rxmXiga90.004,train,-8.680835,7.5841537
44rxmXiga90.005,train,0.25710237,10.199841
45SH4ohAH3M.000,train,-4.6427484,-2.5627396
45SH4ohAH3M.001,train,-6.163363,0.82863474
45SH4ohAH3M.005,train,-5.0666113,-3.2122266
48S9_KZvzVw.001,train,-11.32001,0.4107783
48S9_KZvzVw.003,train,-12.006169,1.928652
48S9_KZvzVw.004,train,-10.607937,2.751987
48S9_KZvzVw.005,train,-10.717342,0.050975442
495hLlCEW64.001,train,8.302051,0.76659733
495hLlCEW64.002,train,17.409847,0.97002685
495hLlCEW64.003,train,2.6108084,-2.1883094
4CSV8L7aVik.000,train,19.263498,-14.788022
4CiR99jTzso.000,train,34.94744,3.31732
4F-WBGPXiqQ.001,train,-7.6497364,-1.7894666
4ICb270oLpE.000,train,-5.4227757,-8.531259
4ICb270oLpE.002,train,-6.54675,-8.904714
4JYmE9a21aI.002,train,-7.6192822,-6.3076143
4JYmE9a21aI.004,train,-10.1873665,-5.8346624
4JjpfL4y3XM.000,train,0.34043097,2.0493011
4JjpfL4y3XM.001,train,3.2069046,3.584897
4KD3XCMsIBs.004,train,6.580328,-9.71679
4LZJvOecyM8.001,train,4.627884,5.430583
4LZJvOecyM8.002,train,14.840802,7.260224
4LZJvOecyM8.005,train,29.453968,14.148333
4NzqG0XwOWg.002,train,-6.113057,-2.5169566
4NzqG0XwOWg.004,train,-6.900144,0.093208104
4QUgf0dHnKk.004,train,-7.6881022,-2.124727
4QUgf0dHnKk.005,train,-7.39888,-2.3604968
4Qr1BjZhnpg.003,train,3.3684094,-19.84438
4RoZPrjRQZE.000,train,-6.028115,6.342425
4T9UUWWRE94.000,train,-5.369256,1.4574918
4T9UUWWRE94.003,train,-4.7134647,9.152747
4TpJ1FT2w6Y.001,train,-13.025273,-0.9887704
4TpJ1FT2w6Y.003,train,-6.575686,-6.421718
4TpJ1FT2w6Y.004,train,-11.239415,-0.6401618
4TpJ1FT2w6Y.005,train,-11.714845,-2.1581144
4V7doeEKsus.001,train,-4.5469694,-5.517676
4V7doeEKsus.002,train,4.8899727,1.0217066
4VwcU0ROy5k.001,train,4.7740393,-11.110031
4VwcU0ROy5k.002,train,-0.1484229,-14.987096
4VwcU0ROy5k.004,train,1.6466204,-6.137401
4XdZDodpzac.000,train,-4.676057,7.2867517
4XdZDodpzac.003,train,-7.4453435,5.757683
4ZlcaXadwlo.000,train,4.18963,-3.8082027
4ZlcaXadwlo.001,train,0.6482969,-3.387951
4ZlcaXadwlo.003,train,10.247358,1.0459747
4ZlcaXadwlo.005,train,5.998301,7.612986
4a6-tNo-NDM.000,train,-3.53228,4.1556253
4bDOetaLvZs.001,train,0.63624233,14.1105795
4bDOetaLvZs.004,train,-14.925681,5.6553316
4bDOetaLvZs.005,train,-13.561881,4.015664
4fN-DKUzgWQ.001,train,-12.060038,5.5943036
4fN-DKUzgWQ.005,train,-8.717075,4.8278966
4kIHxR6s1L4.001,train,3.579382,5.903838
4kIHxR6s1L4.004,train,-1.5270299,8.171129
4kIHxR6s1L4.005,train,-4.1100683,5.6546845
4lH5nLSwmoM.001,train,-8.511745,-3.2120638
4lH5nLSwmoM.003,train,-9.315476,-1.6923772
4lIbWq27O84.000,train,-10.005561,6.545636
4lIbWq27O84.001,train,-3.489831,8.286476
4lIbWq27O84.002,train,-7.2658362,7.5574536
4lj66h4CXI8.002,train,3.775747,-16.853539
4lj66h4CXI8.003,train,3.9200282,-8.726921
4lj66h4CXI8.005,train,6.0673733,-14.731023
4lyKh2_xCDQ.003,train,23.439926,-13.642553
4lyKh2_xCDQ.004,train,27.141972,-18.717594
4nJLbAKgwfw.005,train,-0.65524095,9.992963
4nir0YtjHVs.001,train,9.432462,-10.104044
4nir0YtjHVs.002,train,4.8403463,-12.766478
4sCa35TOxgs.001,train,16.213774,-22.271027
4vJ69g7gAH4.001,train,-12.971662,4.79393
4vdJGgZpj4k.004,train,0.2672836,6.807775
4vdJGgZpj4k.005,train,-3.4636388,8.376989
4xdT0Uedsro.000,train,-2.4982557,-2.2149081
4xdT0Uedsro.002,train,-1.4957092,-0.5375304
4yogPbHFQ9o.002,train,0.7614975,3.39821
4yogPbHFQ9o.003,train,-0.98120546,5.542283
4yogPbHFQ9o.004,train,5.3022404,6.5451603
4yogPbHFQ9o.005,train,-3.0442557,1.0310436
4zkY1SG-7xc.003,train,-11.096536,2.342782
5-mwIFjOWZ4.000,train,2.062786,3.6864407
50gokPvvMs8.000,train,-10.736613,1.9229766
50gokPvvMs8.002,train,-8.852707,0.48204395
51KRxB3g7A8.000,train,13.721155,-2.564461
51hGkzvYP00.001,train,-7.7329173,-2.0520365
51z2rCqPqPE.003,train,3.157495,-16.85114
51z2rCqPqPE.005,train,3.8808644,-18.920336
521sm7CTyfg.001,train,-0.6893349,-6.6581683
521sm7CTyfg.003,train,-2.126347,-2.5060306
521sm7CTyfg.004,train,-7.8341775,-1.4769391
521sm7CTyfg.005,train,8.298591,4.933304
53QFyec0uN0.002,train,-4.810738,-7.182334
53QFyec0uN0.003,train,-5.5583687,-4.961421
53gtUkC7IZM.001,train,23.99155,-4.789174
53srfuqv9LM.001,train,0.3139242,-5.119724
53srfuqv9LM.002,train,0.26825568,-10.897632
54JawR1x0II.001,train,-3.992116,11.197572
54JawR1x0II.002,train,-12.082671,9.549376
54K75EhiTEk.000,train,23.568897,-3.6865563
54K75EhiTEk.002,train,15.979746,-2.7924218
54K75EhiTEk.003,train,6.395234,-4.914741
54K75EhiTEk.005,train,16.965815,-0.20589596
54TGLGvIm_8.001,train,-3.2792637,7.471135
54TGLGvIm_8.002,train,1.973225,11.330815
54TGLGvIm_8.003,train,-0.53759205,7.775029
54TGLGvIm_8.004,train,-2.2578266,8.951048
57RdMTGegww.000,train,12.4174385,4.318568
57o4odfqTs8.001,train,-13.955832,2.1879833
57o4odfqTs8.003,train,-11.802273,1.8320862
59Smv7wl--w.001,train,-7.7025175,7.5988746
59Smv7wl--w.002,train,-6.9119415,7.3992233
59Smv7wl--w.003,train,-8.515073,9.022847
59Smv7wl--w.005,train,-10.259368,7.4975905
5BPGRteF64Y.001,train,-11.230271,0.93123436
5BPGRteF64Y.002,train,-8.726162,3.7254474
5BPGRteF64Y.005,train,-7.881413,6.4226027
5Bgd2zgiT0Q.004,train,1.0288421,-6.313675
5CRqN54uejE.000,train,-7.1626716,3.837843
5CRqN54uejE.002,train,3.1884048,12.564175
5CRqN54uejE.005,train,-7.409415,1.6631286
5Eez38v8TuU.000,train,28.995487,13.79026
5Eez38v8TuU.003,train,25.466955,18.233234
5Eez38v8TuU.005,train,23.912876,17.610012
5IqtX-uq28E.001,train,-4.1304917,3.2152824
5IqtX-uq28E.002,train,-3.6364503,3.8160822
5KHOpRCxnwQ.005,train,23.009659,5.583369
5Ku4_r_Yxsk.000,train,-4.264474,-1.645083
5Ku4_r_Yxsk.001,train,-9.225963,-7.540875
5Mc-mjLvvGU.000,train,23.565495,0.31433052
5Mc-mjLvvGU.003,train,13.243169,-3.5617971
5PsD_NFMWpQ.000,train,-8.454353,8.477541
5T2PhH-OMds.000,train,-0.7151367,2.8077288
5T2PhH-OMds.001,train,-1.9934188,-5.051606
5T2PhH-OMds.003,train,-7.6527267,-5.5426393
5TYuLy7JLj4.000,train,-3.8463387,0.90792435
5U0xeSXEZOU.000,train,25.666569,-15.653022
5U0xeSXEZOU.001,train,19.501894,-8.338629
5U0xeSXEZOU.004,train,22.216173,-14.281744
5U0xeSXEZOU.005,train,21.783026,-9.893461
5VG1EgzvprE.000,train,15.46754,-4.5069265
5VG1EgzvprE.005,train,17.30384,-12.248105
5Wfa94_5Psg.002,train,6.4307685,9.118056
5Wfa94_5Psg.003,train,10.609448,8.753182
5Wfa94_5Psg.004,train,12.449185,4.5550127
5Wmlo8Z5yVA.003,train,-0.70391566,-8.497933
5bi_PM3XMEQ.005,train,32.559284,-0.6693294
5f6s8cwA7WQ.001,train,-10.917705,3.1448002
5f6s8cwA7WQ.002,train,-10.147561,1.2948444
5f6s8cwA7WQ.004,train,-10.516726,2.7937696
5f6s8cwA7WQ.005,train,-10.03468,1.6616596
5gJsrcXQvrk.002,train,18.30353,16.831997
5ghk5950BhU.002,train,-4.49334,-6.5840015
5ghk5950BhU.004,train,-7.7429595,-2.641358
5ghk5950BhU.005,train,-8.516827,-1.5638745
5h5Pajjc_xM.001,train,10.187793,-4.2662716
5hFRSHAis2E.003,train,3.622974,5.505637
5hFRSHAis2E.005,train,-1.2103513,5.694275
5kY-Iv6UkeU.003,train,4.8056936,-4.8623004
5kaqMZ7SB9w.002,train,-1.1573336,-12.837975
5kwoq4EZixQ.001,train,-5.3552446,4.212339
5kwoq4EZixQ.003,train,-1.3716401,8.480653
5kwoq4EZixQ.004,train,9.566237,16.413
5kwoq4EZixQ.005,train,4.9912663,8.43842
5uFZ-2kYGO0.000,train,30.166294,-0.7020236
5wpoKhbt28c.001,train,14.181129,-16.560413
5wpoKhbt28c.004,train,21.627531,-14.921291
5xA8-Y5qgT0.000,train,-13.490549,6.401858
5xA8-Y5qgT0.001,train,-10.502559,7.6076417
5xA8-Y5qgT0.003,train,-8.708003,7.1498175
5xA8-Y5qgT0.004,train,-12.305879,6.045848
5z4G0biL9B4.000,train,-13.761845,3.1138003
5z4G0biL9B4.003,train,-14.150464,1.8357514
6-O-HJf6OZI.001,train,4.695734,-6.140879
6-O-HJf6OZI.002,train,11.206362,-7.298395
6-O-HJf6OZI.004,train,0.119647965,-6.078121
6-O-HJf6OZI.005,train,3.7758965,-12.010341
6-_1-vBNl_0.002,train,10.830347,-14.34457
6-_1-vBNl_0.003,train,-1.7962369,-14.179319
6-_1-vBNl_0.004,train,2.859697,-13.892377
62ngcaBjRCY.005,train,25.789011,-3.8205252
65xWDhgq1OE.004,train,-0.019593274,-14.055179
69BopbFc34U.000,train,-4.9753823,13.098695
69BopbFc34U.001,train,-6.3616595,12.825577
69BopbFc34U.004,train,-6.7725587,9.6248255
69EsTnCVCp0.003,train,-11.971383,4.091495
6CRet5sD6xI.003,train,3.1970084,-6.2827997
6EMgu2djYrU.001,train,8.871266,2.2706854
6EMgu2djYrU.002,train,2.4833534,2.4623084
6EMgu2djYrU.004,train,-0.280682,0.9072936
6EMgu2djYrU.005,train,3.799004,1.9268396
6IOtQTOyQRU.000,train,21.596605,-3.281994
6IOtQTOyQRU.001,train,12.147106,-10.866429
6JfSPPVUgIg.003,train,11.707175,14.962665
6JfSPPVUgIg.005,train,-3.4450276,8.744371
6KKNrufnL80.000,train,5.8803077,-13.669255
6LKbPUX03sY.000,train,17.403732,6.514488
6LKbPUX03sY.003,train,23.87903,5.902031
6LKbPUX03sY.005,train,29.34548,16.676443
6N02tjYPLh8.000,train,-4.721904,0.76858705
6N02tjYPLh8.001,train,-7.1956244,-0.7566254
6N02tjYPLh8.005,train,-4.3887033,0.24491899
6NHEp_CF2jE.000,train,-6.2977467,-9.6881695
6NjuNY4LfQc.004,train,-1.429218,-1.493401
6RwVJK3husE.005,train,-0.9753037,-5.941188
6SiutTvCDUw.000,train,-10.873244,2.1836884
6SiutTvCDUw.001,train,-12.114638,0.34247413
6TkMavTyimI.000,train,-4.3807898,6.2432623
6TkMavTyimI.001,train,-5.6598964,4.3109584
6TkMavTyimI.002,train,-3.8677511,9.130559
6TkMavTyimI.003,train,-9.581574,5.6389976
6TkMavTyimI.004,train,-4.8165464,7.7106395
6TkMavTyimI.005,train,-2.9574986,8.454212
6V92xyqy0q4.000,train,-7.7726,-6.4930277
6V92xyqy0q4.001,train,-8.207063,-7.2839947
6WSr4IW6cNI.000,train,-4.27019,-0.24091607
6WSr4IW6cNI.003,train,-6.6746445,-0.92944735
6e5BsNaQmTo.003,train,0.6058214,4.8988986
6ePyEPQp77Q.001,train,-1.5954579,7.827041
6ePyEPQp77Q.002,train,-4.1833467,5.9110746
6ePyEPQp77Q.004,train,-8.313678,8.025013
6ePyEPQp77Q.005,train,-9.506142,5.4689665
6h6kk-tPzmE.000,train,2.0390246,-5.327939
6k8RQViPUTc.000,train,-4.787622,2.5241945
6nbxAP_ZKQQ.000,train,-9.599615,-7.5735545
6nbxAP_ZKQQ.005,train,-7.9433203,-6.6346564
6nv6D2moFQw.002,train,-11.935071,0.27361032
6nv6D2moFQw.003,train,-9.36393,-2.7892988
6nv6D2moFQw.005,train,-9.402537,-2.0714734
6oL9yyc9iJc.001,train,-2.1112638,-12.133449
6oL9yyc9iJc.003,train,-3.564209,-11.153039
6tBnFWDqvJE.003,train,9.758938,-3.073994
6tyhnIgNVs8.005,train,-4.7444863,-5.7768927
6uqXoPJSoPg.000,train,-8.105298,4.744403
6uqXoPJSoPg.003,train,-8.461253,6.148708
6uqXoPJSoPg.004,train,-11.098535,4.3904605
6uqXoPJSoPg.005,train,-10.871228,4.09037
6wHQsN5g2RM.000,train,-6.8176064,5.8654084
6wHQsN5g2RM.002,train,-2.952858,6.318705
6wHQsN5g2RM.003,train,-0.82122827,5.7493668
6wHQsN5g2RM.004,train,0.15118554,7.2357864
6wIEiqmuHOM.000,train,1.7765273,-5.8494253
6waL_gUxtAM.000,train,4.736588,-15.19915
6waL_gUxtAM.004,train,6.274384,-15.727732
6xlHkQDHxbs.000,train,-8.823994,7.6387305
6zm71IHOCZA.000,train,13.00913,19.483852
6zm71IHOCZA.001,train,15.229802,15.248261
6zm71IHOCZA.002,train,4.5782113,15.513261
70FJFG-MISQ.004,train,2.4359226,-10.035381
75XbCb7G8kw.001,train,-13.778494,8.777605
75XbCb7G8kw.002,train,-12.497953,8.389649
78zauTEQ-k8.000,train,-8.517341,-11.516781
78zauTEQ-k8.001,train,-6.054884,-9.986235
78zauTEQ-k8.004,train,-3.3867385,-11.7036495
79xbT95IyKI.001,train,2.0918565,-15.727434
7BgScfRre5M.001,train,-9.920199,3.7058945
7BgScfRre5M.003,train,-7.3644466,6.1086383
7BgScfRre5M.004,train,-7.536333,3.2139776
7FXs86Z98E0.002,train,-1.611979,1.3153864
7GRC7XjGzX8.001,train,-6.2249756,4.2809176
7GRC7XjGzX8.003,train,-2.1952775,1.0156649
7I-B2bBL0K0.004,train,-8.602429,-8.020357
7IegDaeNlik.000,train,13.002891,4.67623
7IegDaeNlik.002,train,26.57752,10.733785
7IegDaeNlik.003,train,53.130737,11.8613615
7IegDaeNlik.005,train,33.15735,13.890716
7Kn5VT9bB4I.001,train,-9.847502,3.9180458
7LHmNEH65Pk.000,train,-7.6249685,-7.792634
7LHmNEH65Pk.002,train,-9.709045,-3.35174
7LHmNEH65Pk.004,train,-7.578007,-0.9581861
7LHmNEH65Pk.005,train,-8.1171665,-1.7031982
7MwZm3mhSA8.004,train,2.5507412,8.693772
7P2F5Mk_Q1s.000,train,28.237211,-3.5083735
7P2F5Mk_Q1s.002,train,31.623747,-5.848032
7PYAn9njCHI.001,train,-11.736203,5.803808
7PYAn9njCHI.004,train,-13.262158,4.211778
7QeVs-mXmcI.003,train,-0.19282681,-11.089883
7RQbn7LM10I.000,train,4.5160937,-4.414429
7TvOygqwNuE.000,train,1.6788902,-9.404984
7UQt8QB3cQY.001,train,11.613177,5.327788
7UQt8QB3cQY.002,train,12.972356,8.877843
7UQt8QB3cQY.003,train,12.393411,7.997565
7UQt8QB3cQY.004,train,12.723186,7.6933794
7Wr-fwmpRfw.001,train,27.497335,8.040411
7Wr-fwmpRfw.003,train,10.8502445,9.898577
7Y3S4nfQHeo.001,train,-10.349658,7.691837
7Y3S4nfQHeo.002,train,1.1433936,5.34042
7Y3S4nfQHeo.005,train,-6.1087117,7.028765
7Y4cUPFEt-4.000,train,-2.662484,0.9944019
7Y4cUPFEt-4.002,train,-0.2544047,4.0753465
7Y4cUPFEt-4.005,train,-2.3191297,-0.8498153
7ZnijRlK5-E.002,train,20.392887,-17.714102
7ZnijRlK5-E.003,train,19.363417,-23.19269
7b9DirXrkHo.002,train,-4.711337,-1.6973577
7b9DirXrkHo.003,train,-10.64541,0.8593017
7gyJdWaLpmE.003,train,45.97191,-12.677241
7gyJdWaLpmE.004,train,23.883621,-11.449965
7kO7jYYUVWg.004,train,9.060363,-10.807308
7nJPNkWZDOY.003,train,19.830042,-11.980752
7nhJXn9PI0I.001,train,-5.088176,4.135826
7nhJXn9PI0I.004,train,-5.6498685,-7.566929
7nhJXn9PI0I.005,train,-4.9481564,-1.6624668
7pLWTfnOSIU.001,train,4.161722,4.97476
7pLWTfnOSIU.004,train,5.60144,14.215339
7pLYJKO75_c.001,train,-4.753727,-10.629043
7qGYGbIg45c.002,train,-0.6625544,1.8282566
7qGYGbIg45c.004,train,11.382311,6.5400124
7qGYGbIg45c.005,train,9.164692,3.81142
7rZF73nDGEY.003,train,9.536377,9.445032
7s3itKIXww0.002,train,-5.2554517,-3.5778315
7tlMys6MZ34.000,train,0.7706082,-4.4240313
7tlMys6MZ34.001,train,-1.847206,-5.7436943
7tlMys6MZ34.003,train,-1.5600891,-9.522008
7tlMys6MZ34.004,train,3.0391672,-6.0081673
7tlMys6MZ34.005,train,3.4230514,-13.441506
7vF5WLD1RxY.003,train,-5.6146154,8.478147
7wsksuXYoMY.000,train,-7.005385,-0.51936466
7wsksuXYoMY.001,train,-10.3549595,-1.2994643
7wsksuXYoMY.002,train,-8.525013,0.7103139
7wsksuXYoMY.004,train,-9.974417,-0.06617405
7wsksuXYoMY.005,train,-10.771436,-1.8118336
8-OKP1nf19E.000,train,8.2817745,-15.230057
8-OKP1nf19E.001,train,2.7348187,-15.824587
8-OKP1nf19E.005,train,-1.3266296,-13.41457
81f9t2HMNas.001,train,-7.283755,-0.4854651
81f9t2HMNas.002,train,-8.954304,8.920932
81f9t2HMNas.003,train,-8.884607,4.508683
81f9t2HMNas.004,train,-7.073599,2.7281823
81f9t2HMNas.005,train,-8.94113,-1.353959
836kYlEs9GI.001,train,10.483501,9.853688
836kYlEs9GI.002,train,-4.4354353,-2.097409
836kYlEs9GI.003,train,2.0680351,-2.045733
83cmR2fkyy8.002,train,-13.8996,3.650824
83cmR2fkyy8.004,train,-13.401985,2.864912
83cmR2fkyy8.005,train,-10.488731,-4.6679406
84Lz5a9yRZg.001,train,-1.6797901,-0.5958674
84Lz5a9yRZg.002,train,-4.7441635,-1.3045858
84Lz5a9yRZg.004,train,-4.200038,0.63004357
84emxO86qa8.001,train,3.6327016,-2.2272143
84emxO86qa8.002,train,6.75868,-6.2372737
84emxO86qa8.005,train,4.976539,-2.1092947
853IG69l2SE.000,train,34.341633,-14.052442
853IG69l2SE.003,train,24.866398,-12.040582
86HyqfDcAJM.001,train,-8.068496,6.0399675
86upzmhvpXw.001,train,-6.1008162,0.42885852
86upzmhvpXw.002,train,-6.784724,1.3066891
86upzmhvpXw.005,train,-8.649285,-1.0624338
87r3cLkrw4A.002,train,-5.978288,-5.618287
8AnIttmflwI.002,train,7.075277,3.033403
8AyIkT2Dg14.003,train,-2.8221195,-16.381872
8BE-2l-RBjA.000,train,-6.2780347,7.007567
8BE-2l-RBjA.003,train,-5.37824,4.375
8Bt-vEroq6M.003,train,-5.5321336,0.17880867
8Bt-vEroq6M.004,train,-7.24327,3.9014118
8GFElKeREfQ.000,train,27.475266,-11.199498
8GFElKeREfQ.005,train,16.89721,-12.17302
8HqEniErmmE.000,train,-8.834771,9.93309
8KyS0FKbKfI.002,train,-8.733385,-1.6246245
8OGiv7FetSQ.000,train,0.5833473,-14.769623
8OGiv7FetSQ.001,train,0.73613864,-15.544371
8OGiv7FetSQ.002,train,0.47461322,-13.675381
8OGiv7FetSQ.004,train,1.8895496,-13.787086
8PXQ_5tUv74.000,train,7.5503187,7.970003
8PXQ_5tUv74.001,train,-4.1277356,-2.9934187
8PXQ_5tUv74.004,train,1.8219105,-1.730884
8PXQ_5tUv74.005,train,-3.0538998,-1.9743259
8QtlG5ujHyc.001,train,-0.34095392,-4.055105
8RObWRnyuG0.001,train,1.9740511,-12.538938
8RVJqjILSD0.000,train,-8.806145,6.927734
8RVJqjILSD0.001,train,-8.601614,4.860614
8RVJqjILSD0.003,train,-7.762917,6.1251926
8XBprf4NyOg.001,train,-13.080168,1.9676355
8XBprf4NyOg.002,train,-12.083727,3.0444634
8XBprf4NyOg.004,train,-8.6539755,1.6169468
8XBprf4NyOg.005,train,-11.905483,3.0442646
8XJCdulCPkM.003,train,-11.741558,6.884
8XJCdulCPkM.004,train,-13.214892,2.599336
8XJCdulCPkM.005,train,-9.984294,2.8928561
8YQKwMdiaAE.001,train,-8.701846,-7.9274426
8YQKwMdiaAE.002,train,-0.3155297,-5.083256
8Yo-27O0P38.003,train,15.819569,16.845951
8Z6PrQdqffA.001,train,-3.8388171,-0.1504946
8Z6PrQdqffA.002,train,1.7165492,2.7006052
8Z6PrQdqffA.004,train,3.9648452,2.4330528
8Z6PrQdqffA.005,train,2.4393008,3.6328366
8ZHpqRJ39HA.002,train,-11.964629,0.12280673
8ZHpqRJ39HA.003,train,-8.977846,-1.2124665
8ZHpqRJ39HA.004,train,-11.823534,-0.26090708
8ZHpqRJ39HA.005,train,-11.40516,-0.5543283
8aLr0vNobr4.000,train,-11.044897,-3.2172673
8aLr0vNobr4.001,train,-7.9651256,-0.025540734
8aLr0vNobr4.004,train,-6.322645,-3.2611465
8aPfoJiDeBY.004,train,-12.360804,5.342483
8bn3HZY76xU.000,train,1.8410442,6.778889
8bn3HZY76xU.001,train,3.3172898,9.860446
8bn3HZY76xU.004,train,2.6065211,8.687429
8c4_VDh2r5s.001,train,-2.7334967,-2.5517912
8cIuBkFoh0s.000,train,4.164558,-2.3112671
8dVcA5J1Dcw.000,train,8.146426,2.4081078
8e4nnel_x-M.001,train,-11.075901,1.1416657
8e4nnel_x-M.005,train,-4.1603003,4.588972
8eeZjC_bmtc.001,train,25.560448,3.870608
8eeZjC_bmtc.005,train,19.927223,-1.9188153
8g5jPiQ6XdA.001,train,-10.8926525,1.9023097
8g5jPiQ6XdA.003,train,-10.040907,4.9860168
8g5jPiQ6XdA.004,train,-10.621741,1.8902222
8gvBbE6iZNo.001,train,-10.018192,4.6985664
8gvBbE6iZNo.003,train,-8.365732,4.1956444
8gvBbE6iZNo.005,train,-11.51357,3.2269597
8hGOOynn3ZU.003,train,-7.248379,16.550203
8hGOOynn3ZU.005,train,-11.117672,11.385312
8hW6WfYBP18.001,train,-5.464922,3.7921712
8hW6WfYBP18.005,train,3.495242,1.1542653
8hfhLOXpCNM.002,train,13.697018,-0.4258863
8hfhLOXpCNM.005,train,13.283411,-4.920779
8i7H-uSCQcc.001,train,-6.128093,-9.229278
8i7H-uSCQcc.004,train,-1.5897115,-8.894021
8lg8A_zFOmg.000,train,1.5005573,6.29976
8mZZlnbmOYE.000,train,-12.122194,4.1556726
8mZZlnbmOYE.001,train,-14.155872,6.4420633
8mZZlnbmOYE.003,train,-5.773293,10.080028
8mZZlnbmOYE.004,train,-13.534889,3.866109
8n6G3V3-Tk8.002,train,3.7121024,-1.1553577
8n6G3V3-Tk8.005,train,-2.55756,-1.1685216
8narByy2B5g.000,train,12.234666,-9.990735
8narByy2B5g.001,train,8.991705,-10.3986
8narByy2B5g.004,train,13.315877,-6.2001147
8pM3X-xsD4s.001,train,-8.390787,-9.360054
8py6SksNsZQ.001,train,-8.451018,-1.4573233
8py6SksNsZQ.002,train,-10.320519,-2.6503747
8py6SksNsZQ.003,train,-7.7704654,-2.4976351
8py6SksNsZQ.005,train,-9.592913,-1.5585806
8qDKGnABATw.001,train,1.52951,2.2519565
8qG1sMihtPA.000,train,-3.8262587,-5.4476557
8qG1sMihtPA.003,train,-6.7311254,-7.1689105
8qG1sMihtPA.004,train,-4.5649567,-5.2007375
8qesctueAV0.000,train,-1.7647624,0.78270084
8toLcoDcGOY.001,train,3.3337162,10.419973
8toLcoDcGOY.003,train,8.199788,7.5547485
8waTw8jF1Ys.000,train,11.413936,-2.2774105
8xHdW7Zx_OY.000,train,-11.523705,-0.9858443
8xHdW7Zx_OY.001,train,-8.13485,-0.27017173
8yFYvQ_kxW8.000,train,22.171267,1.688376
8yFYvQ_kxW8.001,train,14.074402,1.993732
8yFYvQ_kxW8.003,train,10.693162,-2.375921
8yFYvQ_kxW8.005,train,20.491173,2.5619574
8z-WF2UNRb8.002,train,23.06814,-14.824708
9-lptN92A68.005,train,-4.5054994,-0.111956686
90p68AEmNMA.000,train,6.801934,15.552989
90p68AEmNMA.001,train,-4.8922973,6.836286
93XyRBd_HqU.002,train,-8.868082,-4.3780694
98fnGDVky00.000,train,23.252684,23.045235
98fnGDVky00.001,train,3.525997,5.281357
98fnGDVky00.002,train,16.2303,11.357422
98fnGDVky00.003,train,3.85737,4.5478396
98fnGDVky00.004,train,3.140453,2.4128609
98fnGDVky00.005,train,25.129549,21.898264
99OBSlFjLXI.000,train,11.044969,5.168435
99OBSlFjLXI.002,train,10.277446,0.16281182
9AsxY-x-TjM.000,train,10.404243,5.933454
9AsxY-x-TjM.002,train,3.4233613,1.8803833
9AsxY-x-TjM.004,train,-0.20003235,0.37107164
9CPKW0sqR3E.000,train,6.654514,-5.639105
9CPKW0sqR3E.001,train,7.805026,-4.6828194
9CPKW0sqR3E.002,train,6.287812,-7.823386
9CPKW0sqR3E.003,train,5.469133,-11.671291
9CPKW0sqR3E.005,train,3.667725,-7.386278
9Crw2RtrBcY.000,train,-11.842318,6.406008
9Crw2RtrBcY.001,train,-9.317956,3.1463053
9Crw2RtrBcY.002,train,-8.954825,4.7888536
9Crw2RtrBcY.003,train,-3.4551291,8.091644
9Crw2RtrBcY.004,train,-11.39957,5.2038317
9DF_-PXbpkg.001,train,-11.837076,2.3927982
9DF_-PXbpkg.002,train,-13.949129,3.1735053
9DF_-PXbpkg.003,train,-14.960609,2.6022367
9FN1KxoTMtQ.000,train,-9.613863,-0.18239458
9J-KIPMQmqk.004,train,-14.241809,8.175951
9J-KIPMQmqk.005,train,-10.591555,10.529626
9KAqOrdiZ4I.001,train,15.873997,-8.062987
9KAqOrdiZ4I.002,train,17.378689,-5.8919783
9Lbj3wpwk-c.000,train,-3.2029116,8.676553
9Lbj3wpwk-c.001,train,-2.1583874,5.927253
9Lbj3wpwk-c.003,train,12.385557,12.764078
9Lbj3wpwk-c.004,train,-0.3777149,2.5888498
9ND95tPlYt4.000,train,35.22493,1.5593302
9QGTbcqb2tM.001,train,-9.803233,2.0211854
9QGTbcqb2tM.002,train,-12.927998,3.9853482
9QGTbcqb2tM.003,train,-5.0750346,7.8441415
9QOFKbaPX3M.000,train,-6.390967,13.679728
9QOFKbaPX3M.001,train,-5.6041245,10.664469
9QOFKbaPX3M.002,train,-5.7659526,11.977418
9RfE2-aTvaM.000,train,-2.2535353,-7.834045
9RfE2-aTvaM.001,train,-4.103434,-7.6293845
9RfE2-aTvaM.003,train,-2.618083,-6.7910576
9SGTRbePKLI.004,train,7.894279,0.5464912
9UEBU_yiTPs.001,train,11.110915,-0.9667924
9UEBU_yiTPs.002,train,6.3037133,2.2274818
9UUtf0_ZR14.001,train,-10.15757,0.22173834
9UWCHrG5mys.001,train,17.564491,-1.6308092
9UWCHrG5mys.004,train,24.84892,-4.730138
9XqeGs2MMic.000,train,-2.7665772,-1.4038684
9XvDnTa0Z1M.003,train,-2.0436833,4.130186
9ZMIYSBYIh8.000,train,11.511705,8.720883
9ZMIYSBYIh8.003,train,16.842558,10.900566
9_6auSk_wkY.000,train,-0.1667758,-5.285827
9_6auSk_wkY.004,train,9.147368,1.2901015
9_6auSk_wkY.005,train,3.622757,-2.9154365
9a-3LrB7cDI.000,train,-13.37576,4.886905
9a-3LrB7cDI.003,train,-12.514117,5.0284142
9a-3LrB7cDI.004,train,-12.338831,3.7533317
9a-3LrB7cDI.005,train,-12.265496,3.1512518
9c66Lb7e1BQ.002,train,-8.147463,1.6042227
9c66Lb7e1BQ.003,train,-8.624026,0.028815247
9cHxDnk6SUs.000,train,-5.8556247,2.630268
9cHxDnk6SUs.001,train,-11.78868,0.30060688
9cHxDnk6SUs.002,train,-10.050711,0.8933126
9cHxDnk6SUs.005,train,-10.607936,2.6958482
9cWmvIfAAn0.000,train,-7.6264653,-4.1272492
9cj8rrj1wSk.000,train,16.370375,-2.186011
9cj8rrj1wSk.004,train,12.514137,-0.34602848
9cj8rrj1wSk.005,train,-3.70018,2.487647
9eNHxfOV2Kg.002,train,28.519796,-11.568802
9eNHxfOV2Kg.004,train,9.569818,-13.151775
9hMSThogdKo.001,train,-11.284642,-3.7283595
9hqH1PJ6cG8.001,train,18.702726,6.936956
9kEyN8a76j4.004,train,-2.710526,5.5889983
9kEyN8a76j4.005,train,-0.19205157,8.801018
9mAw0B-mEPQ.001,train,3.6350636,-12.987378
9mAw0B-mEPQ.005,train,1.767007,-8.266551
9mM_0vrO3wc.003,train,-10.263662,-4.1270547
9n8dNi-ERQ0.003,train,13.120526,-19.91319
9n8dNi-ERQ0.004,train,21.509262,-24.440014
9o10YrQykMk.000,train,-10.394528,-0.20561862
9o10YrQykMk.002,train,-7.3389153,-0.013811835
9o10YrQykMk.003,train,-7.777744,1.4503369
9pGJyf1MXLY.000,train,4.3406963,-1.1090125
9pGJyf1MXLY.002,train,1.6858174,0.88613576
9pGJyf1MXLY.005,train,-3.6623943,0.6754809
9rF3BEXetOo.000,train,10.447122,-4.5584764
9sfpnlBRCl0.000,train,-5.4511075,5.56969
9uMpKla2OQM.001,train,-0.5227643,-3.984321
9xJ0rFCU-OM.004,train,22.675135,-10.043261
9xJ0rFCU-OM.005,train,30.420132,-11.185893
9yZEb6bdxNY.000,train,-7.4711776,-7.9161096
9yZEb6bdxNY.004,train,-4.6092896,-7.2877307
9ydyJKZBWiA.000,train,-2.4610996,11.329881
9ydyJKZBWiA.001,train,-4.253797,11.267998
9ydyJKZBWiA.002,train,-4.8657985,13.168202
9ydyJKZBWiA.003,train,-6.727828,10.104217
9ydyJKZBWiA.005,train,-4.0698395,10.611562
9z5cV1ANYwE.002,train,-2.1272383,-13.966418
A0braVJH3Pw.000,train,-5.1145144,1.9323223
A0braVJH3Pw.001,train,3.1222963,6.5433154
A0braVJH3Pw.002,train,-4.6166325,6.31503
A0braVJH3Pw.003,train,9.6540785,8.611082
A0braVJH3Pw.004,train,0.66475993,5.89771
A1lbD_OCuj4.000,train,-8.468814,7.5744643
A1lbD_OCuj4.003,train,-9.7339735,6.370415
A1lbD_OCuj4.005,train,-9.754172,8.327426
A3StIKMjn4k.001,train,-9.249027,8.841668
A3StIKMjn4k.002,train,-4.451333,9.004463
A3StIKMjn4k.004,train,-2.8157194,8.8649435
A3StIKMjn4k.005,train,-7.690056,8.625453
A4zSLp-1gps.000,train,-8.510242,-1.7472591
A4zSLp-1gps.002,train,-6.9784365,-1.0107768
A4zSLp-1gps.005,train,-6.2598753,-0.96236855
A6ZWTfKPLPE.001,train,-5.273582,-5.115793
A6ZWTfKPLPE.002,train,-2.2402458,-13.346142
A6ZWTfKPLPE.003,train,-5.027664,-8.402693
A6ZWTfKPLPE.004,train,-5.8437943,-8.289173
A6ZWTfKPLPE.005,train,2.02427,-17.825876
A7exx3pEPkE.000,train,-7.823213,3.3800442
A7exx3pEPkE.003,train,-6.1590366,3.4773517
A7exx3pEPkE.005,train,-8.892926,2.1318507
A7qb47cmxJo.000,train,-5.296404,-2.3144803
A7qb47cmxJo.005,train,-2.529654,-1.3677754
ABWFQuPG1LA.000,train,19.430984,5.148998
ABWFQuPG1LA.002,train,31.473429,11.0285425
ABWFQuPG1LA.003,train,24.46286,7.6687603
ABWFQuPG1LA.004,train,27.47713,7.5394926
ABWFQuPG1LA.005,train,8.505509,0.6137315
ADa9rkwF2uA.000,train,-5.900517,11.09298
ADa9rkwF2uA.001,train,-2.3266559,12.429734
ADa9rkwF2uA.002,train,-5.0832486,9.713966
ADa9rkwF2uA.003,train,-4.140709,10.189356
AEqpMdMeMZA.002,train,46.481346,9.08449
AFQz-qy0FkY.001,train,10.260623,7.7656
AFtQfwBA_gI.000,train,29.486958,-2.5827222
AFvUxDwJB84.000,train,-7.68024,-6.4505897
AFvUxDwJB84.001,train,-10.354823,-3.7030478
AFvUxDwJB84.002,train,-4.0885253,-7.651297
AFvUxDwJB84.003,train,-7.2196617,-6.7793865
AGYoSGlq-ck.002,train,17.10709,-2.2425253
AJIphVRpYrg.002,train,3.1969297,-1.01899
AJIphVRpYrg.003,train,6.487919,0.9450321
AJIphVRpYrg.004,train,3.8557565,-2.0720239
AJIphVRpYrg.005,train,6.6546984,0.79556584
AP0aklGHino.000,train,-7.4197197,10.864279
AP0aklGHino.003,train,-8.364259,9.8111515
AP0aklGHino.005,train,-0.6907712,17.563671
APqMkruLkoE.004,train,-4.3647356,6.305219
AQz6_ZpzGIE.003,train,-6.610429,-3.2257915
AR3UwbmgKuQ.001,train,-9.458315,6.5051794
AR3UwbmgKuQ.003,train,-6.164809,7.9377413
AR3UwbmgKuQ.004,train,-4.0898366,13.079891
AR3UwbmgKuQ.005,train,-11.4712305,5.199486
AS8snUf9eX0.000,train,9.517062,-4.6340966
AS8snUf9eX0.001,train,1.5853164,-4.7845383
AS8snUf9eX0.002,train,5.912777,-4.740352
AS8snUf9eX0.003,train,6.66615,-2.3308015
ASDpn9yOYAo.002,train,-4.6045947,8.465614
AV7aKrAs-kM.005,train,22.067406,9.154126
AVLEr0sYFhs.000,train,7.115647,1.2636136
AWZLchLstio.003,train,-5.2747245,-13.201427
AWe6ZZUmlZw.000,train,-5.5711994,2.8342638
AWe6ZZUmlZw.004,train,-5.2105727,1.6204515
AWe6ZZUmlZw.005,train,-2.433843,1.6770127
AWyKLALCUyM.000,train,11.507163,2.9159117
AZ2HyBOmliQ.005,train,-10.240503,14.365603
AZj2VoCcayA.000,train,-1.5571545,-0.71491253
AZj2VoCcayA.001,train,-4.877535,-1.3563095
AZj2VoCcayA.005,train,-6.7103434,1.9598596
Af_F0IzHK6o.000,train,-7.6610346,6.659705
Af_F0IzHK6o.004,train,-9.552331,2.6052513
Agg7z10B_iY.000,train,-6.689977,2.173085
Agg7z10B_iY.001,train,-2.7392583,1.9836602
Agg7z10B_iY.002,train,-8.885758,4.1431375
AheKnXrL0Wk.002,train,16.41106,-23.024235
Ahiq4zhmYco.002,train,-5.492738,6.0005374
AjCI_w9Szks.005,train,-4.87698,-3.5394735
AlEqtGWa43g.000,train,-4.481934,-0.026307294
AlEqtGWa43g.005,train,-2.7749097,-6.258201
Alox0G4xUfM.000,train,-3.635277,-3.80223
AobPtpyKat8.001,train,27.87878,-6.06683
AotbiNsU85A.000,train,-5.8907514,0.8633856
AotbiNsU85A.001,train,-5.041,-1.7030083
AotbiNsU85A.002,train,-7.744064,-4.8982587
Ap2KC1yKDdA.002,train,-7.5949535,-8.661369
ApPnsnIZozw.004,train,-0.33410415,2.1322818
ApPnsnIZozw.005,train,-2.8814113,-3.7258408
ArMkA9R1QxY.000,train,-5.4523187,-0.78183734
ArMkA9R1QxY.002,train,-0.86285305,1.9227167
Arsrkqma4i4.000,train,-11.137601,-2.687629
Arsrkqma4i4.001,train,-9.6843605,-3.0523272
As93GgkTdt4.001,train,-6.1946836,-12.114548
As93GgkTdt4.003,train,-3.4694533,-11.726141
As93GgkTdt4.004,train,-7.259585,-5.9311223
AuaQ0rtedRk.001,train,4.0727124,16.143326
AvuGsnkWjt8.001,train,-9.744041,7.630523
AvuGsnkWjt8.002,train,-7.5716586,4.541484
AvuWv3LLmrA.003,train,7.146245,14.57064
AvuWv3LLmrA.005,train,0.60407066,6.1837935
AwNVGShHjvw.000,train,8.343903,-7.8509855
AwNVGShHjvw.001,train,10.527518,-7.3699927
AwNVGShHjvw.002,train,16.36617,-6.3996897
AwNVGShHjvw.004,train,4.563309,-8.280009
Ay7bZ7Sgx9Q.001,train,-8.25886,-2.4940584
Ay7bZ7Sgx9Q.003,train,-4.12404,-1.6310514
Ay7bZ7Sgx9Q.004,train,-8.352038,-3.487914
B-OJ_xZILLg.001,train,-6.5397167,2.4101481
B-OJ_xZILLg.003,train,-5.3376784,8.351977
B1efbNxLPe8.005,train,-11.570789,0.12485401
B2q0gbLVeck.000,train,-4.9941044,7.4214873
B3VQeeev0r0.001,train,28.80652,-1.5589421
B3VQeeev0r0.002,train,25.822126,-1.5931405
B3zFJhrmqwg.001,train,7.6711245,11.482839
B3zFJhrmqwg.002,train,2.6971552,9.55943
B4ducm9sydg.000,train,2.5899134,11.456928
B4ducm9sydg.001,train,7.403111,15.135256
B4ducm9sydg.002,train,-2.210631,8.470688
B4ducm9sydg.003,train,-1.0545319,7.162304
B4ducm9sydg.005,train,2.087301,8.026927
B77ZCcCMrkM.004,train,7.9098325,-1.8794044
B77ZCcCMrkM.005,train,-0.03961712,-3.72225
B8kzwm6ZaUo.000,train,24.16929,-6.243944
B8kzwm6ZaUo.001,train,13.66291,4.250261
B8kzwm6ZaUo.002,train,10.227814,8.682813
B9NSU6gQdRw.005,train,13.859626,9.101334
BA5qWO9eU2Y.000,train,-9.8460655,-7.147866
BBSB9OJdb0Q.001,train,-10.325724,7.683603
BBSB9OJdb0Q.002,train,-13.064224,6.9508715
BCPoSirpmEw.005,train,7.365115,-16.531534
BJpWi1qGp1A.000,train,5.0952344,-3.5622811
BJpWi1qGp1A.004,train,0.25068623,-7.0352
BLKXsX7-WIg.000,train,-11.216509,6.054053
BLKXsX7-WIg.001,train,-9.170575,4.057355
BLKXsX7-WIg.003,train,-10.961818,2.9903045
BLc_GvsbI1U.000,train,-13.582233,0.77632695
BLc_GvsbI1U.003,train,-13.194882,2.0368156
BLeDNfK2quI.000,train,-11.013248,1.1582686
BLeDNfK2quI.001,train,-8.642671,2.467999
BLeDNfK2quI.002,train,-10.90343,-1.1578734
BLeDNfK2quI.003,train,-8.186894,3.491942
BLeDNfK2quI.004,train,-10.494794,2.031501
BLeDNfK2quI.005,train,-9.258517,4.071281
BLwgxAWf7cg.003,train,0.051047314,6.7042546
BLwgxAWf7cg.004,train,5.088034,10.31336
BONQpwyg9KQ.000,train,-6.7328954,-0.65988153
BOOMkDl8JwA.005,train,4.1448092,6.3292933
BPUFqFLZgZU.005,train,-2.4035797,-12.568162
BQ9i8qkXiVQ.000,train,-1.3233858,10.290238
BS0wgLXqFgc.001,train,-13.079685,4.602784
BS0wgLXqFgc.003,train,-12.235807,3.0042763
BS0wgLXqFgc.005,train,-12.389924,4.6067595
BSkTPW_Qsio.001,train,-4.6074653,-5.107847
BStHNKV820Q.001,train,-8.559998,11.195087
BStHNKV820Q.003,train,-14.185616,4.8136444
BWAEpai6FK0.002,train,-1.9993944,-8.501961
BWAEpai6FK0.003,train,-3.1411288,-7.2547956
BZ3FEf_KKso.000,train,18.862032,2.9393773
BZ3FEf_KKso.001,train,11.794662,-3.1382039
BeyIfaH64xY.000,train,-0.35234395,-2.0358493
BeyIfaH64xY.001,train,-8.171047,-2.942781
BeyIfaH64xY.003,train,-6.8329453,-1.3122429
BeyIfaH64xY.004,train,-8.559589,1.9063998
BgfYyUAoNPs.000,train,-3.9873478,-13.892674
Bi3XVSF4rac.000,train,-11.821186,0.30212572
Bije9nsMl7M.000,train,-10.884542,5.465349
Bije9nsMl7M.003,train,-11.443111,6.430881
Bije9nsMl7M.004,train,-10.538614,3.422342
Bije9nsMl7M.005,train,-9.740672,3.9468663
BjQ95T-Dw1U.000,train,-2.435791,3.3654978
BjQ95T-Dw1U.002,train,-4.015945,4.2187033
BjQ95T-Dw1U.003,train,-3.6011274,-2.642336
BjQ95T-Dw1U.004,train,-7.5773325,-0.81422716
BjQ95T-Dw1U.005,train,-2.1744826,-1.59704
BjzSIV3dutk.000,train,4.6429524,-13.188012
Bk9Hxn7Drxw.003,train,-10.365443,3.1421025
Bk9Hxn7Drxw.004,train,-11.061234,8.878476
BkDdtxDPjJA.001,train,8.340951,13.71336
BlvmREgt2C0.002,train,-5.524463,-9.581951
BlvmREgt2C0.005,train,-1.1067983,-2.8184915
BmDClgdWlH4.000,train,-9.739718,-5.8136106
BmDClgdWlH4.002,train,-10.827968,-6.345874
BmDClgdWlH4.004,train,-7.7613125,-10.150148
Bo-mrL28d8M.002,train,7.671023,5.132564
Bo-mrL28d8M.003,train,7.743642,6.2283716
Bo-mrL28d8M.004,train,-2.8240294,5.625607
BpcQ9THDtp4.000,train,-2.9866555,-7.4131236
Bt5zyk-Xf9Q.000,train,-10.839778,0.64369327
BuKzIqR4eBU.001,train,0.4765925,3.7735133
BxdFQhBNZys.000,train,-5.4915705,1.3216856
BxdFQhBNZys.004,train,-7.5988774,1.7515835
Bz3Jx4QL_6Q.001,train,-13.798598,3.9098659
Bz3Jx4QL_6Q.003,train,-12.73396,3.0739105
Bz3Jx4QL_6Q.004,train,-10.6146555,4.0541496
C-48U5oDuvw.003,train,-8.618018,0.58817315
C-48U5oDuvw.004,train,-10.083842,0.8340536
C0UMWrEJ2x0.004,train,-1.5253329,-3.675671
C0UMWrEJ2x0.005,train,-0.7553164,-7.156134
C0uc-2KrnnQ.001,train,-9.927962,-5.4149365
C0uc-2KrnnQ.002,train,-9.591184,-5.0969877
C23rns4ZCy8.004,train,24.456566,-29.558273
C2MEPH7x9m0.001,train,24.972084,9.767753
C3knX70mzxQ.004,train,5.1082525,-4.056148
C3knX70mzxQ.005,train,16.078335,-3.8494773
C5qRszPK9HY.001,train,-7.135046,-4.5722113
C5qRszPK9HY.003,train,-12.029562,-3.7762165
C8xZ0vhrrFE.000,train,6.5445175,9.270218
C8xZ0vhrrFE.002,train,-0.23140122,4.3077292
C8xZ0vhrrFE.003,train,4.8214126,10.158423
C8xZ0vhrrFE.005,train,-2.0319362,6.4424977
CCe1J5grs8U.005,train,0.51850545,-22.390966
CDTo7WVyf5s.001,train,0.70719683,-10.281805
CESTtNvDpww.003,train,-8.635695,-9.314019
CFK8ib0aWe8.000,train,-5.7745085,4.737292
CFK8ib0aWe8.001,train,-5.988948,4.813047
CFK8ib0aWe8.003,train,-7.9309273,2.9185712
CFk4v2Kd5Ns.002,train,9.911559,5.464588
CFk4v2Kd5Ns.005,train,12.049554,7.5055904
CGfr9jl8w4Y.001,train,-8.250839,-0.5649544
CGfr9jl8w4Y.004,train,-6.6141205,-2.1002955
CGfr9jl8w4Y.005,train,-5.7164264,-0.6586224
CHkKv9TXm0g.000,train,-4.8502393,9.243665
CJT7z9PaU68.004,train,-11.676818,2.7104023
CJhP12Gi8sg.002,train,-2.4476316,4.7364745
CJjNcuBLjMM.001,train,0.26482695,6.4899096
CLGJCzz6tIU.001,train,-3.244323,-7.312344
CO7vZjYF6Zk.000,train,18.105164,-14.3692665
CO7vZjYF6Zk.001,train,4.382568,-16.836716
CO7vZjYF6Zk.002,train,13.486282,-15.047572
CPtaCNonKlE.000,train,-8.163077,-0.016803566
CPtaCNonKlE.002,train,-4.171901,-0.82733953
CPtaCNonKlE.003,train,-10.414342,-3.6007667
CPtaCNonKlE.004,train,-6.4114504,-2.7118776
CQMH9Qguuao.000,train,-7.590641,4.9515347
CQMH9Qguuao.003,train,1.9330986,8.851563
CQMH9Qguuao.004,train,-8.870286,7.1598306
CQMH9Qguuao.005,train,1.7681787,9.682698
CRLsCyMfskE.000,train,-7.138634,-8.442341
CRLsCyMfskE.001,train,-1.4797924,-6.990303
CRLsCyMfskE.002,train,-5.903074,-4.937402
CRLsCyMfskE.003,train,-6.2059813,-6.117311
CRLsCyMfskE.004,train,-3.2440016,-5.0809135
CTWMisL_HlI.000,train,23.669233,-13.764516
CTWMisL_HlI.003,train,10.179519,-13.66802
CTWMisL_HlI.004,train,11.8351145,-13.454709
CTWMisL_HlI.005,train,23.206585,-9.482249
CUiG7UZ9A3k.002,train,-10.324181,-0.52351815
CUiG7UZ9A3k.005,train,-9.130673,2.728944
CV930dFsubs.000,train,15.851426,14.685752
CV930dFsubs.002,train,21.860088,11.138316
CV930dFsubs.003,train,11.095485,7.4635983
C_NtwmmF2Ys.000,train,36.854412,17.041584
C_NtwmmF2Ys.002,train,46.30276,2.9720938
C_NtwmmF2Ys.003,train,62.339622,9.633131
C_NtwmmF2Ys.004,train,36.012657,10.932035
CbNAOLHByZQ.004,train,12.694962,-11.260636
CcVuoHZqp6k.004,train,19.105547,-0.75348735
CdUYBux3Vn8.000,train,-5.8678837,2.9123979
CdUYBux3Vn8.002,train,-5.3685513,2.5571694
CdUYBux3Vn8.005,train,-0.8274673,-3.2546654
CdY1ZLrWTtg.000,train,-6.832442,8.716805
CdY1ZLrWTtg.002,train,-5.1902843,8.971996
Cdh_OCMZ4U8.000,train,-10.160955,4.537667
CfNbSToI21k.004,train,-2.1404092,-15.503692
CfNbSToI21k.005,train,1.4854394,-19.163498
Cl5jhuLQ9Dg.001,train,-3.1615605,8.531367
Cl5jhuLQ9Dg.002,train,-9.4463,5.742931
Cl5jhuLQ9Dg.003,train,-5.987564,4.8766284
Cl5jhuLQ9Dg.004,train,-8.380497,7.718609
Cl5jhuLQ9Dg.005,train,-3.8122838,7.398847
Cl7vQ9QR0es.000,train,-5.7145023,1.0303855
Cl7vQ9QR0es.001,train,-10.246553,6.164487
Cl7vQ9QR0es.002,train,-9.700374,2.5923853
Cl7vQ9QR0es.003,train,-8.681565,4.316971
Cl7vQ9QR0es.004,train,-11.472821,1.8933403
Cl7vQ9QR0es.005,train,-11.3469095,4.508186
Cng72emlXAM.004,train,-1.0391228,-7.180321
Cng72emlXAM.005,train,-1.5584041,-6.9744005
CpmR-91GxmY.000,train,-1.9326904,-5.8567104
CpmR-91GxmY.002,train,-3.2775114,-9.046957
CpmR-91GxmY.004,train,-3.1977592,-6.68872
CpmR-91GxmY.005,train,-2.288278,-1.9583265
CqQavmWSLrI.000,train,-2.888684,-7.999172
CqQavmWSLrI.001,train,-7.641057,-2.2611887
CqQavmWSLrI.002,train,-8.227759,-2.6259916
CqQavmWSLrI.003,train,-8.736667,2.1800811
CqQavmWSLrI.004,train,-6.8611374,-0.7422954
CqQavmWSLrI.005,train,-7.74643,-2.7659361
CuGuiOZ48Ig.000,train,19.93646,14.578055
CuGuiOZ48Ig.001,train,5.33261,10.441444
CuGuiOZ48Ig.002,train,12.3160095,15.17248
CuGuiOZ48Ig.004,train,12.244041,18.061338
CuGuiOZ48Ig.005,train,1.8571303,11.2273
Cvuu76B-bxA.000,train,-11.500842,4.286351
Cvuu76B-bxA.001,train,-13.853184,3.2004626
Cvuu76B-bxA.002,train,-12.673147,2.4892254
Cvuu76B-bxA.003,train,-13.521674,4.188349
Cvuu76B-bxA.005,train,-13.131521,2.5611234
CwFH8J7smjE.005,train,2.761702,0.6485117
CwYNQlRTvPc.000,train,12.9714985,0.76125336
CwmjP27fivQ.005,train,-3.0590851,-5.9402447
CyzKot0CNyU.000,train,15.540589,4.9225016
D0dE-lErszk.002,train,-10.422576,0.8791642
D3AomvNhR1k.003,train,-8.493828,-0.062782235
D4TU65xbF4g.000,train,0.8501936,0.14225878
D4TU65xbF4g.001,train,-2.1039023,2.9537652
D4TU65xbF4g.002,train,-1.8745471,-0.58648753
D4TU65xbF4g.005,train,-4.8609776,2.5703444
D4hPHPp1W-Q.000,train,15.080001,-11.881841
D4hPHPp1W-Q.004,train,15.93018,-11.54567
D4hPHPp1W-Q.005,train,16.6431,-10.857233
DCROfrHI1MU.000,train,-9.1976385,0.29251468
DCROfrHI1MU.001,train,-2.7605214,0.4588601
DChmTb-c9uM.001,train,0.34834504,-10.597201
DChmTb-c9uM.004,train,7.194824,-3.9616525
DChmTb-c9uM.005,train,12.911494,-14.776176
DGCGeNlA-Ww.005,train,14.556878,6.220705
DLds0WJpIQg.001,train,15.5840225,7.743017
DLuwObrDhtc.000,train,0.56403327,3.5414042
DLuwObrDhtc.001,train,-0.37939638,4.1783047
DLuwObrDhtc.002,train,-2.2217715,4.866788
DQORBD8hINs.005,train,1.0067806,5.5319524
DTZeyoKUPx4.000,train,28.95304,20.109612
DTZeyoKUPx4.001,train,7.732158,8.0286
DTZeyoKUPx4.002,train,16.162207,13.548365
DTZeyoKUPx4.003,train,5.735052,6.370595
DTZeyoKUPx4.004,train,10.053072,10.076661
DTZeyoKUPx4.005,train,19.869032,17.07128
DVh_7dO2cWY.000,train,1.3372918,5.7061367
DVh_7dO2cWY.003,train,1.7923895,-9.761116
DVh_7dO2cWY.004,train,15.085234,-4.6166587
DVh_7dO2cWY.005,train,3.2649074,1.0554848
DWVJXufR7gE.000,train,-8.540518,5.223076
DWVJXufR7gE.001,train,-6.14461,-0.6677416
DXYRJ8PReoE.000,train,-12.159037,5.288692
DXYRJ8PReoE.002,train,-13.831668,4.650374
DXw4lVoiiWY.000,train,-3.1585796,9.656886
DXw4lVoiiWY.001,train,-6.2097955,8.834478
DXw4lVoiiWY.002,train,-5.6531787,4.566109
DXw4lVoiiWY.003,train,-8.51381,5.017551
DXw4lVoiiWY.004,train,-7.10619,1.8153257
DXw4lVoiiWY.005,train,-4.8141084,6.6188107
DZfcVxy2ceI.000,train,12.531871,1.074872
D_FGBb-1B1o.001,train,-13.156844,2.080413
D_FGBb-1B1o.002,train,-7.1923575,-4.7040377
D_FGBb-1B1o.003,train,-9.947945,-2.7478817
DbNFwVi_61Q.000,train,6.911825,-3.6543877
DctPau1p7JM.001,train,-6.30622,4.7006965
DctPau1p7JM.002,train,-6.708135,1.0714042
De4i7-FX9Og.001,train,-7.306692,-6.669013
De4i7-FX9Og.004,train,-3.2092369,-11.94051
DefePa0_6Sg.001,train,-2.7558846,1.3851575
DefePa0_6Sg.002,train,-4.1010504,5.6734776
DefePa0_6Sg.005,train,13.016301,14.8870125
DegRGUG4Wi0.001,train,8.985808,3.9541411
DegRGUG4Wi0.002,train,18.547705,6.7960095
DegRGUG4Wi0.003,train,9.40217,5.124173
DfpKVl9Zpdg.003,train,11.6041,17.831463
DfpKVl9Zpdg.004,train,-0.866054,7.037064
Dgo98-sCd1w.002,train,-14.327286,1.8930572
Dhbva5oGE7g.000,train,-12.362009,-0.7412324
Dhbva5oGE7g.003,train,-13.220679,-1.313504
DhqfB9chceo.001,train,37.40797,-1.2504817
DhqfB9chceo.003,train,19.1696,0.29400817
DiaibIBisuM.001,train,-6.769407,5.2531457
DiaibIBisuM.002,train,-9.1002,5.1642747
DiaibIBisuM.003,train,-3.9172928,7.022142
DiaibIBisuM.004,train,-4.8329883,5.5496597
DiaibIBisuM.005,train,-8.183325,3.4671617
DnTtbAR_Qyw.000,train,-8.7382555,-3.0339856
DnTtbAR_Qyw.002,train,-7.4819665,-4.0375223
DnTtbAR_Qyw.004,train,-9.828069,-4.807472
DnTtbAR_Qyw.005,train,-10.468836,-1.9060792
DogbMnh5k0o.002,train,2.1578991,-18.566545
Dq7Uep06KOQ.001,train,5.2728715,-0.2551518
Dq7Uep06KOQ.005,train,9.973246,-2.384849
DqA3j7juNs4.000,train,0.7249711,12.412192
DvWzedL3QCk.004,train,7.231239,-13.958079
DvmzcQI5cnM.000,train,-7.8091073,6.3403387
DvmzcQI5cnM.001,train,-8.152979,6.359373
DvmzcQI5cnM.003,train,-8.209828,5.5426035
DvmzcQI5cnM.004,train,-6.87244,5.869184
DvmzcQI5cnM.005,train,-7.5880113,12.483202
DxATjKPysfs.000,train,-14.924288,4.3725233
DxATjKPysfs.003,train,-16.592884,4.5682015
DyZlhseSuec.002,train,-6.1240892,6.814533
DyZlhseSuec.003,train,-14.49936,7.3615217
DyZlhseSuec.004,train,-10.535889,3.3845212
DzqJmiQjsZ4.000,train,-3.4739451,-1.6887376
DzqJmiQjsZ4.002,train,-2.312373,1.5915574
DzqJmiQjsZ4.004,train,-3.8463168,0.5786203
DzqJmiQjsZ4.005,train,-3.1015103,2.1210794
E3z1D7CKoOA.000,train,7.13962,5.3057866
E3z1D7CKoOA.001,train,-1.7903099,1.1983469
E3z1D7CKoOA.002,train,3.1748738,-0.36624908
E3z1D7CKoOA.003,train,-2.7214916,1.1836402
E3z1D7CKoOA.005,train,10.006592,16.099632
E6OBPHKkm6U.002,train,-6.185663,6.030972
E6rptSS3kP4.000,train,7.314364,-15.504287
EA8BEYAZqAA.000,train,-4.931754,-14.06013
EA8BEYAZqAA.001,train,-5.5628905,-13.29082
EA8BEYAZqAA.004,train,-2.1411934,-12.595756
EAMHqNxa9yY.001,train,8.426269,11.53222
EAnvsNi8O-M.001,train,5.5508595,8.737549
EAnvsNi8O-M.002,train,13.064815,10.612246
EDXQLrsZctw.000,train,-5.7834363,9.542558
EDshSjcCsoY.001,train,-2.742993,-2.4461038
EDshSjcCsoY.002,train,-2.6806715,0.9771055
EHPZNxP5mN8.000,train,-10.367848,0.79226637
EL1Q7x_1a74.000,train,-7.5763335,6.9960446
EL1Q7x_1a74.001,train,-7.7830772,5.3716497
EL1Q7x_1a74.002,train,-10.572884,5.9251394
EL1Q7x_1a74.005,train,-9.665187,7.216727
ELvGOVb8L5I.000,train,-8.245135,0.5684179
EMNcIRgaDMg.000,train,-1.8820617,-6.8132873
EMNcIRgaDMg.004,train,0.43080872,-8.111247
EMqrrHHbP3s.000,train,1.4329214,2.7070112
EMqrrHHbP3s.001,train,-6.340688,-4.473096
EMqrrHHbP3s.002,train,6.094759,-1.4683373
EP0sdDWooSw.001,train,2.855563,-4.9449115
EP2rMX4AQis.000,train,-11.780312,6.1832514
EX3i4IMY1Pw.002,train,-6.1776257,-2.96264
EYbPGTIcnjs.000,train,15.945237,-25.073034
EYbPGTIcnjs.003,train,9.927907,-24.842531
EYbPGTIcnjs.005,train,22.78277,-22.09069
E_xAcdGpPCI.001,train,-7.20628,-3.5317266
E_xAcdGpPCI.004,train,-7.1589155,-1.9775995
E_xAcdGpPCI.005,train,-8.04241,-3.022495
Ea0UKBPCm3Q.001,train,0.3568486,-5.3523207
EaBCJB8LXdI.001,train,-4.9992647,-4.2027555
EaBCJB8LXdI.002,train,-6.7049522,-6.8454733
EaBCJB8LXdI.004,train,-6.774282,-6.2139316
EaBCJB8LXdI.005,train,-8.366003,-7.694855
Eb-2m44jTEs.000,train,-8.375815,3.4638336
Eb-2m44jTEs.004,train,-9.005896,2.6999261
EcOC7ZVRSg4.001,train,-5.8608103,-5.9458065
EcOC7ZVRSg4.002,train,-9.05989,-1.2215201
EcOC7ZVRSg4.003,train,-6.5600324,-3.271665
EcOC7ZVRSg4.004,train,-7.6989546,-5.854443
EeI8iXLDfc0.001,train,22.398252,14.259627
EeI8iXLDfc0.002,train,31.794975,24.488375
EeI8iXLDfc0.005,train,30.771275,22.220661
EelHLfeSJfM.002,train,-9.9253845,4.1208057
EelHLfeSJfM.004,train,-9.488105,6.357281
EfQUV-C-YrU.002,train,-3.9109864,1.97038
EffEoI1l1zE.000,train,23.954388,16.514416
EffEoI1l1zE.001,train,24.674946,22.422289
EffEoI1l1zE.002,train,26.23748,21.030151
Egogv6acOd0.001,train,2.552473,12.645077
Egogv6acOd0.002,train,-4.939916,1.7773498
Egogv6acOd0.003,train,-4.525192,2.7257504
Egogv6acOd0.004,train,-8.203113,4.3782196
EgolOPjkkg8.000,train,-8.078097,-4.555411
EgolOPjkkg8.001,train,-5.8813443,0.8679418
EgolOPjkkg8.004,train,-4.4542613,1.9969518
EgolOPjkkg8.005,train,-5.9452357,-6.193122
Eh7WRYXVh9M.000,train,0.65798366,13.113341
Eh7WRYXVh9M.005,train,-3.665859,0.94378906
EiXQ9RErt6c.002,train,-13.053685,4.415428
EiXQ9RErt6c.003,train,-11.141758,5.351398
EiXQ9RErt6c.005,train,-9.214616,11.058634
EjhDyc8Oc6k.000,train,8.827567,-7.749512
EjhDyc8Oc6k.001,train,13.361016,-18.405588
EjhDyc8Oc6k.003,train,15.349213,-16.5834
EjhDyc8Oc6k.004,train,23.682701,-8.979135
EknEAPhAjdA.000,train,-2.6738973,7.243696
EknEAPhAjdA.001,train,0.63493407,8.979475
EknEAPhAjdA.002,train,-2.7810245,2.5458817
EknEAPhAjdA.003,train,-8.247733,4.2689786
EknEAPhAjdA.004,train,-10.021288,4.8215065
EmGTj1DRMbo.000,train,-2.2759693,-2.8936267
EmGTj1DRMbo.003,train,0.5408628,-3.307245
EmGTj1DRMbo.004,train,-2.488092,-3.416985
En4aK_1gmlY.000,train,5.699689,13.51503
EqTB9rAC-tA.000,train,8.681014,4.448055
Etfh8X-ECtY.000,train,3.7900572,9.5339985
Etfh8X-ECtY.001,train,1.186854,7.7897363
Etfh8X-ECtY.002,train,14.572081,10.392122
Etfh8X-ECtY.003,train,2.929573,8.893652
Etfh8X-ECtY.004,train,-4.2771487,2.7564645
Etw3iulV5Eg.001,train,22.902142,4.8331137
Etw3iulV5Eg.003,train,2.0987551,0.52707523
EvZ0esZgPK4.001,train,-5.5669622,1.542078
EwMMNKLjO9w.000,train,18.682299,16.60874
EwMMNKLjO9w.001,train,12.9402895,8.388215
EwMMNKLjO9w.002,train,-8.0101185,4.8334503
EyX8QI5nPTY.001,train,0.49634635,-13.731906
F-Dy1EFm_Mw.005,train,-10.495977,-2.50277
F0VbEO_0Ybc.000,train,-1.9721674,11.0572405
F0VbEO_0Ybc.001,train,-12.013128,6.7924795
F0VbEO_0Ybc.002,train,-3.4679759,8.28427
F0VbEO_0Ybc.003,train,7.951104,14.282864
F0VbEO_0Ybc.005,train,-2.422185,11.274737
F0_EI_X5JVk.001,train,10.486353,-0.48007172
F0_EI_X5JVk.002,train,-0.48520377,2.6545432
F0_EI_X5JVk.003,train,5.584093,3.4053812
F0_EI_X5JVk.004,train,9.211803,5.271075
F0_EI_X5JVk.005,train,7.533299,2.1716232
F0kidNe_RSo.001,train,21.256952,-7.709172
F0kidNe_RSo.002,train,14.630599,-8.917054
F1lAPYh4t3U.000,train,-7.307783,-6.581141
F1lAPYh4t3U.004,train,-2.8721788,-6.2713857
F4UeAogUMMs.000,train,-9.477648,3.1085873
F4UeAogUMMs.001,train,-8.455793,-0.5716923
F4UeAogUMMs.002,train,-10.663753,5.788234
F4UeAogUMMs.003,train,-11.125526,3.4250898
F4UeAogUMMs.004,train,-7.5145893,5.756085
F4UeAogUMMs.005,train,-9.694432,1.748474
F4yC1_n6ApY.002,train,-0.036759634,-1.5859941
F5iykLTSCJc.000,train,13.420523,10.771015
F5kL7RWS_f0.000,train,-10.784177,-2.648727
F5kL7RWS_f0.003,train,-9.367611,-6.0444036
F5kL7RWS_f0.004,train,-8.552708,-1.2041799
F9mZ6De_6Ko.004,train,-3.5876203,-16.832285
F9mZ6De_6Ko.005,train,4.119512,-25.185274
FGkS4vJYOpM.002,train,-8.564707,2.7054572
FGkS4vJYOpM.004,train,-9.11947,4.4545174
FJPqNQPXp5c.005,train,1.7397656,-19.400635
FM5UaJS-bhg.000,train,-12.0587435,6.609145
FM5UaJS-bhg.001,train,-14.498177,4.9651103
FM5UaJS-bhg.002,train,-13.178838,7.492996
FM5UaJS-bhg.004,train,-12.412519,6.093108
FM5UaJS-bhg.005,train,-11.184149,5.1048374
FNHMXPaHll0.004,train,0.9142279,-0.66714036
FPfgwGsy8dE.004,train,-12.327319,2.6809375
FQMmM3TL5rE.001,train,-5.1250715,-3.2864258
FQMmM3TL5rE.003,train,-5.1039786,-5.102121
FQMmM3TL5rE.004,train,-7.4829364,-7.9281363
FSBBbxNi0iU.004,train,-8.019114,-9.764182
FSBBbxNi0iU.005,train,-7.516886,-6.736221
FU1ak530DDo.001,train,23.126282,-7.950295
FU1ak530DDo.003,train,7.218489,-6.436449
FZYN9ZFngFM.001,train,-4.637208,10.720013
FaBTYkzhuK4.000,train,-3.3720434,10.59446
FaBTYkzhuK4.001,train,-5.3059554,8.006517
FaBTYkzhuK4.005,train,6.2842374,13.770651
FcR9VhCxBb0.002,train,-5.4450397,-8.619032
FcR9VhCxBb0.004,train,-5.5681915,-9.10904
Fco1CMgOadI.002,train,27.513536,3.0888352
Fco1CMgOadI.003,train,7.0447083,1.7912619
Fco1CMgOadI.005,train,30.45789,-1.8847677
Fe9_SVPd_5I.004,train,-7.030921,4.009536
Fe9_SVPd_5I.005,train,-6.3137445,5.2598267
Ff0WqsFl-1s.005,train,0.709149,-10.268151
Fgq5I4bkq2s.001,train,-10.789898,7.548114
FhCOvzMrNs8.000,train,-0.77447635,6.629095
Fi1ILrwQpSY.001,train,-7.9340363,1.1595726
Fi1ILrwQpSY.002,train,-5.968019,-0.14746563
Fi1ILrwQpSY.003,train,-6.641798,1.7736768
Fi1ILrwQpSY.005,train,-8.949894,0.7379123
FksSYDfLH04.002,train,6.9135456,-0.04460615
FkuwzJcoRVI.000,train,-2.0515194,0.15526488
FkuwzJcoRVI.001,train,-2.9405868,3.3842485
FkuwzJcoRVI.003,train,-0.6493052,2.926899
FkuwzJcoRVI.004,train,9.800387,-2.6487455
FkuwzJcoRVI.005,train,3.9015872,7.3431764
FkzVX7SQ9wE.001,train,0.64288044,4.182544
FkzVX7SQ9wE.002,train,-2.5056524,5.365309
FkzVX7SQ9wE.004,train,3.3560047,11.83507
FlAGm93fJa0.000,train,-11.379445,-1.157528
FlAGm93fJa0.004,train,-11.748114,-0.8804311
FoWuHvikyqU.001,train,7.297175,-8.790412
FoWuHvikyqU.003,train,4.3669734,-5.372071
FoWuHvikyqU.004,train,14.397396,-2.4977891
FogaU_yB9aY.001,train,-6.977005,-10.211113
FrOxqNe6sAU.000,train,-15.122584,3.9792247
Ft0ahViXZPc.001,train,-5.9358573,0.023685649
Ft0ahViXZPc.003,train,-8.521565,0.7056834
FvjIziLzffo.002,train,-6.2482476,-10.6124525
FvjIziLzffo.003,train,0.6863387,-6.7333074
FvjIziLzffo.004,train,-2.6461759,-8.456471
FwjoTGcsFNg.000,train,3.1215742,-3.9927368
FwjoTGcsFNg.001,train,9.558034,-4.927381
FwjoTGcsFNg.002,train,2.1049283,-7.408789
FwjoTGcsFNg.003,train,3.7926955,-8.211194
FxVUG2R1y0Q.000,train,-2.709245,-15.08266
FxVUG2R1y0Q.001,train,0.4645855,-14.175252
FxVUG2R1y0Q.004,train,-2.8531766,-15.565779
Fz1BcPpjNXY.001,train,-9.735831,3.1183424
G-25EWOIGNs.000,train,-6.027719,-6.4137893
G-25EWOIGNs.001,train,-4.994245,-9.928947
G-25EWOIGNs.002,train,-5.656487,-6.731764
G-25EWOIGNs.004,train,-3.0097873,-7.4519815
G-25EWOIGNs.005,train,-7.3671746,-4.918063
G2D3qU6R_YA.001,train,-2.5989203,-7.67112
G2D3qU6R_YA.002,train,-6.9471903,-2.5075548
G2D3qU6R_YA.004,train,-5.7765236,-3.5054765
G7QTNbKbu_4.003,train,-6.2762103,-4.894459
G7QTNbKbu_4.005,train,-4.909599,-3.298564
G7hYffrZ1Hc.004,train,-2.6420321,4.022068
G7hYffrZ1Hc.005,train,0.4139751,9.264136
GCkOL2jLSQA.000,train,-8.734651,4.399417
GCkOL2jLSQA.001,train,-12.185511,5.0172377
GCkOL2jLSQA.002,train,-10.899443,6.0381536
GCkOL2jLSQA.005,train,-8.191987,6.485774
GG9WPQLI_rg.000,train,-4.645232,0.34690034
GG9WPQLI_rg.004,train,-9.829811,3.4764388
GG9WPQLI_rg.005,train,-4.119343,4.1403008
GGiKj4OC2Jk.001,train,-2.3855114,-12.886759
GHetseJP358.001,train,16.350529,-1.8484563
GHetseJP358.004,train,10.184464,-5.610592
GMwEmLo-gfc.000,train,-3.727418,-0.8438808
GMwEmLo-gfc.002,train,-0.55503654,-1.1115355
GMwEmLo-gfc.003,train,-2.2140172,-0.35547644
GMwEmLo-gfc.004,train,-4.86773,-1.3527921
GO6s-qDADuU.004,train,-7.755681,-7.735739
GQczMGrVgbc.000,train,-4.4147286,-1.1257337
GQczMGrVgbc.001,train,-4.9046903,-2.7180002
GQczMGrVgbc.002,train,-5.55225,-0.02627997
GR-P1m_Yvm0.000,train,-6.8255835,1.8659352
GR-P1m_Yvm0.005,train,-5.3449163,4.5521865
GRXPm8mmidw.000,train,4.6785583,1.9384172
GS7cBLgZKgk.000,train,-5.728686,9.591124
GS7cBLgZKgk.001,train,-7.1321716,6.517298
GS7cBLgZKgk.002,train,-5.879654,8.814656
GS7cBLgZKgk.003,train,-6.4205403,10.915245
GS7cBLgZKgk.004,train,-7.7675543,6.6432137
GTmHSF6vNWc.001,train,-2.3596995,-8.966593
GTmHSF6vNWc.002,train,-0.7145682,-11.579264
GTmHSF6vNWc.003,train,-1.7808315,-11.262903
GTmHSF6vNWc.005,train,-2.360091,-15.254839
GUxm9AWVpOI.000,train,17.54311,8.655227
GUxm9AWVpOI.003,train,20.614279,13.235159
GWOtluILlk4.002,train,-8.013815,0.5184289
GWOtluILlk4.003,train,-9.362387,1.5515155
GWOtluILlk4.005,train,-11.338329,-2.1509411
GYku69XEoxc.002,train,7.69421,1.3632139
GYku69XEoxc.004,train,5.3661776,-2.849437
G_VQne_BXWE.002,train,-8.010535,-11.685304
GaUs3UUUtmw.001,train,2.4305718,-2.806561
Gd08FYfFRtk.000,train,-1.0926116,-1.6523274
Gd08FYfFRtk.001,train,-3.386059,-1.4300592
Gd08FYfFRtk.004,train,-1.270787,-5.48934
Gd08FYfFRtk.005,train,-1.0366836,-8.2761755
Gdrgw7Z6tLg.002,train,-1.1960012,11.1241045
Gdrgw7Z6tLg.003,train,-7.0201125,6.327372
Gdv79afXNKE.003,train,3.857168,-30.022762
Gdv79afXNKE.005,train,0.2904153,-22.015604
Gg4OMtVe7lk.000,train,1.016937,-3.300743
Gg4OMtVe7lk.001,train,5.544902,0.8734757
Gg4OMtVe7lk.002,train,0.038937923,-3.844682
Gk94xrcmFts.000,train,-11.122493,9.474232
Gk94xrcmFts.002,train,-13.853775,8.737605
Gk94xrcmFts.003,train,-12.848233,6.6744246
Gk94xrcmFts.004,train,-7.1939893,5.229678
Gk94xrcmFts.005,train,-7.6328983,15.298743
GkA0RCMSWF4.000,train,-10.1736555,-6.5546365
GkPz3-y6Les.001,train,-12.098704,4.665344
Gl93Hw1A2kY.002,train,11.759328,3.4372497
Gl93Hw1A2kY.003,train,26.483856,9.095697
Gl93Hw1A2kY.005,train,20.967602,6.105727
GocSYjCaMlA.005,train,21.677309,-4.6595926
Gomd4Y8-D2Q.005,train,16.041285,-0.6396989
GquB5W7bzFo.003,train,5.903753,-0.3519249
Gs-AdRcYSPo.000,train,-7.053393,-3.9513965
Gs-AdRcYSPo.001,train,-5.2222295,-9.220606
Gs-AdRcYSPo.004,train,-9.603125,-7.1409154
Gvdh94z-SoM.002,train,0.7308419,-2.016848
GwKmjEb3qN0.001,train,-7.458379,5.208944
GwKmjEb3qN0.002,train,-0.7317534,17.876524
GwKmjEb3qN0.004,train,-6.8373466,8.516606
GxMxrhiyjO8.005,train,12.671782,-17.583092
GyLjVOVPGKQ.001,train,4.661058,-7.661687
GyLjVOVPGKQ.003,train,-1.0462844,-2.052882
GyLjVOVPGKQ.004,train,1.2735691,-6.841771
GyLjVOVPGKQ.005,train,0.28749633,-3.2692428
H0_4dZMjUow.001,train,-13.836671,3.0057263
H6s9aFAQP3M.000,train,-7.700847,-6.439734
H6yu96w7tUc.000,train,-3.99357,4.347825
H6yu96w7tUc.002,train,-9.707132,2.7082865
H6yu96w7tUc.005,train,-9.164442,0.6849072
H8h4fAGgV18.001,train,-5.049312,-8.631954
H8h4fAGgV18.005,train,-7.706843,-4.1345716
HCkDd0UnUgo.000,train,-7.8523183,-0.34220368
HCkDd0UnUgo.002,train,-8.9334545,-3.3224735
HCkDd0UnUgo.003,train,-1.4657753,-2.8767595
HCkDd0UnUgo.004,train,-5.842088,-6.5941653
HEHMW0uiFa4.000,train,5.61291,-6.7012186
HEHMW0uiFa4.002,train,9.739491,9.984776
HH03EXo0TB0.001,train,-10.842926,8.308291
HH03EXo0TB0.002,train,-10.889845,7.5288982
HH03EXo0TB0.004,train,-10.464098,8.695755
HH14jGFGuL0.005,train,20.458305,1.6161942
HJkoeB_F4c4.000,train,12.461945,-7.7552404
HJkoeB_F4c4.001,train,11.193144,-10.897493
HL-K_PZXFR4.005,train,-8.839744,-4.7121477
HNKnvSmTkC4.001,train,10.381862,12.607596
HNKnvSmTkC4.002,train,17.850386,16.326784
HNKnvSmTkC4.005,train,-11.128514,6.994391
HONL8ha-1BE.000,train,-6.098487,-8.230517
HONL8ha-1BE.002,train,-5.737368,-6.324808
HONL8ha-1BE.003,train,-9.18107,-3.2510362
HONL8ha-1BE.004,train,-8.254471,-2.6451066
HONL8ha-1BE.005,train,-11.199728,-4.2884383
HP8f3oqJwz0.000,train,-7.0350676,5.5072756
HP8f3oqJwz0.001,train,-5.670423,7.939394
HP8f3oqJwz0.002,train,-7.1704392,7.7740593
HP8f3oqJwz0.003,train,-9.747109,2.8201382
HP8f3oqJwz0.005,train,-7.434801,7.538406
HPEemWelY1E.000,train,-5.9979715,-6.7301216
HPEemWelY1E.001,train,-1.3940575,1.794119
HPEemWelY1E.002,train,-0.41515398,-1.4564424
HPEemWelY1E.004,train,-1.8794652,-4.9190545
HQZD4j8_FR8.003,train,-12.985928,-2.2114508
HTF8k56_Oxo.001,train,0.17754878,-1.3686477
HTF8k56_Oxo.004,train,0.083163895,1.4797683
HTF8k56_Oxo.005,train,-4.6060977,-4.684435
HT_8WpgGqjk.000,train,-10.397347,-4.4044495
HT_8WpgGqjk.001,train,-10.630049,-4.3980045
HT_8WpgGqjk.003,train,-8.656608,-4.2872
HT_8WpgGqjk.004,train,-8.150557,-2.6507528
HUHFlCs3YJ8.000,train,0.44159028,2.0646124
HUHFlCs3YJ8.001,train,-2.018645,4.2441144
HUHFlCs3YJ8.003,train,5.8807893,2.9993556
HUHFlCs3YJ8.005,train,2.12367,2.3311954
HUJt0I1UKzo.000,train,8.557753,-13.047548
HUJt0I1UKzo.001,train,9.802894,-18.676636
HUJt0I1UKzo.002,train,7.6958213,-16.899801
HUJt0I1UKzo.003,train,13.081262,-19.646727
HUxtuDE-YNE.003,train,22.355402,-9.244896
HUxtuDE-YNE.004,train,22.762371,-12.047124
HWuh0biZQ_c.000,train,-2.3501234,0.91254836
HWuh0biZQ_c.001,train,-4.6063056,-3.4457579
HWuh0biZQ_c.002,train,-5.461514,-1.3462934
HX-3jJdK7HM.001,train,-6.043282,-2.7498035
HX-3jJdK7HM.004,train,-1.9462001,-3.1115732
HbGeoKBULAA.001,train,-13.312447,6.495327
HegkSmkiBos.005,train,-8.550866,-0.10049945
HekcZ0Em60E.000,train,3.479267,2.9756374
HekcZ0Em60E.002,train,6.1749725,22.078156
HekcZ0Em60E.004,train,-0.7763949,3.6580539
HekcZ0Em60E.005,train,0.6698305,5.6502037
HhC2cGFFZeY.000,train,-1.2775216,6.9553614
HhC2cGFFZeY.001,train,18.44125,13.186245
HhC2cGFFZeY.005,train,18.120075,8.313814
HkBs4_vaCcs.000,train,-12.766452,3.943619
Hklc55y7vUI.000,train,4.8838763,12.631564
Hklc55y7vUI.005,train,-4.450485,8.810341
Hm5K_K0v718.000,train,-8.46304,-6.3694525
Hm5K_K0v718.003,train,-6.6500673,-7.7797236
Hm5K_K0v718.004,train,-8.71611,-7.1665006
HoJXPFp9hYo.000,train,-11.032683,0.41917375
HoJXPFp9hYo.004,train,-7.5259156,-0.78478354
HrddpXxWFns.002,train,6.2507124,-7.95205
I01_ubtktEQ.001,train,-4.2755876,-7.4045296
I01_ubtktEQ.003,train,1.0289932,5.812554
I01_ubtktEQ.004,train,-5.333047,-5.9042597
I01_ubtktEQ.005,train,2.6451588,0.6485263
I53JQFtiQxM.000,train,-7.751407,-1.3664219
I5x9T9ftW18.000,train,-5.4614015,0.55726534
I5x9T9ftW18.004,train,0.9405764,2.4714863
I5x9T9ftW18.005,train,-4.9584756,-1.5874761
I8jMoBAMtVA.000,train,-10.547467,-4.33632
I8jMoBAMtVA.005,train,-11.124694,-5.1034904
IBqmyEhgnHM.005,train,3.305159,-0.1619386
IFF47jVKMj8.002,train,-4.135798,5.3348556
IFF47jVKMj8.003,train,-5.6022186,2.0561035
IFF47jVKMj8.004,train,-11.632096,1.8004045
IFXaH_E54iA.002,train,1.2320439,-5.205062
IFXaH_E54iA.004,train,-3.0512698,-7.3598175
IFXaH_E54iA.005,train,-3.7918346,-8.502296
IHJn3UHXCMs.000,train,20.698143,6.268276
IHJn3UHXCMs.001,train,-7.563083,-8.327873
IHJn3UHXCMs.003,train,-6.6246843,-6.3185806
IHJn3UHXCMs.004,train,10.776214,-3.0673664
II2KVV-uLNI.000,train,-3.7153602,-1.7696939
II2KVV-uLNI.001,train,-1.5628964,-0.44194165
II2KVV-uLNI.002,train,-4.143076,4.131917
II2KVV-uLNI.003,train,-1.9515057,0.18610846
II2KVV-uLNI.004,train,-3.9685972,-3.689805
II2KVV-uLNI.005,train,-2.8249702,-2.002473
IL5VgGakSNw.000,train,-11.580111,5.751907
IL5VgGakSNw.003,train,-9.600228,3.1117733
IL5VgGakSNw.005,train,-11.591361,4.6404724
IMCEXoAkZv4.000,train,-10.227538,9.443933
IMCEXoAkZv4.002,train,-8.986339,8.066071
IMCEXoAkZv4.005,train,-8.935129,6.9356217
IPjl2LdPMn0.000,train,-10.17499,-1.634403
IPjl2LdPMn0.003,train,-0.31355166,7.072453
IPjl2LdPMn0.004,train,-13.059497,1.7660264
IQNNEfYYYiw.005,train,15.697809,0.91474724
IQdz0Pd-L2Y.001,train,-10.605238,4.008283
IQdz0Pd-L2Y.003,train,-9.676597,6.667474
IQdz0Pd-L2Y.004,train,-14.036989,3.6371968
IQdz0Pd-L2Y.005,train,-13.008963,5.387376
IV01x2GS61g.000,train,-6.817793,-1.9692702
IWAT58l2Chg.001,train,8.8354225,-7.106408
IXVf5VWxOAg.000,train,35.332424,2.9729593
IXVf5VWxOAg.002,train,27.983562,2.874632
IXVf5VWxOAg.003,train,30.915987,11.004851
IXVf5VWxOAg.004,train,18.179493,4.9963245
IXVf5VWxOAg.005,train,34.19963,-0.89109516
I_ncZcYgFjw.000,train,21.524235,3.5451493
I_ncZcYgFjw.002,train,7.0689692,-4.4130707
Ie2y_yOeKpo.004,train,1.2865163,-2.9311492
IlbODduDCb4.000,train,-0.5285782,0.6354265
IlbODduDCb4.001,train,5.904142,7.3122497
IlbODduDCb4.002,train,-1.7510599,-4.342318
IlbODduDCb4.003,train,-2.1840131,-4.5433426
IlbODduDCb4.004,train,-3.039909,1.7984605
IlbODduDCb4.005,train,-2.9436052,-4.3728657
Iqbg3CwVpXA.004,train,25.038633,12.939027
It0-yCwOc5k.000,train,-6.291902,-1.6453165
It0-yCwOc5k.002,train,-9.361727,-2.1275244
It0-yCwOc5k.003,train,-7.883045,0.74803996
ItkIHtgVhIk.000,train,1.3566638,6.6587133
ItkIHtgVhIk.001,train,-6.7641892,3.0927103
ItkIHtgVhIk.004,train,-6.943635,2.148831
IveGfOJ86wY.000,train,5.497865,8.668351
IveGfOJ86wY.001,train,16.135647,10.8528185
IveGfOJ86wY.002,train,4.1951547,7.730007
IveGfOJ86wY.004,train,2.6398666,5.037206
IwfA-squ7Oo.000,train,-1.9027722,-6.318567
IwfA-squ7Oo.001,train,-2.0353398,-6.677285
IwfA-squ7Oo.002,train,13.905406,0.5162527
IwfA-squ7Oo.004,train,-3.3699758,-1.2274549
IwfA-squ7Oo.005,train,-2.487588,-0.32282433
IyBCZySg-c4.000,train,-4.2210727,5.0118556
IyBCZySg-c4.001,train,-4.1995487,4.148567
IyBCZySg-c4.003,train,-6.800723,6.371567
IzKWDY_QNTU.000,train,6.4018035,4.0926175
IzsP0TRzFbo.002,train,17.976387,-8.167893
J0I8JzMR4IE.005,train,0.9647824,-13.926673
J0JrzUmZGcA.001,train,-6.3234544,-1.7323295
J0JrzUmZGcA.002,train,-6.8184495,-2.193164
J0JrzUmZGcA.003,train,-3.865291,-2.9133873
J0JrzUmZGcA.005,train,-6.7286835,-5.7084904
J28DwJsK8Do.000,train,-4.9665833,-3.678478
J28DwJsK8Do.002,train,-6.510243,-7.8126564
J28DwJsK8Do.003,train,-7.3507066,-8.4045105
J28DwJsK8Do.004,train,-6.146283,-6.0410976
J30sMEMrKjA.000,train,-2.7560022,-12.509298
J30sMEMrKjA.001,train,-1.524399,-13.239224
J30sMEMrKjA.002,train,0.1646846,-13.12328
J4GQm9j0JZ0.000,train,0.13749704,-8.239124
J4GQm9j0JZ0.001,train,-4.638552,-8.11403
J4GQm9j0JZ0.003,train,-2.4076195,-10.435861
J4GQm9j0JZ0.005,train,-2.7664764,-4.599869
J6RHl6U6Jcw.000,train,-9.209839,6.0348015
J8N2OCqM6N0.001,train,-13.076847,1.3092616
J8YpOUmN_aI.000,train,-9.848724,-2.4788356
J8YpOUmN_aI.001,train,-10.656527,1.5557196
J8YpOUmN_aI.003,train,-9.669242,-3.8000655
J8YpOUmN_aI.005,train,-6.233486,2.2427864
J9MfhPoJOaw.003,train,9.159184,-11.091952
J9MfhPoJOaw.004,train,-1.0281116,-10.398451
J9WyswA0vow.001,train,5.1794834,1.1525452
J9WyswA0vow.002,train,14.809102,0.80331606
J9WyswA0vow.003,train,5.9384003,0.7797208
JBdLI6AhJrw.000,train,25.358353,-10.069919
JBdLI6AhJrw.001,train,36.058517,-8.180121
JBdLI6AhJrw.002,train,37.74477,-7.586888
JBiq9X_-r84.000,train,-9.619739,-1.4729043
JBiq9X_-r84.002,train,-8.65198,-3.2476501
JBiq9X_-r84.004,train,-3.7916906,1.9095639
JEhC58vobs4.001,train,1.7634088,-18.03054
JEualxMkaE4.002,train,0.17811224,3.902856
JEualxMkaE4.003,train,-6.960145,3.4226253
JEualxMkaE4.004,train,-9.450885,2.491397
JFKZEGDhcRs.000,train,10.320823,6.3042283
JFKZEGDhcRs.001,train,10.026267,5.049968
JFKZEGDhcRs.002,train,3.38145,2.8277535
JFKZEGDhcRs.003,train,-1.8031365,3.5291467
JFKZEGDhcRs.004,train,10.202089,2.2690966
JFKZEGDhcRs.005,train,0.051844507,3.1471741
JIR4aPcyrn8.000,train,54.39742,21.124903
JIR4aPcyrn8.001,train,14.390608,4.6628714
JIYZTruMpiI.000,train,-3.0953972,-10.22455
JIYZTruMpiI.001,train,-3.0499804,-11.137728
JIYZTruMpiI.003,train,-2.9528444,-15.72193
JIYZTruMpiI.005,train,-1.587458,-17.248716
JJs_HTelie4.002,train,-5.5146728,-11.588626
JKDEEwxZwrw.001,train,-12.698664,-0.57697266
JKDEEwxZwrw.005,train,-11.247767,1.9368062
JN_LH6fs868.005,train,8.672663,-19.385738
JO44XCaQGVY.000,train,2.2907355,6.0010285
JO44XCaQGVY.003,train,-0.91874635,5.65371
JO44XCaQGVY.004,train,0.76150185,6.9047556
JTmq4k4uQCY.000,train,12.856957,-5.827109
JTmq4k4uQCY.001,train,26.574955,4.2799654
JTmq4k4uQCY.002,train,15.833709,-7.5209785
JTmq4k4uQCY.003,train,17.626772,-6.1597347
JVzG-zy9CO0.004,train,16.024033,3.315359
JZNMxa3OKHY.005,train,13.928658,-14.128497
JbXgnjVWEoM.002,train,-2.8830557,3.5996177
JcNmLCtlKok.001,train,6.3232436,-8.255715
JciLbidX1Q8.003,train,1.5230464,-12.1250725
Jcw9NZkMn6I.004,train,-13.154584,6.304959
Jf8lqSpAjZ8.001,train,-8.20032,-2.9816823
Jf8lqSpAjZ8.002,train,-11.167379,-0.03828148
Jf8lqSpAjZ8.004,train,-12.896125,0.008603162
Jh7Wk5fYeMk.001,train,3.6506877,2.4983232
Jh7Wk5fYeMk.002,train,11.568412,5.497266
JhdFmuwquHM.003,train,-2.543457,11.721937
Jhz5ssCKaug.001,train,-2.2003458,-2.6646957
Jhz5ssCKaug.002,train,-5.9837723,4.380648
Jhz5ssCKaug.003,train,-0.1379173,-2.061579
JiXJeI5_jGM.000,train,-5.845905,9.729909
JiXJeI5_jGM.002,train,-5.6561403,9.207548
JiXJeI5_jGM.003,train,-8.966088,7.1844244
JiXJeI5_jGM.005,train,-7.186815,6.9719243
JlMPF03b8SM.001,train,-1.98933,8.715812
JmAQlC-FEV8.003,train,29.661804,30.203934
Jn76eAPxjNA.002,train,4.139305,5.322631
Jn76eAPxjNA.003,train,20.813475,5.3840337
Jn76eAPxjNA.005,train,-3.3723483,7.8114524
JoQRNgGQCgY.000,train,-8.214783,2.9313054
JoQRNgGQCgY.002,train,-11.751956,2.7200918
JoQRNgGQCgY.003,train,-8.056987,1.2918285
JoQRNgGQCgY.004,train,-4.0229545,0.2640972
Jog1-pYOSD0.000,train,3.5955832,-3.4217253
Jog1-pYOSD0.001,train,9.036705,-5.269826
Jog1-pYOSD0.002,train,14.239655,-0.42943692
Jog1-pYOSD0.003,train,5.002831,-2.8229947
Jog1-pYOSD0.005,train,7.811915,-4.5361276
Jp-Hu7yxqR8.000,train,4.0671935,10.310235
Jr6GmDtvTK0.000,train,11.164908,-1.1457946
Jv2lyDcOmEM.001,train,-4.780075,-4.862728
Jv2lyDcOmEM.002,train,-1.9439716,-3.1874506
Jv2lyDcOmEM.003,train,-5.619943,-2.8185718
Jv2lyDcOmEM.004,train,-3.4904459,-2.30868
Jv2lyDcOmEM.005,train,-4.388253,-3.5654671
JxxF9y61ujA.000,train,-12.349074,1.7520149
JxxF9y61ujA.003,train,-13.020013,2.9566
JxxF9y61ujA.004,train,-12.347885,3.3690255
JxxF9y61ujA.005,train,-11.998255,-0.3164106
JzXnxQDnwWE.002,train,-2.62723,-6.113104
K-Z_mLE8nlo.004,train,-12.835552,1.592595
K-fMyzPB7FI.005,train,-1.0613955,-5.0363674
K-iwJMxjyx4.000,train,-0.91858333,4.943851
K-iwJMxjyx4.001,train,4.8944035,8.979946
K-iwJMxjyx4.003,train,7.6721897,12.16026
K-iwJMxjyx4.004,train,4.893543,9.830704
K-iwJMxjyx4.005,train,2.3203893,10.649143
K3-YXXLR0Ho.000,train,-10.585539,5.9011607
K4UcCvZOxWo.001,train,20.185423,1.0493934
K4UcCvZOxWo.004,train,38.123913,3.1775131
K5WDz2jxtuI.000,train,-3.9651432,-3.6484885
K63T9l1xY7U.000,train,3.3387463,3.4018064
K63T9l1xY7U.001,train,4.9067135,1.4177727
K63T9l1xY7U.003,train,0.71415234,2.4226508
K7vBdKrcFKo.001,train,-1.1740031,-2.8027408
K9U_Z8GdGRo.001,train,-11.006435,1.913338
K9U_Z8GdGRo.005,train,-12.922979,3.568503
K9ZTOb6PbfQ.000,train,-12.44031,-1.7831371
K9ZTOb6PbfQ.004,train,-12.583906,-1.3582158
K9h_wA30XgM.002,train,35.20984,4.5315247
KAGTaM0Z9tA.001,train,1.3949004,-1.4024302
KAGTaM0Z9tA.004,train,-1.9181746,-4.898856
KAGTaM0Z9tA.005,train,-2.2202117,-0.5259708
KB09jENVJ_0.002,train,7.689271,-10.449224
KB09jENVJ_0.004,train,5.349434,-9.691832
KD9rExmTXcE.005,train,6.40862,4.9376984
KDwpjQiIfjY.000,train,16.399462,-0.21850766
KDwpjQiIfjY.003,train,5.1548824,-1.818516
KDwpjQiIfjY.005,train,12.306932,-0.061918132
KGRUaRe3r7I.001,train,-6.91906,2.0654845
KGRUaRe3r7I.002,train,-9.029437,3.9420104
KGRUaRe3r7I.005,train,-6.991596,2.7683055
KHQJhOzdrYo.002,train,22.353397,1.284535
KHQJhOzdrYo.003,train,5.340225,0.96690613
KHQJhOzdrYo.004,train,24.650787,3.8081303
KIJ9IYETe38.001,train,-4.191491,-6.7293572
KIJ9IYETe38.002,train,-6.74004,-4.5253224
KIJ9IYETe38.003,train,-6.4539456,-3.777076
KIhpjwf5uAA.000,train,-12.514306,3.279862
KIhpjwf5uAA.001,train,-12.499543,3.9854858
KIhpjwf5uAA.002,train,-15.172007,3.8494678
KIhpjwf5uAA.003,train,-14.275022,4.5409245
KJ643kfjqLY.001,train,19.679422,-8.640316
KJ643kfjqLY.002,train,14.082903,-9.766066
KJ643kfjqLY.003,train,21.918364,-5.3764777
KJP4SKS2vtY.000,train,-8.462265,2.507257
KJP4SKS2vtY.003,train,-4.2888584,5.701354
KLY518hfGhU.000,train,-3.4312835,6.994344
KLY518hfGhU.001,train,-1.3415533,7.889388
KLY518hfGhU.004,train,3.282599,13.59973
KLY518hfGhU.005,train,-3.332619,7.3430643
KM6Nc_VipyQ.001,train,2.9615295,-3.0893092
KM6Nc_VipyQ.005,train,4.475297,-0.12666392
KNOHhnRMpSw.000,train,7.1097836,11.765031
KNOHhnRMpSw.001,train,6.2224774,2.4252117
KNOHhnRMpSw.002,train,-3.3303728,5.6508565
KNOHhnRMpSw.003,train,3.1193619,9.750907
KNOHhnRMpSw.005,train,7.4687285,2.005949
KO7ZGXwPu-Y.000,train,-2.42933,4.8322344
KO7ZGXwPu-Y.002,train,-3.5972266,-0.33340454
KTdbKiGFzJY.000,train,-9.697221,13.261825
KTdbKiGFzJY.003,train,-13.7156725,9.768156
KVepk_9iPEU.002,train,-5.7722125,-1.0877118
KXUERmhPyr8.002,train,-13.189903,2.2332728
KXUERmhPyr8.004,train,-12.525818,5.005144
KXUERmhPyr8.005,train,-12.062011,2.3231795
KYkfjIZEScM.005,train,4.0813394,-2.7858236
KYvMsMLNGvY.005,train,-12.983793,4.2915955
KYvbRwTCtaU.000,train,12.04238,9.385786
KYvbRwTCtaU.001,train,6.6306224,7.666705
KYvbRwTCtaU.002,train,6.1853204,7.307288
KYvbRwTCtaU.003,train,6.8840475,10.472263
KYvbRwTCtaU.005,train,17.69887,12.91752
KahSwziq8F0.000,train,26.866388,-15.026974
KahSwziq8F0.001,train,19.106037,-10.76468
KahSwziq8F0.002,train,24.892588,-14.128522
KahSwziq8F0.003,train,30.21415,-11.0356655
KahSwziq8F0.004,train,15.112374,-12.368002
Kbcvurfuvhk.000,train,-10.138412,3.8667116
Kbcvurfuvhk.002,train,-6.046034,-3.0337906
Kbcvurfuvhk.004,train,-6.701954,-2.0492187
KdMiQUWNByk.001,train,-6.6007934,-7.0852513
KfurkMyjD-c.001,train,-9.286836,-0.34207454
KfurkMyjD-c.002,train,-7.3025823,-1.2132976
KfurkMyjD-c.003,train,-6.3386316,0.22213092
KfurkMyjD-c.004,train,-8.532742,0.59844494
Kga18VO9VwY.000,train,12.853363,-3.540603
Kga18VO9VwY.002,train,20.346329,-11.432319
KhMsmtSC5Lg.000,train,24.232069,-0.22999182
KhMsmtSC5Lg.001,train,14.619601,-7.7562814
KhMsmtSC5Lg.005,train,27.17174,-7.464162
KiM9P_FJVHg.004,train,-3.0523238,-4.955115
KiM9P_FJVHg.005,train,-0.2036917,3.607168
KmHe8urs3LI.002,train,9.697482,9.573651
KmHe8urs3LI.003,train,0.05414665,12.328301
KmHe8urs3LI.005,train,16.98379,16.866934
Kmrd1MsZKmQ.000,train,-0.4071259,-1.3545029
Kmrd1MsZKmQ.001,train,-3.1860743,-6.552454
Kmrd1MsZKmQ.002,train,-2.151794,-7.0100975
Kmrd1MsZKmQ.003,train,-2.5234098,-5.211643
KnbEca4Ibwk.000,train,-6.5906577,5.0258384
KnbEca4Ibwk.002,train,-10.046148,6.459166
KnbEca4Ibwk.005,train,-11.073647,6.852605
KpTHRBaYny8.001,train,0.8906248,-5.1247773
KpTHRBaYny8.005,train,6.326095,2.4280112
KppCIwj0hC4.000,train,50.44673,-13.837271
KppCIwj0hC4.002,train,33.57317,-12.009611
KppCIwj0hC4.004,train,50.289474,-15.858948
Kpto8K_B-5A.002,train,-9.135308,-0.7634514
Kpto8K_B-5A.004,train,-9.649226,-2.2160928
Kpto8K_B-5A.005,train,-4.0108833,-2.9419236
Kq-c6lqGNlo.000,train,3.1536226,-2.224435
Kq-c6lqGNlo.001,train,0.7385266,1.8634627
Kq-c6lqGNlo.002,train,9.807336,2.7277842
Kq-c6lqGNlo.004,train,0.31248993,-0.17578545
Kq-c6lqGNlo.005,train,5.2063837,-0.7844697
KsToJAKi7xQ.000,train,-5.397768,-6.238661
KtY6C83o2rs.004,train,15.925979,-5.04026
KtY6C83o2rs.005,train,23.016697,-1.8305963
Kv0kZgqZEM0.003,train,-6.3497286,1.1354645
Kv0kZgqZEM0.004,train,-7.61037,-0.35872626
L-C1blPD_ec.000,train,6.890626,6.9754963
L-C1blPD_ec.001,train,3.6474214,4.606149
L-C1blPD_ec.004,train,-1.8291897,2.8437932
L-C1blPD_ec.005,train,6.3497286,9.995242
L-rmZZP_wj8.003,train,1.4841087,7.001791
L-rmZZP_wj8.004,train,1.8928512,6.922412
L4Jlm0vGsvc.000,train,-3.826614,-10.888836
L4Jlm0vGsvc.002,train,-4.72196,-9.012223
L4Jlm0vGsvc.004,train,-3.6670992,-12.002733
L5PkZA1ErYY.002,train,-7.2682033,-6.661829
L5PkZA1ErYY.005,train,-6.852043,-8.025583
L5kpy0SA7os.000,train,-6.370994,-7.196448
L5kpy0SA7os.003,train,-4.106739,-1.4666938
L5kpy0SA7os.005,train,-4.791432,-6.499956
L7HDCG2PsII.001,train,27.571915,-0.21297811
L7HDCG2PsII.003,train,27.87147,-4.557026
L9sG80PI1Gw.003,train,-8.938867,-1.0805255
LBKbubsgpE8.001,train,-2.5509317,-11.408571
LBKbubsgpE8.003,train,-2.192576,-9.856627
LBrmHHzyIiY.000,train,-2.7398288,6.893356
LBrmHHzyIiY.001,train,-3.1312504,6.2221456
LBrmHHzyIiY.002,train,2.6012406,11.560071
LBrmHHzyIiY.003,train,-4.26367,5.216085
LCafv-LfC3Y.000,train,-7.8252387,0.7393875
LCafv-LfC3Y.001,train,-5.6817102,7.9854918
LCafv-LfC3Y.003,train,1.294195,4.3990684
LCafv-LfC3Y.004,train,-6.2921033,-2.2567332
LGPm8ok6kVo.001,train,-4.4060698,2.5940847
LGdzP-r_G3U.001,train,-8.597284,1.9558108
LGdzP-r_G3U.004,train,-7.716847,-5.891726
LGdzP-r_G3U.005,train,-8.326283,-1.3166301
LGgx7RVdL2Y.000,train,3.503031,-2.5645013
LGgx7RVdL2Y.002,train,6.2320905,-0.36982912
LGgx7RVdL2Y.004,train,-5.6880593,-5.620031
LGgx7RVdL2Y.005,train,0.08552974,-0.899771
LHV4HNK35pM.001,train,-5.4100785,-4.799636
LHV4HNK35pM.005,train,-6.7856226,-4.7790313
LKBoLbWHJYI.002,train,14.0720415,2.851839
LKBoLbWHJYI.003,train,10.295851,-8.618381
LKc69Et2Jg8.004,train,-3.8028123,2.5140927
LKqN07ryM5I.001,train,-9.147263,-2.418215
LKqN07ryM5I.004,train,-7.5103397,-4.38341
LKqO2BhfAvM.002,train,-6.3952355,0.11219269
LKvxVEI8uVA.001,train,18.980219,-10.914502
LKvxVEI8uVA.004,train,33.272114,-6.403866
LLP-oZfo8oE.002,train,-12.7092085,8.589368
LLP-oZfo8oE.003,train,-11.323755,8.293892
LLP-oZfo8oE.004,train,-11.558832,6.1334343
LLP-oZfo8oE.005,train,-12.218029,7.3487544
LNM1i-a9q_A.002,train,-0.74241054,2.2520423
LNM1i-a9q_A.004,train,-3.784461,0.19069117
LNiiKncirQA.000,train,-6.028886,2.3120577
LP5N5uPfTdA.004,train,7.6772857,0.43149045
LP5N5uPfTdA.005,train,2.6151185,-4.5365844
LRU4jLhKaak.003,train,-1.1319933,3.3863854
LRczShwIVbM.004,train,5.222938,-11.717336
LRczShwIVbM.005,train,10.543281,-9.189911
LSqijVxP0EM.000,train,-7.1753864,-8.363116
LSqijVxP0EM.001,train,-3.4574487,-3.347591
LSqijVxP0EM.002,train,-2.7004251,-7.7588058
LSqijVxP0EM.004,train,-6.2864165,-9.068877
LWO2ZhalAEY.004,train,1.9528476,-14.472744
LWO2ZhalAEY.005,train,8.803686,-20.958494
LWylAwr9kJI.001,train,-6.05434,-12.188516
LWylAwr9kJI.002,train,-5.5597744,-11.000049
LWylAwr9kJI.004,train,-3.081966,-12.710836
LXmwDq89LdA.000,train,-5.468794,-6.32379
LXmwDq89LdA.002,train,3.2243483,4.49532
LXmwDq89LdA.005,train,-6.3929214,-0.85801804
L_gmlaz-0s4.001,train,-7.2121263,3.114074
L_gmlaz-0s4.003,train,-6.7367997,8.471568
L_gmlaz-0s4.005,train,-5.335879,11.305383
LaxnVuOM6kE.002,train,6.0734267,6.52515
LeQKH1vAVpg.001,train,-7.80551,4.6089754
LeQKH1vAVpg.003,train,-8.248557,4.191475
LeQKH1vAVpg.004,train,-9.536799,-0.6845905
LeQKH1vAVpg.005,train,-7.9002542,1.5732231
LeuT6NgJ6N8.004,train,6.244548,3.4439194
LfvTKoMYLEE.004,train,16.815556,-6.7524
LglT6Gp5oQg.003,train,-4.1430097,2.7870786
Lj1WuMXFa-4.001,train,26.82767,2.3737206
Lj1WuMXFa-4.002,train,17.385239,3.571714
Lj1WuMXFa-4.004,train,33.231853,2.0389724
Lk6Ts7y4OPY.000,train,-2.428665,0.7600586
LmA23EIaXqg.000,train,9.8120365,1.2912093
LmA23EIaXqg.001,train,29.89809,3.1181102
LmA23EIaXqg.003,train,16.224606,0.63378257
LmA23EIaXqg.005,train,10.618999,0.7030334
Lq4uvcHNiy8.000,train,22.522444,14.947521
Lq4uvcHNiy8.001,train,2.2055473,-2.9547539
Lq4uvcHNiy8.002,train,12.646912,8.758505
Lq4uvcHNiy8.003,train,9.342965,2.8048325
LqtBNNM2jIw.004,train,12.925948,5.8323684
LsPKxJgefks.003,train,7.806458,5.9548793
LsPKxJgefks.004,train,3.5570505,2.1168795
LsqAIHhFpLE.002,train,8.107242,-0.2509931
Lt89YrQHF_w.002,train,-5.389919,9.140355
Lt89YrQHF_w.004,train,-7.4853888,9.012945
Lt89YrQHF_w.005,train,-7.870086,9.102364
LtBYojIGYEc.000,train,-11.2636595,4.732924
LtBYojIGYEc.001,train,-12.882765,5.0363474
LtBYojIGYEc.003,train,-12.543792,5.1888785
Lu9UNCSpQZM.003,train,14.887718,11.5306835
Lu9UNCSpQZM.004,train,8.460504,8.218367
LuLUAwn0aWU.000,train,-12.266085,4.2362423
LuLUAwn0aWU.001,train,-9.632953,6.6174054
LuLUAwn0aWU.002,train,-9.426721,3.6597424
LuLUAwn0aWU.003,train,-9.349283,5.790126
LuLUAwn0aWU.004,train,-11.141413,4.3803535
LuLUAwn0aWU.005,train,-12.589554,5.9794493
LvpUVPQKWcQ.005,train,3.4845264,-5.9617314
Lz3hYPF6aIM.003,train,29.401157,-5.808051
Lz3hYPF6aIM.004,train,24.60432,-14.503107
Lz3hYPF6aIM.005,train,28.631304,-10.622955
Lz3suTodXQM.002,train,-13.140705,-2.3960857
Lz3suTodXQM.005,train,-11.461471,-2.574923
LzT4m85N17o.002,train,-7.2258563,5.6473727
M-SuraqmC9s.000,train,-2.2970312,-0.2686761
M0O87_LiyMw.001,train,28.859411,3.7357016
M0O87_LiyMw.002,train,3.9452167,-4.5528307
M0O87_LiyMw.004,train,10.145793,-6.814649
M0O87_LiyMw.005,train,2.700848,-6.5151076
M0U48Lm33A8.000,train,-12.175137,2.7128818
M0U48Lm33A8.001,train,-11.6749525,0.7005729
M0U48Lm33A8.002,train,-11.68076,2.578698
M0U48Lm33A8.003,train,-12.001026,2.6662536
M0U48Lm33A8.004,train,-12.737905,1.729804
M0U48Lm33A8.005,train,-11.109227,2.0551164
M20gRMBy-4I.000,train,-7.0193477,0.39683238
M39PNQ8Omhc.001,train,12.550825,-2.0452893
M39PNQ8Omhc.005,train,7.939121,-3.327439
M56UFrEgXnI.004,train,9.235516,0.8811598
M5_x5J-H2I0.001,train,11.521457,4.6645927
M5_x5J-H2I0.003,train,22.630953,1.3440138
M9nVAfSPOZ8.005,train,-1.2439368,4.3816648
MBgwyWKYWVM.002,train,-11.467484,-2.3750033
MCr6FmFAhak.001,train,16.827585,8.515567
MCr6FmFAhak.004,train,18.942865,7.971179
MD9yyz-OSRs.002,train,17.482065,9.620365
MD9yyz-OSRs.004,train,10.949676,4.264973
MD9yyz-OSRs.005,train,6.885103,3.7966533
MDoZUDTSayc.000,train,0.81395704,-18.003832
MDoZUDTSayc.003,train,6.3790336,-19.661299
ME6JLtAM160.001,train,18.231737,0.9309885
MFGGMnNE6Q0.000,train,2.3613982,-14.356932
MFGGMnNE6Q0.002,train,6.556774,-14.87728
MI_GQLbnoew.000,train,-9.493001,-4.7136874
MI_GQLbnoew.001,train,-8.371757,-8.144736
MK7KveAeb6Y.000,train,3.8624077,-2.9386067
MK7KveAeb6Y.002,train,10.77616,1.904003
MK7KveAeb6Y.004,train,-1.9942454,-3.742218
MLCIfM5jYlI.000,train,-2.7694101,3.6855433
MOXPVzRBDPo.002,train,0.95480937,-12.727491
MOXPVzRBDPo.004,train,9.787539,-15.41609
MOobNUpfWiY.000,train,0.13929372,4.2201567
MOobNUpfWiY.002,train,6.30134,6.474684
MOobNUpfWiY.004,train,6.603742,4.8974714
MOobNUpfWiY.005,train,-2.8994522,-3.36654
MRquWhqw4Jw.000,train,-7.907168,5.7942905
MRquWhqw4Jw.004,train,-4.978234,8.112764
MT3tOBpG5II.000,train,4.0503116,8.08658
MT3tOBpG5II.004,train,7.670653,10.582208
MVwxnf6L8po.004,train,-1.9542385,-2.755718
MZkDsB04kt8.000,train,28.185904,-16.014622
MZkDsB04kt8.004,train,14.669056,-20.267952
M_OpMKBEOyU.000,train,-9.97735,-0.80750227
M_OpMKBEOyU.001,train,-4.375733,0.5227585
M_OpMKBEOyU.002,train,-8.329212,4.3414435
M_OpMKBEOyU.003,train,-7.006512,1.8923825
M_OpMKBEOyU.004,train,-10.90429,2.3615143
MajYvFTkKnk.002,train,-10.922969,1.3048856
MajYvFTkKnk.003,train,-11.254306,0.59677845
MajYvFTkKnk.004,train,-4.8411098,0.718769
MajYvFTkKnk.005,train,-11.803363,0.810353
MbufNmC0JL0.004,train,-6.232936,-2.1514692
MbunPsukPnQ.001,train,8.369399,-4.6637135
Me22JENkhJA.000,train,2.512643,15.502713
Me22JENkhJA.005,train,-5.789924,9.5401535
MkVsl0hdphE.000,train,4.4035206,12.928255
MkVsl0hdphE.003,train,-4.7067995,8.435699
MnARi5OWW9Q.000,train,-9.267844,-3.252647
MnARi5OWW9Q.002,train,-9.358608,-6.6760163
MrYEK0nvnAo.001,train,-2.987361,7.3538313
MrYEK0nvnAo.002,train,-4.5838437,9.889267
MrYEK0nvnAo.003,train,-0.85529697,6.9355774
MrfJ1qDJAwo.001,train,0.15374005,-1.3205773
MrfJ1qDJAwo.002,train,-9.123467,3.322334
MrfJ1qDJAwo.003,train,-11.464508,6.07102
MrfJ1qDJAwo.004,train,-10.313564,3.4728992
MrfJ1qDJAwo.005,train,-7.647241,2.6615405
MswJxdf-3Fc.002,train,0.75883305,0.91839266
MswJxdf-3Fc.005,train,-1.2001852,-0.50078744
MuYYY3XaJ7Q.002,train,4.714643,0.17132613
MuYYY3XaJ7Q.003,train,1.8322773,-1.4537927
MuYYY3XaJ7Q.004,train,0.39551458,0.4497349
MuYYY3XaJ7Q.005,train,0.252243,-0.20516989
MvWDky9ZaWU.000,train,-9.54187,-2.3065312
MvWDky9ZaWU.003,train,-9.28705,-0.051689398
MvWDky9ZaWU.005,train,-9.428972,-2.6957355
N0QizgPLLbs.000,train,-9.273318,-3.0342853
N0QizgPLLbs.005,train,-6.970624,-5.1557674
N0UweTwwQqQ.000,train,-8.712196,-2.0067465
N0s2M3bJkUk.002,train,-6.6643524,-5.9644833
N0s2M3bJkUk.003,train,-6.1997786,-2.8333576
N0s2M3bJkUk.005,train,-10.417274,-4.928389
N1ZOAktFbI0.001,train,11.933605,-24.091875
N1ZOAktFbI0.002,train,9.881723,-19.955927
N1ZOAktFbI0.004,train,8.155845,-24.021736
N4tuu9aCXkw.003,train,1.5621537,12.328097
N4tuu9aCXkw.004,train,4.7965446,8.494927
N5nIQZMW_ig.003,train,11.743626,-6.936216
N7oR6_oMBFk.000,train,1.6086664,0.76363146
N7oR6_oMBFk.004,train,7.780357,2.3228345
NBacfF-K2eQ.000,train,-4.622417,5.952794
NBacfF-K2eQ.001,train,13.183252,11.38306
NBacfF-K2eQ.004,train,-7.7149005,3.8674412
NCm736FngNo.000,train,0.75899047,19.286945
NDBCrVvp0Vg.000,train,17.746243,2.138251
NDBCrVvp0Vg.003,train,9.764015,-2.3353949
NDC375coN1o.001,train,20.750008,13.48461
NDC375coN1o.002,train,37.07267,18.583897
NDC375coN1o.005,train,29.42784,13.971741
NF8nb3SQPNg.002,train,-6.104137,1.6720588
NFAlff6GUpA.000,train,-6.0018153,4.248195
NFAlff6GUpA.003,train,-4.5781755,-0.36221567
NFAlff6GUpA.005,train,-1.8138494,-3.514195
NG8qWulkRM4.000,train,3.5656652,-17.577616
NG8qWulkRM4.001,train,3.3628097,-3.5508797
NG8qWulkRM4.002,train,1.6583561,-11.291201
NG8qWulkRM4.005,train,-0.24281995,-12.310401
NI-tZF3gfes.002,train,-7.942254,-3.1135056
NI-tZF3gfes.003,train,-9.012537,-4.6633277
NI-tZF3gfes.004,train,2.0286603,-6.6972246
NOrjfF0-pQ4.004,train,-4.947857,3.1129508
NOrjfF0-pQ4.005,train,-7.3562603,0.6332289
NTATNIs2sSc.001,train,-9.38926,5.275974
NTSMogqhvBg.001,train,-4.858188,-8.031527
NTSMogqhvBg.002,train,-1.8063048,-11.715458
NTxMChSejQE.001,train,7.29189,-1.3977475
NVvKBE5FTMk.005,train,-3.4878006,-8.622652
NWlCdMyKlE0.000,train,-9.988452,0.5183471
NWlCdMyKlE0.001,train,-8.939979,-2.5627828
NWlCdMyKlE0.002,train,-10.186992,-0.07833072
NWlCdMyKlE0.003,train,-2.4389207,-1.477218
NXG4n1pr4Ok.001,train,-9.254748,5.0250077
NXG4n1pr4Ok.002,train,-6.8407235,2.8984535
NXG4n1pr4Ok.004,train,-9.779874,4.7002883
NYlFsljF0VM.003,train,-12.283771,-0.8485839
NYlFsljF0VM.005,train,-12.909569,-1.7661918
NZXtEENlWL4.003,train,8.127073,-21.884443
N_PICgkFxAM.002,train,-0.36704245,1.1045613
NdAJGXf8aos.002,train,28.520658,-9.228325
NdAJGXf8aos.005,train,14.438914,-11.161221
Ng2E0E5tiZQ.003,train,-11.360144,-2.2887275
Ng2E0E5tiZQ.005,train,-11.242899,-3.2770476
NhyVkwcZbTA.002,train,21.327581,-8.855632
NhyVkwcZbTA.003,train,14.061264,-7.753043
NhyVkwcZbTA.004,train,24.86627,-1.3885444
NhyVkwcZbTA.005,train,23.577892,-11.299695
NkFJuN8fBDU.000,train,-8.128164,-2.078722
NkFJuN8fBDU.001,train,-9.285906,-6.7561345
NkFJuN8fBDU.004,train,-7.709812,-6.606725
NoHext7JXYU.000,train,8.864611,10.173979
NoHext7JXYU.003,train,0.35300407,7.584038
NpiglwrZzsA.001,train,-2.5241206,9.225214
NpiglwrZzsA.002,train,-2.514071,4.541732
NpiglwrZzsA.004,train,8.310757,16.242151
Nv0-x4K9YFI.000,train,12.446811,11.232206
Nv0-x4K9YFI.001,train,18.664856,11.373895
Nv0-x4K9YFI.002,train,18.424246,9.675427
Nv0-x4K9YFI.004,train,21.612597,13.23337
Nv0-x4K9YFI.005,train,5.2512527,1.9006288
NvJ4jRPUuS0.001,train,15.136992,-0.116577215
NvwD448H-40.001,train,1.1251812,0.1295112
NzCflfxgvwo.003,train,-6.533557,8.193516
O14mSiNfYDo.001,train,37.88308,0.02737161
O14mSiNfYDo.002,train,40.302143,-2.0458593
O14mSiNfYDo.005,train,0.18482086,-6.0714436
O2J_3ScUCUQ.004,train,10.669539,-0.12653467
O2wMPdp2-Is.002,train,15.538219,-15.048108
O3_j0d7mq7k.001,train,9.455897,0.2135162
O3_j0d7mq7k.002,train,3.3920293,-10.316326
O3_j0d7mq7k.004,train,10.152374,6.993532
O7h-kf7hPIU.001,train,7.25314,-16.612322
O7h-kf7hPIU.005,train,11.137382,-18.82261
O7ke1Wjb1ZM.003,train,-0.38300636,-1.8807858
O8L2pHEIcuo.004,train,-12.231713,-2.2124496
OACoHiwOdXQ.002,train,-12.048119,5.356223
OACoHiwOdXQ.003,train,-13.187351,6.1283937
OACoHiwOdXQ.005,train,-10.009789,9.284128
OCMseWyLuBQ.001,train,-4.5033803,13.557897
OD3cfWeJaOY.003,train,7.3495626,-14.729639
OD3cfWeJaOY.004,train,8.9906,-13.799956
OD3cfWeJaOY.005,train,9.982333,-12.4086
ODDGS0hTcUc.000,train,-0.37233943,3.0423434
ODDGS0hTcUc.001,train,2.2658377,1.2372239
ODDGS0hTcUc.004,train,-7.3785243,-2.2128975
OD_gyCYpR8U.002,train,8.909833,5.032596
OEKg-Tvwcbk.000,train,-5.440756,4.5841756
OEKg-Tvwcbk.003,train,1.0291957,-1.093471
OIRq4d8IyKc.002,train,-6.2203245,2.808423
OIRq4d8IyKc.003,train,-3.9028285,0.504909
OLFhKCgexRU.000,train,-13.571574,-0.09563188
OLFhKCgexRU.001,train,-13.058096,1.051035
OLFhKCgexRU.002,train,-10.792714,-0.9889875
OLFhKCgexRU.004,train,-14.734895,0.47874567
OMHlfDF99Mw.000,train,-8.988721,8.362443
OMHlfDF99Mw.003,train,-13.148299,2.3432634
OMHlfDF99Mw.004,train,-9.934086,5.0515404
OSDlyk5ZgAk.004,train,-8.031403,3.8298237
OTXGM3Guxy4.000,train,-3.881078,14.685062
OTXGM3Guxy4.003,train,6.7551575,10.619074
OTXGM3Guxy4.004,train,-8.067212,3.4302638
OTXGM3Guxy4.005,train,-2.9849806,3.342998
OWZ-qVZG14A.000,train,-5.0439234,5.6142807
OWZ-qVZG14A.002,train,-6.467667,-0.35335854
OWZ-qVZG14A.003,train,1.0625122,3.7677794
OWZ-qVZG14A.004,train,-0.6676064,1.7152216
OWZ-qVZG14A.005,train,-2.5396004,1.4294561
OXkDmd3nA94.003,train,16.066711,3.6054132
OXkDmd3nA94.004,train,22.591614,11.877219
OZaP2T74bLI.000,train,6.058382,-9.714247
OZaP2T74bLI.001,train,-6.076881,-9.1341715
OZaP2T74bLI.004,train,-0.1427537,2.6890836
OZaP2T74bLI.005,train,1.7428182,-0.55356187
OZlpENU9h28.000,train,-8.639378,8.22747
OZlpENU9h28.002,train,-10.470647,8.169243
OZlpENU9h28.003,train,-3.3078454,10.561346
OZlpENU9h28.005,train,-2.3187218,10.254485
OcS4H_dFeOc.001,train,21.66989,10.659577
OckL7z_nBGg.002,train,-1.6787418,7.5443525
OckL7z_nBGg.003,train,-1.292075,8.820342
OckL7z_nBGg.004,train,4.239961,12.7767935
OckL7z_nBGg.005,train,-1.4418486,9.346673
OdwK_oMdfSU.000,train,-8.960235,0.0618297
OdwK_oMdfSU.002,train,-11.076001,2.1764905
OdwK_oMdfSU.003,train,-8.798299,-1.5540831
OdwK_oMdfSU.005,train,-10.581967,-0.80499935
Oe7ItP7gS4w.000,train,-8.833164,4.200528
Oe7ItP7gS4w.002,train,-8.491936,6.276352
Oe7ItP7gS4w.004,train,-11.974389,8.803173
OeGMd58Wgsk.000,train,-1.3246506,9.361817
OeGMd58Wgsk.003,train,-1.7830756,4.39839
OeT6Skotv7g.004,train,9.96534,-7.661034
OgPC4wnLJR0.001,train,-10.314144,-4.729625
OgPC4wnLJR0.002,train,-11.352166,-1.4997679
OgPC4wnLJR0.003,train,-10.509542,-2.2017312
OgPC4wnLJR0.004,train,-9.708341,-0.6388555
OgPC4wnLJR0.005,train,-11.405358,-3.728583
OhHg1lyxe4I.000,train,-13.47354,6.6272445
OhHg1lyxe4I.001,train,-11.483195,8.000528
OhHg1lyxe4I.002,train,-11.543497,8.781551
OmXuhT4yJpo.000,train,-9.758882,1.6290599
OmXuhT4yJpo.005,train,-12.986325,-1.8397166
On2c_8sU8Vw.001,train,-4.343624,-6.0681334
On2c_8sU8Vw.002,train,-0.38095832,-2.454783
On2c_8sU8Vw.004,train,4.8365483,-11.232791
OovRk5U9_GY.000,train,-4.5274115,0.7457936
OovRk5U9_GY.004,train,6.329029,2.9872432
OoxYhDbzWwg.002,train,-0.6126941,8.470735
OoxYhDbzWwg.005,train,4.051145,10.765399
Or2_bP4lWYI.000,train,-5.085384,4.915853
Or2_bP4lWYI.001,train,-2.9256546,4.677778
Or2_bP4lWYI.002,train,-7.6281323,6.042799
Or2_bP4lWYI.004,train,-6.828682,5.251615
Or2_bP4lWYI.005,train,-8.923009,4.508748
Os7L5C-i9Fw.000,train,-11.469145,3.5690176
Os7L5C-i9Fw.003,train,-7.1404223,3.7932243
Os7L5C-i9Fw.004,train,-10.197971,2.9763372
OtGJDbI9qkM.000,train,-12.769904,10.756491
OtGJDbI9qkM.002,train,-10.05354,10.818096
OtGJDbI9qkM.004,train,-10.888382,8.926964
OtGJDbI9qkM.005,train,-12.526033,7.047387
OuE91U_n04E.000,train,1.1179928,-5.789268
OuE91U_n04E.001,train,-2.7571516,-16.474846
OugdInDyt9s.000,train,4.513887,-18.462938
OugdInDyt9s.003,train,7.9900084,-16.018187
OugdInDyt9s.005,train,2.7504687,-19.08483
OwI3Q-qUqDw.000,train,-10.277093,-2.7622278
OwI3Q-qUqDw.001,train,-9.47598,-1.9419689
OwI3Q-qUqDw.002,train,-9.407598,-6.0955014
OwI3Q-qUqDw.005,train,-11.039876,-1.0192504
OwlFAiE0Qrg.000,train,-4.4192004,2.3875852
OwlFAiE0Qrg.002,train,-2.4293654,3.1774673
OxaBanUE6KE.001,train,-1.8117176,-16.868996
OxaBanUE6KE.002,train,-0.70214677,-18.690157
OxaBanUE6KE.004,train,-0.87509716,-18.003872
P0ZzjnS8E24.000,train,-10.919432,1.0337856
P0a209IS614.002,train,-6.304344,3.6909063
P0a209IS614.004,train,-7.233599,3.139842
P0a209IS614.005,train,-7.1442394,5.4606223
P63CUj9KnSw.001,train,-3.9814816,4.9002185
P63CUj9KnSw.004,train,-1.9175904,4.9438148
P6g1mZ3f76U.001,train,-4.7826495,12.223059
P6g1mZ3f76U.002,train,-8.350317,10.574358
P6g1mZ3f76U.003,train,-4.0402236,13.119462
P7poMmhYnM0.001,train,-0.7184604,-3.467358
P9WDAY-MFzk.000,train,-11.331284,1.2125306
P9WDAY-MFzk.002,train,-13.10141,0.9438041
P9WDAY-MFzk.003,train,-10.5571375,1.6296667
PCmec_zcu_w.002,train,9.615184,-9.044554
PHUlL5ZzX5U.001,train,19.259373,20.566023
PHUlL5ZzX5U.005,train,18.454464,13.7516165
PHZQmf82HvA.002,train,5.1087346,-2.7131622
PHZQmf82HvA.005,train,0.13518687,-11.276301
PHmkN1cPl10.003,train,-2.155248,9.541766
PHmkN1cPl10.005,train,-9.350452,7.311957
PHv6CzBIC5E.001,train,10.074477,-9.723301
PHv6CzBIC5E.002,train,0.91865706,-9.890995
PHv6CzBIC5E.004,train,4.967911,-9.567779
PHv6CzBIC5E.005,train,2.0821958,-3.1896076
PJxgOFaaUZM.004,train,-0.9087342,-10.605949
PKYh4sungwI.002,train,1.2206557,-12.2034
PKYh4sungwI.003,train,-1.8067133,-11.897836
PKtzsEqLGx4.000,train,-3.9159129,-4.754713
PKtzsEqLGx4.001,train,-5.9277062,-3.2920384
PKtzsEqLGx4.005,train,-7.103719,-3.7820714
PKyqjYem0dY.003,train,19.297033,-10.06784
PKyqjYem0dY.004,train,4.5578065,-8.186207
PQBGDxYGaXU.001,train,-10.964311,0.67190784
PReOtefm17s.002,train,1.9084936,4.067158
PReOtefm17s.005,train,4.5258565,3.3603044
PRplbrM70sg.001,train,11.966225,-12.612755
PRplbrM70sg.004,train,5.679398,-18.711134
PTV5TBVRHxo.000,train,-6.7304225,-3.0702164
PTV5TBVRHxo.002,train,-4.9117284,-4.9473486
PVm7Om88BSw.001,train,-5.4023767,1.261501
PVm7Om88BSw.003,train,-6.4654202,-0.7166869
PWAe9M2SxT8.001,train,-6.5390134,-5.8943315
PWAe9M2SxT8.003,train,-0.7941908,-3.7956321
PWAe9M2SxT8.004,train,1.888377,-4.559514
PWM-bKcs2p8.001,train,1.289773,10.342313
PWM-bKcs2p8.004,train,2.2645783,4.4036145
PYL8BGJKu20.001,train,-11.77327,1.7441667
PYYC0Jiwfdg.000,train,-5.416552,2.1260114
PYYC0Jiwfdg.002,train,-5.254356,-5.098686
PYYC0Jiwfdg.004,train,-0.325956,-7.7370806
P_wDFLJnW-o.000,train,-2.5816185,11.858009
P_wDFLJnW-o.001,train,-7.3527074,7.581986
P_wDFLJnW-o.004,train,9.064876,16.310066
Pb7aNc6Kd40.001,train,-9.622569,5.0696464
Pb7aNc6Kd40.003,train,-11.114233,5.323909
Pb7aNc6Kd40.005,train,-10.717041,6.5014973
Pb9GhzCRnqs.001,train,4.961213,-11.507035
Pc-oQQwkIv8.000,train,21.877047,20.617252
Pc-oQQwkIv8.001,train,14.012069,9.743061
Pc-oQQwkIv8.003,train,40.30611,21.368914
Pc-oQQwkIv8.004,train,8.005607,6.7438316
Pc3NjyhtVd0.003,train,1.8709902,-11.304459
PgpMUHH8lEI.000,train,10.576729,1.6585463
PgpMUHH8lEI.002,train,3.3689225,-1.0108184
PgpMUHH8lEI.003,train,-0.2782052,-9.889472
PgpMUHH8lEI.004,train,4.180066,-0.7422879
PgpMUHH8lEI.005,train,0.7258945,-2.7956502
PkEzIErhYZ8.002,train,8.174577,4.427888
Pkgi4--hwfo.005,train,-8.662193,-9.637806
PmJw3uI1qBE.000,train,3.1446297,6.789085
Pn_LNsSsm58.000,train,-4.335844,-9.180851
Pn_LNsSsm58.001,train,-6.071493,-6.807498
Pn_LNsSsm58.004,train,-5.081663,-5.200359
Pn_LNsSsm58.005,train,-3.4690263,-8.184714
Po4UGCJbCbw.002,train,0.6758754,1.8422396
PoF3lxFDggQ.000,train,-8.492096,-3.181253
PoF3lxFDggQ.004,train,-6.2426043,-1.0546719
PoF3lxFDggQ.005,train,-0.6727428,8.139598
PoVizBmIHy0.000,train,-9.380261,4.38396
PooFvZH6fK0.001,train,-0.60312027,-1.1191292
PooFvZH6fK0.003,train,-4.667109,-2.377572
PpJ4S8ZM8mQ.000,train,24.756804,-0.71812636
PpJ4S8ZM8mQ.002,train,9.018287,-1.472198
Pr-RpZ4gYCM.001,train,0.7724331,-15.359163
Pr7CHWFkWew.001,train,-6.841396,-3.1417508
Ps55vHez10c.000,train,20.403307,-13.701231
PsHb4YHooKM.003,train,-8.355615,5.171788
Psahy1Vju4A.000,train,-13.459428,3.9704628
Psahy1Vju4A.002,train,-12.548857,7.2668037
Psahy1Vju4A.003,train,-6.9888678,9.552261
Psahy1Vju4A.005,train,-13.379912,3.0079832
PsqpkFKX8co.001,train,-3.326963,-10.942854
PsqpkFKX8co.002,train,-2.7563689,-8.047241
PtA7yAu9-VE.000,train,-4.700377,-15.327359
PtA7yAu9-VE.004,train,-2.85051,-15.324237
PtA7yAu9-VE.005,train,-3.4062278,-14.412402
PuVy3akfzNI.000,train,-5.001709,8.703482
PuVy3akfzNI.002,train,-4.148135,10.614819
PxkMDzORBPE.005,train,6.620868,10.509447
PxpbeM9VavA.001,train,-1.3996109,4.1348796
PxpbeM9VavA.003,train,-3.801991,4.946876
PyPFJWirPjs.000,train,6.4863667,1.2793822
PyPFJWirPjs.001,train,5.5529327,-1.3404541
Q-cZz-M17PE.000,train,11.941198,-10.0672655
Q0C0OU-j4DA.001,train,9.357394,-4.491171
Q0C0OU-j4DA.002,train,7.5710626,2.340228
Q0C0OU-j4DA.003,train,3.7961323,-2.5487208
Q0C0OU-j4DA.004,train,17.36154,12.35853
Q0C0OU-j4DA.005,train,0.065885335,-4.170423
Q2AI4XpApFs.000,train,-9.496205,-1.1948313
Q2AI4XpApFs.001,train,-7.870169,-0.5012116
Q2AI4XpApFs.002,train,-8.966406,-2.5237322
Q2AI4XpApFs.005,train,-10.560234,-3.6186233
Q43qO4HC6mA.000,train,3.3110354,-8.833303
Q4z4GRUtccE.000,train,-12.168357,7.6321173
Q4z4GRUtccE.002,train,-12.227877,8.179845
Q4z4GRUtccE.005,train,-13.8574,6.977191
Q5h34e5xM0Q.000,train,-7.672757,3.3459663
Q6We7dJplls.002,train,-9.453693,-12.0759325
Q6We7dJplls.005,train,-7.6022224,-11.331243
QBZieJiOl1w.001,train,19.071728,-8.321239
QBZieJiOl1w.003,train,23.523516,-5.9203506
QBZieJiOl1w.004,train,15.85553,-7.254402
QDd2AfQEAqs.001,train,24.359924,7.430732
QJcc95Y0XPw.002,train,3.3612542,-2.1732075
QKcx5msA7iA.000,train,-9.016348,-6.9890294
QKcx5msA7iA.003,train,-8.435305,-5.71182
QKcx5msA7iA.004,train,-9.462221,-5.6751895
QKlawwZQK9M.000,train,4.647335,1.6331754
QKlawwZQK9M.001,train,9.170116,-1.328047
QKluS-uQIaM.002,train,-0.7962502,5.3315563
QMRAbwZCTfI.005,train,-1.3552938,15.252615
QNVsr2mGwGs.001,train,6.6534266,-18.493513
QNVsr2mGwGs.004,train,7.6501613,-13.94076
QNVsr2mGwGs.005,train,1.0869505,-16.994665
QQzeQOoqO20.001,train,27.45267,15.235196
QQzeQOoqO20.005,train,16.108465,7.835249
QS7TwjzkYiU.004,train,-10.067681,-2.5070684
QTtTAFqT-no.004,train,-4.7410975,-3.5260859
QXFRE_pjrAE.000,train,8.541551,5.792983
QXFRE_pjrAE.001,train,9.152872,6.017984
QXFRE_pjrAE.003,train,10.4293585,3.4840739
Q_YyIgxj6HE.001,train,-8.216733,3.6039863
QdafN9Y_j-Y.001,train,-3.6894085,-4.355897
Qe7q8SFJ71E.004,train,-0.5889764,-14.569384
QfU5JsVMjfI.000,train,-3.456696,-6.6382923
QfU5JsVMjfI.001,train,-5.4702187,-8.569956
QfU5JsVMjfI.003,train,-3.464545,-8.081382
QiPb8vlGDFo.000,train,15.26157,10.594553
QiPb8vlGDFo.001,train,2.2530296,8.790884
QiPb8vlGDFo.002,train,-2.3344915,2.0874207
QiPb8vlGDFo.003,train,1.5678242,-4.353735
QiPb8vlGDFo.004,train,10.247253,5.3934274
QiR6yJbFCfM.005,train,-10.17115,6.1930995
QipgesEKSNA.000,train,22.315376,9.069141
QipgesEKSNA.001,train,14.0678005,11.437995
QipgesEKSNA.002,train,6.467963,6.3814726
QipgesEKSNA.004,train,18.407814,8.689735
Qkao4XiSflU.003,train,-6.348296,5.572797
QlBgvZjbX30.000,train,0.29766688,-13.912462
QlBgvZjbX30.002,train,-1.9651407,-13.698926
QlkTEWrSCBs.000,train,-3.139873,2.2205122
QovE6L-C9VY.000,train,1.3283554,2.9128213
QpA0gj1y6KE.000,train,4.167418,-4.2430563
QqTw0lnrtBo.002,train,-6.3761454,5.5035477
QqTw0lnrtBo.004,train,-4.7729173,7.9720235
Qqc1539E6rs.002,train,-6.675347,-10.409889
Qqc1539E6rs.003,train,-7.737977,-7.383841
Qqc1539E6rs.005,train,-7.773905,-10.579233
QsUj_OlGQ-0.000,train,-13.805729,1.6661496
QsUj_OlGQ-0.002,train,-11.9570055,4.9620442
QsUj_OlGQ-0.004,train,-13.928138,2.2516274
QsUj_OlGQ-0.005,train,-8.49234,3.3837914
Qu81v9Aybv4.000,train,-4.897568,-6.056673
Qu81v9Aybv4.002,train,-3.0938213,-11.630724
Qu81v9Aybv4.003,train,-6.8497014,-4.3270173
Qu81v9Aybv4.004,train,-3.710308,-10.641557
Qu81v9Aybv4.005,train,-2.2072613,-2.9390986
QuwVzi2tQrQ.005,train,-2.0174432,-4.0683846
QyVTG0sGKg0.001,train,-11.56999,-0.483866
QyVTG0sGKg0.002,train,-8.165019,-2.5769632
Qz_cjgCtDcM.001,train,-5.6825924,-10.150703
Qz_cjgCtDcM.003,train,-2.8974109,-13.365595
Qz_cjgCtDcM.005,train,-1.9330307,-14.010719
Qzu9b49qvKo.003,train,10.569526,5.9030533
R-qB2FX7ZbE.001,train,-1.4764528,14.678496
R-qB2FX7ZbE.004,train,0.23062511,17.522493
R-vly7LKotQ.003,train,4.5452394,8.986419
R0RURVpmU9M.004,train,30.441088,9.045522
R42dmIPCXwo.001,train,5.5009437,-0.59131694
R42dmIPCXwo.003,train,4.3084497,-4.0269938
R5uXsQsO6Uo.002,train,6.397297,-3.3258717
R6NTuhZtOks.003,train,-10.46257,1.993593
R6NTuhZtOks.005,train,-8.18578,0.23935698
R8Gpa-rRywc.001,train,-10.3030405,-1.402432
RB9vu-0Y_Fk.001,train,-5.7812743,-6.9399414
RCr48dXuZYE.002,train,-5.491965,2.001975
RDOngWykAQU.000,train,-3.1929502,-5.780188
RDOngWykAQU.002,train,-2.4233866,-5.46476
RDOngWykAQU.003,train,8.330185,-5.2366138
REAxeTWo1QM.002,train,27.438622,17.258432
RGuHfwIRKpA.000,train,-9.412332,-3.9341242
RGuHfwIRKpA.001,train,-8.038055,1.5325407
RHEkTC8UfME.000,train,-5.3071465,-2.22114
RHEkTC8UfME.003,train,-4.5571904,-3.7979279
RMA5HIyEsXc.000,train,-1.8785666,-11.894008
ROTx-0q1F9M.001,train,10.823928,-13.379458
ROTx-0q1F9M.004,train,9.99063,-14.182637
ROTx-0q1F9M.005,train,9.3200245,-10.386765
RQdZHLGGR_E.001,train,-10.973588,-5.9568753
RQeoo3idUJc.004,train,12.283275,8.811733
RTJK4Duuxsc.003,train,-7.367237,-3.1590278
RW4a2ERzTO8.000,train,2.9154515,13.20269
RWfY3Xk0XPQ.002,train,-6.510216,-1.0903385
RWfY3Xk0XPQ.003,train,-8.136222,-1.3909926
RWfY3Xk0XPQ.005,train,-4.2169256,1.1555417
RWhyKkFI3zw.001,train,-9.97745,3.5911255
RWhyKkFI3zw.004,train,-9.537599,3.1773837
RWhyKkFI3zw.005,train,-10.890527,0.35629317
RYG6XhdmPY0.001,train,13.164642,-3.613577
RYG6XhdmPY0.002,train,10.845454,-9.438954
RYG6XhdmPY0.004,train,29.79194,-6.259621
RYG6XhdmPY0.005,train,14.698671,-6.878357
RZOimXPTG0s.000,train,-9.177895,-7.303404
RZOimXPTG0s.002,train,-9.6110735,-5.958204
RZOimXPTG0s.003,train,-9.702517,-7.4103627
RZgTERiRDjA.001,train,-9.559764,1.0063655
R_6hhFo7M3o.002,train,-6.835156,0.5257488
R_6hhFo7M3o.003,train,-9.068481,-3.5734868
R_LJX7wszPY.000,train,19.946136,11.049475
RbX4q4KceVk.000,train,-7.6431823,-2.2382598
RbX4q4KceVk.003,train,-9.556787,-5.762225
RbX4q4KceVk.004,train,-3.790653,-5.2924824
RbX4q4KceVk.005,train,-7.3119235,-5.3527718
RdHnu7ZxjzI.000,train,2.2875152,6.3466816
RdHnu7ZxjzI.002,train,6.4967985,6.885701
RgZTZIf8K8g.000,train,-10.557858,7.738681
RgZTZIf8K8g.001,train,-9.86373,8.9875145
RgZTZIf8K8g.002,train,-12.617038,8.336355
RgZTZIf8K8g.003,train,-1.8851907,14.272681
RhFPotjd0hM.002,train,-9.115897,7.2484207
RhFPotjd0hM.003,train,-11.361734,8.320251
RhFPotjd0hM.004,train,-10.178884,7.24307
RhSWpef2e6s.000,train,-2.47745,-11.138308
RlUuWWWFrhM.005,train,-7.7231207,1.5099415
RlaaCqle7tY.003,train,-0.3768992,-7.7482452
RlaaCqle7tY.005,train,-1.7356523,-12.671153
Rops7WYMCCY.000,train,7.6666856,6.9869957
Rops7WYMCCY.001,train,11.29042,8.773067
Rops7WYMCCY.002,train,5.570584,7.852204
Rops7WYMCCY.003,train,7.289666,10.077416
Rp_gyvKE4hI.000,train,-2.2620816,9.051678
Rp_gyvKE4hI.001,train,-3.8204303,10.534799
Rp_gyvKE4hI.002,train,-3.312464,10.494512
Rp_gyvKE4hI.004,train,-3.3832288,8.860236
Rp_gyvKE4hI.005,train,6.1798124,17.894438
RrvG7JlKoXM.002,train,4.2651687,2.1636114
RrvG7JlKoXM.004,train,3.1483335,2.697607
RrvG7JlKoXM.005,train,3.3791616,4.3920307
RsYSOFRFszk.001,train,19.811981,3.7191198
RsYSOFRFszk.004,train,4.784235,3.4824624
RsjDkkvJirs.005,train,8.525446,-10.584593
Rsz-26AaL2o.001,train,-4.8392596,1.4293624
RtNylXap2qk.000,train,6.737661,0.9679784
RtNylXap2qk.001,train,32.308434,0.6365489
RtNylXap2qk.005,train,0.20542741,2.7944262
RthpiC1KtSg.000,train,-3.608472,2.3127425
RthpiC1KtSg.003,train,-0.9674753,3.6424875
RthpiC1KtSg.004,train,2.0885665,4.44434
RuRn2t7iPSc.000,train,-9.404417,-6.7016597
RuRn2t7iPSc.002,train,-8.44263,-6.624551
RuRn2t7iPSc.004,train,-6.6623535,-3.6054742
RvoxbgEP49Q.003,train,2.7621615,-8.148877
RvoxbgEP49Q.005,train,0.8874919,-5.90699
Rw_ZLT9vZTI.003,train,-12.823125,-0.2824587
Rw_ZLT9vZTI.005,train,-13.286721,0.7144938
Rwsss8y1bf0.000,train,-8.642615,4.381771
Rwsss8y1bf0.002,train,-4.9605927,9.806854
Rwsss8y1bf0.004,train,-9.799225,2.6316292
Ry5JJvTfP-8.002,train,15.131327,5.65137
Ry5JJvTfP-8.004,train,13.853666,0.49691698
S-e9-bW4seo.001,train,-9.985177,6.807641
S-e9-bW4seo.004,train,-11.355757,6.8067884
S-jhg6Y5OrE.001,train,15.894608,-11.6813965
S0QIXcQGG-g.000,train,-11.981137,-0.09151267
S0QIXcQGG-g.001,train,-10.703689,-4.423808
S0QIXcQGG-g.002,train,-11.025865,-4.888551
S0QIXcQGG-g.004,train,-8.669497,-4.5926547
S1AEj1kO5dc.002,train,12.536778,10.664461
S1AEj1kO5dc.004,train,10.455314,8.404564
S1AEj1kO5dc.005,train,25.055922,16.447342
SBEad3L1Hdc.000,train,-9.713743,6.4343925
SBEad3L1Hdc.001,train,-2.786255,11.153444
SBEad3L1Hdc.003,train,-7.980461,4.506224
SCZLT4fH5B8.000,train,11.708843,-9.564918
SCZLT4fH5B8.001,train,16.58624,-3.0389738
SCnQFpdklMg.001,train,9.732872,-14.138572
SCnQFpdklMg.002,train,3.5153093,-11.705098
SCnQFpdklMg.004,train,7.8791466,-12.6657505
SCnQFpdklMg.005,train,10.577979,-7.495401
SEELGB_-uWU.001,train,42.400883,17.105337
SEELGB_-uWU.002,train,38.961823,11.744474
SEELGB_-uWU.003,train,32.584198,10.351399
SEELGB_-uWU.005,train,26.760265,11.843962
SFRis1tTZWk.002,train,13.596327,-3.5756977
SFRis1tTZWk.003,train,12.709311,-5.4369345
SFxiMxHvJuo.000,train,-7.062839,-4.3864408
SFxiMxHvJuo.001,train,-0.10260472,-1.4917393
SFxiMxHvJuo.005,train,-5.707464,-3.991673
SG2QAh_50ek.001,train,-6.2149577,-9.829724
SG2QAh_50ek.005,train,-4.8362093,-3.4632058
SI93csgHMTk.004,train,2.1545532,-4.330185
SIpQm4G4DDg.000,train,-9.989472,4.948422
SIpQm4G4DDg.004,train,-8.58469,6.331134
SM0i7RkOjPk.000,train,15.116756,10.202572
SM0i7RkOjPk.005,train,2.826161,9.421837
SOxdUtjGmAo.001,train,0.83562833,-8.36714
SOxdUtjGmAo.002,train,2.5407488,-8.733048
SOxdUtjGmAo.003,train,0.0860291,-8.989117
SPD5fXHVyIk.002,train,29.475407,16.202618
SPD5fXHVyIk.004,train,20.828949,9.915275
SPpox8EGQqU.001,train,-0.9835011,-2.8216043
SR1Q5M2urxY.003,train,24.403242,-0.8932463
SR1Q5M2urxY.004,train,25.466381,-1.6178604
SRjhmQTPOmA.002,train,-5.534886,4.1987815
SRjhmQTPOmA.004,train,-1.7787606,3.8387191
SRjhmQTPOmA.005,train,-0.08256545,4.1080523
SUI6WNryjqw.000,train,-4.206785,-11.023157
SUI6WNryjqw.002,train,-4.6348643,-11.143798
SUI6WNryjqw.003,train,-6.5356116,-7.591985
SUY_HDzgvGA.003,train,5.1352463,10.563313
SYlV95nPTPs.001,train,-4.222095,6.5771513
Sa7iqqSbaTU.000,train,14.590722,-7.327484
Sa7iqqSbaTU.002,train,6.349874,-12.33022
Sb1b8JMVhLs.000,train,1.9848071,-0.68050385
Sb1b8JMVhLs.002,train,-13.499246,1.9934734
Sb1b8JMVhLs.005,train,-14.00849,3.6554015
SbtIS7XwkLU.001,train,35.448044,19.593588
SbtIS7XwkLU.005,train,10.81922,1.8446839
Sdqg-jn_tBk.000,train,-7.5923877,9.689189
Sdqg-jn_tBk.001,train,-2.996495,8.436493
Sdqg-jn_tBk.004,train,-3.2819996,8.299618
Se3Gts4u1vs.000,train,-2.7323012,10.193033
Se3Gts4u1vs.005,train,-6.2713933,5.317901
SfldZBPyPFo.001,train,-5.3451366,3.5833626
SfldZBPyPFo.002,train,0.21088515,7.859003
SfldZBPyPFo.003,train,-6.3193626,7.0656943
SgWtBK48AjE.001,train,6.2225986,-0.046200085
SgzOYog1pH4.001,train,-12.176149,-1.0222594
SgzOYog1pH4.003,train,-12.198152,-0.7794783
Shf0JB_MutI.001,train,3.1465912,-10.011767
SkNO4x-LSgE.004,train,2.4316022,9.525155
SkNO4x-LSgE.005,train,1.7735974,6.363217
SoHlnvNirJg.001,train,44.31013,-0.34893566
SsoZjq7x4MA.000,train,-1.2272472,-8.3196
SsoZjq7x4MA.004,train,1.3490375,-4.8546853
SxKLweLx_ZE.000,train,-1.4788091,2.7651048
SxRNdq2nGN0.000,train,18.455996,-5.028811
SxRNdq2nGN0.001,train,31.456991,-4.4493675
SxRNdq2nGN0.002,train,20.023636,-3.2010148
SyaRn3MHEIE.003,train,4.0296555,-7.836467
SyaRn3MHEIE.004,train,-0.30260205,-7.8952093
T-mK85acIOc.004,train,16.335148,-2.9034839
T-mK85acIOc.005,train,35.254288,2.459077
T0drx76OLAc.000,train,-9.168634,-1.8114396
T1--98_78ns.003,train,-11.428997,-0.6679972
T1_6sVNHG70.000,train,-4.099906,6.8282814
T1_6sVNHG70.001,train,-4.4227233,4.2883124
T1_6sVNHG70.005,train,-8.915655,4.402397
T1tJTwlGqOM.000,train,6.3154926,4.617003
T1tJTwlGqOM.001,train,0.68147975,1.2286111
T1tJTwlGqOM.004,train,27.72218,-0.3723482
T1tJTwlGqOM.005,train,-1.0824159,4.7932835
T3v3-2tvV0s.000,train,-11.831745,1.8045152
T4eZ81aJwJI.000,train,-5.396038,0.9625836
T4eZ81aJwJI.003,train,-7.599678,-3.2735584
T4eZ81aJwJI.004,train,-5.515587,-1.7273846
T4eZ81aJwJI.005,train,-7.965631,-1.211321
T6CMGXdPUTA.000,train,-0.30027336,-2.06258
T6CMGXdPUTA.001,train,7.1986575,-1.651604
T6CMGXdPUTA.002,train,-1.131203,0.53303784
T8ibN-b3h7Y.001,train,-9.07947,-5.9582243
T9xSEBSaL7Q.003,train,24.146358,7.080508
TCzYD74Xqe8.000,train,-0.39609897,3.6803744
TCzYD74Xqe8.002,train,2.393378,5.3691487
TD2jIXMD-SM.001,train,5.0675893,-1.6463016
TD2jIXMD-SM.002,train,13.525678,2.7720444
TD2jIXMD-SM.005,train,8.138534,4.7324986
TD3H2DOSi1Y.001,train,-4.7443423,-11.812757
TEGJrmNFvXY.001,train,-5.9677863,-3.0826635
TEGJrmNFvXY.004,train,-3.886326,1.2144691
THO-md3eEkA.000,train,17.8141,6.263888
THO-md3eEkA.003,train,16.999668,7.730692
THO-md3eEkA.004,train,27.492502,-8.994143
TIRrlL71dEQ.000,train,13.617482,4.0272803
TIRrlL71dEQ.005,train,14.809296,9.082002
TJD__22fOr0.000,train,-6.0640793,10.885354
TJJJfJfj46M.001,train,10.965559,0.83190084
TNjEJGdqmH0.000,train,0.39902616,7.473698
TNjEJGdqmH0.001,train,-1.4598705,6.7072816
TNjEJGdqmH0.002,train,0.63148797,7.2394786
TNjEJGdqmH0.003,train,-1.9073174,2.55653
TNjEJGdqmH0.005,train,2.2765305,10.916317
TNtcyfM9jak.000,train,11.670779,-5.568737
TNtcyfM9jak.001,train,7.4131513,-11.868298
TNtcyfM9jak.002,train,11.258554,-10.904285
TNtcyfM9jak.003,train,16.250456,-6.6543174
TNtcyfM9jak.005,train,-4.138861,-7.062282
TPRQyuiNYmI.002,train,-11.528779,8.127283
TPk6KiHuPag.000,train,2.0603082,-14.4607525
TPk6KiHuPag.001,train,-2.3076088,-12.271228
TPk6KiHuPag.003,train,-5.1908684,-12.017608
TPk6KiHuPag.004,train,-3.8458788,-13.844827
TQHzCznQ14Y.000,train,-6.5194654,-1.5398349
TQHzCznQ14Y.003,train,-5.601237,-0.99659014
TSGpD2NBeCQ.002,train,-13.490625,10.1161585
TTuysItuSdo.004,train,-12.538926,5.565437
TTx4lC7LLcI.000,train,13.163891,-0.43997335
TTx4lC7LLcI.001,train,-1.788242,-2.5588264
TUaOp5eIU2c.000,train,-8.371683,6.751365
TUaOp5eIU2c.001,train,-10.529033,2.5407143
TUaOp5eIU2c.002,train,-1.935243,9.35835
TUaOp5eIU2c.003,train,-8.816904,4.4624295
TWKKCoT4FTc.001,train,-9.510831,5.041262
T_X16g5ExgE.005,train,6.9877687,-2.5830514
TaL5JleXDP8.003,train,17.381676,-4.4752016
TaL5JleXDP8.005,train,19.930428,0.9141328
TaTMtWvSmu4.000,train,-6.0283723,2.5958717
TaTMtWvSmu4.001,train,-9.283609,-1.1466365
TaTMtWvSmu4.003,train,-9.157984,-3.897806
TaTMtWvSmu4.004,train,-8.894124,-1.8954282
Tad9Q9OFjJw.002,train,-6.829383,1.6715226
Tad9Q9OFjJw.003,train,-10.8640785,4.835137
Tad9Q9OFjJw.004,train,-8.024433,4.0819864
Tch2Bt9b8AY.001,train,-6.107019,-2.5136266
TeNC9wOhlXM.000,train,22.691717,0.49717817
Tg8a_iNEamM.000,train,13.620065,4.942499
Tg8a_iNEamM.005,train,14.936719,1.7735609
TiQF5QduRNE.003,train,3.585203,4.005845
Tm44tg1zPwU.004,train,0.09171668,3.2585196
TmpP2fXeVtk.000,train,-3.612608,-1.0867267
TmpP2fXeVtk.002,train,-7.046016,-3.3736224
TmpP2fXeVtk.003,train,-7.199602,-3.0165794
TmyDT-HC3qI.001,train,5.991194,-6.988899
TmyDT-HC3qI.002,train,5.588736,-8.403027
Tr3A7WODEuM.001,train,0.018600084,-11.797583
TursJyaFzqY.000,train,-12.542868,0.31773755
TursJyaFzqY.002,train,-6.319353,3.7372172
TursJyaFzqY.003,train,-12.460482,0.69825816
TursJyaFzqY.004,train,-12.694653,1.7154186
TursJyaFzqY.005,train,-11.144382,0.5060102
TwWDFpN3occ.001,train,6.5234528,-2.2716308
TwWDFpN3occ.002,train,8.558461,3.341954
TwWDFpN3occ.003,train,6.138778,1.1817055
TzW_VxrCR30.002,train,-13.382788,1.1465969
U-PRay-woXU.000,train,-6.962326,-2.4022765
U-PRay-woXU.002,train,-8.009948,1.4548677
U-PRay-woXU.004,train,-10.022054,0.703014
U-PRay-woXU.005,train,-8.107088,-0.4686824
U-XrzfFzMkg.004,train,17.016941,-15.67703
U-XrzfFzMkg.005,train,21.512197,-0.49748796
U22Jy0m5xSQ.001,train,2.6242642,-9.560313
U22Jy0m5xSQ.005,train,5.959218,-9.121189
U2RemWUyjts.000,train,-7.3683834,1.393048
U2RemWUyjts.003,train,-11.113149,0.6151461
U2lT_RogJMM.001,train,-10.436023,-3.1041903
U3UaF1aFek4.001,train,6.4726048,-0.1101355
U3UaF1aFek4.002,train,-2.5324047,-13.008163
U3UaF1aFek4.005,train,14.45574,-1.7123779
U9NlCSah83U.001,train,-7.6010222,-0.8472034
U9cidDFDTQE.001,train,-9.915979,7.76824
U9cidDFDTQE.003,train,-12.079962,8.42521
U9cidDFDTQE.004,train,-11.135492,10.276187
UA6UY69EVSI.000,train,-1.5193794,11.30758
UA6UY69EVSI.002,train,0.026034126,11.6225395
UA6UY69EVSI.004,train,-1.6580204,6.819049
UANQntvIqVk.000,train,-2.7239275,-9.779667
UANQntvIqVk.003,train,-1.7943133,-12.073998
UANQntvIqVk.004,train,-5.493446,-9.742182
UCKiPkp4ZkA.000,train,-3.7574444,-10.50699
UD-8YYU7GZs.000,train,25.889294,15.6003685
UD-8YYU7GZs.003,train,16.528858,11.836448
UD-8YYU7GZs.004,train,21.166224,13.056906
UEYKBC_SuzU.001,train,5.621036,14.926944
UEYKBC_SuzU.004,train,-5.870097,8.99669
UGn9Q8Fe9jw.001,train,34.364822,-0.7314596
UGp1GNK0GWg.000,train,7.6238785,11.625857
UGsr6Vnqf7I.003,train,-9.51024,-2.467409
UGsr6Vnqf7I.004,train,-11.107106,-0.6954126
UKHSKkb0V1o.003,train,-4.3471856,-7.324344
UKHSKkb0V1o.004,train,5.38962,-7.8478146
UKHSKkb0V1o.005,train,0.8253611,-5.549016
UMMhvyjgRnM.004,train,-6.9952517,0.46520415
UMgeWS5r3IE.005,train,14.108798,3.5857942
UOvgGSx9k_k.001,train,28.846348,-10.211452
UOvgGSx9k_k.003,train,24.288132,-14.773485
UQeuBvZNusI.000,train,-11.2477,-2.479739
UQeuBvZNusI.001,train,-5.2048726,-0.79302347
UQeuBvZNusI.003,train,-7.9708586,-1.323391
US4PxgfKDeA.000,train,13.153912,7.9670706
US4PxgfKDeA.003,train,12.8096695,8.048141
US4PxgfKDeA.004,train,5.6416054,7.017563
USO-o9dHJ3U.000,train,-5.539658,-0.2462927
USO-o9dHJ3U.001,train,-8.871706,-4.088423
USO-o9dHJ3U.004,train,-3.8221877,-1.6377181
USO-o9dHJ3U.005,train,-5.6444626,-5.5850964
USicjVA1trA.003,train,19.961014,-4.833777
USicjVA1trA.004,train,21.179865,-3.4528074
USicjVA1trA.005,train,13.321523,-4.3623667
UVMEzA3yHsM.001,train,2.4928555,4.9960227
UVMEzA3yHsM.003,train,10.183534,10.043735
UVvBaGOxwRI.000,train,31.28588,-1.8998533
UWVOT3YPQH4.001,train,-5.4820795,-6.918315
UWVOT3YPQH4.002,train,-5.0970907,-8.300245
UWVOT3YPQH4.004,train,-3.5583427,-5.1476154
UWVOT3YPQH4.005,train,4.5898657,-5.741226
U_QQ8EuuWPg.000,train,-5.4116907,-3.2190096
U_QQ8EuuWPg.001,train,-5.748458,-4.462037
U_QQ8EuuWPg.002,train,-5.0829344,-5.670658
U_QQ8EuuWPg.003,train,-7.311332,-4.3793073
U_QQ8EuuWPg.005,train,-6.4651446,-2.4220822
UcyjGGEBn30.001,train,-3.467682,-8.679934
UcyjGGEBn30.004,train,1.82209,-3.1017547
UcyjGGEBn30.005,train,-1.7067193,-7.3755484
UhNyHUwo1SY.001,train,-13.871789,4.0005903
UhNyHUwo1SY.003,train,-13.022189,3.0603797
Ui1ajQU5Ib8.000,train,18.442068,-17.117699
Ui1ajQU5Ib8.001,train,15.699358,-17.680481
Ui1ajQU5Ib8.005,train,15.670898,-20.300276
UipoC_HLOP0.001,train,-10.1127615,-0.9941053
UipoC_HLOP0.003,train,-10.175608,1.3810605
UipoC_HLOP0.004,train,-7.660738,3.4341388
UjqpaK1HlKI.004,train,3.8720224,-1.7845051
UjqpaK1HlKI.005,train,3.1215672,0.0032634928
UoC_4qi_m9c.002,train,0.87426,13.844734
UoC_4qi_m9c.003,train,-0.3887879,14.177936
UqfFvPT9mEs.000,train,-5.6278057,4.1467915
UrOamWOcOwQ.000,train,-8.134403,4.7732215
UrOamWOcOwQ.002,train,-8.384508,0.74364245
UrOamWOcOwQ.003,train,-9.317564,2.5953994
UrOamWOcOwQ.004,train,-9.6419115,4.407407
UrOamWOcOwQ.005,train,-10.026757,6.7301016
UsmwjNu3kgQ.001,train,-12.727713,8.150881
UtVo107m5lg.001,train,-12.115966,7.47246
UtVo107m5lg.002,train,-14.570227,5.962321
UtVo107m5lg.003,train,-14.364955,6.4018674
UtVo107m5lg.005,train,-10.846632,5.378384
Uu-NbXUPr-A.000,train,-2.4451802,-12.181119
Uu-NbXUPr-A.001,train,-3.6571226,-11.701454
UvX6ctu2ObM.002,train,16.573387,-1.1753715
UzgW75Fd4jU.001,train,8.69395,8.257195
V1I40vVRk78.002,train,-8.582133,-5.2771173
V1I40vVRk78.003,train,-9.238421,-4.3349776
V1TjmLtgNm0.000,train,-5.7824674,-8.004978
V1TjmLtgNm0.002,train,-5.9451323,-9.322325
V1TjmLtgNm0.005,train,-5.9361773,-9.835074
V2nvyZB-JNM.001,train,-12.213848,0.039960057
V2nvyZB-JNM.002,train,-15.44562,1.6280733
V2nvyZB-JNM.003,train,-13.48454,-1.2823123
V2nvyZB-JNM.004,train,-13.497945,1.247778
V4ibYU1O-YI.000,train,-7.4435124,6.1313543
V4ibYU1O-YI.001,train,-0.29587087,10.619006
V4ibYU1O-YI.005,train,-1.6463904,3.5242097
V7_h3URfSFY.000,train,-13.394357,-2.5338912
V7_h3URfSFY.003,train,-15.493972,-2.6283998
V7_h3URfSFY.005,train,-13.340557,-2.1323137
V8JaJ2IVG9E.004,train,9.883222,-13.563872
V8JaJ2IVG9E.005,train,0.63899046,-12.142146
V8PSAROGbZM.004,train,19.752874,-22.103207
V8w2Lo5wxl8.000,train,-10.432605,-0.718011
V8w2Lo5wxl8.001,train,-8.162933,1.3497089
V8w2Lo5wxl8.004,train,-3.8507059,2.7330587
V9OuGDPnqHI.000,train,22.761251,5.1182632
V9OuGDPnqHI.001,train,11.5946455,-2.6648808
V9OuGDPnqHI.004,train,10.4417515,1.7479596
V9aMA9YLa2k.001,train,-3.6594357,4.3075285
V9aMA9YLa2k.005,train,-0.5122884,-0.11160693
V9roK_mLM-w.000,train,-5.546407,-7.746567
V9roK_mLM-w.002,train,-4.0149446,-7.6579504
V9roK_mLM-w.003,train,-7.2306113,-6.9674525
VA5XjOaBH0Y.000,train,15.354625,-9.481408
VAZLQqJa9rQ.001,train,22.624958,3.5790207
VAZLQqJa9rQ.002,train,17.882404,6.209086
VAZLQqJa9rQ.003,train,11.759276,4.116642
VAZLQqJa9rQ.004,train,13.794994,2.6282659
VDcYF-YQuWw.000,train,7.3507547,-4.853123
VForU0EmBr0.000,train,-6.815818,0.48865056
VForU0EmBr0.001,train,-4.978476,1.5745549
VForU0EmBr0.003,train,-6.46202,-6.2324376
VForU0EmBr0.005,train,-3.662856,1.2003155
VGoAtKcKIe8.002,train,-11.625602,-0.049881298
VGoAtKcKIe8.005,train,-7.2026315,-1.0840573
VIKk25Ozx40.000,train,5.8857493,8.360129
VIhStXxpAr0.000,train,-6.816298,3.75379
VIhStXxpAr0.001,train,-2.3830428,7.134097
VIhStXxpAr0.003,train,-4.88737,3.3205318
VIhStXxpAr0.004,train,-4.945149,4.252424
VJuVsi6G96s.000,train,-5.8041406,9.332465
VJuVsi6G96s.002,train,9.940594,9.406536
VM409fZmJE0.000,train,-7.5781684,2.6692953
VNK6LQHh25w.000,train,-5.0596466,-1.2680008
VNK6LQHh25w.004,train,11.104595,9.178093
VOeVhXWK7-8.004,train,7.294945,4.4543276
VOeVhXWK7-8.005,train,4.8450437,-2.0157354
VOhsEbDjZ9E.001,train,31.913914,-7.2703056
VPFrKx72gvo.001,train,-2.8629484,5.714274
VPFrKx72gvo.002,train,5.3045774,5.812038
VQMizni7nY0.001,train,-5.5069823,-1.0947236
VRjJxTqOJyo.001,train,13.695663,3.3070064
VRjJxTqOJyo.002,train,13.2987585,6.7445297
VRjJxTqOJyo.004,train,9.914718,3.796729
VTrqCDYHVqU.001,train,-7.870566,0.9335709
VTrqCDYHVqU.002,train,-7.8497148,-2.210368
VTrqCDYHVqU.003,train,-7.642236,2.0551026
VTv4BAYgJpk.001,train,-9.018599,3.4407246
VTv4BAYgJpk.002,train,-10.305617,4.608709
VTv4BAYgJpk.003,train,-10.749645,3.9229517
VTv4BAYgJpk.005,train,-8.644723,5.196018
VUGWfw5PVLY.000,train,-2.2410107,3.912616
VUGWfw5PVLY.002,train,-0.12624843,8.957058
VUgKH9DIs-8.000,train,0.36571443,14.69548
VUgKH9DIs-8.001,train,-0.45733792,12.485573
VUgKH9DIs-8.002,train,14.85288,23.897633
VUgKH9DIs-8.003,train,4.9322,14.353392
VUgKH9DIs-8.005,train,11.915322,11.523819
VZ6jhnbk-5g.001,train,-12.109082,-3.1341116
VZ6jhnbk-5g.002,train,-10.144908,-4.4115896
VZ6jhnbk-5g.003,train,-12.025636,-3.0452943
VZ6jhnbk-5g.004,train,-11.083905,-3.0330975
VbiUhNAdzus.000,train,-3.6090384,-11.863708
VbiUhNAdzus.002,train,-1.7102915,-16.415949
Vd9biSOZ5CI.001,train,-8.777972,0.61304224
Vd9biSOZ5CI.002,train,-1.6707098,6.967846
Vd9biSOZ5CI.003,train,-9.467576,-0.14530829
Vd9biSOZ5CI.004,train,-9.421729,-0.7165082
VhHnmeRABJw.003,train,-9.50733,-2.6776106
VhHnmeRABJw.005,train,-7.0971045,-0.19988377
Vimaz7NzPIg.001,train,-11.064088,-3.7165933
Vj-Cmtqv_qY.001,train,-9.397176,-5.161616
VjYqagJ4xt8.001,train,-4.451453,-9.125651
VjYqagJ4xt8.004,train,-5.588639,-7.9618583
Vk3scj5vhd4.004,train,-3.6804547,0.60675573
VmV8NIvVVkw.000,train,6.132685,3.846014
VmXZ2jMWuvk.001,train,-6.5959563,7.5392766
VmXZ2jMWuvk.004,train,-9.496133,5.6898794
VmyIItgMzpE.002,train,-7.2668405,3.739758
VnUkBYQkJms.002,train,34.02157,-2.1597383
VnUkBYQkJms.003,train,18.773937,-11.424747
VnUkBYQkJms.004,train,28.550821,-3.2781367
VnUkBYQkJms.005,train,20.545986,-5.6962676
VoPuhcQc_mg.000,train,-6.513801,3.0691502
VoXh9utSIx8.000,train,9.691413,2.5917857
VsY6jAlvb9o.000,train,13.52471,9.919526
VtYPH6UsVnU.000,train,-9.211579,3.5236597
VtYPH6UsVnU.001,train,-7.670983,4.3437805
VtYPH6UsVnU.002,train,-11.561878,2.2178364
VtYPH6UsVnU.003,train,-11.430836,2.4166129
VtYPH6UsVnU.005,train,-10.332084,4.7817407
VuS938tAv-0.003,train,7.7610774,-0.26327243
VuadgOz6T7s.000,train,-12.601853,5.20267
VuadgOz6T7s.001,train,-9.713462,3.2393036
VuadgOz6T7s.002,train,-12.465023,2.2543623
VugKq4gOi50.000,train,-8.723524,5.608833
VugKq4gOi50.004,train,-7.8013644,7.4623294
VugKq4gOi50.005,train,-10.65062,7.308408
VvSk5m90xOs.000,train,7.740496,-3.7262866
VvSk5m90xOs.002,train,13.505996,-3.1343849
VvSk5m90xOs.003,train,9.325669,-2.021464
VvVigAr4hZc.003,train,-11.442202,-1.3968828
VxtZDXM0cuQ.001,train,2.0965538,7.148006
VxtZDXM0cuQ.002,train,0.21586548,4.437418
VxtZDXM0cuQ.005,train,7.028544,7.433504
Vyktsh14Kww.005,train,15.786903,-11.410593
W0Ay5uul8j0.001,train,2.5306456,-17.396673
W0Ay5uul8j0.002,train,4.1406927,-21.158232
W0FCCk0a0tg.001,train,2.1834097,11.950637
W0FCCk0a0tg.003,train,18.973276,21.095127
W0LRjSS9pVM.001,train,-13.328956,-1.2494206
W0LRjSS9pVM.004,train,-8.408648,-1.4510995
W2AB3UUyvwI.002,train,-0.11673031,0.651033
W2AB3UUyvwI.003,train,1.1425265,-2.5294836
W2AB3UUyvwI.005,train,2.121475,-2.8705976
W2asVll3OSU.001,train,-1.3880242,-1.9214147
W4tz3plvvKI.003,train,-1.1072557,8.505768
W7BbL3NZvrU.001,train,21.914284,7.4647737
W7BbL3NZvrU.004,train,13.243076,3.5383651
W8NkAXNboT0.000,train,6.9764347,-1.8373005
W8NkAXNboT0.002,train,6.5354357,1.4922394
WATt9OOVZh8.001,train,5.695494,4.3499875
WATt9OOVZh8.002,train,3.4871852,9.0132
WATt9OOVZh8.004,train,-2.6304157,1.0618032
WCLkd1Fek0w.001,train,-8.950242,8.475464
WD1WsbooU2w.001,train,-4.607671,6.655809
WD1WsbooU2w.002,train,-0.72751665,10.285359
WGP2HLnoma0.001,train,-6.9247637,8.751999
WMp0lsXbOqM.002,train,4.7528768,-19.529684
WMp0lsXbOqM.003,train,5.222198,-23.622519
WOyix7rTgwI.001,train,33.254604,24.546522
WQg0-M4Yn3s.000,train,-6.496358,12.9820385
WRz1F6DqmRQ.000,train,-9.331525,0.5271543
WRz1F6DqmRQ.002,train,-8.045993,-1.7184254
WRz1F6DqmRQ.004,train,-9.626768,-1.9092811
WRz1F6DqmRQ.005,train,-7.1473584,-1.9980888
WT1YjeADatU.000,train,-1.7217745,-3.8060486
WT1YjeADatU.001,train,-4.02157,-9.3758
WT1YjeADatU.002,train,-5.066372,-6.403023
WT1YjeADatU.003,train,-0.6744112,-10.2287035
WTzDOt2GO1M.002,train,4.786203,6.2732377
WTzDOt2GO1M.005,train,8.171083,5.973865
WU2_ELn71Rw.000,train,-8.254742,5.540807
WUNXs4r_xCU.000,train,23.499153,2.6153955
WUNXs4r_xCU.001,train,7.221779,4.6138053
WUNXs4r_xCU.002,train,5.2637925,2.196988
WUNXs4r_xCU.003,train,7.4691215,3.3777194
WUNXs4r_xCU.004,train,-5.568761,4.711478
WWdCfiraNQk.003,train,28.06574,-8.01644
WYXRdYT4F0Q.003,train,13.40184,-10.004085
WZnLayQeIZ0.000,train,1.1742165,-7.1837497
WZnLayQeIZ0.005,train,-0.34266835,-6.980238
Wa-HX5jP3ew.001,train,27.38189,12.28285
Wa-HX5jP3ew.002,train,10.910236,10.305468
Wa-HX5jP3ew.003,train,45.78014,11.325239
Wbd7QufjK_E.002,train,11.728793,-14.338547
Wby2oMliGz0.000,train,-8.316869,7.912149
Wby2oMliGz0.002,train,-10.483184,6.872906
Wby2oMliGz0.003,train,-10.644345,4.1193056
Wby2oMliGz0.004,train,-7.7734084,7.5741987
Wby2oMliGz0.005,train,-7.84249,6.5065837
Wd0V4MNvqcg.000,train,-6.1432157,0.16776139
Wd0V4MNvqcg.001,train,-2.121663,3.717637
Wd0V4MNvqcg.002,train,-3.8908858,2.7321396
Wev85dXzVGM.000,train,10.682153,-7.5773373
WfCSCxADlrg.002,train,33.647392,12.114014
WfCSCxADlrg.004,train,17.450235,8.450202
WfCSCxADlrg.005,train,37.549828,12.448996
WfZodMIIGR0.000,train,-6.2552757,0.71515614
WfjLOieAwGY.002,train,-10.723731,-1.5992965
WkbvQZU475o.003,train,4.15429,-8.321038
WosLI6krxUg.001,train,13.771446,5.611889
WosLI6krxUg.002,train,17.368336,4.3011837
WpEZOSrENL0.002,train,-12.233701,-2.4595459
WpMPrPnk1po.000,train,13.30751,-3.059441
WuHLxhCSnGs.001,train,1.8307413,5.354723
WuHLxhCSnGs.003,train,6.423068,4.731606
WuHLxhCSnGs.004,train,9.238506,4.9955554
WuHLxhCSnGs.005,train,2.7661724,5.617731
WuIKjBb7s4Q.000,train,-4.9091663,-9.596771
WuIKjBb7s4Q.002,train,-7.280512,-9.741019
WuIKjBb7s4Q.003,train,-5.1884933,-9.019431
WuIKjBb7s4Q.004,train,-8.460364,-7.317907
WuIKjBb7s4Q.005,train,-1.1593512,-3.1461322
WuoQDp7pU24.001,train,9.534839,6.668079
WuoQDp7pU24.002,train,15.618581,9.639987
WuoQDp7pU24.003,train,1.1436816,6.3283067
WwGca41TJVU.002,train,10.747742,0.8691467
WwGca41TJVU.003,train,7.6924477,0.57985353
Wx_oe0SxD9w.000,train,-14.507467,4.8885903
Wx_oe0SxD9w.001,train,-14.2439165,6.496111
Wx_oe0SxD9w.002,train,-12.977915,5.422953
Wx_oe0SxD9w.003,train,-9.873561,6.638445
Wy4hWbeibhU.000,train,-2.7892973,7.6116147
Wy4hWbeibhU.002,train,-6.6446137,6.0350184
WyLqK6wzYLU.000,train,-8.641132,-10.792366
WyLqK6wzYLU.001,train,-4.2709913,-12.419022
X-i_eQ48DBw.000,train,-6.025989,1.6466681
X-i_eQ48DBw.001,train,-4.382142,2.175287
X-i_eQ48DBw.004,train,-6.9823604,1.0517477
X1EjfXX3NTk.000,train,11.595099,15.692702
X1EjfXX3NTk.003,train,3.2824895,10.877704
X1EjfXX3NTk.004,train,9.716025,16.613214
X4NG3EGtUvo.003,train,40.588776,-0.97993827
X4NG3EGtUvo.005,train,2.9681296,-4.624333
X5aKCrWf6a4.001,train,-9.693019,-6.2359066
X5aKCrWf6a4.003,train,-10.1173525,-7.033972
X5aKCrWf6a4.005,train,-8.928015,-6.0860357
X7S71Som15M.001,train,12.187449,5.672074
X7S71Som15M.002,train,7.6416807,5.465847
X8RfXbeIQvo.001,train,-3.09148,6.5762105
X9AEEGzWSU8.001,train,-13.060266,5.227764
X9AEEGzWSU8.002,train,-9.607382,6.7756844
X9AEEGzWSU8.003,train,-8.51734,5.1852884
X9AEEGzWSU8.005,train,-9.116563,5.855424
XAO4l8Ej-J8.003,train,-2.2564857,-12.789914
XAO4l8Ej-J8.005,train,-4.0390205,-17.62764
XB4JOAiEanw.000,train,0.10148059,-5.6790156
XB81sertsYU.000,train,5.9794245,-12.318581
XEpdSMQfEOs.002,train,13.200002,-11.760386
XEpdSMQfEOs.003,train,14.136282,-7.5805545
XEpdSMQfEOs.004,train,14.860317,-5.1041164
XFpzukISe6s.004,train,-1.9778116,-4.3779907
XFpzukISe6s.005,train,-7.463759,-2.315883
XFqLaKqrUHM.004,train,-1.2776016,3.3260114
XJj34u5IzU0.002,train,1.9954934,-3.8925085
XJj34u5IzU0.003,train,0.35743767,-0.8785507
XJj34u5IzU0.004,train,1.7664852,-2.7680025
XLKNGnpTO9k.001,train,-8.902061,3.0260358
XLKNGnpTO9k.005,train,-2.3717546,1.9944935
XLV7teADu3c.000,train,-13.95276,6.661557
XLV7teADu3c.002,train,-14.399874,5.2622743
XN5vpJU3ifw.000,train,16.702318,13.192594
XN5vpJU3ifw.001,train,27.830786,15.167002
XN5vpJU3ifw.003,train,14.851304,6.7516837
XN5vpJU3ifw.004,train,27.332336,20.548967
XN5vpJU3ifw.005,train,8.7001705,8.187095
XNWN7ScxVIA.002,train,-2.5937402,-11.981871
XOioICna1hc.001,train,-5.2933297,-11.322865
XOioICna1hc.004,train,-2.9134088,-12.319081
XOioICna1hc.005,train,-1.800859,-10.964297
XPV4pavXh94.001,train,4.0033197,-6.0438976
XPV4pavXh94.005,train,1.4990801,-4.958513
XQ3do4LDFv8.000,train,0.42915386,-6.936678
XQ3do4LDFv8.003,train,2.5411248,-8.7152195
XQ3do4LDFv8.004,train,1.1509103,-4.8693767
XQZ5M9oLkXw.001,train,-13.829963,7.481411
XQZ5M9oLkXw.003,train,-11.773823,8.32191
XQZ5M9oLkXw.005,train,-14.659389,8.215002
XRoSKIIFp9c.003,train,-5.795833,-2.582211
XRoSKIIFp9c.004,train,-7.8956776,-3.9875374
XT4rTk6-Etc.000,train,-12.888148,3.9064953
XT4rTk6-Etc.001,train,-11.844806,3.4419749
XYt6WL-l7do.001,train,14.176265,3.391463
XYt6WL-l7do.002,train,8.93845,2.8728569
XYt6WL-l7do.004,train,11.603828,6.679334
XYt6WL-l7do.005,train,12.387238,3.2859614
Xauhek9-iKA.001,train,-3.8409193,-2.248347
XbsA_lCKQLs.002,train,-13.645867,5.3264003
XbsA_lCKQLs.003,train,-13.657492,5.6541514
XbsA_lCKQLs.004,train,-15.21978,4.5072227
XcEFSi3uaJM.000,train,9.285287,-5.8071604
XcEFSi3uaJM.002,train,4.920837,-2.9806712
XcEFSi3uaJM.005,train,6.2316885,-2.6452353
XfK7WZ3skUM.001,train,11.7819805,8.325105
XfUqFt2amrM.000,train,-7.1660347,5.168714
XfUqFt2amrM.002,train,-4.1738057,5.156631
XfUqFt2amrM.003,train,-2.4120634,9.879211
Xfmu-7JuDGg.000,train,-11.421747,7.3649254
Xfmu-7JuDGg.001,train,-9.987258,4.5865517
Xfmu-7JuDGg.002,train,-12.782539,4.1732407
Xfmu-7JuDGg.004,train,-12.1414,6.668205
XhgDsQlEnuU.000,train,-3.6651618,-4.0084634
XhgDsQlEnuU.001,train,-3.3894553,-2.4860528
XhgDsQlEnuU.002,train,-0.89188975,3.7228012
XkeSLRAftxA.001,train,-11.274757,-0.6507225
XkeSLRAftxA.004,train,-8.893677,-1.4270219
XkeSLRAftxA.005,train,-8.782272,-3.6255233
XmWA7zTJj-c.003,train,-3.3515363,-13.715419
XoyQKsK7OtA.000,train,2.4329367,-3.2324603
XpY-cxkbYdo.002,train,8.478171,11.522642
XvV4YdhpC2w.001,train,-0.4899284,0.72370076
XvV4YdhpC2w.002,train,-1.5562959,-3.3965085
XvV4YdhpC2w.004,train,-1.8908378,-8.096772
Y-YdRocu0os.001,train,-0.25559407,-1.5206535
Y-_JeJoCjUo.001,train,-3.0736554,-7.0926623
Y-_JeJoCjUo.005,train,-1.7361457,-3.3219411
Y1LXjxAQihQ.004,train,-11.305567,3.7239919
Y1LrgyCJtpU.000,train,-9.61027,11.193595
Y1LrgyCJtpU.001,train,-8.914561,10.309906
Y1LrgyCJtpU.002,train,-5.158736,8.681437
Y1LrgyCJtpU.003,train,-1.2150396,18.063814
Y1LrgyCJtpU.005,train,-11.210186,7.946779
Y2An1KkoHzY.002,train,1.6951296,3.2966611
Y6iogSmj6FQ.002,train,6.4439487,15.554243
Y6iogSmj6FQ.003,train,2.23865,11.825985
Y6iogSmj6FQ.005,train,1.8221023,12.217196
Y8gv_ZK3w4A.000,train,-3.4590971,-0.6514101
Y8gv_ZK3w4A.002,train,-3.1783254,-3.3439715
Y8gv_ZK3w4A.003,train,2.0071251,4.6679673
Y8gv_ZK3w4A.004,train,-3.3985856,-4.6860504
Y9WX7ucPP-o.000,train,0.36575466,-3.4550972
Y9WX7ucPP-o.002,train,22.41496,7.2954354
YBsKLg3GMrE.005,train,4.4851027,-9.07419
YC3X1DcnUrk.000,train,6.9466534,-9.628081
YC3X1DcnUrk.001,train,6.247244,-11.123608
YC3X1DcnUrk.005,train,5.6400213,-12.888804
YEbaKrAxo5I.001,train,9.125214,-5.81689
YF2QVn1fK1E.002,train,3.6320558,1.1985826
YF2QVn1fK1E.005,train,10.706945,3.5164187
YGJ33FXzJO8.005,train,-0.53993857,7.810653
YGrCXe2-fVk.001,train,-6.0284786,-7.600726
YGrCXe2-fVk.004,train,-7.045449,-3.8748996
YJ5CINQ8v_E.000,train,-4.444828,-6.4226317
YJ5CINQ8v_E.001,train,1.5427449,-5.2757845
YJ5CINQ8v_E.005,train,-2.4344652,-4.2449417
YLKPVl-M3Ck.000,train,33.502537,-14.957448
YLKPVl-M3Ck.001,train,37.486942,-16.66126
YN0Xd70SqEo.004,train,18.19803,-2.7118385
YNlhBpVk1tw.000,train,22.912102,16.68788
YNlhBpVk1tw.001,train,9.320364,17.89501
YNlhBpVk1tw.002,train,9.588938,18.33784
YNlhBpVk1tw.004,train,18.114347,19.295649
YP7N98ECZaI.001,train,31.19302,4.3914437
YP7N98ECZaI.002,train,25.0815,10.964605
YP7N98ECZaI.003,train,16.108284,12.55474
YP7N98ECZaI.004,train,19.66497,5.998764
YP7N98ECZaI.005,train,17.558498,4.145485
YPMffqhP0C8.000,train,-0.81597525,-1.3518046
YPMffqhP0C8.001,train,0.8989902,0.7276896
YPMffqhP0C8.002,train,-4.5567937,-0.602303
YPMffqhP0C8.004,train,-3.6271062,1.5103694
YPnuq0tDDqk.000,train,-1.544798,6.2090344
YPnuq0tDDqk.003,train,-1.5710255,8.510061
YXz6s1XNOLs.000,train,21.920918,-3.6385012
YXz6s1XNOLs.002,train,14.91677,-1.5569319
YXz6s1XNOLs.004,train,16.723185,-4.2696676
YXz6s1XNOLs.005,train,13.562139,-6.1022854
YZp79VcnY0w.001,train,7.3269587,8.038139
YZp79VcnY0w.002,train,12.888126,8.398402
YZp79VcnY0w.004,train,15.364616,7.8990693
Ya9Szm73LfE.002,train,-7.294001,1.7246202
Ya9Szm73LfE.003,train,-3.9686332,1.5410134
YbdJd16c3eo.004,train,4.246704,-7.6488657
YbxdeEd7wq4.001,train,-4.7522306,-11.39608
YdxS3f4HXaA.005,train,15.743732,15.959863
YiX6thczM1w.001,train,-13.892217,6.623138
YiX6thczM1w.002,train,-13.650794,6.6825786
YiX6thczM1w.005,train,-14.008165,7.3502283
Yj36y7ELRZE.000,train,16.712265,12.047041
Yj36y7ELRZE.001,train,19.556688,14.8287
Yj36y7ELRZE.004,train,8.306172,4.3767695
YjXUMygVw7U.002,train,12.194242,12.688137
YjXUMygVw7U.005,train,14.754724,10.6883955
YliKljQIX2o.002,train,-11.008003,-5.3894033
YliKljQIX2o.003,train,-8.538962,-5.975294
YliKljQIX2o.004,train,-11.08668,-5.410146
YocrYFLm4CM.000,train,-3.9698167,-1.7753974
YocrYFLm4CM.002,train,-5.4236703,-1.3929298
YryBLVZgJj0.001,train,-12.216203,9.881005
YryBLVZgJj0.003,train,-14.66904,7.815574
YryBLVZgJj0.005,train,-14.229139,6.981223
YucM3Zzvekg.001,train,-8.224606,10.595918
YuoLr4xDvbE.000,train,-5.0292764,-14.3848095
YuoLr4xDvbE.002,train,-3.2414684,-9.929837
YuoLr4xDvbE.004,train,-3.3692565,-13.098476
YuoLr4xDvbE.005,train,1.7957536,-12.524901
YwsVpkumbJc.002,train,-10.636354,-4.883586
YyHOKFYDZ5Y.002,train,-3.1955097,11.752826
YyHOKFYDZ5Y.004,train,-4.1259575,7.912978
YyHOKFYDZ5Y.005,train,-6.480359,5.4914517
YyYDxAyV_Aw.003,train,-5.616572,-14.075152
YygvfVxOWP8.000,train,-9.70844,-7.358492
YygvfVxOWP8.005,train,-9.936227,-7.521398
YzNbGMNr3z0.001,train,-2.6792214,-16.065569
YzcZY1mUZfc.000,train,-8.535698,-2.831599
YzcZY1mUZfc.001,train,-2.8745525,-0.65855014
YzcZY1mUZfc.002,train,-8.249663,-8.744285
YzcZY1mUZfc.003,train,-10.576738,-3.9757946
YzcZY1mUZfc.004,train,-6.707879,-0.8579409
YzcZY1mUZfc.005,train,-6.507913,-5.5674396
Z-CIdOjWcKc.001,train,29.176048,-9.256371
Z3E1jkaNRKs.000,train,-13.22572,3.891487
Z3E1jkaNRKs.001,train,1.3815802,14.2150135
Z3E1jkaNRKs.003,train,-10.420894,4.302682
Z3FdUfZLHyw.000,train,14.007913,14.487857
Z3FdUfZLHyw.001,train,12.644593,12.903978
Z3FdUfZLHyw.002,train,3.1567583,4.349025
Z3FdUfZLHyw.004,train,9.307081,4.7516055
Z3FdUfZLHyw.005,train,2.5085602,1.5479699
Z5S5uGXkNuc.001,train,9.308607,26.57632
Z5S5uGXkNuc.002,train,-9.042302,2.8081563
Z5S5uGXkNuc.004,train,-10.401762,2.4519007
Z6vQQvro86Y.001,train,24.163866,-0.43761295
Z6vQQvro86Y.002,train,14.850043,-0.69028664
Z6vQQvro86Y.004,train,17.072405,-0.8232046
Z6vQQvro86Y.005,train,12.528724,-2.1560476
Z9GzSxQHKSI.001,train,-7.2785997,-7.044945
Z9GzSxQHKSI.004,train,-8.946484,-6.653833
ZCLfVue6xAg.001,train,1.9584132,-2.3569512
ZCLfVue6xAg.002,train,0.043040108,-4.145954
ZCLfVue6xAg.003,train,8.962806,-1.2635078
ZCLfVue6xAg.005,train,0.44785002,-3.3499568
ZFOb9zsgLLY.003,train,7.5008907,-19.814734
ZGox7tevC6A.004,train,-1.6124902,8.801223
ZGox7tevC6A.005,train,4.9537835,11.25342
ZHya-p83XPQ.002,train,10.500989,4.59235
ZIk7N-xHvF4.000,train,8.754691,10.783432
ZIk7N-xHvF4.002,train,15.775819,2.6105661
ZIk7N-xHvF4.003,train,20.40485,6.254102
ZIk7N-xHvF4.004,train,21.458868,1.1308155
ZIyfXdCxN9E.000,train,1.9004273,12.826437
ZNJFmNiWC4I.000,train,-5.246304,-5.488181
ZNJFmNiWC4I.001,train,0.82063085,-1.6869149
ZNJFmNiWC4I.003,train,-4.7238536,-7.668271
ZNJFmNiWC4I.005,train,-5.335932,-11.5550585
ZNRfeL8nPfw.000,train,-6.7831225,-8.077402
ZNRfeL8nPfw.001,train,-7.7797365,-9.703466
ZNRfeL8nPfw.003,train,-8.112423,-7.70617
ZNRfeL8nPfw.004,train,-7.8946166,-6.39933
ZNRfeL8nPfw.005,train,-9.357712,-4.9471607
ZNymNgd5EuQ.000,train,-3.8432777,-3.9899986
ZNymNgd5EuQ.004,train,1.8567405,-4.2072525
ZO5JoyVTat8.000,train,-10.609163,3.991
ZO5JoyVTat8.001,train,-4.9541845,-0.39034173
ZO5JoyVTat8.002,train,-5.1720753,4.6557693
ZO5JoyVTat8.004,train,-5.1207776,0.3005877
ZO5JoyVTat8.005,train,-7.938667,6.4802685
ZRl_k6DzTeI.000,train,5.1683693,-0.3534789
ZRl_k6DzTeI.001,train,12.64354,2.6620195
ZRl_k6DzTeI.004,train,1.8858012,-0.22048192
ZRrduU1CXqU.001,train,-3.4921064,-12.433899
ZRrduU1CXqU.002,train,-5.8171473,-11.537446
ZRrduU1CXqU.003,train,-5.97373,-8.453394
ZRrduU1CXqU.004,train,-2.6510727,-8.267064
ZRrduU1CXqU.005,train,-6.2425327,-8.251632
ZT7cEiaYGp8.000,train,-0.83888227,-9.620286
ZX3okNzASCs.000,train,2.6692808,-8.325308
ZX3okNzASCs.002,train,3.0658624,-8.281917
ZXeO5dRFrj0.001,train,-9.278849,-5.069104
ZXeO5dRFrj0.005,train,-10.979962,-5.6377416
ZYrFfvp7_Mo.000,train,-7.1408925,-3.1054025
Z_STuUHKQTg.002,train,10.9733,-5.960967
Z_STuUHKQTg.003,train,15.097112,-10.796911
Z_STuUHKQTg.004,train,17.280298,-9.510675
ZaihsIQZCx8.002,train,-11.313586,3.943416
ZaihsIQZCx8.003,train,-10.685449,2.671151
ZeGT9pSG734.002,train,-10.499377,2.834606
ZeGT9pSG734.003,train,-9.91568,5.105577
ZeGT9pSG734.004,train,-4.674301,9.914231
ZgFh3JPMs3Q.001,train,7.3927903,-1.7851322
ZgFh3JPMs3Q.002,train,-6.1221266,-8.411192
ZgFh3JPMs3Q.003,train,-5.956874,-10.596242
ZhPQrqxo2mw.000,train,2.693057,-13.52213
ZhPQrqxo2mw.004,train,4.4071217,-13.202064
ZhPQrqxo2mw.005,train,6.847898,-13.822957
Zi7QHI_5ipU.000,train,12.083732,-15.359396
Zi7QHI_5ipU.004,train,15.768894,-17.6363
Zi7QHI_5ipU.005,train,20.381042,-11.683213
ZiKxJbVI5_g.000,train,15.01213,0.834346
ZiKxJbVI5_g.001,train,8.324936,-1.2024052
ZiKxJbVI5_g.002,train,26.795683,2.8277118
ZiKxJbVI5_g.004,train,22.994043,2.8543277
ZkypeQdzgvQ.000,train,-10.936257,-2.428175
ZkypeQdzgvQ.002,train,-6.5446377,-5.1347666
ZkypeQdzgvQ.003,train,-11.063258,-1.970296
ZkypeQdzgvQ.004,train,-9.436318,-4.246322
ZlcINjtdkQQ.000,train,-11.510218,-1.3265307
ZlcINjtdkQQ.001,train,-7.2519503,0.75660354
Znixev2a1AI.000,train,-4.1879354,-14.628597
Znixev2a1AI.001,train,-7.3570423,-9.967143
Znixev2a1AI.004,train,-6.4937453,-10.818629
ZoHY-rWJsyw.000,train,-1.9782122,4.8226676
ZoHY-rWJsyw.001,train,-6.242907,0.58693475
ZoHY-rWJsyw.004,train,-6.122601,-0.54121125
ZqbJIM7rmO8.001,train,-2.1073751,13.26343
ZqbJIM7rmO8.003,train,-4.261982,8.904063
ZqbJIM7rmO8.005,train,-6.7893777,8.119428
Zvdh8ym1Yrg.001,train,-10.197235,4.5205417
Zvdh8ym1Yrg.003,train,-11.0960245,0.20086056
Zvdh8ym1Yrg.004,train,-7.414981,3.3117442
Zvdh8ym1Yrg.005,train,-11.458495,1.6781596
ZvxUUh2wN7s.002,train,13.503068,5.498882
Zwu5Y5r3Lrs.001,train,-2.1743884,-6.2935143
Zwu5Y5r3Lrs.003,train,-4.2591143,-6.9353166
Zy9Xg3TdZJk.001,train,2.9099414,-0.1207835
_01AyUz9J9I.002,train,-3.4050207,3.064126
_01AyUz9J9I.005,train,-2.123173,4.2849016
_0bg1TLPP-I.004,train,-9.874611,0.19352908
_0bg1TLPP-I.005,train,-11.990649,1.0955497
_2DSmy36OEM.001,train,27.54182,6.7947903
_7hGh6VU4IU.000,train,-4.548194,-0.2693079
_7hGh6VU4IU.003,train,-4.6332264,-2.2097535
_7hGh6VU4IU.004,train,-6.7359333,-4.3747067
_7hGh6VU4IU.005,train,-2.8295665,-4.741464
_7s27dUoYVg.000,train,-8.595312,3.329832
_7s27dUoYVg.003,train,-10.749642,0.81900436
_G3kw9HwCqY.000,train,-7.1378603,8.517652
_G3kw9HwCqY.002,train,-9.384163,7.5610013
_G3kw9HwCqY.004,train,-8.453708,10.166981
_G3kw9HwCqY.005,train,-10.109467,9.333489
_GFregyrwfo.002,train,-5.674997,5.4707756
_GFregyrwfo.004,train,-8.503779,7.6280265
_GFregyrwfo.005,train,-5.9316955,9.656868
_IS6GFmQYj4.000,train,-5.1950865,2.7412188
_IS6GFmQYj4.002,train,-4.586456,1.1842171
_IS6GFmQYj4.003,train,-5.396162,3.879761
_IS6GFmQYj4.004,train,-7.9482813,0.77987015
_LWrd9t4oZw.003,train,0.92899853,-8.246995
_Py_lytyY5A.005,train,11.986958,-8.954469
_Q4wOgixh7E.000,train,-7.909233,0.61264694
_QXI4n_FRN4.005,train,0.5610078,-3.6491325
_RAGzfJnpUE.001,train,4.125889,9.082835
_RAGzfJnpUE.003,train,-0.5279535,5.9602833
_S_bWJwqsmM.004,train,29.245201,-3.6847055
_S_bWJwqsmM.005,train,46.843494,11.119925
_UnoRkHkYB8.003,train,9.023163,8.279167
_VsE38xSmdM.001,train,-6.8795595,-3.431733
_X6_C_Oy9VA.000,train,-11.9256,3.4584863
_X6_C_Oy9VA.001,train,-10.04676,3.2115173
_X6_C_Oy9VA.003,train,-12.207646,3.654278
_X6_C_Oy9VA.004,train,-11.604959,6.248975
_X6_C_Oy9VA.005,train,-11.144481,3.146143
_YYBXI2mXv4.000,train,-8.56944,2.803455
_ZAqTHlu2ts.001,train,-6.5507817,-9.67236
_ZAqTHlu2ts.004,train,-4.19928,-13.147746
_ZAqTHlu2ts.005,train,-2.7613888,-11.983298
_ZjEr8ybbFM.000,train,8.7472925,11.342537
_bOOlidEWgY.001,train,-3.3954809,7.3387733
_fFmEyvWgfA.004,train,-7.3284206,3.718568
_fJcW5234bY.000,train,-9.762515,-1.9065862
_fJcW5234bY.002,train,-7.319924,1.63388
_fJcW5234bY.004,train,-5.9178925,-1.7012216
_g3M_MoFIvA.001,train,8.561921,-5.6886997
_g3M_MoFIvA.004,train,14.616203,0.0959346
_g3M_MoFIvA.005,train,7.933368,-3.1802886
_hR9AD-eIy8.000,train,-7.982813,-4.5987062
_hR9AD-eIy8.005,train,-8.013983,-5.3888545
_hmiW83i0GY.000,train,-1.9601448,2.9707572
_kK9tGN883Y.000,train,-10.852201,11.8916645
_kK9tGN883Y.004,train,-11.954681,10.490689
_mtiuHyOFXg.001,train,-12.070754,2.7717774
_mtiuHyOFXg.003,train,-11.512722,4.1977673
_mtiuHyOFXg.005,train,-14.311553,5.446642
_plk5k7PBEg.001,train,-8.02932,-3.2847607
_tOtBfJlWFs.000,train,6.3201885,3.6809902
_uNup91ZYw0.001,train,-2.6303563,-6.7997108
_uNup91ZYw0.002,train,-2.952245,-7.6699014
_zI6qgTJOSA.005,train,15.738739,4.6958203
_zs9K5Gtkwo.002,train,-8.560639,3.1253052
_zs9K5Gtkwo.003,train,-10.017616,-0.053689927
_ztmNiy8D3c.000,train,-3.2673633,9.020845
_ztmNiy8D3c.001,train,-2.6016269,5.562081
_ztmNiy8D3c.003,train,-1.3209686,7.42452
a-nUsP7oETI.000,train,4.2072535,1.4407849
a-nUsP7oETI.005,train,-5.2090945,2.1958702
a38rz5AIslE.001,train,-6.8342485,3.7249382
a38rz5AIslE.003,train,-8.050654,3.80251
a4bCX4P_5KI.000,train,-6.8156905,9.919273
a5-PJqy9QmU.001,train,28.115606,-4.3219123
a5-PJqy9QmU.002,train,16.616844,-2.1927762
a5NTqK367wo.000,train,10.607124,-2.1441247
a5tVPpLsaGc.002,train,-4.9325595,-6.654918
a5tVPpLsaGc.003,train,-6.384742,-6.8304505
a84s1DYag-I.001,train,-2.1554651,-4.321501
a84s1DYag-I.004,train,0.5192995,-4.152867
a97PXgrKSxo.000,train,-8.9702425,-3.1004868
a97PXgrKSxo.003,train,-7.4878926,-0.2593909
a97PXgrKSxo.005,train,-7.048263,-3.0040903
aFVFvJNnFt0.000,train,-6.7479386,2.7938523
aFVFvJNnFt0.001,train,-8.265436,2.11701
aFVFvJNnFt0.003,train,-5.055654,3.5121648
aFVFvJNnFt0.004,train,-6.547951,0.054905377
aFVFvJNnFt0.005,train,-7.097334,0.5537731
aIh8DTa3RVg.001,train,-14.624228,6.327822
aJjAtOC8AQU.005,train,-5.539092,-7.8164625
aKLadP_Wev8.000,train,-10.0327015,-3.4031556
aKLadP_Wev8.001,train,-9.552428,-3.2882378
aLAqJkRWKuk.000,train,-7.0864277,-4.137558
aLAqJkRWKuk.002,train,-4.411847,-5.905908
aLvpOYqzErk.000,train,6.7856593,12.753998
aMPe0uSKqF4.001,train,-3.839868,-9.011125
aMPe0uSKqF4.002,train,-0.82709897,-17.90757
aMPe0uSKqF4.003,train,-2.1606066,-13.84372
aMPe0uSKqF4.004,train,-1.5488148,-16.461931
aMPe0uSKqF4.005,train,-1.6345962,-15.613529
aMmEPRJGocM.000,train,5.898699,-12.7274885
aMmEPRJGocM.004,train,6.42395,-15.419343
aPTNxA43WHY.000,train,-11.345984,-4.5688977
aPTNxA43WHY.002,train,-10.7840185,-3.1375642
aQVGVhcMBtE.004,train,2.4989665,2.3101325
aaDlp62qn60.002,train,27.469925,20.143
ahqyOhg6D7c.003,train,-9.860272,1.0863384
ai-RZb0ZpKI.002,train,-8.490425,-5.680773
ai-RZb0ZpKI.003,train,-9.090271,-4.273447
alucqviYJFE.001,train,-6.697955,2.7978594
alucqviYJFE.002,train,-7.7591276,2.9655137
alucqviYJFE.003,train,-12.112566,0.26727876
alucqviYJFE.004,train,-9.8972025,1.4726791
ana5C73n9bY.000,train,-12.063508,0.1304746
ana5C73n9bY.001,train,-11.259954,-0.6544533
ana5C73n9bY.002,train,-10.824328,-1.1362488
ana5C73n9bY.003,train,-9.564875,0.22563465
ana5C73n9bY.004,train,-7.252431,-0.41145957
ana5C73n9bY.005,train,-13.96885,0.12849444
aoRjg63uRww.003,train,-5.272108,0.12455612
aoRjg63uRww.004,train,-3.3832774,-5.250128
aptKaxP81xA.000,train,2.0016067,5.130239
aptKaxP81xA.002,train,11.43133,-14.489317
aptKaxP81xA.004,train,0.34718877,2.1069698
aqA6oI5L1RQ.005,train,8.835457,-18.070427
aqK-wcGILjw.000,train,0.9797746,1.8263748
aqd4_4ga1fQ.000,train,38.423145,5.4417005
aqd4_4ga1fQ.001,train,45.848175,9.442875
aqd4_4ga1fQ.003,train,32.966618,6.332444
aqd4_4ga1fQ.004,train,39.872063,9.629999
ask-ZFRztf8.001,train,-4.332278,2.8669515
ask-ZFRztf8.002,train,-1.5932088,6.1038637
ask-ZFRztf8.005,train,3.7170544,6.1363244
atH8mnvu-sE.005,train,-0.8429117,-7.9850073
atdhaGEh_0c.000,train,-5.4369116,-2.3489797
auhe41Tf50M.003,train,6.898773,0.49890807
ax1Fck6zMzk.003,train,-13.134881,-1.2492868
ax8wm9K41og.000,train,-7.7191467,-8.809183
ay4cdKr1I0o.000,train,-8.9460535,-0.29470176
ay4cdKr1I0o.001,train,-10.656602,-0.3420597
b-qfeGqPd04.000,train,-7.5584373,7.621676
b-qfeGqPd04.001,train,-9.357584,7.779413
b-qfeGqPd04.005,train,-10.29767,6.086674
b26ZykbKSzY.005,train,5.4170265,-0.24469812
b2Y41GrCrPs.000,train,19.803974,-6.2186394
b2Y41GrCrPs.001,train,33.689056,-12.074059
b2Y41GrCrPs.003,train,34.894924,-11.08176
b39BQbVhOAg.001,train,9.483617,1.8575585
b39BQbVhOAg.002,train,5.382166,0.78779197
b39BQbVhOAg.003,train,4.8150773,-1.2896044
b39BQbVhOAg.004,train,4.347946,0.04966089
b39BQbVhOAg.005,train,14.743009,3.3566642
b69IYs1G1zc.000,train,-4.6951065,-1.9505926
b69IYs1G1zc.002,train,-2.387627,-4.7969522
b69IYs1G1zc.003,train,0.1678787,-11.042543
b6eoqD1J_qU.002,train,-10.47599,1.4831645
b6eoqD1J_qU.003,train,4.278482,-0.30772427
b6eoqD1J_qU.004,train,-10.860801,1.422243
b6eoqD1J_qU.005,train,-12.064028,0.82933825
b8GPFr11adA.001,train,13.252561,-4.5064287
b8GPFr11adA.002,train,18.717396,-0.2801454
b8GPFr11adA.004,train,14.862983,-1.0033174
b8GPFr11adA.005,train,12.366708,-0.71448255
bAxlTgobVHE.000,train,-3.5331452,-0.5098222
bAxlTgobVHE.001,train,6.868819,-4.199735
bAxlTgobVHE.002,train,-1.8946965,-11.516506
bBqZyG-9ksM.005,train,13.492704,3.5666685
bDjqDn6susQ.000,train,-10.480081,0.8280519
bEXDNfLBy1I.002,train,8.098784,0.8004149
bEXDNfLBy1I.003,train,-1.5695052,-0.89707696
bEXDNfLBy1I.004,train,9.822003,-7.6472716
bFwtVtZodIg.002,train,-0.7948897,5.455573
bFwtVtZodIg.004,train,17.770157,-0.68759966
bGLwxQ1lonQ.005,train,-6.4875116,-3.9022634
bJktioZ5Yxk.002,train,-5.1097026,0.21999687
bJktioZ5Yxk.003,train,-5.1773477,-3.4767935
bJktioZ5Yxk.004,train,-6.106569,-0.3310419
bLOSPQ8MAC8.001,train,-3.514179,0.7369692
bLOSPQ8MAC8.004,train,-6.8890133,-0.11519693
bLrrDM1Opu0.001,train,0.07060317,-16.239609
bLrrDM1Opu0.003,train,-1.8204359,-16.22563
bMY2DaFFwzU.000,train,-3.2368197,9.551263
bMY2DaFFwzU.001,train,38.30054,12.088145
bMY2DaFFwzU.003,train,43.29965,3.4728253
bMY2DaFFwzU.004,train,46.68186,14.851036
bMY2DaFFwzU.005,train,49.00365,6.7423143
bN2IM-rqZlc.002,train,12.35684,22.588495
bRoIrXBO9DU.000,train,14.311962,-10.763478
bRoIrXBO9DU.005,train,8.941591,-6.8096213
bSeTNdOtK7I.000,train,-10.573641,9.244384
bSeTNdOtK7I.004,train,-8.544607,10.69643
bTLTLzXehPE.003,train,-7.4807444,-2.6922202
bYXRyimxh7A.000,train,0.24041308,4.1026416
bYXRyimxh7A.002,train,-0.25259948,-8.38122
bYXRyimxh7A.003,train,3.0312033,-4.4394894
bYXRyimxh7A.004,train,-1.180321,-9.828233
bZAKBS9q0ZI.002,train,-3.8172941,3.6221492
bZAKBS9q0ZI.004,train,-4.089804,1.5613061
bZoN9xp9vgs.001,train,-2.4732752,-6.933351
bcRPLKygrNk.000,train,14.877342,6.479789
bcRPLKygrNk.001,train,-3.3116581,-3.5511599
bcRPLKygrNk.003,train,5.6497936,1.1984413
bcx6xr9Ja-8.001,train,-4.5690136,4.3909388
bcx6xr9Ja-8.004,train,-1.3236881,7.710741
bcx6xr9Ja-8.005,train,-6.6100397,1.8897724
be0DQawtVkE.000,train,2.5940552,-0.47832114
be0DQawtVkE.001,train,-2.6736705,0.40213132
be0DQawtVkE.003,train,-3.890921,-1.7443738
be0DQawtVkE.004,train,1.126565,-1.5562838
bej-DbxTkWA.000,train,-9.83782,7.261759
bej-DbxTkWA.003,train,-8.255673,6.579746
bkzgccBFztM.000,train,-6.9373846,-13.2270775
bkzgccBFztM.001,train,-5.836072,-14.049265
bkzgccBFztM.003,train,-5.857421,-12.672704
blAjqQ0ja8Q.003,train,-12.076319,2.629926
blAjqQ0ja8Q.005,train,-13.290427,4.051436
bmj4khBLUOs.001,train,-4.2201877,-10.845785
bnM9Ow52x3o.001,train,-5.992068,-9.233492
bnM9Ow52x3o.005,train,-5.642057,-9.989642
bnoPmV0_aIc.000,train,0.60400635,-1.3669208
bnoPmV0_aIc.002,train,4.499148,-2.7982447
bnoPmV0_aIc.004,train,2.598397,-0.05607031
bt-ev53zZWE.001,train,9.205306,-2.9678717
bt-ev53zZWE.004,train,-2.206232,-6.9096637
btcCanysQsw.000,train,9.340569,15.606196
btcCanysQsw.001,train,13.968202,11.201069
btcCanysQsw.003,train,3.6535602,10.186838
btcCanysQsw.004,train,9.200179,7.7660074
btcCanysQsw.005,train,7.471614,10.9567585
bviHajVIie0.005,train,-8.575561,3.5768473
bzFTA6kGyA8.002,train,12.042079,7.127856
bzIxJ-gtvUw.005,train,-9.732151,-2.1956584
bzaOB8BoWPU.000,train,23.022923,9.440555
bzaOB8BoWPU.002,train,17.446209,6.801594
bzaOB8BoWPU.003,train,23.786285,10.151895
bzaOB8BoWPU.005,train,9.216154,3.479365
c-c6xhtIq84.004,train,-11.049612,1.4225429
c2LeNguVNrI.002,train,-9.257312,2.9709842
c2LeNguVNrI.003,train,-11.052698,-0.09073837
c3SQSM9OIsA.001,train,-8.562391,4.6765594
c3SQSM9OIsA.005,train,-8.681548,4.5078917
c3esnCQDoKc.003,train,-7.9141717,-3.2841287
c3esnCQDoKc.004,train,-9.080101,-1.9219202
c4XnKouozXU.000,train,-10.618036,-1.9926202
c4XnKouozXU.001,train,-11.759474,0.5641185
c4XnKouozXU.003,train,-10.958899,-0.63887525
c4XnKouozXU.004,train,-10.676016,-1.5452824
c4YxfATgYkw.002,train,35.196022,-4.2955227
c5ZnKbaNCE8.000,train,14.994359,4.126688
c5ZnKbaNCE8.003,train,14.497747,5.586546
c5ZnKbaNCE8.005,train,8.953136,3.3526635
c672aEuUa-g.002,train,-5.4761753,-1.4012991
c672aEuUa-g.004,train,8.636757,-1.8310174
c7tczvW3_dQ.000,train,-12.81512,4.714104
c7tczvW3_dQ.002,train,-7.661003,5.3641663
c7tczvW3_dQ.005,train,-10.442563,7.2722044
cA43Gfcg0QA.000,train,4.980994,2.6759427
cA43Gfcg0QA.001,train,3.4324088,4.0660963
cA43Gfcg0QA.003,train,-0.11708571,-5.915466
cA43Gfcg0QA.004,train,0.3033805,0.8699496
cBR5cDwwdno.001,train,3.6668873,-10.007146
cBR5cDwwdno.003,train,7.5278974,-8.913938
cBR5cDwwdno.004,train,5.349974,-12.498488
cBR5cDwwdno.005,train,9.124352,-13.516253
cFGjJg-2zOk.000,train,7.9782443,10.885696
cFGjJg-2zOk.001,train,6.2962556,8.199835
cFGjJg-2zOk.002,train,9.234239,11.878828
cFGjJg-2zOk.003,train,11.058699,11.240084
cFGjJg-2zOk.005,train,21.263302,15.987133
cLaZxEf1nE4.001,train,33.102962,-3.4965177
cLaZxEf1nE4.002,train,26.72012,-4.415736
cLaZxEf1nE4.003,train,25.109129,-4.7424
cNXnowQb7rs.002,train,-10.143512,-4.855468
cNXnowQb7rs.003,train,-6.8042874,-3.772644
cNXnowQb7rs.004,train,-9.907857,-3.6361873
cNXnowQb7rs.005,train,-8.7744055,-2.5350811
cOirMOCpdo8.000,train,-5.8695955,4.526354
cOirMOCpdo8.001,train,-9.206256,7.683015
cOirMOCpdo8.003,train,-12.054282,4.4482846
cOirMOCpdo8.005,train,-10.329942,4.8942184
cOo5N1qblyw.003,train,3.5235765,18.847881
cOossY5pTrU.001,train,8.614083,-3.56395
cOossY5pTrU.002,train,10.112605,-2.3874202
cOossY5pTrU.003,train,10.150504,-5.0648804
cP_dSXql7z8.000,train,-11.398051,0.9565217
cP_dSXql7z8.001,train,-8.271708,3.6367986
cP_dSXql7z8.002,train,-9.448711,3.1048863
cP_dSXql7z8.003,train,-8.186995,2.1403897
cP_dSXql7z8.004,train,-13.228342,0.60602266
cP_dSXql7z8.005,train,-10.371813,1.6267756
cQRFb-xa4Vc.002,train,-8.181655,0.038210273
cQRFb-xa4Vc.005,train,-11.698457,0.70198727
cRDYrvxRJ6U.001,train,-9.494639,-7.838656
cRg95950rAg.001,train,13.356594,-11.596854
cSyVbIYfwxA.004,train,4.9770374,4.719671
cT3oyHhUznw.003,train,41.20065,12.408538
cT3oyHhUznw.004,train,23.615438,8.230261
cTbfp7nkX8c.000,train,43.146606,-3.9549205
cTbfp7nkX8c.002,train,37.061264,-3.433684
cTbfp7nkX8c.005,train,18.400894,0.29874817
cWZudzeJVXg.000,train,10.148432,6.226961
cWZudzeJVXg.002,train,10.933713,-0.8868425
cWZudzeJVXg.003,train,5.0133033,0.37794325
cWZudzeJVXg.004,train,13.623754,11.71165
cY3nHc5fDYE.000,train,18.965755,-0.053158086
cY3nHc5fDYE.003,train,17.050785,-1.2987518
cZ6xhB5yhfY.001,train,-9.99993,-4.8886533
c_pyBvsSlCY.004,train,13.048928,-5.917851
cdtZKwM5NIM.004,train,24.08681,-4.6464543
ce7t2PgzMGw.000,train,0.7177511,7.789337
cgGCyBMdGrA.001,train,-2.5967796,8.916308
cgGCyBMdGrA.003,train,-0.6092715,9.556806
cgT-3CHBmKs.000,train,6.4475126,6.7386985
cgT-3CHBmKs.003,train,5.687008,13.456077
cgT-3CHBmKs.004,train,6.789416,2.6172569
cgT-3CHBmKs.005,train,3.1737435,8.385646
cgp1OzTOq1o.000,train,18.992668,3.4407225
cgp1OzTOq1o.002,train,9.184049,8.875397
cgp1OzTOq1o.004,train,13.092237,7.194936
cgp1OzTOq1o.005,train,24.590422,8.1394825
ch2BcBv4SdQ.002,train,-10.188974,-2.6507835
ciWUq6iQTIE.000,train,20.387424,5.5678596
ciWUq6iQTIE.002,train,32.153915,4.862787
cjbh1lfr43c.005,train,7.646212,10.939871
clMg72MI8rw.004,train,-8.602194,3.442386
cnsvc0alWOA.000,train,2.196362,6.4866676
cnsvc0alWOA.004,train,-0.43340793,-1.2082926
cpzY1b6wJqs.002,train,13.629287,-20.197672
cuyIFvYNLFE.000,train,-3.2408023,-3.5778697
cvHqtadNJDo.000,train,-11.976688,1.0697482
cvHqtadNJDo.004,train,-13.621942,2.0646544
cvg03XGFjCk.001,train,-7.2897887,-6.060589
cvg03XGFjCk.002,train,-6.3641305,-6.4468174
cvg03XGFjCk.004,train,-1.1535705,-6.5742664
cvg03XGFjCk.005,train,-4.3274813,-6.456017
cx8IycWgMVs.003,train,23.59853,-6.9024076
cx8IycWgMVs.005,train,-1.7327211,-4.5842237
cxJ0u6r0-pU.000,train,-9.707126,4.8806796
cxJ0u6r0-pU.001,train,-11.686702,4.8496666
cxJ0u6r0-pU.002,train,-11.373537,3.2268555
cxJ0u6r0-pU.003,train,-8.483089,5.982043
cxJ0u6r0-pU.005,train,-9.732397,1.5063056
cyma9Q6QF6M.001,train,-8.883668,3.2596722
czImT1Wn1og.001,train,3.7828393,1.3061441
czImT1Wn1og.002,train,-3.600283,-5.6134505
d-cZdeTp0jo.000,train,35.65287,-0.6725812
d-cZdeTp0jo.001,train,53.476437,10.379466
d1eh3dHNi1Y.001,train,-5.8728595,5.6000867
d4cPiUXpGbc.000,train,-8.840817,7.193992
d4cPiUXpGbc.002,train,-9.870166,3.542494
d4cPiUXpGbc.005,train,-8.83117,5.0616255
d4iSwRMV0bA.002,train,41.736362,6.2555256
d5ujzxBlvwY.001,train,20.470268,15.40734
d69zeSpdyCI.000,train,17.73774,-20.832588
d8skGb2ycio.000,train,-7.7306104,2.4047549
d8skGb2ycio.003,train,-11.324931,0.840423
d9_YDJdF-7I.000,train,-4.656156,7.747626
d9_YDJdF-7I.002,train,-9.627604,5.5278935
d9_YDJdF-7I.003,train,-5.4388676,5.797141
dB-kMg4t-V8.001,train,-12.622569,8.756563
dB-kMg4t-V8.002,train,-14.864103,6.760832
dB2XYhvqUBU.000,train,6.6765046,11.057357
dB2XYhvqUBU.001,train,-2.8534532,1.6337891
dB2XYhvqUBU.003,train,-1.783933,4.179067
dB2XYhvqUBU.004,train,2.7611024,4.664721
dB65He57Ki8.001,train,-6.246459,-9.719176
dB65He57Ki8.002,train,-5.1631627,-11.170252
dB65He57Ki8.005,train,-5.1946588,-11.7697315
dDi6vy-OZRg.002,train,-6.353489,-5.8950896
dDi6vy-OZRg.003,train,-5.174112,-12.096208
dDi6vy-OZRg.005,train,-7.964893,-8.49147
dIa0U29hVvU.001,train,3.0954146,10.931917
dIa0U29hVvU.003,train,4.2324986,13.110644
dIa0U29hVvU.005,train,1.348546,9.043296
dJlEHhyij5k.000,train,-5.586875,-3.1723492
dJlEHhyij5k.001,train,-7.5090685,-7.353463
dLaqub4BEsA.001,train,-10.288596,-3.2950711
dLaqub4BEsA.002,train,-3.9016664,0.069682024
dLaqub4BEsA.003,train,-9.58509,-0.17707641
dLaqub4BEsA.004,train,-8.291161,-3.9023786
dLltwqkvsNg.001,train,-1.7171682,1.5003921
dLltwqkvsNg.002,train,5.5942807,6.9112725
dLltwqkvsNg.003,train,0.9480942,-0.9698825
dLltwqkvsNg.005,train,4.902079,5.6067758
dNXqs5HNijI.001,train,-10.682264,5.242282
dNXqs5HNijI.002,train,-9.550191,6.7803288
dNXqs5HNijI.003,train,-12.597836,5.869326
dNXqs5HNijI.004,train,-10.127627,6.3054943
dOFnHXRLEdM.001,train,-10.5685215,-3.2702906
dOFnHXRLEdM.005,train,-7.6152983,-3.8257043
dQOeQYWIgm8.000,train,-8.793285,0.50886214
dQOeQYWIgm8.001,train,-8.50243,-2.0609329
dQOeQYWIgm8.004,train,-6.697448,0.32787967
dRP8ZaAryro.000,train,2.7345207,-15.87101
dRP8ZaAryro.001,train,4.0026927,-18.820166
dRP8ZaAryro.003,train,3.4717567,-18.961979
dRP8ZaAryro.004,train,3.911358,-15.783504
dRP8ZaAryro.005,train,0.31508547,-13.438311
dRYEzqUa_Rc.000,train,0.90386796,3.23693
dRr2JtdzUpU.004,train,-6.473913,-4.606571
dRr2JtdzUpU.005,train,-9.181684,-2.5959175
dS2XOB8kmr4.001,train,3.5542269,3.3913157
dT5R3T-Q1kg.002,train,-1.1709483,3.2016244
dVbo9Ftlyl0.004,train,11.747088,-0.98012173
dVbo9Ftlyl0.005,train,7.4123945,11.845543
dVwDf5N2NRA.001,train,18.861185,1.5847629
dVwDf5N2NRA.002,train,7.4422774,-0.6594714
dVwDf5N2NRA.003,train,13.289666,-5.076957
dVwDf5N2NRA.004,train,6.6101294,-4.7290416
dVwDf5N2NRA.005,train,10.965563,-2.8700683
dY7jG5gS3JE.000,train,21.921515,-12.625741
d_POf1pikX0.000,train,-9.220343,2.5569391
d_POf1pikX0.005,train,-6.352195,2.7165732
datcFOBWYxc.001,train,-10.800242,-0.02106038
datcFOBWYxc.003,train,-10.719755,-0.96779966
datcFOBWYxc.005,train,-12.102648,2.2602687
dd0z9mErfSo.002,train,-9.682723,-4.2156105
dd0z9mErfSo.003,train,-10.342542,-5.7707033
dd0z9mErfSo.005,train,-6.1971903,-6.4777207
dgoc29MVjfE.000,train,-6.9320955,6.951874
dh6iOU2RtTA.001,train,2.5350432,-12.678008
dh6iOU2RtTA.003,train,1.1401463,-13.163952
djsoQkroHpo.000,train,-5.2824917,1.5414108
djsoQkroHpo.001,train,-7.1054235,0.85351646
djsoQkroHpo.003,train,-6.593688,-1.6992184
djsoQkroHpo.005,train,-5.0928617,-1.1418861
dkhnv1EBvKI.000,train,-5.286698,-5.1864977
dkhnv1EBvKI.001,train,-5.5868526,-8.788488
dkhnv1EBvKI.002,train,-8.384715,-5.8686156
dkhnv1EBvKI.003,train,-7.954878,-8.158755
dkhnv1EBvKI.004,train,-3.9682462,-7.93281
dkhnv1EBvKI.005,train,-8.726266,-7.7056956
dmOKZLeFKCM.002,train,0.36859387,5.810013
dmOKZLeFKCM.004,train,-6.240067,4.445853
dmycfNpiWCE.001,train,-10.057903,-2.8538284
dmycfNpiWCE.002,train,-8.341056,-4.191642
dmycfNpiWCE.004,train,-10.755069,-1.1491172
dmycfNpiWCE.005,train,-10.75764,0.77378726
do8FmnQbI5I.000,train,-3.7497566,-15.571252
do8FmnQbI5I.001,train,-3.7561362,-13.697408
do8FmnQbI5I.003,train,-3.6083448,-15.828143
do8FmnQbI5I.004,train,-2.8603764,-12.132802
dqVPzqpGX-w.000,train,-4.767796,5.0592384
duEi37qVB7k.000,train,0.3284663,-9.275484
dvCKoyBG1pE.001,train,-1.3619579,-1.5305703
dvCKoyBG1pE.002,train,-4.038688,0.35432607
dvCKoyBG1pE.004,train,0.035385124,5.651261
dvMeqVbpKW8.001,train,-5.572489,5.8802633
dvMeqVbpKW8.002,train,1.7483288,4.1204305
dvMeqVbpKW8.004,train,18.309942,14.49343
dvMeqVbpKW8.005,train,2.961373,6.957977
dvU5jYExl0o.003,train,16.850407,11.568441
dy9EqbKLDP0.001,train,-11.958041,2.7456577
dy9EqbKLDP0.002,train,-12.995056,3.8609009
dy9EqbKLDP0.003,train,-13.461949,2.418104
e07IozLUeKc.001,train,1.9878315,-9.876511
e07IozLUeKc.002,train,-6.210168,-8.280791
e07IozLUeKc.005,train,-5.022901,-5.5034437
e2EmGXRJ1K0.000,train,-12.580358,8.711729
e2EmGXRJ1K0.001,train,-11.445939,8.260047
e2pnS_nT9rA.001,train,-13.605866,5.2925115
e2pnS_nT9rA.002,train,-14.651814,4.9816093
e3NaBdG-ZmM.000,train,-6.4437,1.9799664
e3Y7na4SBh4.002,train,0.60769004,0.28519976
e3Y7na4SBh4.004,train,2.4672396,-8.37372
e3Y7na4SBh4.005,train,12.028697,4.8090773
e6YTvjDXEl0.001,train,-7.6056128,-6.235246
e6YTvjDXEl0.002,train,-5.2837186,-5.311349
eA_JaE8X3mI.000,train,1.1193273,10.093259
eAkWSjU-JyY.001,train,-4.635262,-2.497055
eAkWSjU-JyY.002,train,-3.428788,-4.8490815
eB6ZlBG6OeA.002,train,-9.1547985,-5.6959167
eD4b8sM-Tpw.000,train,17.012846,13.908984
eD4b8sM-Tpw.004,train,21.228374,9.146245
eFb7nVIBGEo.003,train,-9.917074,-4.175328
eFzN_frNW8g.000,train,-11.453857,2.8650074
eFzN_frNW8g.001,train,-12.317348,2.4894423
eFzN_frNW8g.002,train,-9.665252,0.3555117
eFzN_frNW8g.003,train,-10.731758,1.0378778
eFzN_frNW8g.004,train,-11.240696,4.2591543
eFzN_frNW8g.005,train,-10.667903,1.4436963
eHcRre1YsNA.000,train,10.916294,9.090745
eHcRre1YsNA.001,train,-0.49735028,3.3299277
eHcRre1YsNA.002,train,3.4080377,4.8448997
eI_7SimPnnQ.000,train,-10.956487,-2.0819693
eI_7SimPnnQ.001,train,-12.201245,-2.1448452
eI_7SimPnnQ.002,train,-13.346358,-2.1745942
eI_7SimPnnQ.003,train,-10.433547,-2.321908
eI_7SimPnnQ.005,train,-10.889196,-1.9941877
eIfiusZtXzE.000,train,-7.129779,7.550417
eOUVFTqPeGk.002,train,-3.5151286,-1.7724206
ePQJMluhLjQ.001,train,-0.2614799,7.475022
eRRCer7epnA.002,train,-8.154295,-5.7624154
eRRCer7epnA.005,train,-8.133522,-4.159617
eT3BERfkCBE.001,train,-4.150345,-15.512646
eT3BERfkCBE.003,train,-3.6758327,-15.886611
eT3BERfkCBE.005,train,-3.660261,-15.386692
eXtskPoi58A.000,train,-4.2100315,3.9855423
eXtskPoi58A.001,train,5.7357655,9.3649845
eXtskPoi58A.003,train,-4.871125,2.7395952
eXtskPoi58A.005,train,-3.709814,4.8561935
eYASh3sKY3k.000,train,35.401222,-8.052773
eZwGkhUa0TQ.000,train,14.50452,8.312975
eZwGkhUa0TQ.004,train,-4.2242527,4.4453144
eZwGkhUa0TQ.005,train,12.324558,9.687266
ecIb16gJMwU.003,train,3.4819233,-5.442464
edHTGYBFCWQ.000,train,-5.125546,-6.591601
edHTGYBFCWQ.004,train,-1.7759976,-5.296956
ej0RpdM9kJA.000,train,-8.979474,1.6642656
ej0RpdM9kJA.001,train,-9.180513,1.7118423
ej0RpdM9kJA.002,train,-8.855925,2.000067
ej0RpdM9kJA.003,train,-8.757052,-0.43259177
el2DOd8E5io.000,train,25.065971,11.113993
elSd0IyX6ys.002,train,9.899451,-2.6237245
elSd0IyX6ys.004,train,12.584949,-0.9035819
emHDoDcht44.001,train,-5.326231,0.36229426
encC96iqr9Y.002,train,-5.4498796,11.034576
encC96iqr9Y.003,train,-7.93389,6.9744754
eq1_h17oue4.000,train,12.272598,-5.6209126
eq1_h17oue4.001,train,4.305121,-11.336645
eqXrUXW4yHY.003,train,-7.977565,-9.853571
erJNMcO69Eo.000,train,-3.9181309,5.5915127
erJNMcO69Eo.001,train,-3.4132252,7.804488
erJNMcO69Eo.002,train,-3.1906173,4.5128345
erJNMcO69Eo.005,train,-5.0755715,4.6925144
esjSS0xsHFA.002,train,0.6168581,-1.8388282
esjSS0xsHFA.003,train,-1.6404536,-1.3153461
euRnmvd_dus.004,train,-9.545598,-4.2603827
ev42vngXERU.000,train,5.1666746,1.305084
ev42vngXERU.001,train,7.4026113,5.12507
evrzg3Pzyc0.000,train,9.940578,-7.086319
evrzg3Pzyc0.001,train,1.0228664,-5.14853
evrzg3Pzyc0.002,train,3.3995454,-12.0889845
ezMO8EHKAVw.000,train,16.366995,0.8394265
ezMO8EHKAVw.004,train,12.852216,-0.5845991
ezMO8EHKAVw.005,train,3.2401612,-6.792518
f0LnGz5Z6kA.000,train,-2.201497,6.1965494
f0LnGz5Z6kA.002,train,-3.5433764,2.2129858
f1xAVtagIks.000,train,-10.655683,-0.34677178
f1xAVtagIks.003,train,-9.467092,-0.844469
f39E4ct09Cc.000,train,0.45390636,-17.355412
f39E4ct09Cc.001,train,5.5767293,-20.246424
f39E4ct09Cc.005,train,2.593533,-17.514145
f3ZbA4UqGKE.005,train,-0.37454847,-16.491995
f4rQJiW6oSk.004,train,-6.4545627,-8.957554
f4rQJiW6oSk.005,train,-2.4960165,-6.738413
f5jPfJYvihA.000,train,-11.385668,3.0132046
f70aaYsxPHY.001,train,20.833498,7.7173605
f70aaYsxPHY.002,train,21.74836,6.3979216
f7E26XfU8rw.002,train,-2.2591155,12.8469
f7E26XfU8rw.003,train,-3.6890004,9.425729
f7E26XfU8rw.005,train,-6.222857,9.04578
f7togdqxEoo.003,train,-9.210127,7.3057923
f8eU5Pc-y0g.004,train,3.3822608,6.824376
f8f00b0IgvA.001,train,8.113732,-12.9688835
f8f00b0IgvA.002,train,5.2892466,-15.740941
f8f00b0IgvA.004,train,3.0426347,-14.275195
f9GeYKAXgAQ.000,train,-13.273933,5.4846997
f9GeYKAXgAQ.001,train,-15.911783,6.2864404
f9GeYKAXgAQ.002,train,-14.6118355,4.661578
f9GeYKAXgAQ.003,train,-14.2003765,5.330781
f9GeYKAXgAQ.005,train,-15.496329,6.147143
fBMKlYUjA9E.000,train,-0.85653067,-5.053261
fBMKlYUjA9E.003,train,-1.1185993,-9.071304
fBcc1UMtZME.001,train,7.781071,4.081641
fBcc1UMtZME.005,train,-5.4620733,-1.6783907
fDw_PAgW07o.000,train,-1.6101891,12.342961
fDw_PAgW07o.001,train,-5.384584,9.845674
fDw_PAgW07o.002,train,4.16562,15.072005
fDw_PAgW07o.003,train,-0.96461165,12.59263
fDw_PAgW07o.005,train,-1.3269892,12.983599
fEC3lEDxRnc.000,train,23.854435,-3.3683696
fEC3lEDxRnc.001,train,22.038881,0.31484756
fEC3lEDxRnc.002,train,22.88867,1.535773
fEC3lEDxRnc.005,train,33.07495,0.91296554
fEZrAGQoh_g.000,train,-5.51593,2.3988183
fEZrAGQoh_g.001,train,-11.090397,3.3629127
fEZrAGQoh_g.002,train,-9.061524,6.85297
fEix0DPOWtg.005,train,-10.185778,1.471463
fGAcEyZXFTo.000,train,-5.3595834,-1.111929
fGAcEyZXFTo.003,train,-6.3086257,-4.012952
fGAcEyZXFTo.005,train,-4.176044,-6.005078
fH0jgh_VKmE.003,train,28.715345,4.0397525
fIiXuRlTPa0.000,train,-9.7439995,4.995841
fL8VYpOTLSM.001,train,43.08175,-5.4274917
fL8VYpOTLSM.002,train,26.27334,-4.092356
fL8VYpOTLSM.004,train,22.850843,-5.7832813
fLRRMLTFGMQ.000,train,3.7198942,1.5606165
fLRRMLTFGMQ.002,train,6.0032387,10.255965
fLRRMLTFGMQ.004,train,5.7933717,4.674882
fLRRMLTFGMQ.005,train,4.8213096,1.8836435
fPLd_NLF43M.002,train,14.916649,-1.8715918
fSDA4eEyGHk.000,train,-8.276694,2.2913926
fSDA4eEyGHk.002,train,-8.35239,1.5477911
fSDA4eEyGHk.004,train,-6.434964,2.142296
fSkQXqXR7D0.000,train,-7.0039353,1.0942029
fSkQXqXR7D0.001,train,-7.1010413,0.116058126
fSkQXqXR7D0.002,train,-5.5302863,-1.0815966
fSkQXqXR7D0.004,train,-5.061886,3.4238594
fTpemcfElxI.000,train,-5.8098745,-7.214778
fTpemcfElxI.001,train,-4.9662085,-4.1224365
fTpemcfElxI.003,train,-4.4746723,-3.5691836
fTpemcfElxI.004,train,-5.6679378,-8.507663
fTpemcfElxI.005,train,-5.66389,-5.9930696
fUIWjaZCYwM.000,train,12.2724695,14.396722
fUIWjaZCYwM.001,train,27.337513,19.325993
fY4tctYZTz8.003,train,-14.81103,6.4536896
fY4tctYZTz8.005,train,-13.29904,5.0742326
fYUcoKDyRiU.001,train,-7.149285,8.499759
fbjDmltKVOM.000,train,-6.909211,3.9515064
fecQUZ-ehKQ.000,train,-14.301823,5.1486955
fecQUZ-ehKQ.002,train,-14.058815,3.2705905
feg-RNvT-t0.000,train,10.128165,11.004039
ff-3k-nzoXA.000,train,7.4226007,-10.972701
ff-3k-nzoXA.002,train,19.636736,-4.8332157
ff-3k-nzoXA.004,train,11.18768,-8.080961
fgEddXirQvQ.005,train,-3.0354931,-10.339611
fhUGU2uiS1U.001,train,-2.5674834,-13.518487
fhUGU2uiS1U.004,train,-3.4055471,-12.100203
fiEEjrKhlNU.001,train,-7.267901,-1.7320592
fiEEjrKhlNU.002,train,-4.129777,-4.154784
fiVORaERbP0.002,train,-12.214875,7.79265
fiVORaERbP0.004,train,-14.525669,8.115511
fiVkE3iDWY4.004,train,-9.584014,0.48399532
fipvPdFbKN4.000,train,-7.7628055,3.559217
fipvPdFbKN4.004,train,2.1297586,3.240802
fkDqn2muw-A.000,train,-0.651233,-5.3686137
fkDqn2muw-A.002,train,-0.60873365,-9.550311
fkDqn2muw-A.003,train,-3.9839704,-10.023707
fk_ggmC872E.000,train,-15.164829,6.0174117
fk_ggmC872E.001,train,-8.954764,1.0498947
fk_ggmC872E.003,train,-11.780683,-0.21104982
fmjILOLc3eg.001,train,-3.7431307,-2.1055357
fmue_KpW9Ro.000,train,-7.8447723,5.9109483
fmue_KpW9Ro.003,train,-6.2352195,7.623139
fmue_KpW9Ro.004,train,-7.8881063,3.93308
fmue_KpW9Ro.005,train,-7.326151,5.0986595
foj4bqLSmF8.001,train,-9.033233,5.0892525
foj4bqLSmF8.002,train,-7.5980024,1.420558
foj4bqLSmF8.003,train,-6.0105987,9.248669
fpyBDfh7qF0.001,train,-12.903101,-4.782194
fpyBDfh7qF0.002,train,-12.551096,-2.9348443
fpyBDfh7qF0.004,train,-10.990103,-4.928903
frsDpQjmC5k.002,train,27.552715,-17.602804
frsDpQjmC5k.003,train,27.580275,-21.144226
fsCK8Xuzl1Y.000,train,-4.6808877,-5.413727
fsCK8Xuzl1Y.003,train,-4.3802295,-7.0502653
fsCK8Xuzl1Y.004,train,-4.009206,-2.1696424
fsLf6Xv_Gbk.001,train,-7.5553737,-0.31906933
fsaslN7xV-w.000,train,-6.4136953,3.0239618
fsaslN7xV-w.002,train,-10.628865,1.1406931
fsaslN7xV-w.004,train,-9.931025,1.9074924
fuKtMm2WR0g.001,train,-9.62355,4.872542
fv5lLeyRdd4.001,train,-11.821909,-1.9748158
fv5lLeyRdd4.002,train,-11.576803,-1.2359116
fv5lLeyRdd4.004,train,-8.347614,1.5691686
fv5lLeyRdd4.005,train,-12.377597,-1.967234
fwJykIyvS04.001,train,3.8858645,-12.209624
fwYZP8qOtC0.005,train,1.1245359,-8.627465
fyXiORXmWHs.002,train,-4.3442097,-0.34594372
fyXiORXmWHs.003,train,-1.4639578,4.450787
g00oS-Kt248.001,train,23.029133,-6.574974
g0PWBzU95sI.000,train,-4.7773356,5.491056
g0PWBzU95sI.001,train,1.8808528,9.377936
g0PWBzU95sI.004,train,-6.723574,3.841507
g0Zlp-F6Z6E.001,train,-4.3345027,-11.2340145
g0Zlp-F6Z6E.003,train,-5.2032337,-9.85117
g0Zlp-F6Z6E.004,train,-1.7080823,-11.367237
g1TMjzZH8bw.000,train,-6.8166327,3.027839
g1TMjzZH8bw.002,train,-8.611958,3.968191
g1TMjzZH8bw.004,train,-0.7231782,5.476264
g24JGYuT74A.002,train,-7.8149676,1.1715602
g24JGYuT74A.003,train,-7.3820086,5.393119
g4PQ753TDls.000,train,-6.34026,-4.0207124
g7sDGH8APwk.000,train,11.024134,18.317095
g8rjtlzAQ6k.002,train,6.729958,-8.318121
g8rjtlzAQ6k.003,train,6.3330812,-7.9714775
g9zgIN56MnQ.001,train,-8.837259,-2.3949313
g9zgIN56MnQ.004,train,-5.1986504,-2.482348
g9zgIN56MnQ.005,train,-6.2805734,-1.605363
gAWA-fcIa_M.001,train,-11.265423,3.5263257
gAWA-fcIa_M.002,train,-11.453662,2.0112944
gAWA-fcIa_M.003,train,-10.914676,0.23107137
gAWA-fcIa_M.004,train,-8.385918,3.2793145
gAWA-fcIa_M.005,train,-12.2694025,-1.1685791
gCQT7zfS7sI.001,train,-12.165188,8.033151
gCQT7zfS7sI.002,train,-9.512991,7.440372
gChqk1izWkc.002,train,-7.26038,2.5809236
gFEntQ_UKvk.002,train,-1.722856,-2.791378
gFEntQ_UKvk.003,train,-3.1506782,-1.8260788
gLtvOEy7m8Q.002,train,0.15141276,-0.30001947
gLtvOEy7m8Q.005,train,6.8429623,-3.1729276
gM_KAA-ejJA.005,train,3.060553,-5.4107437
gOS-CneQsxI.003,train,-11.768264,2.7951777
gSCurvS_vWU.004,train,18.627867,-10.5775385
gUyH1qvbOZA.000,train,-6.4974685,-3.1795807
gUyH1qvbOZA.004,train,-8.087172,-5.35557
gUyH1qvbOZA.005,train,-1.5929538,-0.2832986
gWCgqVn3m3k.000,train,1.8508518,-14.737988
gWCgqVn3m3k.001,train,-0.7158231,-8.695918
gX20EUUZc9M.004,train,12.496374,-2.24449
gZblxCs4EV4.001,train,2.5960557,-11.167171
gZzB49daFfA.003,train,-11.614876,-2.349324
gZzB49daFfA.005,train,-8.358163,-2.8202546
g_UeE-1ghtQ.001,train,-0.36249682,-12.692804
ga_XczsO4eY.000,train,15.761444,-7.2032213
ga_XczsO4eY.001,train,8.271326,-6.142848
ga_XczsO4eY.004,train,4.800371,-5.2220535
ga_XczsO4eY.005,train,8.031589,-6.167255
geXpIfaFzF4.001,train,-3.5773647,6.5162325
geXpIfaFzF4.002,train,-2.7328055,7.1397867
geXpIfaFzF4.003,train,-3.7192402,8.477887
geXpIfaFzF4.004,train,-2.2403526,6.7422976
geji1U2YAvg.002,train,5.9986453,-5.486834
gfTTzlRNF8s.003,train,17.736124,3.8443873
gggp205gPMI.001,train,7.814962,2.4702096
gggp205gPMI.003,train,5.563638,3.1304262
gipWTZy9mjI.000,train,-2.4706924,7.977165
gipWTZy9mjI.002,train,-1.2357863,9.995188
gipWTZy9mjI.003,train,-2.9114301,9.732264
gipWTZy9mjI.005,train,9.578247,4.533195
gj3-xvhPeWg.003,train,-7.2352405,-0.9211474
gj3-xvhPeWg.005,train,-1.3701811,1.981227
gkKHdsF6du4.000,train,6.145401,-9.176571
gkKHdsF6du4.003,train,4.6583543,-6.144442
gkKHdsF6du4.004,train,11.319966,-5.9696035
glgfB3vFewc.000,train,-8.0280485,-5.4792376
glgfB3vFewc.002,train,-7.8811584,-4.845121
glgfB3vFewc.003,train,-6.373194,-4.7588944
gngqDNTAXnI.002,train,-6.8113914,-7.878564
gngqDNTAXnI.004,train,-10.718161,-6.340065
gq0yaEv6gSE.000,train,-2.4323683,0.31079364
gq0yaEv6gSE.002,train,-0.91004616,0.60609347
grhDDOLsBho.000,train,1.9420455,10.875561
grhDDOLsBho.002,train,-1.2640878,7.790391
grhDDOLsBho.004,train,-0.7660743,9.023997
grhDDOLsBho.005,train,-0.45762753,8.9263315
gsleSGEZHAs.000,train,3.6083117,-3.6109014
gsleSGEZHAs.001,train,-0.6740461,-3.911029
gsleSGEZHAs.002,train,-2.6549487,-3.5922096
gsleSGEZHAs.004,train,5.0024295,-3.412485
gsleSGEZHAs.005,train,-1.5920565,-3.574327
h-jMFLm6U_Y.000,train,-3.3508515,-14.925137
h-jMFLm6U_Y.004,train,0.39714965,-9.175814
h2-_bQdTZYY.004,train,-0.045916554,-1.4043816
h7qbP1GS50U.003,train,-11.387233,-2.0531693
h7qbP1GS50U.004,train,-11.377183,-0.89440686
h9jIdLBaMEo.000,train,10.927218,-5.739454
h9jIdLBaMEo.001,train,15.99255,-0.5665269
h9jIdLBaMEo.002,train,13.374575,0.82484597
h9jIdLBaMEo.004,train,11.913846,-4.673255
hDqsuyVeWmw.000,train,-13.643942,1.0810275
hDqsuyVeWmw.004,train,-14.895155,2.068881
hF3yR5rmga8.001,train,-1.8775548,-15.137658
hF3yR5rmga8.003,train,-2.8647301,-12.599405
hF3yR5rmga8.004,train,-4.642152,-10.810627
hG-pwa191bw.000,train,-8.794129,8.379701
hG-pwa191bw.002,train,-11.452823,8.081364
hG0I7DLSSYg.001,train,4.738459,-2.9861872
hG0I7DLSSYg.002,train,0.9546474,-4.6695466
hG0I7DLSSYg.003,train,-0.14469832,-4.1197033
hG0I7DLSSYg.005,train,5.2072406,-1.8180344
hIFNZ_ycngg.001,train,15.928815,8.631119
hIFNZ_ycngg.002,train,10.275923,4.693853
hIxLNK_x_QA.002,train,8.416513,2.7729533
hIxLNK_x_QA.005,train,1.672473,1.7611932
hK5lmI9pwck.003,train,-7.005323,-5.24972
hM96SfN5_F4.004,train,24.140106,5.5094113
hOXvRgxjfik.000,train,7.517412,2.4920359
hOXvRgxjfik.001,train,0.2803195,-6.9149804
hOXvRgxjfik.003,train,-6.303575,-7.665293
hOXvRgxjfik.004,train,-2.3763027,-8.995576
hPguTv1Zvg8.001,train,-4.103755,5.7372246
hPguTv1Zvg8.002,train,-2.0815818,7.428892
hPguTv1Zvg8.003,train,-0.5295044,8.873215
hPguTv1Zvg8.004,train,3.304856,10.588025
hQImLccateA.002,train,-10.938608,-0.3108596
hT83GkLYIFs.001,train,16.900446,-7.418041
hT83GkLYIFs.002,train,-5.2181783,-10.355869
hX2TVefa5bQ.002,train,-8.146317,-6.5312552
hX2TVefa5bQ.005,train,-8.630559,-7.169785
hZIGQXercNA.001,train,14.40189,3.5937834
h_GDQ9_H1es.002,train,1.0560758,-19.37103
h_kjgcJ_bqU.002,train,0.44270015,-8.060019
h_kjgcJ_bqU.003,train,-1.8453324,-10.091971
h_kjgcJ_bqU.004,train,-4.833529,-7.6305585
h_kjgcJ_bqU.005,train,-4.4323487,-12.095121
haxhAfuccuE.000,train,13.801803,-6.9485626
hd2-msVu9-g.000,train,-11.063869,1.1428834
heE4ZZXwehI.002,train,5.5826297,16.929646
hfUH9Am-Izs.000,train,14.994359,-2.7569823
hhdoeK8SsiI.000,train,1.996942,0.2546529
hhdoeK8SsiI.001,train,8.64882,2.236419
hhdoeK8SsiI.002,train,3.5845912,2.260466
hhdoeK8SsiI.003,train,21.729311,9.611579
hhdoeK8SsiI.005,train,4.914351,5.031446
hhdzTOyFIo8.001,train,20.964075,2.4540527
hhdzTOyFIo8.002,train,18.085194,5.7532663
hhdzTOyFIo8.003,train,10.997184,1.8239803
hi8A0nUHnL8.003,train,15.095429,-8.154466
hl70w5drc_4.003,train,5.262641,-1.7223026
hmTY4CubpiE.002,train,8.728233,-7.406822
hmy9XEvT2v4.000,train,-4.2357783,-3.0927055
hmy9XEvT2v4.004,train,0.3097579,2.4786532
hnMp0eX28es.001,train,6.7625203,13.46705
hnWMsZEQWt4.001,train,-13.924487,1.7441915
hnWMsZEQWt4.003,train,-13.171993,3.4592342
hqe-8SMJGmc.003,train,-4.6657085,-0.014236572
hquzfo9MVDo.001,train,-11.987697,3.038621
hquzfo9MVDo.002,train,-7.0286922,4.9775147
hquzfo9MVDo.003,train,-10.487775,1.9360828
hrat_RJczFM.001,train,-4.813991,1.4676033
hrat_RJczFM.002,train,-6.4198227,-1.5127524
hrat_RJczFM.004,train,-6.458502,0.81949043
hsXn0N8bAYs.005,train,-0.39093432,7.3895497
hspeWl-Bip0.002,train,6.2605844,-12.254628
hspeWl-Bip0.003,train,11.017156,-7.2967167
hspeWl-Bip0.004,train,5.4036627,-5.344644
htH89DBizno.000,train,-3.6470323,3.388199
htH89DBizno.001,train,-1.9205502,1.4249314
htH89DBizno.002,train,1.7398959,-4.6377735
htH89DBizno.003,train,-2.6053774,-0.60158724
htH89DBizno.005,train,-5.353716,-0.20219882
huIQlWsIEvY.000,train,-5.073207,-0.89777964
huIQlWsIEvY.003,train,-9.31631,1.4669791
huIQlWsIEvY.004,train,-8.353971,-1.7998954
huIQlWsIEvY.005,train,-8.8048315,1.6246433
i1cAYtXA2Xs.002,train,-1.1611861,-4.6299443
i1cAYtXA2Xs.003,train,-1.6651385,-5.4658575
i1gouUmZumY.001,train,2.039686,4.331067
i1gouUmZumY.002,train,2.9293296,11.441567
i1gouUmZumY.003,train,3.3779871,7.6098204
i4IVTm3uvoM.000,train,-6.7423916,0.5526088
i4IVTm3uvoM.002,train,-8.5864525,-0.08774131
i4IVTm3uvoM.005,train,-9.254447,0.60412097
iAgu-wDe2MQ.000,train,-2.481043,-0.071334034
iAgu-wDe2MQ.002,train,-4.11859,-3.1619427
iAgu-wDe2MQ.003,train,-2.2956643,1.0917795
iFSF6v3xw_k.002,train,-4.5031643,-3.8973608
iFSF6v3xw_k.005,train,1.2441627,-3.4915655
iGBVrJMr62U.000,train,34.44147,8.673895
iGBVrJMr62U.002,train,36.40131,3.6223571
iGBVrJMr62U.003,train,34.257168,-2.9521563
iGBVrJMr62U.005,train,16.195776,-3.0271273
iGlLSkRAsJc.000,train,-1.8851881,-1.4383534
iGlLSkRAsJc.003,train,-1.310633,-5.872151
iGlLSkRAsJc.004,train,-3.4332929,-7.1537127
iGlLSkRAsJc.005,train,-2.4742012,-4.133718
iJGHwoJKEpA.002,train,-8.894126,-3.8130639
iJGHwoJKEpA.003,train,-11.285999,0.00900886
iL6lNdRS0ZU.000,train,0.12752105,-0.11506474
iOB65zCiOFM.001,train,3.5375206,8.561512
iOB65zCiOFM.003,train,2.3325167,12.63066
iOv0_RdVPCM.000,train,-2.0366442,-1.4337574
iOv0_RdVPCM.003,train,0.16508687,-0.59658927
iOv0_RdVPCM.005,train,2.733268,-2.3144398
iPblZBQpafs.001,train,-9.96398,8.015053
iPblZBQpafs.002,train,-11.671018,7.219072
iPblZBQpafs.003,train,-9.703206,7.4291124
iPblZBQpafs.004,train,-10.185579,8.932819
iPblZBQpafs.005,train,-11.343627,8.592729
iQvoDdxt06M.000,train,-7.639137,-12.769787
iQvoDdxt06M.003,train,-4.2271094,-13.361749
iQvoDdxt06M.005,train,-2.9501355,-10.489174
iW1t-ZiG2rc.000,train,-9.565348,2.745479
iW1t-ZiG2rc.001,train,-10.766109,1.3941815
iWyAQkMVNfM.003,train,26.701607,-6.862495
iWyAQkMVNfM.004,train,44.4462,7.8516617
iXaqqRE76lI.000,train,-9.851914,-4.8149843
iXaqqRE76lI.001,train,5.756061,5.110254
iXaqqRE76lI.003,train,-7.7780757,0.24347763
iYVJt41_q7M.002,train,-0.72101086,9.3899765
iaCYb7um0Lw.000,train,-1.4211756,0.18329483
ibawV2tqKug.001,train,-6.878335,7.809399
ibawV2tqKug.004,train,-9.759324,6.4970403
ibawV2tqKug.005,train,-8.23392,8.292883
ic_LECbCm5M.002,train,-5.6497965,-10.552134
ic_LECbCm5M.004,train,-5.937901,-12.471905
idsEawKW4X8.000,train,-2.9601104,-13.503873
idsEawKW4X8.004,train,-1.6047679,-16.706537
idsEawKW4X8.005,train,-0.6886274,-16.713015
ihA8DzHWyiU.001,train,7.9623547,-24.100878
ihEFzP5S57g.000,train,16.273247,-4.090835
ihEFzP5S57g.003,train,-1.3996702,-0.923789
iiW_nu6JITY.001,train,-4.5770183,1.190066
iiW_nu6JITY.002,train,-8.114462,0.35183954
iiW_nu6JITY.004,train,-6.2004685,-1.3414083
iiW_nu6JITY.005,train,-5.1997566,-3.9314883
ilOi-sQo9HI.001,train,-7.3358936,-0.26632705
ilOi-sQo9HI.005,train,-8.418076,-1.8931187
in-HuMgiDCE.001,train,-13.485685,6.3102283
in-HuMgiDCE.002,train,-11.328524,4.4219913
in-HuMgiDCE.003,train,-13.0225725,5.1146207
in-HuMgiDCE.004,train,-13.675816,6.2528367
io0aNQE8En8.000,train,21.24833,20.817112
io0aNQE8En8.002,train,1.0970187,8.881173
io0aNQE8En8.003,train,0.5080826,11.754645
io0aNQE8En8.005,train,-0.4914161,12.805906
io8dFIfl9Go.000,train,-9.84709,4.870871
ioaBnmfoHgo.000,train,-6.6740813,-4.7209635
ipP--IqIuWU.001,train,3.5771396,0.41989326
ipP--IqIuWU.002,train,5.2010245,1.1988536
ipP--IqIuWU.003,train,23.071774,1.0052394
iqs7mZbg5UI.001,train,-2.9011056,-2.3052082
iqs7mZbg5UI.005,train,-1.8157032,-3.9839263
isaP2l3rlBQ.001,train,-13.43417,5.245926
isqmQc9AfBc.000,train,-9.000946,3.404882
isqmQc9AfBc.001,train,-9.475852,3.7016363
isqmQc9AfBc.003,train,-8.984442,9.859019
isqmQc9AfBc.005,train,-11.351047,5.893162
iuiuZuWtEH8.001,train,10.4813,-3.6873987
ivcVlDXJCDo.000,train,4.930578,3.4235864
ivcVlDXJCDo.001,train,5.1618457,4.3160815
ivcVlDXJCDo.002,train,7.1105704,6.457442
ivecmGb711M.001,train,10.711868,8.601457
ivpw58MIRtQ.003,train,-1.50666,5.863478
ivpw58MIRtQ.005,train,2.3010375,7.5003257
ixPqs7L8oAE.003,train,-1.6631042,-10.194204
ixPqs7L8oAE.004,train,-5.578394,-11.701322
ixPqs7L8oAE.005,train,-0.35090008,-14.741464
ixkHBIX84SE.000,train,-6.906461,-8.188764
izq1ogkfedI.002,train,6.7062135,1.4021792
izq1ogkfedI.004,train,9.960901,1.9100804
izqyworQEEM.000,train,-3.8887324,0.9565626
izqyworQEEM.001,train,-9.22056,-0.17692503
izqyworQEEM.002,train,-3.4867966,0.15297623
j-XUQ3Rmq6w.001,train,1.8836323,15.389043
j-XUQ3Rmq6w.002,train,1.6409662,17.642187
j-XUQ3Rmq6w.003,train,1.0006716,14.638378
j-XUQ3Rmq6w.004,train,-1.7308465,11.597388
j-XUQ3Rmq6w.005,train,-0.25882527,12.585004
j0dnDXTyUBA.001,train,-4.752219,4.902423
j1idNSoB7tA.000,train,-8.148419,-0.1355144
j3jdT1V-DeI.000,train,-8.307166,-1.2708087
j3jdT1V-DeI.001,train,-5.0412803,-8.748605
j3jdT1V-DeI.002,train,-9.863177,-0.46640652
j3jdT1V-DeI.003,train,-3.5122182,-8.610619
j3jdT1V-DeI.004,train,-4.757962,-10.54355
j3jdT1V-DeI.005,train,-10.876798,-1.9828541
j5fXaXrNPoA.000,train,10.780235,3.487868
j5fXaXrNPoA.004,train,9.350382,-0.8071487
j5fXaXrNPoA.005,train,15.13076,-6.368738
j6d-KRDXnUI.001,train,1.1285456,4.1103587
j7VLzb0qw8Q.001,train,7.6634326,-5.626315
j7VLzb0qw8Q.004,train,5.949793,-15.68937
jDdRrqRcSzM.000,train,9.062256,3.256986
jDdRrqRcSzM.001,train,3.4576852,0.8027518
jDdRrqRcSzM.002,train,0.09750501,5.322062
jFx6AEw6viQ.002,train,-10.170423,2.9753673
jFx6AEw6viQ.004,train,-9.065714,2.747348
jFx6AEw6viQ.005,train,-11.405419,0.723129
jKHaHWuaU14.001,train,4.653971,1.3650897
jOTlJwOBSd4.002,train,-1.0868151,7.096219
jOTlJwOBSd4.003,train,-6.9556437,1.52729
jOTlJwOBSd4.004,train,-4.519242,4.366257
jOTlJwOBSd4.005,train,-3.5195513,6.2356863
jPpZkVzQywk.000,train,31.871384,22.220785
jPpZkVzQywk.001,train,16.295471,16.049858
jPpZkVzQywk.003,train,-11.351539,4.1242375
jQRFHBVs0dA.004,train,11.655299,-9.016248
jQRFHBVs0dA.005,train,17.330744,-14.318799
jSw-grsJCnE.000,train,15.789169,-4.309365
jSw-grsJCnE.003,train,14.398709,-16.68769
jTkEWnuDnbA.001,train,8.634604,-13.196964
jTkEWnuDnbA.002,train,7.618121,-9.279203
jTkEWnuDnbA.004,train,1.8816198,-7.1115932
jVGTEDAYWZ8.001,train,-2.438716,-8.438368
jVGTEDAYWZ8.003,train,11.552034,12.952078
jZDlFzVUZwY.001,train,-10.027821,-5.4266396
jZDlFzVUZwY.002,train,-7.695049,-6.0076084
jZDlFzVUZwY.003,train,-7.018957,-4.9398932
jZDlFzVUZwY.005,train,-6.600687,-6.2258873
jZhlaIUFMLc.000,train,4.6970243,-19.667065
jZhlaIUFMLc.001,train,7.1232743,-17.85309
jZhlaIUFMLc.003,train,10.8325405,-24.495497
jZhlaIUFMLc.004,train,3.5745995,-17.01418
jZhlaIUFMLc.005,train,3.432485,-18.402838
jZl3Rq1MRQg.000,train,25.505306,-7.7453938
jZl3Rq1MRQg.003,train,17.979464,-19.185848
jaWY130zc1U.001,train,-8.142865,-4.903626
jdli4DDP7XM.003,train,-4.1623926,-9.024365
jdli4DDP7XM.004,train,4.1166077,-10.173344
jdli4DDP7XM.005,train,-0.93283916,-10.882931
jgyDXrhO3n4.000,train,13.46025,16.885937
jgyDXrhO3n4.003,train,9.854899,14.151099
jjFzwsootdM.000,train,-2.8986826,-7.783796
jjFzwsootdM.004,train,-1.4837463,-5.235404
jlDYn537Pd0.001,train,5.434679,-6.722011
jlDYn537Pd0.002,train,7.3753853,-2.8345253
jlDYn537Pd0.004,train,1.6054958,-7.308885
jlHKgXrxCu8.000,train,-8.057759,0.7720394
jlHKgXrxCu8.004,train,-6.650284,-4.745815
jmbAPNTJ3Vk.002,train,12.309167,3.51696
jmbAPNTJ3Vk.003,train,-3.195788,-15.243712
jmbAPNTJ3Vk.005,train,-2.2161856,-14.993958
jnEHHvlBgxE.002,train,2.173334,-4.8257065
joOfhNyKRjE.004,train,1.2431661,-9.037739
jolhoLhAurM.001,train,6.614928,1.8561854
jolhoLhAurM.002,train,4.9185205,4.535953
jolhoLhAurM.004,train,3.7507339,0.83022463
jolhoLhAurM.005,train,9.272034,7.0155544
jpPZVmzleAo.001,train,-2.5397072,-8.938046
jpPZVmzleAo.002,train,-4.1950502,-6.5515504
jpRnHWTLDUs.003,train,-8.635501,-6.6202493
jpRnHWTLDUs.005,train,-9.171911,-5.729505
jpbz8CA4RvI.000,train,-10.017596,-7.2924256
jpbz8CA4RvI.004,train,-8.459797,-6.268522
jpyU48DzGTY.001,train,-12.185516,6.2279367
jpyU48DzGTY.002,train,-10.371912,5.4882503
jpyU48DzGTY.004,train,-9.191843,8.62621
jpyU48DzGTY.005,train,-9.628067,4.6959095
jq1dLOVUQJA.000,train,-0.6534952,6.671578
jrhvXPaXo-0.000,train,-8.309002,0.6608329
ju7N5w4XZ4A.000,train,-1.5559479,-4.2036815
ju7N5w4XZ4A.002,train,-1.9193819,-7.221249
jub-AHFTH_g.000,train,-7.4910035,-8.423148
jvHDFrgu9PA.005,train,-1.6292446,-14.549419
jwPTGuWAnSI.004,train,-5.155156,-4.138751
jwbHWwySJW8.004,train,-8.587243,-5.1771026
jwcSbw4NDn0.002,train,6.0304227,7.5778127
jwcSbw4NDn0.004,train,3.6662817,0.8339698
jwcSbw4NDn0.005,train,-2.7467086,-7.1153355
jxoOEkSq0uM.001,train,23.581465,10.009656
jxt1W2WRNHQ.000,train,-6.0439105,-4.2115
jxt1W2WRNHQ.002,train,-7.7809677,-6.409614
jxt1W2WRNHQ.003,train,-4.1088443,-2.9793096
jxt1W2WRNHQ.004,train,-4.4728913,-7.436531
jxt1W2WRNHQ.005,train,-4.545318,-3.5851393
jz9kgvYbBYA.003,train,-12.650205,-3.9039266
jz9kgvYbBYA.005,train,-10.321479,-4.659269
k1eXxMAfnIY.005,train,6.8304305,-17.905216
k2buv6xZ4_o.000,train,-12.4785595,7.5920877
k2buv6xZ4_o.001,train,-10.661317,5.9084425
k2buv6xZ4_o.003,train,-11.452962,6.3816056
k2buv6xZ4_o.004,train,-12.546205,5.028244
k2buv6xZ4_o.005,train,-12.735224,3.913015
k3iu-fhIkeI.000,train,-8.397818,-3.5612333
k3iu-fhIkeI.002,train,-8.234912,0.16608058
k3iu-fhIkeI.003,train,-8.770273,-2.4379885
k4QmzZuQl9s.003,train,0.7001765,5.18579
k4QmzZuQl9s.004,train,-4.182961,5.5564647
k4eeYoHtnnI.000,train,20.371288,9.427489
k4eeYoHtnnI.001,train,13.615405,3.090956
k4eeYoHtnnI.004,train,17.926907,2.6290927
k99PI3FGEj0.000,train,32.513123,9.829784
kAbMWBsPKR4.000,train,1.0598681,1.3219887
kAbMWBsPKR4.002,train,-0.32439873,-1.4970117
kAjPHyfol4w.001,train,-6.8101454,-5.739173
kAjPHyfol4w.004,train,-2.1954644,-8.670187
kAjvzIWWrWA.002,train,7.899199,3.3777587
kAjvzIWWrWA.003,train,14.488158,2.9363244
kAjvzIWWrWA.005,train,10.3574095,5.1627455
kDInh1O8p5w.005,train,13.872534,5.3599834
kDJigDGDJTo.000,train,-10.606003,5.951133
kDJigDGDJTo.001,train,-5.964026,5.076873
kDJigDGDJTo.003,train,-10.852769,6.444758
kDJigDGDJTo.005,train,-4.537812,2.7832553
kDP6_hiBR0o.002,train,4.2679505,1.321474
kDP6_hiBR0o.003,train,12.620832,5.3069453
kDP6_hiBR0o.005,train,4.061395,2.3739803
kDXYolv-8p8.000,train,18.958311,-1.511902
kDXYolv-8p8.002,train,14.147801,1.5920986
kDXYolv-8p8.003,train,13.064541,1.5862082
kDXYolv-8p8.005,train,14.512931,-1.9489491
kFak4VnRnRM.001,train,6.9353375,-9.837254
kFak4VnRnRM.004,train,2.4935765,-14.174066
kFak4VnRnRM.005,train,4.6871667,-14.832202
kHK5PkwJS7Y.003,train,13.653097,11.285041
kJLeYUobR0M.001,train,-4.23821,3.2769442
kK4QL7pOrhs.002,train,22.038065,-8.821774
kK4QL7pOrhs.003,train,11.820179,-9.500455
kK534gUcRF4.004,train,10.151554,-1.5619849
kKRc2aXzQyM.002,train,-9.637646,-2.1471224
kKRc2aXzQyM.004,train,-10.997043,1.2842696
kL-CeaXG9jM.000,train,-9.982057,6.56437
kL-CeaXG9jM.001,train,-12.621178,7.6001487
kL-CeaXG9jM.002,train,-12.597435,7.2163568
kL-CeaXG9jM.004,train,-7.869836,10.317002
kN9cs2nFhM4.002,train,3.2083547,-20.159132
kN9cs2nFhM4.003,train,0.98299795,-15.8171215
kN9cs2nFhM4.004,train,-1.455516,-15.168201
kN9cs2nFhM4.005,train,-1.0636253,-14.106811
kN_bFMVnfzY.001,train,-9.670919,-0.18822603
kPJzHs5jclg.001,train,4.872053,3.9814892
kPXVZD3ac8s.005,train,-1.600017,4.2677703
kPife9TY9Pw.000,train,3.3359265,-1.5399553
kQ8HhrysfaA.003,train,11.293291,3.4932868
kQ8HhrysfaA.005,train,2.6158073,5.3890676
kSk-rf7a1Ig.000,train,0.75423294,-17.243793
kSk-rf7a1Ig.001,train,-1.7161133,-16.63221
kSk-rf7a1Ig.003,train,-0.18509269,-14.46808
kUpkeJDcxaE.000,train,4.6576214,-14.055814
kUpkeJDcxaE.002,train,5.0239854,-12.764327
kUpkeJDcxaE.003,train,-0.8089077,-13.885533
kUv0BJQmKq0.000,train,-5.2096295,-13.603617
kUv0BJQmKq0.001,train,-4.6957474,-14.762593
kUv0BJQmKq0.002,train,-3.0008225,-18.201384
kUv0BJQmKq0.003,train,-4.5774584,-14.424336
kV7MFI2_ddo.000,train,-9.351551,-4.668599
kV7MFI2_ddo.002,train,-7.9615602,-5.591299
kV7MFI2_ddo.005,train,-8.072031,-1.3866712
kX-o1qmgWvc.002,train,6.2566495,17.536268
kX-o1qmgWvc.004,train,0.8823933,13.245066
kY_4WyAXxrQ.000,train,6.69821,-2.3786223
kY_4WyAXxrQ.003,train,12.076992,-0.045390863
kY_4WyAXxrQ.004,train,2.7714221,-0.014126294
kare8QF7vrE.000,train,3.620606,-1.4838356
kcHvO5ins50.002,train,-5.2370853,10.092801
kcHvO5ins50.003,train,-1.805068,7.825463
kdPRPO3wgg0.000,train,-9.161036,2.0247014
kdPRPO3wgg0.001,train,-10.496158,4.4509163
kdPRPO3wgg0.004,train,-10.576447,4.9568024
keGXYAcUXmA.001,train,-6.1832085,3.5805683
keGXYAcUXmA.002,train,-8.330763,0.24490564
keGXYAcUXmA.005,train,-9.876546,1.0088209
keW8-eSiQ70.003,train,14.40398,-6.8896494
khCsAN1Bk_I.000,train,36.908875,-4.8209043
khCsAN1Bk_I.001,train,39.118946,-6.3060584
khCsAN1Bk_I.002,train,43.524597,-7.687529
kmV6Qtv0amA.001,train,12.178766,-12.1498165
kmV6Qtv0amA.003,train,1.3988304,-15.80197
kmV6Qtv0amA.005,train,20.552485,-11.681041
kn6I8LdQFN0.004,train,20.251923,-0.40214714
knK0zyX8bS4.004,train,-5.057823,-11.024322
knpgk7LAMb0.000,train,6.9253488,0.8753107
knpgk7LAMb0.002,train,18.33324,8.486463
knpgk7LAMb0.005,train,15.555809,10.447982
kp3c66Igyr8.001,train,6.0308414,3.6491213
kp3c66Igyr8.002,train,11.741961,5.4250937
kp3c66Igyr8.004,train,16.066898,5.1706376
kp3c66Igyr8.005,train,15.896974,5.3278084
kppgmuWEv-A.000,train,-7.465112,-0.4780928
kppgmuWEv-A.001,train,-1.5554032,1.0810269
kppgmuWEv-A.003,train,-9.923127,4.698891
kppgmuWEv-A.004,train,-7.8685584,5.5899696
kppgmuWEv-A.005,train,-4.32838,8.109161
krTAAqQ8_A8.005,train,7.0777726,6.915338
ksCoS_ghDfM.000,train,1.7247126,-22.54409
ksCoS_ghDfM.002,train,-2.3688443,-20.181253
kwcpINU9LLk.001,train,4.314916,5.340153
kwcpINU9LLk.004,train,-4.233592,2.8277845
kxlqIrk0WnY.002,train,-1.9793658,-8.017654
kyq-X4IFMtw.001,train,0.13837399,-9.962671
kzDQXSGGomg.002,train,16.985586,-10.0530405
kzDQXSGGomg.004,train,17.944653,-6.0462465
kzDQXSGGomg.005,train,15.752669,-8.147114
l-WgXcGLdZk.002,train,7.991207,6.17529
l-WgXcGLdZk.003,train,1.3566791,-1.6723298
l-WgXcGLdZk.004,train,14.403324,3.3018475
l-WgXcGLdZk.005,train,8.887688,2.3164463
l0qApUuiDjo.005,train,-3.5811515,6.147981
l1L61qbiV2U.001,train,-6.980428,1.9643556
l1V-DuJ-WgU.000,train,27.353325,-5.4449244
l1V-DuJ-WgU.002,train,19.490807,-7.127471
l1V-DuJ-WgU.004,train,31.716915,-6.6909294
l2YS_qsF7SQ.004,train,2.8981566,7.473858
l3IoZ_QmOQo.001,train,-7.805253,-1.9909937
l3IoZ_QmOQo.004,train,-5.3596935,-4.9439898
l3MXBCviqE8.004,train,-5.1664805,4.9225082
l3RE0rN7oEg.001,train,-6.209864,-7.4337916
l3RE0rN7oEg.003,train,-9.239409,-7.0142503
l7U3YDIOE_s.000,train,12.134605,8.152519
l7U3YDIOE_s.003,train,9.147373,6.264435
l8weBJSCHbA.000,train,1.7807966,-0.03053698
l8weBJSCHbA.001,train,5.635081,0.41629854
l8weBJSCHbA.002,train,16.692505,4.199061
l8weBJSCHbA.003,train,7.3831105,-1.2601691
l8weBJSCHbA.005,train,1.4333512,1.4599892
lAJWoIcgXlU.000,train,-8.185689,-7.517001
lAJWoIcgXlU.001,train,-6.2811327,-12.001565
lAy2z5PN80E.000,train,-7.973953,0.5286914
lAy2z5PN80E.001,train,-10.722855,-2.3948996
lCWWjATDrRM.003,train,-5.936709,-11.132111
lErjGxBb1Bk.002,train,-1.9799364,-9.907838
lErjGxBb1Bk.004,train,0.06880894,-8.7446995
lGIHEaCvWEA.000,train,2.223325,-6.848319
lK1HFH7j93c.000,train,4.8407993,-15.39929
lKePJbjYiy0.000,train,-3.1252093,-3.0457525
lKePJbjYiy0.002,train,-8.697784,-3.2973661
lLKwlPLdYig.000,train,-0.3291397,-10.753331
lLKwlPLdYig.001,train,-3.6059551,-12.162287
lLObIVKYDUI.000,train,-1.6298888,0.48904848
lLObIVKYDUI.004,train,3.0849822,0.9132401
lLObIVKYDUI.005,train,-6.9942584,2.3142889
lLWOcztaIBI.000,train,-11.943004,5.3825765
lLWOcztaIBI.001,train,-12.402286,2.9073095
lLWOcztaIBI.002,train,-12.407143,4.5155196
lLWOcztaIBI.003,train,-8.284089,4.367896
lLWOcztaIBI.004,train,-11.145465,4.9034686
lNY0BdE4NqY.000,train,20.917307,-10.831843
lNY0BdE4NqY.004,train,21.417664,-1.6006231
lNaZ4aJaiBU.000,train,2.4873128,9.376592
lWz3uSk1qms.000,train,-12.344508,0.34730622
laPGbkC87us.004,train,7.9464417,-7.073241
ld7mBR4v3yU.001,train,-5.3506293,5.061709
ld7mBR4v3yU.002,train,-4.756852,6.7910624
ldq15dfuaLg.001,train,-6.637025,-3.561241
leslBYwG8kc.002,train,28.542395,1.8203663
liRQoL7SsPw.001,train,-5.6249576,-2.2349107
lkdQjIunxSE.000,train,0.53381276,-12.572017
lkdQjIunxSE.002,train,0.57261497,-3.9536054
lkdQjIunxSE.003,train,2.2742167,-10.691372
lkeXyB-3Gs0.001,train,-1.5294011,2.5084488
ll_chn4R32Y.000,train,6.6396165,-1.6437378
lmz3nj1VLzY.003,train,-5.2043333,2.6472998
lnawWqnGpMc.000,train,-4.573314,-2.3503268
lnawWqnGpMc.002,train,-1.3099731,3.3240774
lnawWqnGpMc.004,train,1.1873792,-0.007639135
lnawWqnGpMc.005,train,12.546709,6.5405116
lsVwEApsljU.003,train,8.631634,-1.6004783
lsVwEApsljU.005,train,-0.3435027,-4.2782626
lsXw8u4QXIU.001,train,-9.454357,0.5107433
luH2RoZW-eY.001,train,19.305431,10.419982
luH2RoZW-eY.003,train,45.44272,12.578983
lvae9lRUugE.000,train,-0.34820625,-9.741783
lvae9lRUugE.003,train,-1.6187527,-5.65871
lvae9lRUugE.004,train,0.062915325,-3.526709
lvae9lRUugE.005,train,-1.9885352,-9.79795
lx6A8s_Ega8.000,train,9.177318,2.0576653
lx6A8s_Ega8.003,train,9.635725,2.128391
lxnV9X8T2Zc.000,train,-7.927648,4.187406
lxnV9X8T2Zc.003,train,-9.507352,2.311934
lxnV9X8T2Zc.004,train,-8.391589,3.145087
lyZZSU1ziCQ.001,train,1.1987449,-0.4322491
lyZZSU1ziCQ.002,train,1.8724768,5.2244706
lyZZSU1ziCQ.003,train,-1.9738082,-0.44191697
lyZZSU1ziCQ.005,train,1.4882293,5.849559
ly_0m16694Q.000,train,-5.5363946,6.193646
ly_0m16694Q.003,train,-4.2785215,5.5082703
lyznxF-Pj6g.001,train,-1.968718,-9.02357
m04e9ylCoK0.000,train,-4.8674507,4.477494
m04e9ylCoK0.003,train,-11.340228,-0.39176437
m0iznoJi8hw.001,train,-8.176456,-3.199116
m0iznoJi8hw.002,train,-8.199709,-0.9513779
m0iznoJi8hw.003,train,-8.404202,-2.8499851
m0tNIKbEwHE.003,train,-7.6760335,1.0138669
m0tNIKbEwHE.004,train,-9.329952,-4.262077
m2uxFfpb5xU.001,train,-5.376052,-4.1472764
m2uxFfpb5xU.005,train,-6.191953,-3.0954216
m3z_a0l0FRk.000,train,7.408062,4.17497
m3z_a0l0FRk.002,train,24.153254,8.642005
m4-vvEeWP8s.000,train,12.898213,3.4223316
m4-vvEeWP8s.001,train,15.495047,3.2285242
m4-vvEeWP8s.002,train,15.480839,0.7024337
m4KKYcD6CZw.002,train,19.146133,-3.3198254
m4KKYcD6CZw.003,train,5.8666987,-3.0678346
m4ZmRZCv6VA.005,train,3.9516182,-5.079455
m536hegSuKI.002,train,17.98582,-7.431095
m536hegSuKI.004,train,33.685417,-0.552282
m5kTITzj1bY.001,train,-6.463103,0.82967675
m5kTITzj1bY.005,train,-5.459391,-1.170526
m6JOFpKvkE0.001,train,20.223925,-10.217467
m7zdWVDT-34.001,train,-7.1322155,-6.7122564
m7zdWVDT-34.002,train,-8.111118,-3.607711
m7zdWVDT-34.004,train,-8.204687,-6.5612154
m7zdWVDT-34.005,train,-7.847891,-4.178752
mBJTwQsDC4M.002,train,-6.3141694,-7.997147
mBJTwQsDC4M.003,train,-8.202451,-8.591951
mBdVuEXRlfQ.000,train,-7.155711,-8.826272
mBdVuEXRlfQ.001,train,-5.2475514,-8.080528
mEQBB6XsJFk.001,train,-6.5433598,-13.802173
mEQBB6XsJFk.005,train,-7.377441,-10.393992
mFz5Fbs97QA.002,train,-3.8991587,-1.631171
mFz5Fbs97QA.003,train,-6.0532765,-0.13923272
mGWS0Akp08E.000,train,9.330345,-12.852281
mGWS0Akp08E.001,train,7.956268,-17.209116
mIQnQ8Nmj-c.001,train,15.412008,12.04743
mIQnQ8Nmj-c.005,train,24.086643,6.929261
mIcktEhNxRo.003,train,34.599094,-4.4296393
mIxTz3tOgmQ.000,train,-2.3458138,14.138347
mK8ebTJyrCI.002,train,-2.5807076,9.079622
mKWscEow1U8.000,train,-4.620549,5.3771763
mKWscEow1U8.002,train,0.62775683,3.872906
mKsGK9nCTxw.000,train,18.031025,0.94079846
mKsGK9nCTxw.001,train,23.886213,4.648083
mLZw7Hf8AYI.004,train,3.1794062,0.4060943
mM6QbrCrdLo.000,train,-0.263269,5.016624
mMNjlGNWsZA.001,train,-3.744005,8.055256
mQTBqDY71dU.002,train,0.5496373,-1.2736025
mQpNe8f5xA8.003,train,-5.7519283,-4.310681
mRKGI6hq4UU.003,train,-4.7020926,-13.581676
mRKGI6hq4UU.004,train,-0.20571437,-12.438475
mRfkHyx__4w.000,train,3.9745405,-3.1793199
mXaI17Dx7u0.000,train,-1.1986616,-1.3574847
mXaI17Dx7u0.001,train,13.085706,-0.68768567
mXaI17Dx7u0.003,train,6.508042,8.349592
mXgUV0o6a20.000,train,20.23913,2.4501975
mXgUV0o6a20.001,train,16.647429,3.868471
mY1ZTvNVkSA.002,train,13.2417,-2.1625295
mY1ZTvNVkSA.003,train,10.754064,3.463604
mY1ZTvNVkSA.005,train,2.4563992,-6.1010027
mZ2CHgzwDt0.000,train,2.8936412,7.6530895
mZ2CHgzwDt0.001,train,-4.8312182,3.7668624
mZ2CHgzwDt0.002,train,-4.747559,3.1687937
mZ2CHgzwDt0.003,train,-1.7409394,4.236385
mZ3vypXAfHg.000,train,-10.123431,-0.61637133
mZ3vypXAfHg.003,train,-10.086887,-2.1104321
mZQP06F94u8.003,train,25.753174,14.279774
mZQP06F94u8.004,train,24.919321,11.72458
mZzWhUI0CP0.005,train,-7.6625686,-5.2588525
m_2k0dL8CRM.001,train,-8.2663965,-4.4397326
m_9aygJNij8.004,train,24.951632,7.673315
maDObxiOQRo.000,train,8.998546,-4.0971975
maDObxiOQRo.003,train,9.216692,-5.240915
mcxi2vtevb4.000,train,9.978186,1.431632
me15sHPOjKo.002,train,-3.3901088,8.4788885
me15sHPOjKo.005,train,-6.3570786,7.8640475
me5UoRny6NU.005,train,0.4638819,-5.5659986
merppcmY6y0.000,train,10.294539,15.705322
merppcmY6y0.002,train,-1.69905,11.398596
merppcmY6y0.003,train,-4.792741,10.296554
merppcmY6y0.004,train,5.5747404,11.808464
mf0LqiLJYr0.001,train,19.131956,0.5386292
mfGhtr0zy3k.001,train,-11.867588,1.076399
mfGhtr0zy3k.002,train,-12.194966,-0.49409756
mflgXFsGU9w.000,train,-13.6162405,6.4836717
mflgXFsGU9w.002,train,-10.657579,4.4369435
mflgXFsGU9w.003,train,-12.701295,5.4696894
mflgXFsGU9w.004,train,-11.614775,4.7459307
mhF4kYTlVUE.000,train,-4.4970417,-1.0994408
mhF4kYTlVUE.001,train,-1.3024161,1.1284287
mhF4kYTlVUE.002,train,4.242933,9.248329
mhF4kYTlVUE.003,train,-2.4506595,1.9460837
mhF4kYTlVUE.004,train,-4.979615,2.6310003
mhvkJjOAjYI.004,train,-8.751259,3.5735857
mhvkJjOAjYI.005,train,-8.096425,1.2346162
mkJjaOADfj4.001,train,11.2384,-18.188656
mkJjaOADfj4.002,train,-1.3839095,-16.870815
mkJjaOADfj4.003,train,2.3121037,-24.052643
mkJjaOADfj4.005,train,8.563314,-19.111702
mkWfG-4vvGc.000,train,-3.2635698,3.247148
mkWfG-4vvGc.003,train,0.42874795,4.7250896
mkWfG-4vvGc.004,train,8.298851,5.6504755
mlXZQ8dO0nQ.004,train,5.9345965,-18.88986
mlXZQ8dO0nQ.005,train,-0.90505415,-16.480043
mlsiYewUwO0.002,train,6.681835,-22.993952
mlsiYewUwO0.003,train,9.490112,-25.03024
mlsiYewUwO0.005,train,5.2984943,-21.261211
mmTbHy5iftA.002,train,0.0054997066,-9.595616
mnRuiwFx_Z8.000,train,40.546688,11.972106
mnRuiwFx_Z8.002,train,16.138031,5.9008656
mnRuiwFx_Z8.005,train,27.241142,10.781302
modNfUPt3F4.000,train,-3.6929777,2.1440253
modNfUPt3F4.005,train,-1.5475647,4.9358864
mpXOSY5dW7c.000,train,-7.928426,-0.2647119
mpXOSY5dW7c.002,train,-6.4833064,-2.3562996
mpXOSY5dW7c.004,train,-10.572877,4.082471
mpXOSY5dW7c.005,train,-7.2768197,2.6440148
mpk5Ubw2fj8.000,train,-3.337632,-3.8925695
mpk5Ubw2fj8.004,train,-9.335249,-1.2851901
mq9NNKmKYdk.000,train,-11.139772,-4.7996507
mq9NNKmKYdk.003,train,-7.770063,-5.617449
mq9NNKmKYdk.004,train,-6.868823,-5.2302732
mq9NNKmKYdk.005,train,-12.9305,-3.6543612
mqDv8688ztg.004,train,5.3092165,8.74557
muKwyr-hrkc.001,train,0.23333658,6.331827
muLgzV1gGao.001,train,17.032883,6.315419
muLgzV1gGao.004,train,5.5204983,6.2532835
muLgzV1gGao.005,train,21.15315,12.70222
mxLRr3YqgMU.000,train,-11.831368,5.6781816
mxLRr3YqgMU.001,train,-10.880617,5.954713
mxLRr3YqgMU.004,train,-12.134999,5.900548
myhEW1aZRg4.000,train,-3.9100473,1.3382369
n0acEDmc0mA.000,train,-8.730318,3.1688673
n2BuwHbdilY.002,train,5.745368,-7.4020114
n4NkVZ1_dfk.000,train,15.348607,12.756834
n4NkVZ1_dfk.003,train,19.84495,14.536739
n4NkVZ1_dfk.004,train,15.719237,11.655019
n4NkVZ1_dfk.005,train,22.454073,14.7831955
n5Jeeqfj2_U.000,train,-12.689969,2.8072205
n5Jeeqfj2_U.005,train,-13.112362,-1.945133
n6JNJurop2U.000,train,-7.86024,-1.9140061
n6JNJurop2U.003,train,-7.5074296,-1.0047944
n8IiQJyqjiE.000,train,-7.840342,2.4811785
n8IiQJyqjiE.001,train,-9.405136,1.5995075
n8IiQJyqjiE.003,train,-8.762399,3.6827304
n8IiQJyqjiE.004,train,-3.1049986,5.4288793
nB-fPmvZg3U.005,train,11.989905,10.565777
nBjBfN9SbpM.001,train,4.103838,9.295499
nBjBfN9SbpM.002,train,7.2379317,12.497773
nBjBfN9SbpM.003,train,-1.0695797,9.4423485
nBjBfN9SbpM.004,train,2.5573316,14.347244
nBjBfN9SbpM.005,train,-1.3028213,8.663161
nCWEEoJfjgE.000,train,-8.569808,-4.388271
nCWEEoJfjgE.002,train,1.8789744,-3.1050487
nCWEEoJfjgE.004,train,-7.8140974,-3.1519356
nCWEEoJfjgE.005,train,-5.182228,-4.2578874
nCc8XfmSvf8.001,train,9.53989,-0.8858991
nClvfVFYzbM.000,train,-8.780668,1.1129469
nClvfVFYzbM.003,train,-7.568411,-1.8769954
nClvfVFYzbM.005,train,-3.5418627,1.8490837
nDcl8Jo2tYg.002,train,3.8061936,-0.44624382
nDsTSmE73M0.000,train,-0.88440835,-6.2237372
nDsTSmE73M0.005,train,-6.1340346,-4.6810308
nEm44UpCKmA.000,train,-4.8910604,-10.753277
nFP7EEgz0Xg.002,train,7.1545386,17.476902
nGGtTu6dSJE.000,train,-2.290733,4.7669163
nGe8dIc-ecc.000,train,3.3877256,-22.943533
nGe8dIc-ecc.002,train,-0.23620914,-24.44951
nGe8dIc-ecc.003,train,3.6028209,-21.085688
nGe8dIc-ecc.005,train,0.6409558,-24.212748
nI6qUE8N8hk.000,train,-9.688004,1.8989218
nIwFocnmRFY.000,train,-8.965837,-2.9968176
nIwFocnmRFY.003,train,-5.1935787,-3.1266139
nKLhatlbqEw.000,train,-7.8279314,-9.12858
nKLhatlbqEw.001,train,-7.9247565,-8.058728
nKLhatlbqEw.002,train,-7.445368,-9.023734
nKLhatlbqEw.005,train,-8.236622,-9.6603365
nKx64KH7Xks.001,train,0.73879474,-1.4028909
nKx64KH7Xks.002,train,4.5483093,-2.1230552
nKx64KH7Xks.003,train,-0.57838726,-6.7507725
nKx64KH7Xks.004,train,9.900578,-1.4912474
nKx64KH7Xks.005,train,2.22862,-2.2169278
nLB29nx1Jp4.001,train,2.0176387,-10.665361
nLuAoNAOGcQ.000,train,-5.8115726,-8.672332
nOCSTnpB_F4.001,train,-1.2926276,-5.5857368
nOCSTnpB_F4.002,train,-0.85191625,-5.778793
nOFHZ_s7Et4.001,train,-3.6362586,-6.372831
nOFHZ_s7Et4.005,train,-6.050188,-4.296762
nQtiqrceBhg.001,train,4.067567,5.770961
nQtiqrceBhg.003,train,14.925544,12.42876
nQxTTYWy7pA.001,train,-9.6681795,-0.5788998
nQxTTYWy7pA.002,train,-12.609545,4.9194465
nR0h3WFbPfA.000,train,-2.5406597,-0.2724305
nR0h3WFbPfA.001,train,-8.459327,-0.6778925
nR0h3WFbPfA.003,train,-6.0600576,1.4991447
nR0h3WFbPfA.004,train,-5.200148,2.4323604
nUazOUcW_AM.004,train,-7.3271503,-10.88823
nUazOUcW_AM.005,train,-8.636094,-6.959551
nUbhRInpVbA.001,train,-2.3851395,-2.1273913
nUbhRInpVbA.004,train,2.7347147,-5.02849
nUbhRInpVbA.005,train,6.9911594,-4.051964
nZC82V87Pm0.002,train,-10.755287,6.062874
nZC82V87Pm0.004,train,-12.076782,3.1894732
nZC82V87Pm0.005,train,-11.330427,3.269242
nZz1hK90gwA.002,train,43.550335,3.3646634
nZz1hK90gwA.003,train,39.341747,-1.6469051
nZz1hK90gwA.004,train,30.605083,-4.441812
n_4vw3RKaog.002,train,9.537956,13.196764
naAGy30bnwA.000,train,14.767276,3.4745042
naAGy30bnwA.005,train,18.605043,11.522868
ncmnmmmWEpU.000,train,3.9928641,-5.59703
ncmnmmmWEpU.004,train,0.58142066,-2.4433339
ncmnmmmWEpU.005,train,-3.9655888,-3.587405
ndLtwmvPpr8.000,train,-5.2332287,-9.268042
ndLtwmvPpr8.003,train,-7.6282425,-6.9075065
nex61B854Ms.003,train,15.049828,12.506553
nex61B854Ms.004,train,14.812928,12.145946
nex61B854Ms.005,train,13.060882,11.956536
nfEhF5GBQpo.000,train,-4.2074094,7.510843
nfN9qJSVank.000,train,-0.825473,-1.0517014
nfN9qJSVank.002,train,-2.693164,1.6096755
nfN9qJSVank.003,train,2.6446557,2.3748434
nfN9qJSVank.004,train,-2.819445,0.9886409
nfN9qJSVank.005,train,2.2499576,6.1447096
ng42eoHytOA.001,train,-9.467559,6.5576715
ng42eoHytOA.002,train,-4.521587,3.4319024
ng42eoHytOA.003,train,-12.310828,6.6084266
ng42eoHytOA.005,train,-7.395154,7.454554
nghDz0el8iI.000,train,0.54514784,-4.7604322
nghDz0el8iI.001,train,0.8918778,-2.030964
niWi1hcuSmo.005,train,25.970701,10.556548
nkmYbzMmrYw.001,train,4.949267,-6.931272
nkmYbzMmrYw.003,train,3.913822,-8.695968
nkmYbzMmrYw.004,train,1.9458818,-15.925919
nlIrqbcvqLk.001,train,-11.52875,1.2223985
nmZRXxKPPuQ.002,train,-6.8313394,0.2489078
nmZRXxKPPuQ.005,train,-6.5559382,-3.128233
nndDX4RgU1w.000,train,-9.18144,-1.7638719
noepjVnUVFY.000,train,23.434158,2.8126688
noepjVnUVFY.001,train,15.185991,4.8876266
nskJh7v6v1U.002,train,6.858907,-18.30534
nskJh7v6v1U.004,train,-2.2154512,-12.491636
nskJh7v6v1U.005,train,0.8400671,-16.141134
nvlqJbHk_Lc.000,train,9.314274,-3.3789005
o-fNF5QVMNo.004,train,12.290038,-10.659257
o-fNF5QVMNo.005,train,10.79763,-11.138607
o0zIPrIQY4o.005,train,-9.171072,2.4017432
o1mTIo1vPas.000,train,6.646501,4.7307734
o2iolmvadac.002,train,-8.329024,2.0557678
o2lu6rkd5-Y.001,train,14.019535,-8.174874
o2lu6rkd5-Y.004,train,0.87019783,-4.7612877
o2wtRccAgjE.003,train,-0.2522446,-6.287993
o5eCmKiomvo.001,train,-9.055558,4.118995
o5eCmKiomvo.002,train,-12.260636,3.658236
o6JCQlOC3oE.002,train,-9.187411,9.197871
o7J2fWIJndQ.005,train,1.435675,-2.737322
oANKg9_grdA.004,train,9.962218,-4.603923
oBE9f5xD9rk.000,train,-8.049999,0.6009906
oBE9f5xD9rk.002,train,-9.773105,-6.550457
oBE9f5xD9rk.004,train,-11.853677,-2.375032
oBE9f5xD9rk.005,train,-8.060444,-2.5202131
oC-qxnrmJws.000,train,-6.2579594,-0.84834766
oC-qxnrmJws.002,train,-8.7755375,-6.6414857
oC-qxnrmJws.003,train,-7.728244,-6.4028654
oC-qxnrmJws.005,train,-10.44655,-2.8157656
oCN_9daCssU.002,train,-2.0717108,-4.415783
oCb9DK3M1DU.000,train,3.0647986,8.362134
oCb9DK3M1DU.001,train,-9.310869,2.758924
oCb9DK3M1DU.002,train,-1.053098,9.749149
oCb9DK3M1DU.003,train,-7.327555,3.764101
oCb9DK3M1DU.004,train,-5.032997,6.374028
oCb9DK3M1DU.005,train,0.266042,8.049978
oDOoG0vX-7U.005,train,21.268867,-10.378424
oG84VxrGfj0.001,train,17.246052,6.200823
oGa05H9UXxU.002,train,7.15323,6.8636293
oGa05H9UXxU.004,train,8.680721,-2.416833
oHudDVcT5Lg.002,train,-2.3598545,-7.0633464
oHudDVcT5Lg.004,train,0.000869182,-7.548951
oHudDVcT5Lg.005,train,-1.829825,-3.599995
oJPdfhG4hT0.001,train,6.086783,-13.947853
oJPdfhG4hT0.002,train,7.5153055,-10.385433
oLO05QNhhGg.000,train,-3.2874959,-0.5023358
oLO05QNhhGg.001,train,-5.7465415,0.9734096
oLO05QNhhGg.002,train,-1.2564001,2.8048215
oLO05QNhhGg.003,train,1.8290625,-0.7274738
oLO05QNhhGg.004,train,-2.973177,-1.4785738
oLO05QNhhGg.005,train,-2.141733,3.2760596
oQOvtrP52As.002,train,26.045523,-3.4748569
oU7zAWm_01o.000,train,-12.454179,0.69851685
oU7zAWm_01o.002,train,-11.064095,-1.9606397
oU7zAWm_01o.003,train,-13.546058,-1.2776425
oU7zAWm_01o.004,train,-13.8032465,2.160773
oVSMxtPpQ0M.002,train,-2.691427,-2.5715694
oVSMxtPpQ0M.003,train,-1.473583,-5.830199
oVSMxtPpQ0M.005,train,-6.2470784,-1.1676702
oWDh03tstic.002,train,12.464428,4.965687
oXRhk1PUPcQ.002,train,-4.065656,7.7833786
oYhWw97JYyU.000,train,-7.906814,5.8803115
oYhWw97JYyU.001,train,-11.443006,1.8650455
oYiWW-Qc0rs.000,train,1.9120438,-15.978874
oYiWW-Qc0rs.001,train,7.432806,-19.310024
oYiWW-Qc0rs.002,train,13.607704,-11.730399
oYiWW-Qc0rs.005,train,7.521081,-15.672899
o_kTWEEjtyw.001,train,-3.9342563,7.3598204
o_kTWEEjtyw.003,train,-7.537635,7.795946
o_kTWEEjtyw.005,train,-2.6884704,9.124915
obr7ktzX8w8.001,train,37.964108,-0.80669695
obr7ktzX8w8.003,train,30.08535,-2.0994735
obr7ktzX8w8.004,train,40.828186,0.56650835
odHogR_36Dc.000,train,6.540142,3.5392866
odHogR_36Dc.002,train,9.692089,2.2338054
odHogR_36Dc.003,train,7.317804,3.2684133
odRqijkG28U.000,train,3.7564967,-21.695107
odRqijkG28U.001,train,6.056266,-22.070658
odRqijkG28U.004,train,6.757049,-24.66246
oe1PZxExhzc.001,train,-5.460924,-6.4536777
oe1PZxExhzc.003,train,-2.8696835,-4.1697164
oe6q_ZByIxQ.000,train,60.21838,4.6056595
og8vtyRh_bc.000,train,22.758125,-7.808975
og8vtyRh_bc.001,train,13.478191,-14.627316
og8vtyRh_bc.003,train,18.628445,-14.154013
ogSLrHVeqLI.003,train,-3.6877203,-12.097172
okSmKH2k5lE.002,train,-9.152441,7.6280336
okdZnQbLnf8.001,train,-7.643202,-4.9255395
okdZnQbLnf8.002,train,-10.160482,-2.670234
okdZnQbLnf8.004,train,-7.7830477,-4.2052326
okl467xvgOw.001,train,-3.9954739,0.8528489
om-9kFEKJIs.000,train,-11.769964,5.819154
om-9kFEKJIs.001,train,-12.868415,5.7993712
om-9kFEKJIs.004,train,-11.296409,5.722751
omQ5CGXJKS8.001,train,-10.523813,-4.034353
omQ5CGXJKS8.002,train,3.8464427,-6.542166
omeHsKF7InA.000,train,-5.9755244,-4.503525
omeHsKF7InA.001,train,-0.85050696,-3.4020345
onbyz01BC_Y.003,train,0.5393079,4.92008
opEoJBrcmbI.001,train,-10.251202,10.917485
opEoJBrcmbI.002,train,-13.204051,6.9358044
opEoJBrcmbI.003,train,-12.05176,8.168664
opEoJBrcmbI.005,train,-8.192601,10.656814
opqoflph5ZE.004,train,7.8420587,-8.71995
opyTSeVCYtE.002,train,12.8754,9.499056
opyTSeVCYtE.003,train,-1.0182053,3.450604
opyTSeVCYtE.005,train,-2.6434643,3.2346036
oqXx6ipHfUE.000,train,4.756284,-1.996936
oqXx6ipHfUE.005,train,4.7131166,-4.4594865
oq_v2yocx34.004,train,-8.797299,3.4806535
orlXEgAepGo.000,train,6.2908616,-4.959498
orlXEgAepGo.002,train,5.4517484,-12.074487
orlXEgAepGo.003,train,11.20104,-6.0927734
osqQpQsJNPQ.000,train,-7.14377,-3.3110552
osqQpQsJNPQ.001,train,-6.712868,-6.9598904
osqQpQsJNPQ.004,train,-7.5370636,-7.0297847
ouYYWCY__5A.000,train,-5.428189,-4.249301
ouYYWCY__5A.001,train,-3.8927472,-9.143438
ouYYWCY__5A.005,train,-5.2291093,-10.110503
outvbZgNX58.000,train,13.0091,17.33337
outvbZgNX58.002,train,-3.963741,6.1701765
outvbZgNX58.004,train,3.3714507,14.992212
owRKOW0ymCM.002,train,9.071244,1.4130255
owRKOW0ymCM.003,train,-1.8155975,7.237516
ox-qZvCLtls.005,train,-6.509511,-6.3498273
oxw3nT9LSsg.000,train,-4.1400523,-4.9568934
p-OcwNFQB0U.001,train,-7.3106494,-0.1865956
p-OcwNFQB0U.002,train,-4.8432107,-0.80990094
p-OcwNFQB0U.005,train,-7.7678022,6.8815207
p-V78q8dtYo.001,train,-10.981226,0.8467409
p-V78q8dtYo.005,train,-11.217761,0.9046732
p1ORMiJ0fPU.002,train,8.975092,-5.970625
p1ORMiJ0fPU.003,train,11.262812,-9.769926
p1qyJ_mE-2U.002,train,-7.204829,-1.5762129
p5QXPhJS8Ks.000,train,-10.290466,8.628222
p5QXPhJS8Ks.005,train,-7.2245626,8.674012
p5v75vAZ7F0.003,train,11.753439,10.1546955
p5v75vAZ7F0.005,train,7.597385,10.5291
p6UMx8dwHZQ.000,train,-2.5771272,4.205985
p6UMx8dwHZQ.001,train,1.6900136,14.248756
p6UMx8dwHZQ.002,train,2.4375815,14.535704
p6UMx8dwHZQ.003,train,-7.301669,6.365415
p6UMx8dwHZQ.004,train,-1.5635881,0.3933424
p6jjj6jn2fM.003,train,18.226994,2.492155
p7-JUvStF4w.000,train,-6.320111,3.805676
p7-JUvStF4w.002,train,-4.2657647,1.7800711
p7-JUvStF4w.003,train,-2.025754,5.4397597
p7-JUvStF4w.004,train,2.0921338,14.509271
p7-JUvStF4w.005,train,-1.8678449,9.433461
p7_MVQ3uGJc.003,train,-2.6824462,-12.40231
p7aNK5GKwEc.000,train,-8.815531,2.487132
p8ce3grr9XE.001,train,-0.25327694,-7.6574435
p9l1MBw-5ic.002,train,-5.7575293,6.287985
p9tAC-RqZPI.002,train,3.7430425,3.1427953
pDih4zWqYQw.001,train,-3.562433,-8.820227
pDt0F4zFfBs.003,train,5.3901105,-7.019914
pDt0F4zFfBs.005,train,10.272107,-1.9473206
pEYFpmjwKC0.001,train,-11.042594,-0.523026
pEYFpmjwKC0.002,train,-13.480776,1.6539903
pEYFpmjwKC0.003,train,-11.196156,0.21429515
pEYFpmjwKC0.004,train,-11.278463,1.7407478
pEr7WTIPW64.000,train,6.773335,-4.084253
pEr7WTIPW64.005,train,14.969512,8.487866
pHCPbKprJGY.001,train,20.182299,3.8412924
pHCPbKprJGY.003,train,25.652142,4.995519
pJGLxS81YBc.004,train,13.708131,20.985237
pOBn7AuGIuI.002,train,-11.744733,-1.5547792
pOBn7AuGIuI.003,train,-9.987129,-0.73962873
pOBn7AuGIuI.005,train,-10.370281,1.5540822
pOtWKOF07iU.000,train,-6.8299885,-9.191744
pOtWKOF07iU.002,train,-4.11118,-10.9225235
pOtWKOF07iU.003,train,1.3123089,-5.594288
pOtWKOF07iU.004,train,-6.7033434,-7.067047
pPtzEnf5afw.000,train,-1.8787127,5.3057833
pPtzEnf5afw.003,train,-6.510378,1.9405676
pPtzEnf5afw.005,train,-1.3178043,5.2407904
pQy4omHIf7o.000,train,2.4284801,2.6312845
pQy4omHIf7o.001,train,7.0903373,1.0363358
pQy4omHIf7o.002,train,2.493794,-0.88851285
pQy4omHIf7o.003,train,-7.2860756,-2.275272
pQy4omHIf7o.004,train,0.75383437,1.308557
pT8nyxks1Q4.005,train,13.054281,5.356761
pZxqWp0e-Ik.000,train,-1.6765821,6.7226305
pZxqWp0e-Ik.004,train,-8.635166,1.5922614
pZxqWp0e-Ik.005,train,-7.047327,2.7977061
p_Z4QGqu4Qo.001,train,-9.92469,-1.6570374
p_Z4QGqu4Qo.004,train,-11.469009,0.53494793
p_kPnCD7WzU.002,train,27.312029,-12.647194
phjVMKGYBKs.005,train,-11.998964,4.702429
pkwzo1OkEmY.002,train,-6.2298822,6.683065
pkwzo1OkEmY.005,train,-7.276143,2.2696528
pljK0DEusA0.003,train,11.370056,12.096688
pru5ut4lxkQ.000,train,22.347713,11.444693
pru5ut4lxkQ.004,train,5.4158993,6.7603564
puJ_NbKzRTE.003,train,-9.937364,0.64376295
puLXzqUvm_U.000,train,-3.9322674,0.7954152
puLXzqUvm_U.001,train,-1.0599889,8.137682
puLXzqUvm_U.003,train,9.050235,11.959109
puLXzqUvm_U.004,train,-4.319944,7.7615037
pvvff396Rqg.004,train,10.0433855,15.638676
pvvff396Rqg.005,train,7.9956355,13.13741
pwvQaSwgso8.000,train,-6.424839,-1.3471501
pwvQaSwgso8.001,train,-1.164393,0.4978829
pwvQaSwgso8.002,train,-5.444164,4.042943
pzG2VeUbefw.001,train,1.3433369,-16.62092
pzG2VeUbefw.003,train,2.7144077,-12.9266
pzG2VeUbefw.005,train,2.519298,-17.052023
pzfDth6nFQE.000,train,-14.461305,8.799994
pzfDth6nFQE.003,train,-13.511467,10.443639
pzfDth6nFQE.004,train,-13.60186,7.786925
pzfDth6nFQE.005,train,-14.604533,8.94264
q5eIfoGdPWw.004,train,0.9274171,-0.3770775
q6au1xn_wIE.001,train,11.854355,5.8419714
qAisk1lgv2I.003,train,4.429705,5.2423606
qBG1mjC7Zgg.000,train,-0.06839252,-13.192011
qBG1mjC7Zgg.004,train,1.0512204,-14.9599495
qBG1mjC7Zgg.005,train,-0.59266025,-7.5454097
qCFFW1dM8V8.001,train,-7.257745,8.335126
qCFFW1dM8V8.002,train,-9.4508295,9.876037
qCFFW1dM8V8.003,train,-7.0775814,3.6619937
qCFFW1dM8V8.004,train,-7.9106064,11.758768
qCFFW1dM8V8.005,train,-6.3738246,8.308563
qD15qWMepxU.003,train,-10.472247,5.2246966
qFYgMFMal_s.005,train,-11.35382,0.6280247
qJ6_xSx9kCM.002,train,-8.561259,-2.8852499
qLV1a_611kA.004,train,-7.60561,-6.338479
qLbOPbx33dk.001,train,17.263052,6.594921
qMARpi60Hhs.000,train,-9.984724,8.429476
qMARpi60Hhs.004,train,-7.165048,9.309619
qP1UtCbMaW4.003,train,-4.520354,-13.691912
qP8YzH6LT9c.001,train,0.08824319,-8.441494
qPzzmcuf-VI.000,train,2.555245,7.347886
qPzzmcuf-VI.004,train,4.788494,6.9077797
qPzzmcuf-VI.005,train,4.6076927,8.531288
qRtKUGgULL8.000,train,12.086481,-17.037678
qRtKUGgULL8.002,train,16.84981,-10.161014
qRtKUGgULL8.005,train,12.800743,-17.182507
qVcw5-mm31s.000,train,-8.48588,-0.43880942
qVcw5-mm31s.004,train,-6.276635,-3.579672
qVcw5-mm31s.005,train,-8.881166,-4.7499294
qVrXROy4Ais.000,train,-5.299936,-8.907032
qVrXROy4Ais.001,train,-4.068026,-8.142378
qVrXROy4Ais.004,train,-3.4180558,-9.057297
qW0TYVtzq5A.000,train,-8.191079,-0.8417777
qW0TYVtzq5A.001,train,-7.389813,-8.984924
qW0TYVtzq5A.002,train,-5.861246,-4.240264
qW0TYVtzq5A.003,train,-7.3650384,-3.7417333
qcq5oIRJFUI.004,train,43.20551,-1.0399796
qfL0ml0f84g.003,train,4.5974364,-9.781118
qfL0ml0f84g.004,train,5.72801,-5.3291507
qj-3b8snKho.002,train,3.9471421,6.282633
qjU3GX3jgSY.002,train,-9.31666,-2.0104668
qjU3GX3jgSY.003,train,-6.2000594,-3.1072156
qjU3GX3jgSY.004,train,-8.576149,-2.3004625
qjWi69HY2Fc.000,train,4.9912443,-10.48214
qkmEt0ofGq8.002,train,-7.469728,-7.877563
qkmEt0ofGq8.003,train,-4.5298014,-8.563685
qkmEt0ofGq8.004,train,-4.926715,-9.939546
qktahyrtrFs.000,train,-12.371587,6.568177
qktahyrtrFs.001,train,-12.3749485,5.730696
qmiBcHJpKR0.000,train,-10.307062,0.25182042
qmiBcHJpKR0.003,train,-9.501518,0.1679424
qoZwA4ESb7g.000,train,21.839048,8.602424
qoZwA4ESb7g.001,train,19.922228,11.781596
qoZwA4ESb7g.003,train,20.424751,8.976252
qoztP0w5-Vo.000,train,-11.340655,0.4193516
qoztP0w5-Vo.005,train,-14.2675905,1.4432179
qpwcdPnPeFM.004,train,14.73451,0.76731795
qr1C43Ylavg.001,train,-11.545046,2.963867
qr1C43Ylavg.004,train,-12.243534,1.9422842
qr1C43Ylavg.005,train,-12.717732,2.5746717
qrjx2kxg6M4.002,train,-9.119149,-0.88362
qsb1j9bEENs.000,train,12.671574,-10.006429
qsb1j9bEENs.002,train,4.1096997,-5.028116
qsd4GdeN_eY.001,train,-10.843758,-1.9351116
qtB-CogljAo.000,train,0.30738223,8.681113
qtB-CogljAo.001,train,-3.5555801,10.885868
qtB-CogljAo.002,train,4.9990892,10.620213
qtB-CogljAo.003,train,-2.190017,8.019045
qtB-CogljAo.005,train,-5.698875,8.1849375
qyzuaettjU8.001,train,10.040175,6.158451
qyzuaettjU8.004,train,12.831452,6.7511916
r1YAW67aevY.000,train,1.1938902,7.786379
r1YAW67aevY.003,train,2.8773098,9.810029
r1YAW67aevY.005,train,-0.14430632,8.742964
r1v6EmZv7-o.001,train,-12.508607,2.0333288
r1v6EmZv7-o.002,train,-10.971464,7.010883
r1v6EmZv7-o.004,train,-12.400881,4.199804
r1v6EmZv7-o.005,train,-11.073799,4.3864093
r2BoxB3kgYk.000,train,6.3609843,1.8717457
r2BoxB3kgYk.001,train,38.855324,-8.846943
r2BoxB3kgYk.003,train,10.933467,2.6206868
r2HcJYjGK5s.001,train,-4.2465367,-5.4085045
r2HcJYjGK5s.003,train,0.6830481,12.378811
r2HcJYjGK5s.004,train,-4.0598297,-2.9584374
r2HcJYjGK5s.005,train,-6.5703025,-2.9537287
r4BGKIXrD9c.003,train,16.723118,13.06173
r4BGKIXrD9c.005,train,10.264729,7.7610044
r93dLeVRk3U.002,train,12.635337,-1.1614686
r93dLeVRk3U.003,train,16.646349,21.05568
r9TaaVTo8Y8.000,train,0.16473381,-10.768898
r9TaaVTo8Y8.001,train,-2.6921523,-10.671488
r9TaaVTo8Y8.002,train,-0.48343462,-8.799987
r9TaaVTo8Y8.003,train,-3.7401755,-7.3114457
r9TaaVTo8Y8.004,train,-1.5128858,-8.976465
rBxWZzkEncE.002,train,8.068425,-16.34414
rBxWZzkEncE.003,train,6.321019,-22.17221
rBxWZzkEncE.004,train,9.730801,-18.24435
rCxlfusNJlY.000,train,-5.9000735,-5.1249576
rCxlfusNJlY.001,train,-11.292014,1.3484718
rCxlfusNJlY.002,train,-8.463635,-2.601602
rD6NViDdyOU.001,train,14.779723,5.090246
rD6NViDdyOU.002,train,-0.1358492,-0.52786875
rD6NViDdyOU.005,train,1.6799923,1.6850438
rFs0AC2qV6o.000,train,2.8349867,8.089043
rFs0AC2qV6o.001,train,-1.5693241,2.439152
rG8D-A2F8xg.003,train,-5.7215376,-3.4089875
rG8D-A2F8xg.004,train,-4.840956,-2.8845084
rG8D-A2F8xg.005,train,-4.4620094,-4.6533713
rGNeR3p1jKU.000,train,-10.110814,8.349524
rGNeR3p1jKU.001,train,-4.196139,6.9505696
rGTn2uaCAT0.002,train,3.5973072,-15.247045
rGTn2uaCAT0.003,train,1.788582,-16.27581
rGTn2uaCAT0.004,train,3.7056546,-15.392748
rGTn2uaCAT0.005,train,-0.15750587,-14.199721
rIHcq2E67Nc.003,train,-0.14410134,-6.067518
rIHcq2E67Nc.005,train,-3.9009814,-5.469031
rIRBEkDhn6Q.002,train,5.125828,-11.274235
rIRBEkDhn6Q.003,train,1.6467532,-8.978224
rIRBEkDhn6Q.004,train,0.38027,-10.4721985
rIRBEkDhn6Q.005,train,4.5569673,-7.805599
rJgbslC72gw.001,train,-11.383778,1.357101
rJgbslC72gw.003,train,-1.9761814,8.407207
rMFJmA5dRFQ.000,train,-0.3201321,1.2074466
rT0TqakPrAI.000,train,-8.586902,-2.6894927
rTG9gtci67c.001,train,-2.4079716,-4.0705147
rTG9gtci67c.002,train,-7.3592925,-6.630033
rTG9gtci67c.004,train,-4.1168504,-2.4616692
rTG9gtci67c.005,train,-6.8761244,-4.950644
rUGAiuYHNgE.000,train,18.606989,3.898023
rUGAiuYHNgE.002,train,6.18585,-2.1012697
rUGAiuYHNgE.004,train,10.231701,0.741862
rW3hFpfGMHs.003,train,-4.17484,-1.1462592
rWT8N_yjf60.005,train,-6.6800256,0.03208834
rXoCKj1qwn4.001,train,13.991709,-6.413449
r_cVo5qZ9n0.002,train,30.199514,-2.9065752
rhKVPhhWHko.002,train,6.587637,-1.5439047
rjS0PIwS47M.001,train,3.3576868,1.7546325
rqfvIjzegpI.000,train,10.133385,-8.351749
rqfvIjzegpI.001,train,14.832121,-9.398141
rqfvIjzegpI.005,train,4.301309,-8.560767
rrdSLfnU2pg.000,train,-7.5304513,-1.2740117
rrdSLfnU2pg.003,train,1.6071639,2.6020608
rvB9DYAKHpk.000,train,-9.113259,-1.4595048
rvB9DYAKHpk.001,train,-7.2595787,3.687569
rvB9DYAKHpk.002,train,-6.98156,-0.6585909
rwinPicu_aw.000,train,-7.2830443,8.782769
rwinPicu_aw.001,train,-11.158346,2.945547
rwinPicu_aw.002,train,-9.529462,5.721656
rxYWgXYTATs.000,train,0.35004076,-15.049277
rxYWgXYTATs.001,train,-0.55644894,-19.318233
rxYWgXYTATs.002,train,-0.074312896,-14.351307
rxYWgXYTATs.003,train,-0.79586923,-13.457761
rxYWgXYTATs.005,train,3.6226854,-12.640046
rzKtAeWgZH0.003,train,-1.9783224,-2.3267446
s-jZlMKQGwc.000,train,-4.6560225,0.4188116
s-jZlMKQGwc.002,train,-5.629798,1.6823945
s-jZlMKQGwc.003,train,-2.6811965,2.3893785
s0MKUEnyHSE.003,train,-3.358905,-4.8485494
s0pgZM5G6ds.003,train,1.0607682,-4.663435
s0pgZM5G6ds.004,train,2.367278,-5.5034165
s1DOqsQoN5s.001,train,0.975985,12.552067
s1DOqsQoN5s.002,train,-3.5690598,4.245436
s1DOqsQoN5s.003,train,-6.2086396,3.2502267
s3m8DgUi6GM.000,train,-2.8877985,4.422017
s3m8DgUi6GM.001,train,-6.2166276,1.2268289
s3m8DgUi6GM.004,train,-8.267099,-4.1645203
s6N1pv5lzrU.002,train,-9.127673,8.243001
s6N1pv5lzrU.003,train,-10.623783,7.67616
s6gN_358tk4.001,train,-12.023851,5.9094715
s85T4B1ONWE.005,train,-4.8274083,-3.478763
sBHv1jYmZQE.000,train,13.887192,14.997399
sBHv1jYmZQE.003,train,-6.1325593,1.4699074
sBHv1jYmZQE.004,train,9.183884,6.393753
sBw7VHQ74SY.005,train,2.489317,2.9415736
sDNzrM6N7wA.000,train,-11.65457,1.6573098
sDNzrM6N7wA.003,train,-13.447855,4.9567375
sDWJMBZ1mVA.001,train,-10.204265,10.645922
sDWJMBZ1mVA.002,train,-9.660254,7.9951224
sDWJMBZ1mVA.003,train,-11.239107,9.04831
sDWJMBZ1mVA.005,train,-9.109453,7.9970474
sDfU1gixDmM.000,train,-7.660676,-3.1753054
sHVXhr7_EOs.002,train,-3.962992,4.6748557
sHVXhr7_EOs.003,train,-10.653685,-0.98771524
sIfHl2N8Hkg.004,train,3.973231,3.5051143
sNPK8f4FSfo.001,train,-6.2713985,-12.445464
sNs4yCA11wk.000,train,-7.8428135,-3.667209
sNs4yCA11wk.001,train,-5.8433723,-10.512247
sNs4yCA11wk.002,train,-5.07245,-8.398238
sNs4yCA11wk.003,train,-6.901869,-4.651114
sNs4yCA11wk.005,train,-6.355605,-6.6451087
sOkGz6gEmGk.000,train,-5.4046154,7.660739
sOkGz6gEmGk.001,train,6.375691,21.137999
sOkGz6gEmGk.002,train,4.516032,13.786314
sOkGz6gEmGk.003,train,-9.4915285,-2.3321908
sPMNhG1Sehc.004,train,23.153946,-22.183397
sPMNhG1Sehc.005,train,22.141708,-24.83509
sRuO_Fz3eog.004,train,-2.2716384,-12.279637
sSR1a5XW7n4.001,train,-2.388389,-0.5298645
sSR1a5XW7n4.002,train,9.986057,2.894531
sSYCMN-WHmI.000,train,-5.350792,-11.906923
sTUJhj154Sc.002,train,-10.104566,-2.5201898
sTUJhj154Sc.003,train,-7.4842935,-0.8296239
sTUJhj154Sc.005,train,-11.487784,-1.2652874
sY4urmZmhJA.002,train,5.531077,-12.782478
sa7E6SrSmEs.003,train,-2.176725,-15.103383
saTSCzI1dKo.004,train,2.0382955,-3.9971225
scifP1EXSdo.001,train,-4.830345,-0.85481066
sduFj_uaZ-w.000,train,8.001063,1.0368028
sf29orxf4X0.000,train,6.1901135,-0.40834832
sf29orxf4X0.002,train,7.8466845,-0.23248807
sf29orxf4X0.003,train,1.2926811,-2.9978223
sf8TXpaKnt4.001,train,54.032547,4.6113167
shAhNNV-zHA.000,train,-3.3806865,-14.446683
shAhNNV-zHA.001,train,-6.507754,-12.120401
shAhNNV-zHA.002,train,-2.4404414,-15.852855
shAhNNV-zHA.004,train,-4.7859774,-12.903727
shAhNNV-zHA.005,train,-1.2409368,-14.848022
shEsu57CYnA.001,train,2.2491922,-2.6334171
shEsu57CYnA.002,train,-3.7103395,-4.058004
shEsu57CYnA.003,train,0.52012163,-7.033032
shEsu57CYnA.004,train,1.2247242,-9.992696
shEsu57CYnA.005,train,-0.9070466,-3.730676
shQmRW4CrGE.000,train,11.202261,0.056863073
shV5Fbzn9pw.002,train,14.557278,-6.982913
shV5Fbzn9pw.003,train,15.348654,-5.743589
shtirfEzWFA.000,train,-5.545397,10.472979
shtirfEzWFA.001,train,-5.0701876,3.3954701
shtirfEzWFA.002,train,-7.2978435,3.4818866
siEnTktB4lQ.001,train,-9.799536,3.9426346
siEnTktB4lQ.002,train,-8.737879,0.48195413
siEnTktB4lQ.004,train,-7.9892473,4.620399
si_gZCrLa4A.001,train,-0.109155275,9.117998
si_gZCrLa4A.002,train,-7.1032987,8.195328
si_gZCrLa4A.005,train,-1.7635726,11.238391
simc6hmrUOE.000,train,-4.4629474,-2.9050472
simc6hmrUOE.005,train,-5.0269885,-3.150273
slE2PWIwzus.002,train,15.984651,-19.17116
sntohi33U5s.000,train,-8.739643,-3.4114218
sntohi33U5s.001,train,-10.229241,-0.030197171
sntohi33U5s.004,train,-8.074719,-2.8909976
sntohi33U5s.005,train,-10.305385,-1.0365314
sqnW6xXYTKg.000,train,-9.672677,1.8139483
sqnW6xXYTKg.001,train,-7.4805145,1.3326536
sqnW6xXYTKg.002,train,-7.9611874,1.1343676
sqnW6xXYTKg.003,train,-6.8046885,-0.41531378
squHxV3QXlQ.002,train,2.6051595,5.0434394
ssxo35zmKWQ.001,train,-13.486705,8.838293
ssxo35zmKWQ.002,train,-16.154373,7.351497
ssxo35zmKWQ.003,train,-15.100368,7.661987
ssxo35zmKWQ.004,train,-14.543331,7.86031
ssxo35zmKWQ.005,train,-15.075865,7.676179
struoSVUsUg.002,train,-6.1572256,-4.483322
struoSVUsUg.005,train,-6.6351647,-2.3285663
syAUKJMQWeo.001,train,-7.752934,1.7190725
syTTeox8Yaw.002,train,-7.3262467,-0.40841472
syTTeox8Yaw.003,train,-9.249724,0.18166855
t0AupkXkkZw.001,train,-3.572532,-4.9725766
t0AupkXkkZw.003,train,-0.33329415,-5.80621
t0AupkXkkZw.004,train,14.892121,1.6324568
t0AupkXkkZw.005,train,17.85512,2.7924268
t0_DAgeU4nM.002,train,-7.482801,1.6225046
t0_DAgeU4nM.003,train,-2.4364889,4.5194926
t1PKNXE-IiM.000,train,-8.187043,-10.716772
t1PKNXE-IiM.001,train,-7.687703,-8.543944
t1PKNXE-IiM.005,train,-5.1445885,-12.80094
t30ERiF6b50.000,train,-7.068547,-5.4559755
t30ERiF6b50.003,train,-7.6015,-4.563297
t3A2UMN3JeE.000,train,3.6479738,-0.66726863
t3A2UMN3JeE.002,train,2.1564739,-3.6517055
t3A2UMN3JeE.003,train,0.96902025,-0.9876666
t6-ljEWQjW8.000,train,22.784103,7.246299
t6-ljEWQjW8.002,train,16.92699,4.7550287
t6-ljEWQjW8.005,train,23.20383,9.594357
t899haDGi38.002,train,0.1510239,2.371233
t899haDGi38.003,train,-3.801987,3.4288723
t899haDGi38.004,train,-3.3805647,4.9154854
t899haDGi38.005,train,-6.610963,3.8007126
t9wFHk9TM-U.002,train,2.7867444,6.2805223
t9wFHk9TM-U.003,train,1.1016002,3.070041
tBQlU4_cIS0.000,train,1.5349406,5.08683
tCnfvBwWVKw.000,train,-13.743424,1.9640568
tCnfvBwWVKw.002,train,-11.495553,3.828719
tCnfvBwWVKw.003,train,-12.002831,4.645021
tEQEKN07KgQ.000,train,5.8448615,9.349436
tEQEKN07KgQ.001,train,1.9164618,10.797003
tEQEKN07KgQ.003,train,-5.2014995,5.9503384
tEQEKN07KgQ.004,train,-6.7712646,4.924297
tEQEKN07KgQ.005,train,-6.531302,4.8416653
tGHOYmQHZUc.001,train,12.853264,-10.984688
tHYxFw-7po8.001,train,-0.15316433,-3.9395058
tNPLxKC38Xs.000,train,1.3371421,-13.857505
tNPLxKC38Xs.002,train,-5.362824,-9.406748
tNPLxKC38Xs.003,train,-1.799334,-16.690388
tNPLxKC38Xs.004,train,-0.32179445,-12.614599
tOifNTq8jPw.005,train,37.273094,-0.7721118
tPVSlH_VmZk.001,train,-1.2306454,8.689672
tS6bRcIIjDc.000,train,15.542034,15.105411
tS6bRcIIjDc.001,train,1.7906091,14.002618
tS6bRcIIjDc.002,train,6.5497913,14.515439
tS6bRcIIjDc.003,train,12.144307,19.103895
tS6bRcIIjDc.004,train,8.610604,11.389509
tS6bRcIIjDc.005,train,2.5074599,11.127461
tYpxPqwle5k.005,train,-4.9816074,6.7911053
tZiRqu8joX8.003,train,0.46725246,-13.038428
taSAaWKcmTw.000,train,19.268745,-6.059682
taSAaWKcmTw.002,train,15.360224,-8.971811
taSAaWKcmTw.004,train,24.08038,-6.487112
taSAaWKcmTw.005,train,15.976037,-6.1993537
tcmYlyeqwuI.003,train,-9.0270195,3.762353
tcmYlyeqwuI.004,train,-7.6561985,-1.1206102
teRgvZ63_2I.001,train,-1.1158159,-9.355574
teRgvZ63_2I.003,train,-1.9370531,-11.19316
tepWDnvIuRg.001,train,0.03736241,7.358157
tepWDnvIuRg.002,train,1.3225147,10.000767
tepWDnvIuRg.003,train,-4.7556543,8.369201
tepWDnvIuRg.004,train,-3.2669368,5.6279964
tepWDnvIuRg.005,train,3.5901904,5.9697075
tg0i-zxvQXk.000,train,-1.6093805,-7.5996222
tiVKJWLzmk4.000,train,-12.46606,1.6168799
tiVKJWLzmk4.001,train,-14.237205,2.9342806
tiVKJWLzmk4.004,train,-12.455701,1.2992462
tomb22yfjTc.001,train,-8.867065,4.8841825
tomb22yfjTc.002,train,-6.8992944,5.3606315
tutTFKP_fdg.000,train,11.689585,3.3603506
tutTFKP_fdg.005,train,12.4727125,0.10593516
tvKUJujTUEo.001,train,-6.0215054,3.611291
tvKUJujTUEo.003,train,0.14867347,6.369276
tvKUJujTUEo.004,train,-6.5360255,4.091796
tvKUJujTUEo.005,train,-5.667486,3.027914
tw6lY2ptkvo.002,train,-3.9538853,-9.054888
twO6ceVTuII.001,train,8.906694,9.795579
twO6ceVTuII.002,train,-1.4700106,4.6486254
twO6ceVTuII.003,train,3.9581256,7.6814694
twO6ceVTuII.005,train,-3.485827,5.7165723
twmdh5zdvfg.000,train,-0.48662597,-5.7529154
txU8yE9d-4k.001,train,7.353083,5.1594396
txU8yE9d-4k.003,train,6.6653166,5.325515
txU8yE9d-4k.005,train,0.46903202,3.7869213
u0NIAbS0mDM.001,train,10.613399,-2.353898
u2XbiBuuxyI.001,train,-5.0746794,10.002045
u50B6bIkN9g.000,train,-2.6872413,-6.484743
u50B6bIkN9g.002,train,-3.8504395,-4.2230663
u9vOa9GdNcM.003,train,12.19837,10.403223
uATtAHyVSMM.002,train,11.216532,13.370627
uATtAHyVSMM.003,train,24.63166,7.71882
uATtAHyVSMM.005,train,23.035133,8.751197
uCJNAX_b9mc.000,train,-7.8760266,8.65826
uCJNAX_b9mc.002,train,-0.775675,11.541741
uE2U_Y7QrIw.000,train,-7.6438956,7.3747816
uE2U_Y7QrIw.002,train,21.337406,12.147694
uE2U_Y7QrIw.003,train,-4.085872,8.69168
uHrP02iwW1o.000,train,2.7369876,-7.126253
uHrP02iwW1o.002,train,3.1673858,-9.465411
uKy7lHuMQ_o.000,train,11.489737,-1.0891595
uKy7lHuMQ_o.002,train,31.364607,9.854336
uMCRfie1lkc.001,train,-14.125569,5.3454547
uMCRfie1lkc.002,train,-16.317245,5.3901443
uMCRfie1lkc.003,train,-15.001738,3.2346737
uMCRfie1lkc.004,train,-14.315947,3.5496109
uNJpPYo5Qp4.002,train,-13.888107,3.6999977
uRY3aJAaogw.001,train,-9.622209,1.6697209
uRY3aJAaogw.002,train,-7.383433,3.12229
uRY3aJAaogw.003,train,-7.131524,8.088186
uRY3aJAaogw.005,train,-8.084709,2.8403041
uStuc1OX0f0.000,train,0.0725029,-19.331213
uTluOTPA7e4.001,train,-1.1029329,-13.623941
uTluOTPA7e4.002,train,1.5758959,-7.070286
uTluOTPA7e4.003,train,-2.0264027,-13.771704
uTluOTPA7e4.004,train,-0.97056097,-9.147912
u_qvbRpm88k.002,train,-3.0021734,3.2618155
u_qvbRpm88k.005,train,-5.1419225,1.5002114
ua5c716lu5s.001,train,-8.54791,-2.6650832
ua5c716lu5s.002,train,-11.028597,-3.1824162
ua5c716lu5s.003,train,-7.9912786,-4.004202
ua5c716lu5s.004,train,-7.0721917,-7.2136855
ua5c716lu5s.005,train,-8.209411,-4.0818157
udn-L92wdn8.000,train,3.875502,10.755506
uf_sIIw4zxY.001,train,-1.6662421,-1.8958464
uf_sIIw4zxY.002,train,-5.2048044,-4.311508
uf_sIIw4zxY.005,train,-9.343881,-1.0048207
uifW-cV-iQo.002,train,4.4292545,8.752171
upgv7xmOb1I.001,train,-5.4723153,2.7647867
upgv7xmOb1I.002,train,-5.563879,2.2926445
upgv7xmOb1I.003,train,-9.316708,-2.591334
upgv7xmOb1I.004,train,-2.050749,-1.1089107
upgv7xmOb1I.005,train,-2.7059572,-0.4284418
uqd_cEJMJ4o.003,train,6.6696863,-2.9711943
usG6pVxbQkw.000,train,-15.630636,6.933301
usG6pVxbQkw.001,train,-13.7783575,5.20154
utv9RBNcL5w.000,train,-6.382293,-5.9692016
utv9RBNcL5w.005,train,-2.027704,-6.779368
uwUkp63db18.001,train,-10.015975,6.5011573
uwUkp63db18.002,train,-9.4956875,6.3548574
uwUkp63db18.003,train,-8.127805,8.267747
uwUkp63db18.004,train,-5.5697703,11.149717
uwUkp63db18.005,train,-8.685841,7.8182955
uwYQKM_STCw.002,train,8.687951,-28.689865
uwYQKM_STCw.005,train,6.3146772,-25.891968
uxTxqewSuxg.000,train,-2.2315037,1.2857778
v0jtovM6Ajg.000,train,0.7056636,-4.6729746
v0jtovM6Ajg.003,train,0.24501164,-6.4656425
v68FyWS-Q9s.002,train,21.66845,7.9442873
v68FyWS-Q9s.003,train,19.528635,7.2601337
vAEqpUwBMJQ.001,train,-9.979415,-1.6195177
vAEqpUwBMJQ.003,train,-11.276721,-1.9365747
vAEqpUwBMJQ.004,train,-8.754185,-0.69472957
vAEqpUwBMJQ.005,train,-9.087357,-2.3791702
vAV6ovUKPDg.005,train,2.63873,-12.745178
vCV-5LypZCs.005,train,5.7679987,0.121599086
vCY4uvfrWXA.003,train,27.08589,-0.7416082
vCY4uvfrWXA.005,train,15.6563,-4.970884
vE9XgQL7DGE.001,train,3.390217,15.075245
vE9XgQL7DGE.003,train,12.171779,16.956083
vE9XgQL7DGE.004,train,-2.2799072,14.165491
vHIBCKwJLEY.001,train,-6.9677095,2.7155383
vHIBCKwJLEY.003,train,-8.819025,-1.8723582
vHIBCKwJLEY.004,train,-8.792826,-1.4992071
vHc0pnY9BoI.002,train,-1.088024,-0.8516114
vHn6-GQAI_Y.001,train,4.028428,13.254194
vHn6-GQAI_Y.003,train,1.8249719,10.272764
vHn6-GQAI_Y.004,train,6.5971165,10.122587
vIW7gDmhYMk.001,train,-3.8397005,0.63071805
vIW7gDmhYMk.003,train,-9.088739,-2.9341676
vIW7gDmhYMk.004,train,-8.089487,-4.1519375
vIW7gDmhYMk.005,train,-8.378594,-3.6960537
vJDx6TCX32M.000,train,11.017672,11.365382
vJDx6TCX32M.001,train,2.9787476,11.436159
vJDx6TCX32M.004,train,-2.6535897,8.960379
vJnjjy5DZN4.001,train,12.370213,-15.030328
vJnjjy5DZN4.002,train,7.0105457,-18.938408
vJnjjy5DZN4.003,train,9.148864,-17.511015
vLAHfIjmRMc.001,train,-14.379738,1.564867
vLAHfIjmRMc.005,train,-13.068677,1.3298833
vMtF0akNUK4.000,train,-3.9135227,9.28507
vMtF0akNUK4.001,train,4.5345645,6.4752655
vMtF0akNUK4.002,train,-9.651701,5.9365067
vMtF0akNUK4.004,train,-8.376059,8.533175
vNEs2yGe77s.000,train,39.89036,5.9421954
vNZJSHliTR4.001,train,18.244345,-5.9331837
vOEQlAMABWM.000,train,-10.44961,-0.6135539
vOEQlAMABWM.001,train,-9.02594,-0.73618925
vOEQlAMABWM.003,train,-12.019561,0.2884719
vOxgWKGNEYc.000,train,7.6126094,7.58968
vP6TUda99tc.005,train,13.561452,-7.7354393
vQEZ5KF9I4E.003,train,-12.573611,0.55955553
vQEZ5KF9I4E.004,train,-11.320092,0.21579781
vR7YF7Zv5-Q.000,train,1.0226153,3.4922667
vR7YF7Zv5-Q.003,train,9.4436655,2.5283313
vUKex2msIEU.002,train,4.5558267,-8.191806
vUKex2msIEU.004,train,10.575774,-0.66283244
vUo6wnBOBpo.002,train,10.827868,-14.535027
vYVqhg_VGP8.000,train,-9.533029,10.105806
vYkHHVeNK_M.001,train,-1.9862908,7.7089415
vYkHHVeNK_M.002,train,-2.4135163,10.1386385
vYkHHVeNK_M.003,train,-3.5106575,9.273847
vYkHHVeNK_M.004,train,-5.0970407,7.181542
vZPLbzF0aSg.001,train,22.575876,-7.4365273
vZpneJlniAE.005,train,-2.9078462,-3.9003131
vhugKRUnd-c.000,train,-6.5016613,5.817879
vhugKRUnd-c.001,train,-6.1489854,10.058248
vhugKRUnd-c.004,train,-9.855025,7.292066
vo-Y5kgSBa8.000,train,10.058355,-19.992136
vo-Y5kgSBa8.002,train,9.733994,-18.159885
vo-Y5kgSBa8.003,train,14.95723,-13.945416
vo-Y5kgSBa8.005,train,6.3827467,-17.394043
voSLxKtKr0Q.000,train,-1.3999451,-14.473765
voSLxKtKr0Q.002,train,-6.587745,-9.4493475
voSLxKtKr0Q.003,train,-1.6458625,-13.756489
voSLxKtKr0Q.004,train,-1.7510437,-14.315471
voSLxKtKr0Q.005,train,-4.100688,-11.074316
voXr6-ykd1w.000,train,10.526247,3.2803938
voXr6-ykd1w.002,train,11.943416,5.5549026
vp9p1osOaLI.002,train,-4.9364934,7.9554625
vp9p1osOaLI.003,train,-10.103832,-0.6073663
vqF65-bFHKM.003,train,13.968069,8.401953
vqF65-bFHKM.004,train,23.450102,17.659714
vqLtOsoNPnU.002,train,-3.9933343,-4.7255297
vqLtOsoNPnU.004,train,3.4862602,-5.6691284
vr5FWHUkYRM.000,train,-10.02971,-4.3420396
vr5FWHUkYRM.001,train,-5.036821,-7.299381
vrMlwwTLWIE.005,train,22.555742,-4.9344306
vtOEl_Mg0Io.000,train,9.011645,8.461846
vtOEl_Mg0Io.004,train,21.873434,14.56404
vxuBHsokOX4.005,train,16.23923,22.493658
w0CQ55sKmck.002,train,-7.540443,-0.6723514
w2FKw8IhbFw.001,train,-2.7334864,2.2215955
w4cZStXMUII.003,train,12.809869,-10.04241
w7O2QJu2Wl4.004,train,33.187973,-6.357821
w7O2QJu2Wl4.005,train,21.624004,-15.854972
w7wPDiQkiA4.001,train,-8.571489,-6.3675785
w7wPDiQkiA4.004,train,-4.035215,-2.5416899
w989xx44UQI.000,train,4.162877,-14.669707
w989xx44UQI.001,train,9.314855,-14.756192
w989xx44UQI.003,train,1.6325237,-15.976041
w989xx44UQI.004,train,12.756045,-13.89242
wAl_Pm7xG3A.001,train,1.392099,-3.5599964
wBCSJVBr4ZE.004,train,-11.865262,2.995809
wBCSJVBr4ZE.005,train,-13.022645,2.2577684
wBSf7anTC_g.004,train,-15.281261,3.6093495
wDvZdcb00Bg.001,train,4.2501054,10.019471
wDvZdcb00Bg.002,train,5.773593,9.030675
wDvZdcb00Bg.003,train,3.21169,9.926023
wDvZdcb00Bg.004,train,4.1615186,8.919204
wFZJ3gTKwwM.002,train,22.929617,13.950249
wJl7DbsbrDA.000,train,-6.324112,1.1093211
wJl7DbsbrDA.001,train,-3.53828,2.7915187
wJl7DbsbrDA.005,train,-3.8445458,3.5696123
wK_ExIjn5Q8.002,train,-14.112622,3.1323268
wK_ExIjn5Q8.004,train,-13.258608,2.6665087
wK_ExIjn5Q8.005,train,-13.657426,3.2128057
wNH5FmWVr-M.001,train,-2.0212045,-9.62376
wTo1uZns2X8.000,train,-11.173127,1.5685943
wTo1uZns2X8.001,train,-1.8229736,1.2376956
wTo1uZns2X8.003,train,-2.0087645,-0.24666955
wTo1uZns2X8.005,train,-5.203513,7.475868
wTpb1CfMnVM.005,train,-4.078006,0.72074467
wVpjBxCirAQ.001,train,0.31230298,7.0592194
wVpjBxCirAQ.004,train,4.0492234,12.269412
wVpjBxCirAQ.005,train,8.321727,9.702095
wYZJ2HXfvmQ.001,train,-5.0043235,2.9317915
wYZJ2HXfvmQ.002,train,-7.5431123,8.93543
wYZJ2HXfvmQ.003,train,-7.189162,3.418053
wYZJ2HXfvmQ.005,train,-8.423641,3.0934033
wYixHjntI-4.001,train,-11.828519,0.2431565
wYixHjntI-4.002,train,-10.785176,-3.7351673
wYixHjntI-4.004,train,-11.330457,-1.9925393
wYixHjntI-4.005,train,-11.441547,-1.1292807
w_ExyXsnw2A.000,train,-8.250464,-4.3325524
w_ExyXsnw2A.003,train,-8.23452,-0.5999353
wdeOWVDSeLE.001,train,-1.803236,-5.5406632
wdeOWVDSeLE.002,train,-5.5162215,-6.6558247
wm94g-5Cg5s.000,train,-2.9420125,2.2456498
wm94g-5Cg5s.002,train,-7.3192315,-1.1490299
wm94g-5Cg5s.003,train,-6.6665435,0.48185745
wm94g-5Cg5s.004,train,-6.731988,-2.335446
wm94g-5Cg5s.005,train,-5.405156,4.2294297
wr4dP9MuHME.004,train,-6.197981,1.5358896
wr4dP9MuHME.005,train,-4.01747,4.01871
wsBrLt5coeM.000,train,-0.38429812,-3.2129052
wuhoIm_jPc0.002,train,-10.826091,2.2121694
wuhoIm_jPc0.003,train,-10.486957,2.4715953
wuhoIm_jPc0.004,train,-9.363791,1.5839778
wuhoIm_jPc0.005,train,-9.831719,-0.041674186
wxpXOLNwW1E.000,train,32.32103,0.16623072
wxpXOLNwW1E.002,train,21.186844,-6.2577357
wy1szFSVpEI.002,train,3.1697283,-4.1041665
wzCdM6Fe_4A.001,train,-4.2813454,-5.966668
wzCdM6Fe_4A.003,train,-2.443975,-6.9565187
wzCdM6Fe_4A.004,train,-1.3041655,-10.410809
x0CZuHnJ0Hs.004,train,-11.964405,4.7401466
x0CZuHnJ0Hs.005,train,-3.6418533,4.3334694
x57nEfACdXA.001,train,-10.610284,-2.287499
x57nEfACdXA.002,train,-7.949141,0.06738484
x57nEfACdXA.003,train,-5.569501,1.194988
x57nEfACdXA.005,train,-11.695163,-1.3215915
x6Tluj4dJTU.002,train,-8.79807,0.22320935
x6Tluj4dJTU.004,train,-2.3659985,6.6841598
xA3GCTL5o-k.000,train,-10.734655,5.311094
xBiI0Oo1vBw.000,train,0.20865968,-16.465092
xBiI0Oo1vBw.005,train,1.9430739,-11.422784
xDjhf8wrNWQ.001,train,-14.211441,5.151677
xDjhf8wrNWQ.003,train,-12.165046,9.851689
xDjhf8wrNWQ.004,train,-12.241764,5.2322426
xDjhf8wrNWQ.005,train,-10.0285225,5.0017323
xEmwNv4OxGE.001,train,-8.980975,3.3467994
xGo_wImhwkQ.003,train,-4.1686225,-4.2624564
xHb5_bc1JOA.000,train,-4.2046304,-10.25301
xHb5_bc1JOA.001,train,-5.387518,-10.752737
xHb5_bc1JOA.003,train,-6.002605,-10.706746
xHsh2Rg5ANU.000,train,-7.015798,10.147563
xLfLuyIQOJE.002,train,-2.499882,1.0948344
xLfLuyIQOJE.003,train,-3.6519933,-2.0871341
xLfLuyIQOJE.004,train,-6.2612715,-3.1237032
xLfLuyIQOJE.005,train,-0.77064794,-0.32602158
xP6i_WO1LCM.000,train,3.1185544,-2.6521037
xQHmbJ_lPjY.001,train,-5.25503,-3.453476
xQHmbJ_lPjY.003,train,-1.5896488,1.8364527
xQHmbJ_lPjY.005,train,-5.5710077,-3.604804
xRLaEoXAsjk.001,train,12.402792,-2.9843497
xRhUBifOWiI.000,train,20.906956,-8.227951
xRhUBifOWiI.001,train,0.99281806,-7.3004475
xRhUBifOWiI.003,train,6.58873,-4.208082
xRhUBifOWiI.004,train,29.39956,-5.6484604
xUdaVBK1b8w.001,train,-8.261594,8.371397
xVJDjbiIjTo.001,train,-9.102945,-5.435433
xX5Imr7UmaA.002,train,5.332049,-2.903675
xZ9iwqHw7GY.002,train,48.925575,-1.8445244
xZ9iwqHw7GY.003,train,7.835799,-3.6525352
xZFZ0Mvjiuo.000,train,14.144244,3.1311178
xZFZ0Mvjiuo.001,train,9.370708,3.9974532
xZFZ0Mvjiuo.003,train,17.635702,9.755265
xZFZ0Mvjiuo.005,train,7.808927,2.3613622
xbAb00tGeBQ.000,train,-13.637592,4.627034
xcMwMi4fdis.001,train,38.752644,13.078784
xcMwMi4fdis.002,train,42.465736,6.329572
xcMwMi4fdis.005,train,28.48418,-3.16685
xcVy0l2nfV0.001,train,11.373717,1.885957
xe3l76e8yE4.001,train,-7.6317854,-0.7214176
xeE08Vn-HXI.000,train,-3.8925917,-1.6182069
xeE08Vn-HXI.001,train,-2.2169368,-4.5339956
xerGtxpxW6Q.002,train,6.2684016,-2.29129
xerGtxpxW6Q.003,train,1.5498883,-1.6975074
xfLVThCzEEk.000,train,-7.0060105,-4.778616
xfMOELCuN94.003,train,-1.0627382,-0.3627592
xfMOELCuN94.004,train,-7.9448743,-2.8659835
xgRqkTXmZko.000,train,-0.9164768,-2.3369308
xgRqkTXmZko.001,train,-1.4935243,-2.7050934
xgwiqo2AsCA.000,train,24.289978,15.462019
xgwiqo2AsCA.001,train,20.605387,11.418478
xgwiqo2AsCA.002,train,10.439362,6.8578296
xmD4FKMq2rk.000,train,8.051657,8.097835
xmD4FKMq2rk.001,train,-5.7021327,5.284897
xmD4FKMq2rk.005,train,2.720134,11.220751
xmaC2XOhPaE.001,train,10.561068,2.2843378
xmaC2XOhPaE.003,train,12.81669,7.9309163
xotlPVnG05U.000,train,5.9923058,-6.3164845
xpSCu7PgJts.000,train,-11.219769,5.6613507
xpSCu7PgJts.004,train,-13.270791,3.1174915
xqGyF2T3pso.000,train,0.0537043,-11.736633
xqGyF2T3pso.001,train,-5.1225944,-9.394864
xqGyF2T3pso.002,train,-2.9034941,-8.470419
xrxAyO8pKUo.002,train,-7.8930407,-5.4193053
xrxAyO8pKUo.003,train,-7.5388575,-4.2349124
xsDABUrvs6w.001,train,-10.319796,5.590173
xsDABUrvs6w.002,train,-13.785963,3.4569464
xsLvl2qGrxU.000,train,1.4353083,-4.9931946
xsLvl2qGrxU.001,train,-2.8616939,-10.176981
xsLvl2qGrxU.002,train,-1.3341756,-5.606231
xsLvl2qGrxU.003,train,4.7057343,-6.8794
xtDw9TlWiww.000,train,-13.947508,3.7898083
xtDw9TlWiww.002,train,-13.47249,6.0695343
xun35caJTQI.002,train,-14.28369,9.761188
xun35caJTQI.003,train,-6.441308,9.472313
xun35caJTQI.005,train,-11.189059,6.4349937
xvLi31p57oA.004,train,-3.7528164,1.1822424
xyOq5SL0Evc.000,train,-7.420317,3.5602472
xyOq5SL0Evc.002,train,-8.185358,4.1280184
xyOq5SL0Evc.003,train,-8.855236,2.9319875
xyOq5SL0Evc.004,train,-8.37636,2.799148
xyWpSrfFlQw.004,train,-1.3106745,11.553198
xzRYaxrhne8.002,train,-13.234747,1.0048282
xzRYaxrhne8.003,train,-12.785826,3.1858988
xzRYaxrhne8.004,train,-9.404939,4.5776434
xzRYaxrhne8.005,train,-12.749365,1.6445233
y--uBBy7ebM.000,train,11.697345,6.626467
y--uBBy7ebM.002,train,29.413082,15.345476
y--uBBy7ebM.004,train,18.210257,1.2873344
y--uBBy7ebM.005,train,7.9974365,0.70629954
y0UCXXk9tlM.002,train,-8.971712,-3.931685
y0UCXXk9tlM.003,train,-5.7090926,-4.9728107
y0UCXXk9tlM.004,train,-5.954393,-6.5042114
y0UCXXk9tlM.005,train,-5.600642,-4.637573
y1e8xPAaL9k.000,train,-7.0001287,-1.4657804
y1e8xPAaL9k.002,train,1.5179262,4.774707
y2UF49ddapI.001,train,1.3542044,4.6744404
y2UF49ddapI.003,train,-3.638188,5.2055326
y4Ej1YSEQf0.000,train,-7.108542,-9.417022
y4Ej1YSEQf0.002,train,-4.422703,-8.579568
y6LC5kAJmHw.004,train,-2.5879452,3.2930524
y6sy0HBe-Zs.000,train,-7.9516945,9.603617
y6sy0HBe-Zs.005,train,-6.7603164,6.7841783
y7MEVu2nyes.000,train,2.4147663,5.328456
y7MEVu2nyes.001,train,4.17371,4.2802496
y7MEVu2nyes.003,train,-0.56764454,2.9639602
y7MEVu2nyes.004,train,10.935231,7.7811065
yAVnxsaTyuE.001,train,12.649565,2.095681
yBMuZWldxLk.001,train,6.24826,2.8905275
yBlPsPBRv5E.001,train,-10.022595,-0.5149429
yBlPsPBRv5E.002,train,-9.742913,0.7216767
yEE9FoKWdpU.005,train,-12.570478,0.47475335
yEWy_vXTTJU.005,train,14.00181,-4.8529305
yFZ3eUD6Pqs.000,train,3.2440066,-3.9093974
yFZ3eUD6Pqs.001,train,3.2430656,-5.6216846
yFZ3eUD6Pqs.002,train,0.108968295,-3.2107325
yFZ3eUD6Pqs.003,train,3.1509762,-4.8360972
yFZ3eUD6Pqs.004,train,-0.40743658,-4.1937594
yFZ3eUD6Pqs.005,train,2.1613061,-1.2526914
yHwuRYr5lxk.003,train,-7.983778,-9.367658
yHwuRYr5lxk.004,train,-8.150603,-10.512456
yHwuRYr5lxk.005,train,-7.1865196,-7.1705647
yIM5bal1VVs.000,train,-11.282444,9.780005
yIM5bal1VVs.003,train,-8.615917,9.620553
yIM5bal1VVs.004,train,-8.755865,8.0963
yIM5bal1VVs.005,train,-10.598344,9.031812
yIe7Rp54-bU.001,train,-4.412106,-5.008806
yIe7Rp54-bU.004,train,-4.53394,-4.3770466
yOzHZOg95Ug.001,train,16.573093,7.356458
yOzHZOg95Ug.003,train,18.29699,7.6625056
yOzHZOg95Ug.004,train,19.415646,4.6678348
yOzHZOg95Ug.005,train,13.864811,10.390967
yRVvI1x2DBI.002,train,-3.4644828,-8.434481
yRVvI1x2DBI.004,train,2.3775184,-3.1544309
yRVvI1x2DBI.005,train,-5.2399383,-2.5572734
ySEeioc339E.002,train,-2.1210296,1.475507
ySEeioc339E.003,train,4.7219095,-0.025006497
ySEeioc339E.004,train,-5.7351546,-4.9150414
yUESJPS0wS8.000,train,3.2649274,-13.102345
yUESJPS0wS8.002,train,4.3321447,-9.539229
yUESJPS0wS8.004,train,9.378468,-9.402543
yVSfQZGt1co.001,train,7.2682805,0.14696652
yVSfQZGt1co.004,train,2.2057524,6.284327
ya8Ec_yTai8.002,train,0.4823353,7.706407
ya8Ec_yTai8.003,train,1.8314419,7.7999115
yftfxiDNXko.000,train,-9.836802,3.575869
yftfxiDNXko.001,train,-9.825001,2.6139812
yftfxiDNXko.002,train,-6.154667,9.523428
yftfxiDNXko.004,train,-7.117237,0.8939779
ygUEI08LgcM.002,train,-7.076446,-1.4333426
yj2Y1Y26rd4.001,train,-11.546573,0.66557366
yj2Y1Y26rd4.002,train,-9.043935,-0.94141835
ykm4JTvlOCQ.000,train,-6.1055346,-2.6105406
ymrFbEMNBME.001,train,10.778751,0.3102819
ymrFbEMNBME.004,train,1.8860538,-7.308815
yozI_jvMrTw.004,train,-11.491794,-2.3877454
yozI_jvMrTw.005,train,-11.077024,-3.7862089
yp-tfq1NxBk.003,train,-2.470077,4.016879
yrToGVRf27U.003,train,-0.34792215,-2.6252387
yrToGVRf27U.004,train,2.7613776,0.6769757
yuE25dFTn2o.000,train,-3.2836928,7.608512
yuE25dFTn2o.001,train,-1.6552029,10.386348
ywefrPdzz0U.000,train,-13.35905,2.3933563
yzgA9oAEgI4.002,train,-3.2558718,-14.591409
yzgA9oAEgI4.003,train,-1.0589567,-11.124795
z-CV743owek.001,train,-2.7213347,-11.188878
z-CV743owek.003,train,-0.07453106,-12.736422
z-CV743owek.005,train,-4.1746163,-8.600249
z3DO3tdrsnQ.000,train,3.0658457,-6.8740034
z3DO3tdrsnQ.001,train,-2.3070593,-8.132296
z54OqeICELg.000,train,1.408747,-16.731909
z54OqeICELg.001,train,-1.4525996,-15.112732
z54OqeICELg.004,train,-0.11665037,-17.537794
z54OqeICELg.005,train,-3.3317347,-17.179218
z82YEuBU8mA.003,train,31.340475,-8.210458
zDSpbDg6WB8.002,train,25.786901,10.053117
zEyRyTnIw5I.001,train,5.9738183,10.925297
zEyRyTnIw5I.005,train,1.504141,8.797858
zF3Uk2OAJAE.001,train,-3.0504086,-17.281645
zF46tAI2PQc.004,train,46.16986,2.9270062
zF46tAI2PQc.005,train,-2.5275364,-6.179419
zFVjcb45pjI.002,train,-10.192076,0.6250398
zFVjcb45pjI.003,train,-5.3244877,4.219915
zH9pTx5_ZwY.003,train,-10.460786,-3.8869674
zH9pTx5_ZwY.004,train,-10.984879,-2.7740555
zJEnT19uoPY.000,train,-15.117173,7.1274867
zJEnT19uoPY.001,train,-16.741095,5.0452223
zJEnT19uoPY.004,train,-15.538364,5.5700145
zJEnT19uoPY.005,train,-11.208362,4.6217103
zJR7w4DABGU.002,train,23.844296,4.755878
zMXIf66PPhU.001,train,-10.009676,1.2005016
zMXIf66PPhU.002,train,-6.8509355,-2.7746265
zMXIf66PPhU.004,train,-10.760385,-1.0637263
zMXfMcqpPwQ.001,train,4.544933,-8.407708
zMXfMcqpPwQ.002,train,4.2642727,-6.089789
zMXfMcqpPwQ.005,train,4.9737606,-7.3571124
zNHM8iNyTO4.005,train,-8.9132595,-1.3088017
zNmuwZkaeVg.001,train,-4.2195454,8.415804
zNmuwZkaeVg.002,train,-5.116119,4.2441726
zRevZ94Rxjc.004,train,1.707335,1.7235972
zRiS2gIUc9s.000,train,-11.282919,-2.9388447
zRiS2gIUc9s.001,train,-11.763272,-4.5142183
zT_s9X21gAE.001,train,0.29554048,-12.37946
zT_s9X21gAE.003,train,-0.63312536,-8.196519
zT_s9X21gAE.004,train,-4.8799624,-8.583909
zT_s9X21gAE.005,train,-2.5092397,-17.09332
zY0J9qKEekE.004,train,23.17737,-13.663916
z_W8_j7CB2A.000,train,-5.723662,-0.6034449
z_W8_j7CB2A.001,train,-6.349237,3.4756858
za14O68VN3E.001,train,43.336597,5.6760807
zeUC7e-4w1E.003,train,-2.6624198,-5.579848
zeUC7e-4w1E.005,train,2.1284537,-6.2231536
zpLiIVF0x7U.000,train,-12.012914,9.575386
zqpXz9h41jg.000,train,-10.968354,-3.4551737
zqpXz9h41jg.002,train,-9.203741,-4.3602734
zqpXz9h41jg.005,train,-12.738637,-0.55037355
zrbcY4TMVyc.000,train,26.976242,10.610496
zrdxHERn628.003,train,-9.727524,-2.2461326
ztyBhnjtrz0.000,train,1.2719017,7.4540863
ztyBhnjtrz0.001,train,-2.8979127,3.4961116
ztyBhnjtrz0.002,train,-4.159825,7.1597285
ztyBhnjtrz0.003,train,-5.5453453,3.0625198
ztyBhnjtrz0.004,train,-1.5786332,6.3302946
zupxsNi2er8.002,train,-3.366979,9.874793
zupxsNi2er8.004,train,-4.752968,5.569654
zupxsNi2er8.005,train,-11.383647,7.871971
zvX4fNj0uxk.001,train,1.9424195,4.980851
zvX4fNj0uxk.003,train,2.6509256,4.3301063
zvX4fNj0uxk.004,train,4.0881414,5.3923364
zwO2zBdbCb4.002,train,-7.206568,5.6094303
zxuPCshTSOs.002,train,-12.662985,5.2598414
zxuPCshTSOs.005,train,-9.834734,7.646757
zyGz_H1UTnQ.003,train,-15.113726,7.1298833
-6otZ7M-Mro.003,val,-4.9741535,0.69640106
-6otZ7M-Mro.005,val,-11.497228,1.567616
-8asrRvfJWA.001,val,11.186888,-0.1808326
-9BZ8A9U7TE.002,val,-0.8663275,-4.4519696
-AmMDnVl4s8.001,val,4.956377,-6.2286525
-BDSWZIF-WY.000,val,-12.263164,3.192175
-DOqN0d8KHw.000,val,-6.739451,1.9185908
-DOqN0d8KHw.001,val,-6.2873573,3.2971246
-N6QKrbnaDs.002,val,-9.24712,4.880308
-PF2TG2loGc.002,val,-10.577281,-1.065284
-PWjgx2czwY.000,val,-10.644183,-5.92766
-R2SZu3SYgM.002,val,-6.1450143,2.6095278
-R2SZu3SYgM.003,val,-10.907265,5.2395415
-RhPxhfpg4U.004,val,-3.8834324,7.656768
-RqxrwIxMvE.002,val,15.688166,-4.7477665
-VTqcHNgH7M.001,val,-6.83255,-9.135259
-VTqcHNgH7M.005,val,-8.735333,-8.827775
-Wqk9eex6bQ.001,val,-13.5668545,5.570258
-agCXYgb7pI.000,val,2.4775903,6.787228
-agCXYgb7pI.001,val,5.1742496,6.540218
-fqiCqZtgYs.000,val,12.210242,3.9248521
-wO0oBNlEvY.005,val,-0.14066723,-3.1158767
-zNyDPzId4E.000,val,16.020578,-10.79032
04oq2yrBwMg.000,val,-1.6725675,16.981968
04oq2yrBwMg.003,val,-8.277698,12.173426
04oq2yrBwMg.005,val,-11.293715,10.813092
05l5bteT_qA.004,val,14.64364,-2.8898222
0G9vplL8ae8.004,val,-0.64017624,5.001774
0ObEtA6Q8vU.004,val,-12.110613,-0.5607222
0QTR0WiJSNk.004,val,1.9257122,-8.312586
0SS47KwVOQ4.000,val,5.48734,3.3290575
0VnZngec8sc.002,val,-9.081623,4.3223443
0a5FOYBAIcc.001,val,17.26786,-13.295068
0axZSeaUbfs.003,val,-9.042642,-0.15604526
0iQIfGnKflc.004,val,-1.9266157,6.4204583
0mym1CooiTE.002,val,-5.345373,-4.878971
0mym1CooiTE.005,val,-6.3853483,-7.214891
0qtCdb23_2g.000,val,-5.1826663,-10.51241
0tse0Fsy_rg.000,val,21.34836,4.6577854
0tse0Fsy_rg.003,val,17.395144,-0.070686504
0u56Q_QmxIM.001,val,-9.024549,6.2533393
0u56Q_QmxIM.003,val,-6.32161,7.1395855
0u56Q_QmxIM.005,val,-7.6915402,6.918801
0uCqd5hZcyI.001,val,-2.8313067,-7.115098
0uCqd5hZcyI.004,val,-5.423003,-8.894476
0zJcYnsh55g.002,val,11.018956,1.5593014
1-GgVRmAEoo.000,val,-6.1126227,-3.1092188
12lqQE6oPNE.002,val,4.4731226,-4.5899243
176vWywoq9E.003,val,-8.259245,7.6593304
19pTUX8KfYM.004,val,-10.064604,0.3925493
19pTUX8KfYM.005,val,-6.593811,-2.2500277
1CYzbX8AaP8.000,val,-5.870175,6.9539256
1CYzbX8AaP8.005,val,-9.589679,2.7198937
1S0SxmfbOus.003,val,-4.8903246,-4.5324183
1TXS1Zg4wDc.001,val,1.0757009,-4.4252396
1W7XLdNpEgc.002,val,13.556203,8.4697895
1XkKu4LBvog.004,val,-3.2153711,1.8366027
1XkKu4LBvog.005,val,3.6913931,4.531633
1XqMZQu_pP4.001,val,2.2762692,-9.480418
1XqMZQu_pP4.003,val,-1.4510841,-6.9707003
1ajEXdEsJ-k.002,val,-8.421641,1.9549254
1dOaM7zWPo8.002,val,-8.884674,5.3100567
1hpZ2ecWqtI.000,val,-5.239425,-4.837246
1hpZ2ecWqtI.001,val,-5.368592,-4.027296
1izSTcQI7H4.005,val,27.399406,14.9668455
1jC4vsQsjwM.000,val,-9.854554,0.7397634
1m4WjLRKTwc.000,val,-3.724604,-4.147145
1m67onLoRwY.001,val,-6.1017175,-1.4858983
1mHjMNZZvFo.002,val,-7.273971,-6.828063
1mODTfLRGdI.002,val,-2.3544047,-4.166634
1mdMhaq5p4w.000,val,10.806537,-7.6890492
1pMNczHCXPc.000,val,-5.2567673,2.2264392
1pm5uoU85FI.002,val,-0.33253542,-1.6260755
1pm5uoU85FI.004,val,-6.795329,-3.9487946
1sjXuXtx9-E.001,val,-0.16547628,-16.382505
1sjXuXtx9-E.004,val,-3.5767925,-16.591284
1tPH6PNeOSk.000,val,5.298918,5.793676
1tPH6PNeOSk.001,val,7.1769867,6.5742273
1uC-2TZqplE.001,val,-12.054813,3.2949147
1uC-2TZqplE.002,val,-11.498453,4.83811
1uC-2TZqplE.005,val,-11.38079,3.8551471
1yIGI42lzak.004,val,-1.2225318,7.74886
1zpucNpIDk8.000,val,40.50402,-10.866488
2-LDYe7OXZU.004,val,-8.902091,0.89258474
2DZb5yIc6Fg.004,val,6.725352,16.39597
2DZb5yIc6Fg.005,val,-1.9385383,9.8333235
2HE6cw3HFPk.004,val,-3.4202769,-7.804863
2HU92Hfx8Lo.000,val,-0.35508022,-13.860967
2KSBoJZMcMU.000,val,-9.183085,-2.4855354
2NNYN1ZCJhw.002,val,-8.543718,-6.3464913
2OAA4slRc5M.000,val,8.75713,10.395263
2PSGksTyrnI.002,val,-8.517204,3.484833
2SzC9dm4Yy4.001,val,11.311235,-8.904557
2T3oK1Gse2g.004,val,20.416615,-2.6686532
2T3oK1Gse2g.005,val,20.341284,-2.0645576
2TMl5EMrdVI.000,val,3.7263327,11.092451
2TXrDZgbDHE.002,val,22.658031,11.053988
2UqnC_rFcRQ.005,val,-6.9533157,3.5323703
2UxhlaDEPmI.000,val,21.008678,-10.829465
2WuhWF4fAOQ.000,val,6.748133,-10.522434
2WuhWF4fAOQ.005,val,16.292032,2.5214007
2_OOIcYfLV0.000,val,24.207777,-7.4745283
2c42A4Z7qPE.000,val,-4.967087,-0.4528289
2c42A4Z7qPE.002,val,0.28989765,0.5820351
2d6btbaNdfo.001,val,-0.84054863,4.188654
2d6btbaNdfo.003,val,-8.497033,3.566596
2d6btbaNdfo.005,val,4.1541286,4.4082613
2fzLibPAtvI.001,val,15.812026,3.83313
2fzLibPAtvI.002,val,13.21776,3.6887844
2hhqEWiv4eI.003,val,-1.5734046,10.312936
2kqPuht5jTg.001,val,-8.827926,-2.4342458
2kqPuht5jTg.003,val,-9.413187,-4.0974903
2mfmw63l88g.002,val,-1.0505761,9.255374
2oEUp9sGRGk.003,val,-5.9294877,-4.097641
2oiXF5_gTyk.000,val,-2.6889696,1.3857669
2r5NVi3SZ2I.003,val,-0.22000007,-1.2675126
2rV3Ibtdnvs.001,val,-10.828656,-3.1225934
2rV3Ibtdnvs.002,val,-9.325966,-3.5616343
2x8GZaBY6TM.000,val,-9.146478,2.170221
2yUnXroXyeI.000,val,-6.4185843,2.0981412
2yUnXroXyeI.001,val,-8.128845,-0.53576386
300gK3CnzW0.005,val,-3.8519247,3.8003023
39BJkEXJpgc.000,val,-10.04705,-3.9729538
39BJkEXJpgc.004,val,-7.6987367,-4.8335366
3AyjQQYmqU4.002,val,-8.976857,-1.587577
3GylAjrajHs.005,val,-5.845385,-4.0185585
3HA2W1s4oP8.004,val,-10.337609,4.4721437
3J7Cl3FXs1o.003,val,-5.1414957,6.023108
3JzvXA-Zfbs.004,val,-6.867817,0.9083466
3K16KyiAZHw.000,val,8.00329,-6.974429
3K16KyiAZHw.003,val,6.6549044,-5.0332437
3LAaFUSGvsU.000,val,-13.601678,7.012385
3OoQBXWTGfE.003,val,-10.350081,9.212108
3Q3SB1dVAng.004,val,-2.990588,-16.548548
3S72dDIm1fM.003,val,-3.0447612,10.197315
3Sj-GZ3YXWs.003,val,-9.357375,2.7638938
3WoXkI06zGk.004,val,38.423363,11.777396
3ccY8jYkI5o.001,val,1.1552751,0.341459
3ccY8jYkI5o.003,val,1.3057219,1.9982005
3gUpRQ22vUs.002,val,4.5826674,-2.4875634
3hKgh9AB3tk.000,val,-0.5549691,9.735657
3lV-sr3NOUo.000,val,-8.026311,1.8712454
3lV-sr3NOUo.002,val,-11.102206,3.1026142
3lV-sr3NOUo.005,val,-4.7193003,3.5539644
3n-QaO3EvPQ.000,val,-11.92869,4.624053
3orJLMVqWYw.002,val,11.910193,7.457134
3tPq9fNOXZQ.004,val,-2.2549238,2.8113875
3taD1fEPfC8.000,val,-7.766369,-1.8386785
3wRj39GKLJ0.004,val,-3.82642,7.13414
3wgZrRMosvY.000,val,4.9670453,4.6025796
3yU-7AXnFCM.004,val,0.5949443,2.9337087
3zAyM2edy1g.003,val,15.68077,10.992747
45SH4ohAH3M.004,val,-5.8073416,-3.7059662
4CiR99jTzso.002,val,8.7406025,-2.3781524
4JYmE9a21aI.001,val,-9.625349,-6.1360474
4JjpfL4y3XM.003,val,3.0653799,3.0433292
4JjpfL4y3XM.005,val,0.08131315,0.45817605
4KD3XCMsIBs.002,val,31.814833,-5.666337
4NzqG0XwOWg.003,val,3.3302383,3.0732322
4OKYywIqnqg.004,val,-4.077024,-8.389201
4Qr1BjZhnpg.005,val,17.019423,-16.310825
4T9UUWWRE94.001,val,-9.710684,7.426016
4VwcU0ROy5k.000,val,3.6788247,-9.421668
4VwcU0ROy5k.005,val,0.3212477,-9.235438
4XdZDodpzac.001,val,-1.2949028,4.9438267
4XdZDodpzac.002,val,-5.5044065,4.5970173
4ZlcaXadwlo.002,val,1.9602201,-4.516987
4ZlcaXadwlo.004,val,12.174481,-4.0051208
4b-LkHBGWp4.005,val,-2.275619,0.59969807
4bDOetaLvZs.000,val,-12.634854,6.4409633
4fN-DKUzgWQ.000,val,-11.42879,6.9898553
4fN-DKUzgWQ.002,val,-9.958145,1.2408757
4kIHxR6s1L4.000,val,-0.7150015,4.706061
4lH5nLSwmoM.002,val,-10.171113,-3.1572835
4lH5nLSwmoM.004,val,-11.808807,-3.42075
4lIbWq27O84.004,val,-13.450967,4.4828386
4lIbWq27O84.005,val,-8.884151,7.1715684
4lj66h4CXI8.001,val,0.55794734,-11.280831
4lj66h4CXI8.004,val,5.3361654,-11.854505
4nMstrTuXXw.000,val,-3.0579107,-4.18905
4nir0YtjHVs.003,val,2.0724308,-11.112531
4nir0YtjHVs.004,val,3.0114112,-9.806088
4sCa35TOxgs.003,val,0.32944337,-15.797148
4vJ69g7gAH4.000,val,-13.43851,5.9820566
4vJ69g7gAH4.003,val,-12.361319,6.5575156
4vJ69g7gAH4.005,val,-13.28229,5.1926737
4yogPbHFQ9o.000,val,-4.717907,1.4219968
5-mwIFjOWZ4.002,val,10.093717,8.001066
50gokPvvMs8.003,val,-8.332208,5.0535035
51KRxB3g7A8.001,val,-8.456483,-1.2516859
51KRxB3g7A8.004,val,14.029446,0.42577514
54JawR1x0II.003,val,-9.664231,9.856874
54K75EhiTEk.001,val,22.744688,-6.2756214
59Smv7wl--w.004,val,-10.2816305,8.746203
5BPGRteF64Y.000,val,-1.1490026,1.308678
5CRqN54uejE.003,val,-7.9532795,5.7645564
5CRqN54uejE.004,val,-0.058179747,5.5820074
5Eez38v8TuU.001,val,30.439898,14.607893
5Eez38v8TuU.002,val,21.99919,9.431381
5KHOpRCxnwQ.001,val,31.150433,4.9537444
5Ku4_r_Yxsk.004,val,-3.9580128,-6.933274
5LT-hTT4J7s.005,val,-2.800272,-1.6127486
5PsD_NFMWpQ.001,val,-7.809886,8.953988
5TYuLy7JLj4.003,val,-8.153425,3.8211436
5VG1EgzvprE.002,val,13.028543,-10.283176
5bi_PM3XMEQ.004,val,43.809784,3.5477417
5hFRSHAis2E.001,val,2.4284954,8.404158
5hFRSHAis2E.004,val,-2.6798255,5.549135
5kaqMZ7SB9w.004,val,-2.5448458,-8.722169
5kwoq4EZixQ.002,val,12.083299,14.46305
5lqg3tAI9H0.002,val,4.7579317,-4.7589636
5lqg3tAI9H0.004,val,4.2389193,-4.3005767
5wpoKhbt28c.002,val,12.815268,-17.50604
65xWDhgq1OE.002,val,-2.2816882,-8.081096
65xWDhgq1OE.003,val,-2.6046426,-10.31295
69BopbFc34U.003,val,-10.695494,7.9028883
6CRet5sD6xI.000,val,3.1338627,-3.2688317
6JfSPPVUgIg.001,val,36.149067,26.224604
6LKbPUX03sY.002,val,33.989227,10.97631
6M8OQNo64Tc.000,val,3.7690792,11.21409
6NjuNY4LfQc.001,val,1.3035587,-3.3030388
6NjuNY4LfQc.002,val,9.549806,5.3139443
6U2qLDZA5lQ.000,val,5.085353,-4.504771
6WSr4IW6cNI.005,val,-5.235255,-1.9516872
6inqwyJPQ6k.002,val,-9.356271,1.4826467
6l0RBbxg4fk.001,val,-0.49792543,-1.0229496
6nbxAP_ZKQQ.004,val,-10.564963,-3.273439
6oL9yyc9iJc.005,val,-2.043406,-9.194304
6tBnFWDqvJE.000,val,2.3653615,-0.18684417
6uqXoPJSoPg.001,val,-12.801759,4.397402
6uqXoPJSoPg.002,val,-11.936957,2.7154758
6wHQsN5g2RM.005,val,-5.7500167,4.1664095
6waL_gUxtAM.002,val,7.7236075,-17.249722
6zm71IHOCZA.004,val,6.1018677,12.882532
75XbCb7G8kw.005,val,-9.280436,7.9111094
78zauTEQ-k8.003,val,-3.8269877,-13.413316
7A7gav98tW4.000,val,24.505505,3.8749905
7GRC7XjGzX8.000,val,-4.08914,1.8662398
7IegDaeNlik.001,val,17.353334,1.5109906
7IegDaeNlik.004,val,11.09602,10.668216
7LHmNEH65Pk.001,val,-5.169544,0.86628187
7P2F5Mk_Q1s.001,val,23.096264,-10.311948
7PYAn9njCHI.003,val,11.867521,5.177057
7T-KyMnEbJM.000,val,0.10789209,-1.5490146
7WixH0aSfqI.000,val,-0.15864411,-12.7896595
7WixH0aSfqI.004,val,0.058047183,-9.563921
7Y3S4nfQHeo.004,val,-8.631373,6.1061587
7Y4cUPFEt-4.001,val,-2.0844657,1.1511502
7ZnijRlK5-E.001,val,19.728144,-15.956634
7b9DirXrkHo.000,val,-11.0713625,0.22594512
7fOxteINSUg.002,val,-4.2595053,12.45616
7fOxteINSUg.005,val,-6.885759,9.034943
7nJPNkWZDOY.001,val,9.364625,-10.160942
7nJPNkWZDOY.004,val,17.430975,-11.079856
7pLYJKO75_c.004,val,-4.30899,-12.340303
7pLYJKO75_c.005,val,-4.652881,-15.01566
7qGYGbIg45c.000,val,0.76636285,-0.6869794
7tlMys6MZ34.002,val,0.14175944,-9.835992
7u0o63Z7q9E.000,val,-5.05292,-9.399517
7vF5WLD1RxY.000,val,-4.8448524,6.0689683
7wsksuXYoMY.003,val,-6.8878245,-0.9984003
81f9t2HMNas.000,val,1.4104275,6.904365
836kYlEs9GI.004,val,0.6513417,-1.0385985
84Lz5a9yRZg.000,val,-2.261303,-0.9382323
84emxO86qa8.004,val,4.4244757,-1.2825795
85isLsZHZpo.003,val,2.0921462,-8.922211
85isLsZHZpo.005,val,5.503739,-5.373714
86upzmhvpXw.000,val,-5.4317484,-2.6380649
8AnIttmflwI.000,val,13.871388,-2.6651301
8AnIttmflwI.004,val,18.980846,5.2307296
8AnIttmflwI.005,val,12.81292,1.6799101
8OGiv7FetSQ.003,val,1.6026257,-10.831098
8OGiv7FetSQ.005,val,5.524151,-11.16534
8OckVmEZ8X8.001,val,11.81473,10.411105
8OckVmEZ8X8.002,val,12.037501,15.1214075
8OckVmEZ8X8.004,val,2.3232925,5.880749
8OckVmEZ8X8.005,val,5.1591883,9.098658
8PXQ_5tUv74.003,val,0.73072153,-4.549677
8QtlG5ujHyc.000,val,-5.0310254,-1.8962381
8QtlG5ujHyc.003,val,-3.2540345,-2.1568468
8RVJqjILSD0.002,val,-9.428307,3.2162843
8RVJqjILSD0.005,val,-10.839035,4.7635336
8XBprf4NyOg.003,val,-14.5788965,1.8254075
8YQKwMdiaAE.000,val,-8.1258135,-8.865551
8Z6PrQdqffA.000,val,0.72365344,3.969958
8Z6PrQdqffA.003,val,0.3204772,-0.13078971
8dVcA5J1Dcw.001,val,21.86913,13.018081
8e4nnel_x-M.004,val,-11.193131,-1.6612314
8eeZjC_bmtc.000,val,20.20713,-0.58959156
8eeZjC_bmtc.002,val,15.969028,-2.3574128
8eeZjC_bmtc.004,val,44.303135,0.8592439
8gvBbE6iZNo.000,val,-9.964036,2.9298825
8gvBbE6iZNo.004,val,-10.594851,3.5229526
8hGOOynn3ZU.004,val,-12.286362,11.449675
8hH_eJ8qv_M.000,val,-3.6445389,-2.9112287
8hH_eJ8qv_M.002,val,-0.8416973,-4.2049108
8hH_eJ8qv_M.005,val,0.6810794,-0.83368754
8hW6WfYBP18.000,val,5.004111,6.5987754
8hW6WfYBP18.002,val,-0.6635486,1.3311318
8hW6WfYBP18.003,val,4.0097466,2.6955
8hW6WfYBP18.004,val,0.61695194,2.2976933
8i7H-uSCQcc.003,val,7.902541,-7.8078604
8lg8A_zFOmg.002,val,-4.528561,-1.5865331
8lg8A_zFOmg.004,val,-2.777112,-2.992261
8n6G3V3-Tk8.001,val,-4.2364244,-2.6029606
8narByy2B5g.002,val,15.641055,-7.1093383
8narByy2B5g.003,val,15.330568,-9.901828
8narByy2B5g.005,val,8.000156,-13.392809
8nt2PL_p-Io.001,val,1.1004195,-8.925822
8pM3X-xsD4s.002,val,-3.6598802,-10.58271
8pM3X-xsD4s.005,val,-6.2269197,-8.149599
8py6SksNsZQ.000,val,-8.673288,-2.307765
8py6SksNsZQ.004,val,-9.508831,-0.019338023
8qG1sMihtPA.001,val,-4.9598794,-8.907104
8qG1sMihtPA.002,val,-3.7125516,-9.062696
8qG1sMihtPA.005,val,-4.039785,-6.580585
8qesctueAV0.003,val,-8.092572,1.8218962
8qesctueAV0.005,val,-7.9868703,-2.372954
8s0R8r6UsU0.001,val,-3.3991475,-15.379069
8s0R8r6UsU0.002,val,-4.2715764,-11.431426
8voP9HTSffg.000,val,17.082914,6.4606347
8w_oPolxRWQ.000,val,15.070785,-11.222434
93XyRBd_HqU.003,val,-9.39444,-3.3375034
93bQfdes68U.000,val,-6.71132,9.171021
9DKE8426js0.000,val,-6.2880425,-11.318539
9QGTbcqb2tM.004,val,-6.648004,10.40682
9QGTbcqb2tM.005,val,-9.16898,4.360148
9RfE2-aTvaM.005,val,-7.093987,0.94182223
9SGTRbePKLI.000,val,2.3513982,1.5580568
9UUtf0_ZR14.000,val,-12.574472,1.0068676
9UUtf0_ZR14.003,val,-13.237601,2.4412537
9UWCHrG5mys.000,val,33.84369,-4.0014772
9XqeGs2MMic.001,val,3.9562216,-2.1493697
9a-3LrB7cDI.002,val,-13.725704,4.8381033
9c66Lb7e1BQ.001,val,-9.242416,-0.1889082
9cHxDnk6SUs.004,val,-9.3059225,2.635804
9lA-PGQcHBc.000,val,9.6317215,-20.74552
9mM_0vrO3wc.000,val,-10.377389,-2.0271704
9n8dNi-ERQ0.000,val,7.351435,-21.38617
9o10YrQykMk.005,val,-9.486258,-1.3284904
9pGJyf1MXLY.003,val,0.69255924,1.331394
9rF3BEXetOo.003,val,10.013865,-4.608913
9uMpKla2OQM.003,val,6.505549,11.995199
9uMpKla2OQM.005,val,2.0447996,-1.4835653
9ydyJKZBWiA.004,val,-2.2580175,11.769117
9z5cV1ANYwE.005,val,-1.0481987,-15.996193
A1lbD_OCuj4.002,val,-8.504136,8.383304
A6ZWTfKPLPE.000,val,5.1390586,-11.054347
A7qb47cmxJo.004,val,-7.060676,-1.884915
ADa9rkwF2uA.004,val,-5.153108,9.296043
ADa9rkwF2uA.005,val,-4.576724,11.465555
AFQz-qy0FkY.005,val,5.755558,1.2150636
AFvUxDwJB84.005,val,-5.530523,-7.130853
AP0aklGHino.002,val,-7.4985466,11.994105
APqMkruLkoE.001,val,-5.7700524,4.862843
AR3UwbmgKuQ.000,val,-2.5941188,11.851349
AR3UwbmgKuQ.002,val,-2.8348608,16.83409
AWe6ZZUmlZw.001,val,-4.124881,1.3642738
AWe6ZZUmlZw.003,val,-5.3643756,2.9095597
AZ2HyBOmliQ.000,val,-5.5604625,8.182286
AZj2VoCcayA.002,val,-4.8220625,4.264872
Af_F0IzHK6o.005,val,-3.2964137,4.619415
Agg7z10B_iY.005,val,0.029148903,5.288773
Ahiq4zhmYco.000,val,4.982574,17.660097
Ahiq4zhmYco.001,val,4.62514,16.249743
Ahiq4zhmYco.003,val,-5.4581833,6.3042917
AlEqtGWa43g.003,val,-4.9077134,-5.692463
AlEqtGWa43g.004,val,-3.5322618,-3.3780668
Alox0G4xUfM.001,val,-2.838359,-3.2463603
An7WScf0RRc.001,val,-14.123858,2.6960912
AobPtpyKat8.003,val,28.403576,-3.117934
AotbiNsU85A.005,val,-7.313481,-4.8661404
ApCq0dwH1Ak.000,val,-11.220543,6.323034
ApPnsnIZozw.002,val,-2.4268432,-1.3520374
AuaQ0rtedRk.000,val,-3.1518033,10.983306
AuaQ0rtedRk.002,val,-1.2982683,13.064101
AvuGsnkWjt8.000,val,-9.460628,4.7201157
AvuGsnkWjt8.003,val,-4.2613244,4.811031
AwNVGShHjvw.003,val,6.473313,-1.2358013
Ay7bZ7Sgx9Q.000,val,-6.547098,0.048520885
Ay7bZ7Sgx9Q.005,val,-8.285563,-2.255688
B-OJ_xZILLg.000,val,-9.27364,6.3614783
B1efbNxLPe8.002,val,-8.469218,1.8016256
B2riMsP8LD8.000,val,6.52945,6.1644435
B2riMsP8LD8.002,val,11.025439,8.719052
B3zFJhrmqwg.000,val,17.864107,18.161356
B77ZCcCMrkM.001,val,12.277318,-3.3798332
B77ZCcCMrkM.002,val,8.963192,-5.563335
BBSB9OJdb0Q.003,val,-9.787146,8.791725
BCNZ_j_kMB4.003,val,5.700869,-15.005897
BPUFqFLZgZU.000,val,-5.46387,-7.9858623
BQ9i8qkXiVQ.001,val,-1.8246765,11.423221
BS0wgLXqFgc.000,val,-12.745967,3.3203073
BS0wgLXqFgc.004,val,-13.742474,4.310182
BStHNKV820Q.000,val,-13.851413,3.9419873
BZ3FEf_KKso.002,val,10.495472,1.9240123
BeyIfaH64xY.002,val,-5.4170423,-0.30502567
BjQ95T-Dw1U.001,val,-7.4140086,0.36854738
BlXViK_ltm8.001,val,-9.38674,-11.911517
BlvmREgt2C0.004,val,-1.4377879,-10.112616
BmDClgdWlH4.005,val,-9.725655,-7.803532
Bmn4YEhgBDY.000,val,0.16247089,-7.3232646
Bn5QwANp5LM.004,val,6.683983,5.904112
Bo-mrL28d8M.001,val,8.280575,3.7301466
Bo-mrL28d8M.005,val,2.288232,3.0573413
BxD2uO_3RXU.001,val,-1.2063128,-3.262411
Bz3Jx4QL_6Q.002,val,-12.506373,2.6952865
Bz3Jx4QL_6Q.005,val,-14.087899,3.4311368
BzMLhulrt0Q.000,val,28.211014,-7.3005986
C-48U5oDuvw.000,val,-9.216064,2.275875
C-48U5oDuvw.001,val,-10.635401,1.4452891
C0uc-2KrnnQ.003,val,-9.51313,-6.8969893
C2MEPH7x9m0.000,val,-5.182314,10.313992
C2MEPH7x9m0.004,val,0.0019367405,11.320119
C2Y9Puk3Obk.002,val,-0.88760346,-11.387182
C5qRszPK9HY.002,val,-6.816216,-7.3714557
C8xZ0vhrrFE.004,val,0.55079865,6.268054
CAuVlnNy95E.002,val,6.7721224,-4.012033
CDTo7WVyf5s.003,val,-1.7029551,-8.389237
CESTtNvDpww.001,val,10.007208,-13.103888
CFK8ib0aWe8.004,val,-9.058918,2.8593726
CFK8ib0aWe8.005,val,-9.859358,2.0316768
CGfr9jl8w4Y.000,val,-8.393895,-2.799132
CHkKv9TXm0g.002,val,-8.672919,7.833004
CLGJCzz6tIU.000,val,-7.0898643,-7.2437625
CLGJCzz6tIU.002,val,-6.858469,-5.1921844
CO7vZjYF6Zk.003,val,7.489978,-14.478124
CPtaCNonKlE.001,val,-8.799245,-0.72841567
CQR-eM3mTFU.000,val,-15.596095,3.4779053
CUiG7UZ9A3k.004,val,-10.264624,0.17619112
CV930dFsubs.004,val,23.825277,12.172448
CV930dFsubs.005,val,11.202798,5.573486
ClSP2k9DFX0.001,val,-8.767742,-6.874221
Cng72emlXAM.001,val,1.1677756,-4.7622905
CpmR-91GxmY.001,val,-4.3876066,-8.663412
CpmR-91GxmY.003,val,-5.8282413,-5.0154915
CuGuiOZ48Ig.003,val,10.677351,13.639728
Cvuu76B-bxA.004,val,-13.654257,1.5813099
CwFH8J7smjE.000,val,5.1810117,3.3556118
CwmYqA1yi0Q.004,val,-5.3803844,-3.4909546
CyzKot0CNyU.002,val,1.3574464,5.7942004
DCROfrHI1MU.004,val,-6.7077875,1.2099006
DChmTb-c9uM.000,val,10.262696,-14.608581
DGCGeNlA-Ww.004,val,18.704742,1.6070575
DSYiLCGNDP0.000,val,-10.610601,1.1212362
DSYiLCGNDP0.001,val,-7.526081,4.031258
DSYiLCGNDP0.003,val,-4.8511434,0.24459875
DVh_7dO2cWY.001,val,11.846896,-3.3295262
DVh_7dO2cWY.002,val,3.2608294,-1.4698298
DXYRJ8PReoE.005,val,-11.782995,3.971794
D_FGBb-1B1o.000,val,-9.590894,-3.015252
DefePa0_6Sg.000,val,-4.7431593,5.770782
DfpKVl9Zpdg.002,val,-4.197937,6.4189467
DiaibIBisuM.000,val,-8.358766,6.1171036
DjfLWIZq3bo.000,val,-4.584639,-4.4374776
DjfLWIZq3bo.002,val,0.54265714,-8.099951
DmYsoYs9jyI.000,val,11.475335,-2.3037155
DogbMnh5k0o.004,val,3.0196874,-18.674763
DrlC4bEYcmw.001,val,9.516577,-5.357635
DvWzedL3QCk.000,val,11.930074,-15.742166
DvWzedL3QCk.002,val,15.471959,-11.265479
DyZlhseSuec.001,val,-11.449828,3.8978302
DzqJmiQjsZ4.001,val,-4.5438814,0.32218936
E49FxumXPnc.000,val,-5.917386,-9.328654
EA8BEYAZqAA.005,val,-3.640138,-11.69849
EAMHqNxa9yY.005,val,58.3235,8.698507
ECuouf2tVYU.002,val,-3.0954933,2.9382727
ED70UxZkohc.004,val,34.31962,7.794675
EDXQLrsZctw.001,val,0.22701842,14.792444
EHPZNxP5mN8.003,val,-10.99777,-2.4933293
EMqrrHHbP3s.005,val,-0.1327753,-5.7778726
EYhvnALhXt8.002,val,-3.889434,1.0936918
EaBCJB8LXdI.003,val,-3.9145877,-7.084586
EeI8iXLDfc0.000,val,26.630962,22.549492
EeI8iXLDfc0.003,val,25.946917,21.094784
EelHLfeSJfM.001,val,-2.220632,5.8871675
EelHLfeSJfM.005,val,-8.157744,3.575814
EfQ2eU2MFEc.000,val,11.152152,13.184644
EfQUV-C-YrU.003,val,-7.5069284,-3.991131
EffEoI1l1zE.004,val,18.539328,17.227383
Egogv6acOd0.005,val,-6.3751574,1.5335989
EgolOPjkkg8.002,val,0.35442823,10.338059
EiXQ9RErt6c.001,val,-8.6359625,4.5980763
EjhDyc8Oc6k.002,val,18.246834,-16.40178
EjhDyc8Oc6k.005,val,13.887107,-13.025176
EknEAPhAjdA.005,val,-6.988537,3.8331735
Ep2F3e1xiPc.000,val,-6.3930626,-9.943025
Etfh8X-ECtY.005,val,-1.6362679,9.588653
EvZ0esZgPK4.005,val,-4.467658,-0.15847787
EwMMNKLjO9w.005,val,-8.512185,6.72599
F-Dy1EFm_Mw.003,val,-7.524765,0.44349205
F0VbEO_0Ybc.004,val,8.527596,11.365225
F0_EI_X5JVk.000,val,11.609476,3.5082173
F0kidNe_RSo.003,val,9.071762,-9.956059
F1lAPYh4t3U.005,val,-2.5280728,-1.9747182
F2v55oUN-4w.003,val,1.8506049,-6.70297
F5kL7RWS_f0.001,val,-11.094166,-3.0327187
FGkS4vJYOpM.000,val,-8.768228,4.541681
FGkS4vJYOpM.003,val,-10.812486,3.544556
FGkS4vJYOpM.005,val,-8.65568,3.4849248
FM5UaJS-bhg.003,val,-12.9721365,5.8333135
FNHMXPaHll0.000,val,-5.1756587,-1.783761
FNHMXPaHll0.002,val,-6.708857,-4.648683
FNHMXPaHll0.003,val,-3.9830701,-0.7298986
FPfgwGsy8dE.003,val,-12.530091,2.7315483
FTk2SCmJI_w.000,val,10.922694,12.214371
FTk2SCmJI_w.005,val,6.195714,6.7948227
FaBTYkzhuK4.002,val,5.1637735,13.670148
FaBTYkzhuK4.004,val,-1.0013154,9.153555
Fe9_SVPd_5I.002,val,-9.971147,2.976842
Ff0WqsFl-1s.001,val,-0.98979527,-0.5250234
FhCOvzMrNs8.003,val,-6.49189,5.1956196
Fi1ILrwQpSY.004,val,-9.652005,0.356292
FkuwzJcoRVI.002,val,11.442976,11.374627
FkzVX7SQ9wE.000,val,-1.5873346,3.544428
FkzVX7SQ9wE.003,val,-0.91271085,4.971533
FlAGm93fJa0.001,val,-11.328067,-1.8923752
FogaU_yB9aY.003,val,-2.99611,-11.843087
Ft0ahViXZPc.005,val,-10.214011,-0.008266034
FvjIziLzffo.000,val,0.34185448,-7.4086804
FvjIziLzffo.001,val,-6.2852893,-7.894868
FwjoTGcsFNg.004,val,0.3227457,-6.328818
FwjoTGcsFNg.005,val,6.3200316,0.5772132
G7QTNbKbu_4.004,val,-5.13309,-2.9827797
G7hYffrZ1Hc.001,val,-3.9800117,4.4238043
G7hYffrZ1Hc.003,val,-3.895385,5.807759
GBp9YtOw_eQ.000,val,-0.8809434,7.9684734
GG9WPQLI_rg.001,val,-6.849434,0.07525473
GO6s-qDADuU.005,val,-6.086258,-10.112135
GS7cBLgZKgk.005,val,-8.079851,7.1386657
GTmHSF6vNWc.000,val,-3.1975029,-10.390697
GWOtluILlk4.004,val,-8.584661,1.3322705
GcuoyJPO-KU.001,val,0.36387163,-6.6471996
GcuoyJPO-KU.003,val,2.3618126,-6.276202
Gdv79afXNKE.000,val,1.9698461,-25.02224
Gdv79afXNKE.004,val,1.8170459,-23.61252
GntxKkVigvE.001,val,37.607807,-7.3656616
Gomd4Y8-D2Q.004,val,-12.586979,4.67797
Gs-AdRcYSPo.003,val,-4.089105,-8.079884
GsNZh1TS68g.000,val,0.79539764,-14.754668
Gtq5nfRlRx8.003,val,8.716252,-10.218455
Gtq5nfRlRx8.004,val,11.114097,-9.687027
Gtq5nfRlRx8.005,val,16.228933,-5.243204
GwKmjEb3qN0.000,val,-10.089725,6.568
H0_4dZMjUow.000,val,-11.414298,5.638831
H523MhINmbA.000,val,28.286892,3.3360415
H6s9aFAQP3M.003,val,-9.000973,-5.7338643
H8h4fAGgV18.004,val,-9.183629,-7.179493
HCkDd0UnUgo.001,val,-6.9706407,-5.939562
HCkDd0UnUgo.005,val,-6.3151875,0.682159
HH03EXo0TB0.000,val,-12.92032,7.092851
HH03EXo0TB0.003,val,-4.1685295,11.847364
HH14jGFGuL0.001,val,40.575005,8.700939
HKSgsi7HWWI.000,val,-12.880168,0.9961362
HPEemWelY1E.003,val,-4.328068,-2.597904
HQDkoaHULbw.005,val,-1.6676381,-2.6784682
HQZD4j8_FR8.004,val,-8.926817,-2.5521126
HT_8WpgGqjk.002,val,-7.9259768,-1.7649803
HT_8WpgGqjk.005,val,-7.6366425,-0.5648649
HWuh0biZQ_c.004,val,-4.7851157,-0.7554039
HX-3jJdK7HM.005,val,-4.9420385,-2.7967844
HbGeoKBULAA.000,val,-8.571334,8.332812
HekcZ0Em60E.003,val,-0.5085634,5.8840036
HhC2cGFFZeY.002,val,11.859103,9.687674
Hklc55y7vUI.002,val,-0.2545022,11.185272
Hm5K_K0v718.005,val,-7.319937,-9.689687
HrddpXxWFns.001,val,10.105426,-3.3788218
HrddpXxWFns.004,val,4.6737466,-10.001758
HrddpXxWFns.005,val,5.31447,-11.903981
HwZlfygV2eU.004,val,-9.863446,-9.2159
I01_ubtktEQ.000,val,-0.9550373,-2.6258383
I53JQFtiQxM.001,val,-9.642857,-3.3167067
I53JQFtiQxM.003,val,-3.6943712,-6.2884355
I5x9T9ftW18.002,val,-5.8049617,-4.8779125
IFF47jVKMj8.001,val,-9.007413,4.761043
IGjI8aP14gg.003,val,6.942144,-4.294627
IMCEXoAkZv4.003,val,-9.493473,10.56729
IMCEXoAkZv4.004,val,-9.761836,8.621554
IQNNEfYYYiw.003,val,11.199709,-4.489247
IQdz0Pd-L2Y.000,val,-7.9477925,6.4962053
IQdz0Pd-L2Y.002,val,-8.185422,7.036958
IV01x2GS61g.002,val,-9.439738,4.0720625
IV01x2GS61g.005,val,-7.117059,0.34253782
Ie2y_yOeKpo.001,val,6.934476,-2.9170508
Ie2y_yOeKpo.003,val,3.3398604,-3.6671932
Ie2y_yOeKpo.005,val,2.0326562,-7.194547
If96Xniy6Go.002,val,-15.63217,3.9825706
Isa3WdmciZQ.005,val,31.25626,7.1086316
It0-yCwOc5k.004,val,-7.686731,-2.5630484
It0-yCwOc5k.005,val,-7.683219,-4.005902
IyBCZySg-c4.005,val,-12.998485,2.9399326
J30sMEMrKjA.004,val,-0.76286894,-14.788711
J5Q9cutAmY8.001,val,-2.5385187,0.6172922
J6RHl6U6Jcw.001,val,-7.4684525,-12.599435
J9WyswA0vow.004,val,15.851409,-3.3873796
JBiq9X_-r84.001,val,-9.738316,-3.3208122
JBiq9X_-r84.003,val,-9.017411,0.05683528
JBiq9X_-r84.005,val,-6.857025,-0.9675771
JEhC58vobs4.000,val,5.236899,-14.484834
JEualxMkaE4.001,val,-8.58854,1.2685013
JKDEEwxZwrw.000,val,-11.798396,0.50935566
JKDEEwxZwrw.004,val,-9.661137,-3.0002847
JTmq4k4uQCY.004,val,16.101543,-2.4073846
JU_XfoyZIVM.000,val,-2.3792138,-3.4901524
JciLbidX1Q8.001,val,42.826473,-5.646933
Jcw9NZkMn6I.001,val,-10.941003,3.6251125
Jcw9NZkMn6I.002,val,-10.895332,4.694155
Jf8lqSpAjZ8.000,val,-11.649757,0.17845696
Jf8lqSpAjZ8.003,val,-10.058988,0.24919428
Jh8yMyNZkuo.002,val,0.55874956,6.1424975
Jhz5ssCKaug.000,val,3.4156966,6.1099863
Jhz5ssCKaug.004,val,0.97545695,1.1181571
JiXJeI5_jGM.001,val,-0.4123059,11.0589285
Jn76eAPxjNA.000,val,-5.020558,5.301757
Jp-Hu7yxqR8.002,val,2.7437959,11.874504
Jr6GmDtvTK0.001,val,35.590477,-2.747671
JxxF9y61ujA.001,val,-12.740636,0.55874777
Jy716zClCKs.001,val,-9.300264,7.168392
JzXnxQDnwWE.005,val,-2.2321188,-5.0269685
K-Z_mLE8nlo.000,val,-10.345658,-0.7175401
K-Z_mLE8nlo.001,val,-12.714954,-0.39741993
K3-YXXLR0Ho.001,val,-11.274721,1.6409765
K9ZTOb6PbfQ.002,val,-12.114084,-2.4366465
K9ZTOb6PbfQ.003,val,-13.193715,-0.78577286
K9h_wA30XgM.000,val,-1.7300475,2.9537227
K9h_wA30XgM.001,val,13.017889,14.264242
KB09jENVJ_0.001,val,3.5728774,-7.7317185
KB09jENVJ_0.003,val,3.331771,-0.7834409
KHQJhOzdrYo.005,val,13.457943,5.2894177
KIhpjwf5uAA.004,val,-15.300488,4.6362624
KJP4SKS2vtY.001,val,-10.763094,8.405429
KJP4SKS2vtY.005,val,-8.196886,4.213293
KM6Nc_VipyQ.003,val,-0.672491,-2.4794936
KVepk_9iPEU.003,val,-8.861256,-0.8540494
KVepk_9iPEU.004,val,-7.8639617,-1.0723289
KYkfjIZEScM.004,val,-9.108776,-2.989035
KYvMsMLNGvY.000,val,-9.708313,1.4300402
KYvMsMLNGvY.003,val,-11.194239,2.712454
KYvbRwTCtaU.004,val,8.147198,10.979061
Kbcvurfuvhk.001,val,-9.715981,-0.23807456
Kbcvurfuvhk.003,val,-6.9923024,2.4799335
KfurkMyjD-c.000,val,-7.034657,2.1105683
KfurkMyjD-c.005,val,-5.7474713,2.7967293
KhMsmtSC5Lg.004,val,45.94195,2.6418612
KmHe8urs3LI.000,val,3.7004867,11.081042
Kmrd1MsZKmQ.004,val,-0.51575947,-5.633387
KnbEca4Ibwk.001,val,-7.707574,4.41233
Kpto8K_B-5A.001,val,-12.831719,0.6794835
KskDPaLfZNQ.001,val,-8.630703,-5.2500777
Kv0kZgqZEM0.000,val,-5.929106,3.5384004
Kv0kZgqZEM0.002,val,-9.356227,0.4559044
L-C1blPD_ec.002,val,0.22395027,5.5169897
L4Jlm0vGsvc.001,val,-0.599955,-14.788255
L4uFD6434Pc.004,val,0.38692892,9.836723
L5PkZA1ErYY.000,val,-3.605626,-7.9588313
L5PkZA1ErYY.001,val,-5.963717,-7.175269
L5kpy0SA7os.002,val,-5.7980337,-7.990898
L9sG80PI1Gw.002,val,-8.921804,-0.50267
LBKbubsgpE8.005,val,4.3026185,-9.097109
LCafv-LfC3Y.002,val,-8.798255,2.149987
LGPm8ok6kVo.005,val,-3.9098265,0.70519084
LGdzP-r_G3U.003,val,-10.028516,-0.88668525
LGgx7RVdL2Y.001,val,5.9035487,3.07126
LHV4HNK35pM.002,val,-2.7590313,-5.2902675
LKBoLbWHJYI.001,val,9.567274,1.514208
LKc69Et2Jg8.001,val,-6.099805,1.2861207
LKqO2BhfAvM.003,val,-7.252634,-0.7517725
LKvxVEI8uVA.000,val,18.922043,-12.435901
LNM1i-a9q_A.005,val,-1.8107568,0.41043118
LRU4jLhKaak.001,val,-6.609625,2.331949
LRU4jLhKaak.004,val,5.9432135,3.5151935
LRU4jLhKaak.005,val,-1.7348235,2.6887176
LRczShwIVbM.002,val,21.447666,-8.3888235
L_gmlaz-0s4.002,val,12.811765,18.398594
LeQKH1vAVpg.000,val,-1.7892467,10.246113
LeuT6NgJ6N8.003,val,12.462644,5.087712
LeuT6NgJ6N8.005,val,7.5392637,2.7615893
LfvTKoMYLEE.001,val,5.4454293,-10.991902
Lq4uvcHNiy8.005,val,26.96306,12.581695
Lt89YrQHF_w.000,val,-6.971064,7.294816
Lt89YrQHF_w.001,val,-6.599891,6.9013925
LtTR6elruhU.000,val,9.346864,1.8956552
Lu9UNCSpQZM.001,val,25.916998,17.407421
Lu9UNCSpQZM.002,val,9.238477,7.4175277
LvpUVPQKWcQ.004,val,0.42321357,-7.622477
M0O87_LiyMw.003,val,-1.8251832,-7.0087957
M56UFrEgXnI.000,val,15.554262,14.459859
M56UFrEgXnI.002,val,3.8843966,2.7135968
M9nVAfSPOZ8.000,val,20.965284,11.015537
MCqC9VBT4q4.001,val,12.719064,-13.158468
MCr6FmFAhak.002,val,17.394165,6.499629
MCr6FmFAhak.003,val,20.586632,10.270086
MD9yyz-OSRs.001,val,9.364172,8.870429
MDTC4y4ZrSM.000,val,-4.532901,-6.932114
MDoZUDTSayc.001,val,14.217352,-12.338187
MDoZUDTSayc.002,val,0.804736,-17.172997
MI_GQLbnoew.005,val,-8.7851305,-7.6862507
MLCIfM5jYlI.003,val,-1.1365787,5.9753366
MLCIfM5jYlI.005,val,0.39017892,3.7537127
MOXPVzRBDPo.000,val,1.942602,-16.092594
MOobNUpfWiY.003,val,14.109889,8.570554
MRquWhqw4Jw.001,val,-7.196368,0.29183933
MSlMVMM8obY.000,val,-4.804559,-2.2195995
MZkDsB04kt8.005,val,19.55271,-19.199451
MajYvFTkKnk.001,val,-6.9046736,3.7088916
MbufNmC0JL0.001,val,-7.2799096,-3.9703972
MbunPsukPnQ.004,val,5.2370176,-8.245483
Me22JENkhJA.001,val,-7.3707924,10.728324
Me22JENkhJA.002,val,1.0794069,11.994518
MnARi5OWW9Q.003,val,-11.029019,-3.7617779
MrYEK0nvnAo.005,val,-5.3472505,9.715515
MrfJ1qDJAwo.000,val,-8.346944,10.587947
MsGTYOOp4hE.001,val,6.6312776,-6.798012
MswJxdf-3Fc.003,val,2.3484724,-1.1125156
MuYYY3XaJ7Q.000,val,4.394474,1.838912
MvWDky9ZaWU.001,val,-2.6698732,0.8543342
MvWDky9ZaWU.002,val,-9.703595,2.0291865
MvWDky9ZaWU.004,val,-6.8325353,-1.7523617
N0s2M3bJkUk.004,val,-7.5139017,-6.3176985
N5YT0FFd3-s.001,val,-11.146159,0.27247593
N5YT0FFd3-s.002,val,-7.4277263,3.9357858
N5YT0FFd3-s.003,val,-9.223625,4.0025773
N5YT0FFd3-s.005,val,-9.581623,0.011001397
N5nIQZMW_ig.004,val,14.976203,-5.493908
N7oR6_oMBFk.001,val,-0.8235793,1.436136
N7oR6_oMBFk.002,val,-1.7967867,0.7797064
NDC375coN1o.000,val,20.605175,12.543787
NDC375coN1o.003,val,11.894532,7.4026723
NDC375coN1o.004,val,6.855559,6.8983335
NFAlff6GUpA.001,val,-6.6199617,0.40595296
NFAlff6GUpA.002,val,0.24576521,-0.15132584
NOrjfF0-pQ4.000,val,-6.9107533,1.8071835
NPOSIyDF-Sg.002,val,20.702785,8.028999
NTATNIs2sSc.002,val,-10.682284,-0.6765844
NTSMogqhvBg.003,val,-4.3384995,-7.8225513
NVvKBE5FTMk.001,val,-3.298368,-5.708416
NYlFsljF0VM.004,val,-14.472121,-0.44031468
NhyVkwcZbTA.000,val,15.51461,-4.1236897
NoHext7JXYU.004,val,6.0021167,13.285898
NpiglwrZzsA.000,val,-4.173838,7.5070524
NpiglwrZzsA.003,val,-0.42947793,9.290769
NpkHOa4uIn4.000,val,-1.7154268,0.41725543
NyQ2K2J3N0s.001,val,2.6796997,2.6187177
O2wMPdp2-Is.003,val,15.433829,-13.133643
O2wMPdp2-Is.005,val,9.999487,-13.161362
O3_j0d7mq7k.003,val,16.176397,9.535933
O7h-kf7hPIU.003,val,-5.191611,-14.753619
O7ke1Wjb1ZM.000,val,4.0065045,2.3777244
O8L2pHEIcuo.000,val,-11.725593,-2.220512
OEKg-Tvwcbk.002,val,7.9835734,0.581757
OIRq4d8IyKc.000,val,-1.099418,-1.3417084
OIRq4d8IyKc.001,val,-7.927417,-0.6022549
OLFhKCgexRU.003,val,-9.931151,0.8993192
OSDlyk5ZgAk.000,val,-3.8483782,7.965632
OSDlyk5ZgAk.002,val,-6.9297304,4.6575074
OSDlyk5ZgAk.003,val,-8.642255,6.8533664
OTeEvhxpoYE.004,val,30.089483,-15.443732
OXkDmd3nA94.001,val,24.476254,3.2873483
OZlpENU9h28.001,val,-10.503959,7.2883897
OcS4H_dFeOc.000,val,9.996871,4.6546516
OcS4H_dFeOc.004,val,15.371736,12.653564
OdwK_oMdfSU.001,val,-10.487706,-0.531422
Oe7ItP7gS4w.001,val,-11.0302,3.527918
Oe7ItP7gS4w.003,val,-10.683638,3.785096
Oe7ItP7gS4w.005,val,-11.536043,6.758888
OeGMd58Wgsk.001,val,-5.271885,-3.2725773
OgPC4wnLJR0.000,val,-9.939274,-0.67643
OhHg1lyxe4I.005,val,-11.754819,7.779814
OiDyfO2zB7s.004,val,-8.21449,6.876619
OiDyfO2zB7s.005,val,-7.8294334,2.8879216
OmXuhT4yJpo.003,val,-13.572585,-0.41380844
On2c_8sU8Vw.003,val,0.68421125,-4.153699
OovRk5U9_GY.002,val,8.459286,-0.5014716
OoxYhDbzWwg.000,val,21.062193,14.517312
OoxYhDbzWwg.004,val,-3.205654,8.197715
Or2_bP4lWYI.003,val,-9.399154,4.650753
Os7L5C-i9Fw.002,val,-10.278079,3.193793
OuE91U_n04E.003,val,-7.16726,-7.622437
OuE91U_n04E.005,val,-6.6636467,-14.656656
OwI3Q-qUqDw.003,val,-10.1929245,-1.354516
OxaBanUE6KE.000,val,-2.7150648,-17.369432
P0ZzjnS8E24.001,val,-8.837205,0.2594036
P0ZzjnS8E24.004,val,-11.668681,0.385901
P0a209IS614.003,val,-8.044862,5.6629734
P2B2K7DvUC8.003,val,-4.689296,-1.128879
P2B2K7DvUC8.004,val,-7.3198104,-7.569557
P5HWmGQ1sbw.005,val,8.693807,-7.992579
P63CUj9KnSw.000,val,-1.9702007,4.799267
P63CUj9KnSw.002,val,-1.7311739,4.5739303
P6CH9Q2wH24.002,val,2.515641,-7.28209
P6g1mZ3f76U.000,val,10.420921,20.622854
P6g1mZ3f76U.005,val,6.611104,17.620722
P7poMmhYnM0.003,val,-5.6424613,-2.07595
P9WDAY-MFzk.001,val,-13.97972,-0.077091165
P9WDAY-MFzk.005,val,-10.845089,2.1484122
PEjFZNkbQos.000,val,17.133112,8.633105
PHUlL5ZzX5U.003,val,10.46712,10.70038
PHUlL5ZzX5U.004,val,8.316013,11.415681
PHmkN1cPl10.001,val,-10.894628,8.317503
PHmkN1cPl10.002,val,-11.586642,5.671417
PHoVRr0MQ5c.001,val,-8.252103,3.093215
PJxgOFaaUZM.005,val,-3.753653,-12.905898
PK0EPT3k4RM.003,val,8.471923,-10.723554
PKtzsEqLGx4.002,val,-8.624026,-1.6663988
PKtzsEqLGx4.004,val,-4.6778293,-5.463619
PQBGDxYGaXU.000,val,-13.621669,2.846279
PQBGDxYGaXU.003,val,-11.92307,2.9390535
PReOtefm17s.001,val,0.011162764,2.908848
PRplbrM70sg.000,val,5.781964,-10.0133095
PSFLaQYVg1I.000,val,-4.6815863,0.4454384
PTV5TBVRHxo.001,val,-2.851703,-3.5384257
PVm7Om88BSw.004,val,-7.8177238,-1.4660994
PWAe9M2SxT8.000,val,-5.8148103,-6.3038096
PWM-bKcs2p8.000,val,-0.46447718,4.278735
PWM-bKcs2p8.003,val,6.580155,6.880597
PXJfSp2WvVY.001,val,-9.161517,1.5841273
PXJfSp2WvVY.004,val,-5.456613,1.4964489
PYL8BGJKu20.000,val,-12.275231,1.8209747
PYYC0Jiwfdg.001,val,-1.0831175,-1.2359008
P_wDFLJnW-o.003,val,-3.5031388,11.999815
Pb7aNc6Kd40.004,val,-11.451544,7.107373
Pc-oQQwkIv8.005,val,12.133439,13.2565775
PdE7qRRCz2c.000,val,0.5648339,-2.703218
Pkgi4--hwfo.003,val,-7.866649,-8.846069
Po4UGCJbCbw.001,val,0.54506314,3.5575423
Po4UGCJbCbw.003,val,-1.6233674,4.914552
Po4UGCJbCbw.004,val,2.3548515,6.6291065
PooFvZH6fK0.000,val,-4.0458026,-1.2248664
PooFvZH6fK0.002,val,-2.6218145,0.35790622
PpJ4S8ZM8mQ.003,val,24.214663,-5.149702
PpK8b_LrAfQ.002,val,-6.601683,4.03451
Pqy0NgxSvU0.004,val,-6.187411,-8.814774
PsHb4YHooKM.001,val,-8.235427,6.017682
PsqpkFKX8co.000,val,-1.8223976,-8.376156
PsqpkFKX8co.004,val,-3.7540534,-9.247022
PtA7yAu9-VE.003,val,-0.38448402,-14.694517
PxpbeM9VavA.002,val,-3.0106518,3.3167899
PyPFJWirPjs.002,val,7.814684,5.972403
Q4z4GRUtccE.001,val,-11.790429,8.82067
Q4z4GRUtccE.003,val,-10.930853,6.734001
Q6We7dJplls.003,val,-6.5169783,-13.8144455
Q8Hfg0odW2k.000,val,2.8678353,1.0471355
Q8bdpKNp698.000,val,18.468166,1.207925
Q9B3SJkH2Q8.000,val,-5.4831214,5.522426
QJcc95Y0XPw.003,val,14.907222,-11.737466
QKcx5msA7iA.001,val,-8.97446,-7.7260633
QKcx5msA7iA.002,val,-9.786729,-5.7284436
QNVsr2mGwGs.000,val,4.563667,-18.120256
QOIP8pV85D8.003,val,8.090104,-2.30538
QQzeQOoqO20.002,val,5.931828,10.167784
QTtTAFqT-no.000,val,8.234875,-5.63687
QTtTAFqT-no.001,val,9.031175,-4.8086786
QV4TV3aHxfE.004,val,-16.288471,7.1249905
QXFRE_pjrAE.004,val,11.132476,-0.90533906
Qa-yF-tByDM.003,val,2.7135012,6.954778
QdafN9Y_j-Y.000,val,-4.126409,-1.5678511
QdafN9Y_j-Y.005,val,1.8201042,-3.5901163
QfU5JsVMjfI.002,val,-3.1546538,-9.5285425
QiPb8vlGDFo.005,val,10.208105,5.6062303
QiR6yJbFCfM.003,val,-9.4757595,6.4887857
QqTw0lnrtBo.005,val,-6.574888,8.677888
Qqc1539E6rs.000,val,-7.927884,-6.794487
Qu81v9Aybv4.001,val,-5.4727144,-9.671215
Qz_cjgCtDcM.000,val,-5.1855817,-11.263148
Qzu9b49qvKo.000,val,17.445776,1.5503038
Qzu9b49qvKo.004,val,11.29699,4.21979
R-qB2FX7ZbE.002,val,-4.9291453,5.4437428
R-vly7LKotQ.000,val,6.022213,10.196222
R42dmIPCXwo.005,val,4.7803297,-6.767091
R5uXsQsO6Uo.004,val,5.0913,-3.3900332
R6NTuhZtOks.000,val,-7.8709545,2.1254284
RB9vu-0Y_Fk.000,val,0.61389774,-3.8656769
RCr48dXuZYE.003,val,-3.2557197,2.3904507
RDdB2AqJpog.000,val,35.15369,1.399314
RGuHfwIRKpA.002,val,-10.005238,-2.196551
RGuHfwIRKpA.005,val,-10.28087,-2.8283935
RJe5yobV8n4.003,val,-12.348629,4.19941
RQdZHLGGR_E.002,val,-7.804573,-9.050721
RQeoo3idUJc.002,val,10.524161,3.8097396
RQeoo3idUJc.003,val,21.144535,7.6682544
RQeoo3idUJc.005,val,30.384148,12.897588
RW4a2ERzTO8.002,val,-0.72116315,11.4374485
RWhyKkFI3zw.002,val,-8.080354,3.9244576
RYG6XhdmPY0.003,val,12.690893,-5.8478255
RZgTERiRDjA.000,val,-11.779389,3.8028052
RZgTERiRDjA.002,val,-13.648467,4.0376024
RgZTZIf8K8g.005,val,-10.230729,5.886767
RhFPotjd0hM.005,val,-9.762405,7.4355273
Rops7WYMCCY.004,val,0.555949,5.9444704
Rp_gyvKE4hI.003,val,-0.5673404,9.518124
RsYSOFRFszk.003,val,4.371122,4.3798876
RtbBc9kI6tE.000,val,-3.7770312,3.198152
RuRn2t7iPSc.001,val,-6.694696,-4.909964
RuRn2t7iPSc.003,val,-1.6993216,-3.6225202
Rwsss8y1bf0.001,val,-7.450506,7.4613214
Rwsss8y1bf0.003,val,-8.736004,4.779812
Rwsss8y1bf0.005,val,-6.3832617,3.305085
S-e9-bW4seo.003,val,-8.398775,8.55466
S-e9-bW4seo.005,val,-12.046431,3.6915233
S1AEj1kO5dc.001,val,8.047464,4.9600177
S8GxCRs1SbQ.000,val,-5.139652,-6.206062
SBPcIiyUHhE.000,val,19.721045,-7.4933333
SFHklR7lWCA.001,val,20.565262,0.59836197
SFRis1tTZWk.005,val,7.494519,-4.0871506
SFxiMxHvJuo.002,val,-6.1593614,-0.33412015
SGnhyxlbqaE.005,val,-9.15377,-0.42310327
SIpQm4G4DDg.002,val,-12.892161,3.9655561
SNEoE1c-k64.001,val,1.4022944,5.0740743
SPD5fXHVyIk.000,val,19.887348,12.396005
SPD5fXHVyIk.005,val,25.703701,14.040777
SR1Q5M2urxY.005,val,28.153458,-1.2798113
SRjhmQTPOmA.000,val,-4.887205,1.3025005
SRjhmQTPOmA.003,val,2.6139116,4.4402366
SUI6WNryjqw.001,val,-3.5586412,-11.948586
SUI6WNryjqw.004,val,-6.0801406,-11.070752
SUI6WNryjqw.005,val,-6.219714,-9.390151
SYlV95nPTPs.002,val,-0.6920871,9.071533
Sb1b8JMVhLs.001,val,-11.162597,1.0665543
Sb1b8JMVhLs.003,val,-9.551192,1.3515127
Sdqg-jn_tBk.003,val,-8.047345,7.292041
Se3Gts4u1vs.001,val,-8.761035,5.7481956
Se3Gts4u1vs.003,val,-10.471506,4.166208
SfldZBPyPFo.000,val,-4.083274,2.7766356
SgWtBK48AjE.000,val,-0.1673101,-2.0520275
SkNO4x-LSgE.000,val,-2.0094798,8.517263
SsoZjq7x4MA.003,val,1.8149534,-5.476865
Ssy7T1T0yKg.003,val,41.318584,-1.2229259
T-mK85acIOc.000,val,55.312622,-4.1275845
T1--98_78ns.000,val,-12.536324,-2.4263752
T3v3-2tvV0s.001,val,-8.273161,1.9318839
T3v3-2tvV0s.002,val,-9.897466,0.6286876
T3v3-2tvV0s.005,val,-10.618997,0.64907587
T4eZ81aJwJI.002,val,-8.280863,-3.7738183
T6CMGXdPUTA.003,val,2.5375524,-1.3352935
T8ibN-b3h7Y.004,val,-7.8283415,-6.9378347
TD2jIXMD-SM.004,val,4.564392,2.5109031
TEGJrmNFvXY.005,val,-6.8360224,1.3760301
TIRrlL71dEQ.003,val,-9.821623,3.938068
TJJJfJfj46M.003,val,3.6880002,-3.026926
TK6hBCARiHI.001,val,-1.7941903,-4.7865944
TK6hBCARiHI.005,val,-1.5500805,-6.203509
TNtcyfM9jak.004,val,4.747189,-9.619546
TPRQyuiNYmI.000,val,-8.59328,5.8001547
TPRQyuiNYmI.003,val,-10.831429,8.961349
TPRQyuiNYmI.004,val,-13.775351,6.593073
TQHzCznQ14Y.001,val,-4.3149405,-2.752691
TQHzCznQ14Y.002,val,-3.3029134,-3.052233
TSGpD2NBeCQ.000,val,-13.380235,12.52734
TSGpD2NBeCQ.001,val,-11.7739105,10.163841
TSGpD2NBeCQ.003,val,-7.1100345,10.571369
TTx4lC7LLcI.002,val,15.269768,1.5002666
T_X16g5ExgE.003,val,15.326756,-1.4346924
TaTMtWvSmu4.002,val,-8.471735,-1.0691601
Tg8a_iNEamM.003,val,8.851632,3.8002667
TjdXLXsOnkw.001,val,3.224322,-13.793069
TkCDs7NlXyU.002,val,-7.2686076,3.4423952
TmpP2fXeVtk.001,val,-8.547111,-3.8203626
TmpP2fXeVtk.004,val,-9.171847,-0.14206125
TyE0bVJZZto.001,val,43.31238,4.758014
TzW_VxrCR30.001,val,-12.296476,1.2319212
U-XrzfFzMkg.000,val,11.398437,-5.986418
U-XrzfFzMkg.003,val,13.228146,-10.934685
U22Jy0m5xSQ.002,val,-0.24020688,-9.015818
U2RemWUyjts.001,val,-10.88129,-0.4647933
U3UaF1aFek4.000,val,-0.03448021,-8.515472
U3UaF1aFek4.004,val,-4.2924294,-7.3609543
U4tSfXq-neQ.005,val,-5.996804,1.4401171
UA6UY69EVSI.003,val,-5.6845117,6.9516854
UCKiPkp4ZkA.002,val,-5.505204,-8.433103
UGp1GNK0GWg.001,val,7.0033693,12.46718
UGp1GNK0GWg.002,val,-3.5402083,6.7341137
UGsr6Vnqf7I.000,val,-10.734882,-4.2738442
UMMhvyjgRnM.005,val,-6.4878964,2.7973192
UQeuBvZNusI.005,val,-10.6152315,3.7383783
US4PxgfKDeA.001,val,16.945494,10.15203
US4PxgfKDeA.005,val,6.9905977,9.402447
UWVOT3YPQH4.000,val,-8.044636,-6.449965
UhNyHUwo1SY.002,val,-14.118957,6.4937706
Ui1ajQU5Ib8.002,val,12.447194,-19.380774
Ui1ajQU5Ib8.004,val,16.122421,-18.74422
UipoC_HLOP0.000,val,-5.3351946,-0.91656893
UzgW75Fd4jU.000,val,17.408754,9.868134
V1TjmLtgNm0.003,val,-6.6483235,-8.171777
V1TjmLtgNm0.004,val,-6.1848955,-10.661716
V2nvyZB-JNM.000,val,-15.1365595,4.356173
V7_h3URfSFY.001,val,-13.817401,-2.615639
V8w2Lo5wxl8.005,val,-8.866759,-1.1812938
V9roK_mLM-w.001,val,-7.389067,-5.696404
VForU0EmBr0.002,val,-5.468559,0.15536934
VJf0lkXcy2A.000,val,-3.6758208,8.25661
VJuVsi6G96s.005,val,16.759523,6.802195
VNK6LQHh25w.003,val,-0.23544589,-1.4272254
VPFrKx72gvo.000,val,6.226914,8.250712
VQMizni7nY0.002,val,-5.889598,-1.5584923
VQMizni7nY0.004,val,-6.710657,0.7788826
VQMizni7nY0.005,val,-8.526193,-2.5480247
VUgKH9DIs-8.004,val,14.148937,15.655507
VZ6jhnbk-5g.000,val,-11.758241,-3.6756983
VbiUhNAdzus.001,val,-3.136547,-9.241934
VbiUhNAdzus.004,val,-3.6201456,-7.4534054
VhHnmeRABJw.001,val,-7.4731703,0.9680341
Vimaz7NzPIg.000,val,-10.827252,-4.176348
Vj-Cmtqv_qY.000,val,-10.455582,-3.3147998
Vk3scj5vhd4.002,val,-4.8866973,2.8414695
VmXZ2jMWuvk.000,val,-10.651237,6.095453
VmXZ2jMWuvk.002,val,-10.4504,2.8982773
VmXZ2jMWuvk.003,val,-10.410837,3.2425783
VmyIItgMzpE.000,val,-9.475656,5.767986
VnUkBYQkJms.001,val,23.940397,-8.68569
VqKQeFMo0pI.001,val,-0.42097512,7.9278536
VuadgOz6T7s.003,val,-10.814803,6.7338686
VugKq4gOi50.001,val,-8.041601,7.6162195
VugKq4gOi50.002,val,-11.7162075,4.648402
VugKq4gOi50.003,val,-4.2322683,11.655037
VvVigAr4hZc.001,val,-13.032701,-1.1266006
VxtZDXM0cuQ.004,val,-1.1343548,4.1083584
Vyktsh14Kww.003,val,14.393261,-16.752113
W0Ay5uul8j0.005,val,3.0541444,-13.731093
W0FCCk0a0tg.002,val,-1.1492543,9.532535
W0LRjSS9pVM.005,val,-9.7361145,-2.811832
W7BbL3NZvrU.003,val,8.016216,1.0202547
WATt9OOVZh8.005,val,-4.8743677,2.3378546
WD1WsbooU2w.000,val,-3.579576,4.487842
WD1WsbooU2w.003,val,5.4304094,9.383635
WD1WsbooU2w.005,val,-2.5528104,7.5893583
WER4ww680QQ.000,val,42.689247,-11.385564
WER4ww680QQ.002,val,24.067522,-8.005295
WER4ww680QQ.004,val,32.055805,-5.417546
WFY3xwXQ0Zw.003,val,-3.692767,2.935782
WMp0lsXbOqM.001,val,6.4155703,-20.727547
WRz1F6DqmRQ.001,val,-7.177177,0.74921566
WT1YjeADatU.004,val,-1.4934635,-5.9511056
WTzDOt2GO1M.000,val,5.837279,6.126628
WTzDOt2GO1M.001,val,4.972858,3.5690424
WTzDOt2GO1M.003,val,12.097211,7.627181
WUNXs4r_xCU.005,val,-0.03505792,2.694706
WZnLayQeIZ0.001,val,4.972956,1.1898103
WZnLayQeIZ0.002,val,2.8914175,-13.204389
WZnLayQeIZ0.003,val,-1.2993718,-9.269709
WfCSCxADlrg.000,val,25.063824,11.446898
WfCSCxADlrg.001,val,34.982563,13.963242
WfCSCxADlrg.003,val,25.498283,11.665188
WuHLxhCSnGs.000,val,7.2777743,1.4429748
WuIKjBb7s4Q.001,val,-4.2378607,-9.242524
WuoQDp7pU24.000,val,0.2997161,5.537198
WuoQDp7pU24.004,val,4.1795354,8.84808
WwGca41TJVU.001,val,5.625563,1.0937953
WwmWN63mkT4.000,val,-5.327639,-8.366755
Wx_oe0SxD9w.004,val,-15.244077,3.8982484
Wx_oe0SxD9w.005,val,-14.463556,5.048943
WyLqK6wzYLU.004,val,-3.1130552,-7.032132
X1EjfXX3NTk.001,val,4.5998697,9.315873
X1EjfXX3NTk.002,val,10.8915615,13.201994
X1kqn3XDFRw.000,val,8.44343,5.265401
X5aKCrWf6a4.004,val,-8.688568,-6.9128547
X9AEEGzWSU8.004,val,-9.877256,5.95126
XAO4l8Ej-J8.001,val,-2.453547,-16.756071
XB81sertsYU.004,val,30.091417,-12.519382
XDwSKV_-Rhc.000,val,-8.205195,-8.053184
XFpzukISe6s.001,val,-8.788094,-3.9216208
XH4rem3vS9w.003,val,-6.8166447,0.5087042
XLKNGnpTO9k.004,val,-9.717568,0.14027733
XNWN7ScxVIA.000,val,-1.4885632,-3.4916363
XPV4pavXh94.000,val,13.803582,-1.3084652
XQ3do4LDFv8.002,val,4.5660033,-3.961313
XQZ5M9oLkXw.000,val,-14.3004875,7.204006
XQZ5M9oLkXw.004,val,-14.440883,8.13241
XRoSKIIFp9c.000,val,-7.8688054,-7.240924
XRoSKIIFp9c.001,val,-5.9490867,-10.028237
Xauhek9-iKA.000,val,-5.4438405,-3.80029
Xauhek9-iKA.005,val,0.05374771,-4.981008
XbsA_lCKQLs.000,val,-14.837352,2.748219
XbsA_lCKQLs.005,val,-15.132463,3.822105
XfK7WZ3skUM.002,val,-0.7879411,-4.4890814
XfUqFt2amrM.001,val,-1.9624467,4.1303496
XhgDsQlEnuU.005,val,-3.8709257,-1.5151057
XndWJ1ieKwY.000,val,-14.343885,4.381981
XoyQKsK7OtA.001,val,-2.407471,-3.0391512
XpY-cxkbYdo.005,val,18.57608,-2.4046364
XtI2ju2a8iM.003,val,-5.268505,0.2599161
XuXhY_SCkNI.005,val,-7.982246,-12.834631
XvV4YdhpC2w.000,val,2.2317529,-3.0035052
XvV4YdhpC2w.003,val,0.13659063,-0.42121524
XvV4YdhpC2w.005,val,0.071161315,-1.4624336
Y-YdRocu0os.002,val,3.116968,-0.34935045
Y-_JeJoCjUo.004,val,-3.0294487,-5.4355445
Y1LrgyCJtpU.004,val,-11.624694,9.28978
Y6iogSmj6FQ.000,val,1.2489794,12.793218
Y6iogSmj6FQ.004,val,2.6674976,13.553424
Y8gv_ZK3w4A.001,val,-2.2018025,-0.60826284
Y9wnqLKhNNI.002,val,-3.97703,3.0707512
YGrCXe2-fVk.005,val,-6.0977035,-4.276034
YHpEi96AY9w.005,val,17.45205,1.6203226
YN0Xd70SqEo.000,val,13.214082,0.0674298
YNlhBpVk1tw.003,val,14.744469,19.154093
YOdKAtXbOoQ.000,val,-8.408096,0.97899896
YP7N98ECZaI.000,val,17.87877,2.1627297
YPMffqhP0C8.003,val,-2.578521,-1.3171653
YPnuq0tDDqk.001,val,6.258585,1.9523207
YPnuq0tDDqk.005,val,6.266862,4.560516
YSqiT8g7SYM.002,val,-0.3977567,-4.2762218
YZp79VcnY0w.005,val,12.164811,9.096015
YbdJd16c3eo.002,val,1.8390281,-7.587999
YbxdeEd7wq4.000,val,-0.8372654,-17.44128
YdxS3f4HXaA.001,val,0.75694704,11.642569
YdxS3f4HXaA.002,val,9.900006,15.06362
YdxS3f4HXaA.003,val,8.073733,14.039121
YdxS3f4HXaA.004,val,9.199032,14.63293
Yj36y7ELRZE.003,val,4.5586157,4.4102597
YjXUMygVw7U.004,val,10.517269,10.7123
YocrYFLm4CM.005,val,-7.341471,0.019620659
YqgiL3iN2ak.000,val,9.79834,-4.0413117
YryBLVZgJj0.004,val,-13.84171,8.7560425
YuoLr4xDvbE.001,val,1.4903662,-12.249716
YuoLr4xDvbE.003,val,2.226848,-6.207248
Ywfun1LIwOE.000,val,12.356971,-7.0867686
Ywfun1LIwOE.001,val,6.0309453,-7.582999
YygvfVxOWP8.001,val,-8.044648,-9.405346
YygvfVxOWP8.002,val,-10.306005,-7.75332
YygvfVxOWP8.004,val,-9.865274,-7.952251
Z3E1jkaNRKs.004,val,-7.9142566,2.9467142
Z3E1jkaNRKs.005,val,-8.549113,2.4918466
Z3FdUfZLHyw.003,val,12.536724,13.693107
Z5S5uGXkNuc.000,val,-9.918469,2.0842204
Z6Yb7xE4Jb4.001,val,4.089527,-9.969696
Z6vQQvro86Y.000,val,34.40933,0.010187767
ZGox7tevC6A.001,val,0.34133944,9.946793
ZNRfeL8nPfw.002,val,-7.3765974,-9.61141
ZNymNgd5EuQ.002,val,-3.576317,-4.245775
ZNymNgd5EuQ.005,val,-3.465741,-0.83055425
ZRl_k6DzTeI.002,val,5.0882025,0.752529
ZRrduU1CXqU.000,val,-6.1555834,-8.952783
ZYrFfvp7_Mo.001,val,-6.7445097,-1.5317289
Z_STuUHKQTg.000,val,6.6671696,-9.2425785
ZaihsIQZCx8.000,val,-9.482786,5.6309586
ZaihsIQZCx8.001,val,-10.73292,3.0150726
ZaihsIQZCx8.005,val,-8.563517,3.9049973
Zb5BstGpJ48.001,val,7.8551803,6.1029053
Zcw2LevK-EY.004,val,-9.859516,5.8243732
Zdz0TqboSNI.001,val,-4.680578,6.001544
Zdz0TqboSNI.002,val,5.572366,10.881463
ZeGT9pSG734.005,val,-11.602925,3.9859703
ZhPQrqxo2mw.001,val,9.694414,-15.951859
Zi7QHI_5ipU.002,val,11.2670355,-16.982008
ZoHY-rWJsyw.002,val,-4.679623,2.876796
ZqbJIM7rmO8.004,val,-2.3140035,8.796443
ZvxUUh2wN7s.000,val,7.120376,-2.024714
Zwu5Y5r3Lrs.000,val,-4.005295,-8.320036
Zwu5Y5r3Lrs.002,val,-4.9140944,-4.112604
Zwu5Y5r3Lrs.004,val,-3.573828,-6.4919496
Zwu5Y5r3Lrs.005,val,-4.758682,-5.4914646
ZxxRJRz2hf0.001,val,1.5668337,-21.85663
ZxxRJRz2hf0.005,val,2.212861,-22.164999
_01AyUz9J9I.000,val,-1.6984237,2.5564206
_01AyUz9J9I.003,val,-4.8287973,-1.0654833
_0bg1TLPP-I.003,val,-8.864426,0.13934994
_2DSmy36OEM.000,val,19.341007,4.678541
_2DSmy36OEM.005,val,34.429455,13.038753
_5ltHlmGvq8.000,val,-2.3122244,-4.425201
_65KGQpiabs.000,val,-8.851993,3.8407829
_7s27dUoYVg.004,val,-12.731373,2.5280507
_G3kw9HwCqY.001,val,-7.299922,8.810579
_GFregyrwfo.000,val,-6.317783,5.929245
_IQX3zjINy4.003,val,1.5900767,-2.6248183
_IS6GFmQYj4.001,val,-7.6756153,4.1193967
_IS6GFmQYj4.005,val,-9.686576,5.808722
_Q4wOgixh7E.003,val,-3.3377173,9.64264
_QXI4n_FRN4.000,val,-0.8194931,-1.2053076
_QXI4n_FRN4.002,val,3.3015954,-5.856993
_QXI4n_FRN4.003,val,-1.8435569,-7.5924397
_RfHkyf68Zs.000,val,-1.0165278,-3.8694055
_TbRQa4InvM.004,val,-3.6099155,-1.1943516
_UnoRkHkYB8.004,val,3.9431012,4.5245175
_VsE38xSmdM.003,val,-6.8967247,-5.2839174
_ZAqTHlu2ts.000,val,-4.645147,-10.806069
_ZAqTHlu2ts.002,val,-5.974247,-11.873021
_ZAqTHlu2ts.003,val,-4.3394337,-12.630926
_fFmEyvWgfA.001,val,-8.235411,0.1027464
_fJcW5234bY.001,val,-5.363145,-10.180509
_fJcW5234bY.003,val,-6.9528213,-4.821567
_g3M_MoFIvA.000,val,12.223477,-3.9486053
_g3M_MoFIvA.002,val,3.2364748,-3.7676792
_hR9AD-eIy8.001,val,-6.6276774,-5.5212035
_hR9AD-eIy8.002,val,-6.509404,-6.072162
_kK9tGN883Y.001,val,-11.225476,5.2948017
_kK9tGN883Y.003,val,-14.075042,7.8731265
_mvqVnzddCw.001,val,3.5831094,-7.973301
_uNup91ZYw0.000,val,-1.3598113,-8.753276
_zI6qgTJOSA.003,val,20.664013,8.69809
_ztmNiy8D3c.002,val,1.4902449,8.305552
a-nUsP7oETI.004,val,1.612635,3.532248
a38rz5AIslE.000,val,-5.3013034,1.8759965
a38rz5AIslE.002,val,-5.7370963,3.6054282
a84s1DYag-I.000,val,-2.1315532,-1.0060526
a84s1DYag-I.003,val,-2.436542,-1.5031924
a97PXgrKSxo.001,val,-6.7910137,-7.641989
aFVFvJNnFt0.002,val,-2.9811792,1.9762677
aIwWcLojoh0.000,val,3.2175267,13.411852
aL0oPOOeoB8.000,val,6.0242763,15.911234
aLAqJkRWKuk.001,val,-3.578781,-2.6360762
aLAqJkRWKuk.003,val,-2.2950723,-2.750233
aLvpOYqzErk.001,val,2.538593,7.157
aLvpOYqzErk.002,val,2.8515136,6.893738
aLvpOYqzErk.005,val,-4.065252,0.64361477
aPTNxA43WHY.001,val,-10.650516,-5.809028
a_HpQgY5vb4.000,val,-11.619025,3.996343
aaDlp62qn60.000,val,11.287823,16.015955
adBtc3XrSsg.003,val,-3.3327258,3.834501
aenedH_X3Us.000,val,29.689222,-12.35215
ahqyOhg6D7c.001,val,-8.41056,1.5441753
alucqviYJFE.000,val,-10.630375,3.56174
alucqviYJFE.005,val,-10.333731,2.0302534
aptKaxP81xA.001,val,13.621452,1.5958121
aptKaxP81xA.003,val,2.0241773,-1.4182931
aptKaxP81xA.005,val,7.465139,6.1156635
ax1Fck6zMzk.001,val,-12.32013,1.382806
ax8wm9K41og.002,val,-6.471098,-8.862732
ay4cdKr1I0o.002,val,-9.844518,2.6692374
b-qfeGqPd04.003,val,-11.175362,7.6467853
b2Y41GrCrPs.004,val,32.318737,-6.4941173
b2Y41GrCrPs.005,val,43.02692,-4.843418
bAxlTgobVHE.003,val,-5.9632187,-5.986454
bBqZyG-9ksM.000,val,23.577505,8.405459
bBqZyG-9ksM.003,val,20.267317,4.7714605
bBqZyG-9ksM.004,val,16.290752,2.4382484
bDjqDn6susQ.002,val,-10.54596,2.253834
bFwtVtZodIg.001,val,1.1224637,-0.681062
bFwtVtZodIg.003,val,-1.6689304,-3.8744514
bJktioZ5Yxk.001,val,-6.564107,-0.28167662
bJktioZ5Yxk.005,val,-3.1318438,-5.5979896
bLOSPQ8MAC8.000,val,-5.7278056,3.3562467
bN2IM-rqZlc.001,val,23.232635,28.70064
bN2IM-rqZlc.005,val,5.3110194,12.805544
bPLhV0PGR50.000,val,-0.99456674,-1.8369715
bSeTNdOtK7I.002,val,-11.518383,9.160207
bSeTNdOtK7I.003,val,-10.3229885,11.720637
bTLTLzXehPE.000,val,-8.213021,-5.578892
bTLTLzXehPE.005,val,-6.59134,-3.5897915
bYXRyimxh7A.005,val,-0.16948825,-3.9257026
bcRPLKygrNk.002,val,5.520335,0.9428683
bcRPLKygrNk.005,val,3.2533526,-1.5452367
bcx6xr9Ja-8.002,val,-1.5843748,7.9676843
bej-DbxTkWA.001,val,-10.453958,5.8695736
bkzgccBFztM.002,val,-7.919118,-13.978242
blAjqQ0ja8Q.001,val,-12.248313,1.9212693
blAjqQ0ja8Q.002,val,-11.739048,3.351976
blAjqQ0ja8Q.004,val,-12.073521,3.2190287
bnoPmV0_aIc.001,val,0.9717858,-2.9849823
bt-ev53zZWE.005,val,11.403322,-4.08989
bviHajVIie0.001,val,-11.329114,5.227766
bzaOB8BoWPU.001,val,4.957071,7.361322
c2LeNguVNrI.000,val,-6.53724,0.25856492
c2LeNguVNrI.005,val,-8.818279,-0.36542174
c3esnCQDoKc.000,val,-9.134504,-1.6060132
c4XnKouozXU.002,val,-9.496519,-2.506345
c4XnKouozXU.005,val,-11.561968,1.6053277
c5ZnKbaNCE8.001,val,15.120804,2.6382086
c5ZnKbaNCE8.002,val,9.158978,6.228387
c70zW-HoZUA.001,val,-8.57074,1.374818
cA3KzjBNr4M.001,val,24.214994,-9.61278
cA3KzjBNr4M.004,val,34.060013,-4.1854873
cFGjJg-2zOk.004,val,9.430766,11.28913
cJs_LosR-u8.001,val,-9.104129,-2.1910512
cJs_LosR-u8.003,val,-6.103337,0.60693383
cJs_LosR-u8.005,val,-10.028362,0.070253745
cMLkNVKkaOQ.001,val,-10.370404,-1.2202764
cNXnowQb7rs.001,val,-8.631394,-6.2184863
cOo5N1qblyw.000,val,-1.6044222,10.708842
cOossY5pTrU.005,val,3.6989615,-4.039587
cQRFb-xa4Vc.000,val,-11.412326,0.25794864
cRDYrvxRJ6U.004,val,-10.170442,-9.172649
cT3oyHhUznw.000,val,26.198355,11.640474
cY3nHc5fDYE.004,val,14.563393,-3.6092286
cZ6xhB5yhfY.005,val,-9.377381,-5.034795
cdtZKwM5NIM.002,val,23.43861,-3.4044795
cdtZKwM5NIM.003,val,20.917555,-3.3160927
cgGCyBMdGrA.004,val,14.1384535,17.199179
cgT-3CHBmKs.001,val,8.479594,6.260773
ciWUq6iQTIE.001,val,11.124454,4.916225
cjbh1lfr43c.001,val,0.7751469,5.550255
clMg72MI8rw.000,val,-9.430169,0.5406833
clMg72MI8rw.001,val,-10.901727,-0.46773887
cpzY1b6wJqs.000,val,14.345595,-16.406466
cvHqtadNJDo.002,val,-10.375296,2.449416
cx8IycWgMVs.000,val,21.201986,0.10359442
cx8IycWgMVs.002,val,12.129822,7.1083
cxJ0u6r0-pU.004,val,-11.626108,3.0372
d4cPiUXpGbc.001,val,-8.682938,4.7935324
d4cPiUXpGbc.003,val,-2.4792242,1.5005133
d4cPiUXpGbc.004,val,-12.011306,4.0514607
d4iSwRMV0bA.001,val,38.745907,-0.49621636
d5ujzxBlvwY.000,val,14.4030485,12.759063
d8skGb2ycio.004,val,-11.791358,2.6566806
d8skGb2ycio.005,val,-10.945441,0.23496665
d9_YDJdF-7I.004,val,-9.862305,2.6228688
d9_YDJdF-7I.005,val,-6.1446147,6.4038157
d9ekvXz64Mc.001,val,0.27612117,3.653446
dB-kMg4t-V8.000,val,-14.529367,7.0928802
dB2XYhvqUBU.005,val,1.2933689,4.4544954
dB65He57Ki8.003,val,-5.5029683,-9.830603
dB65He57Ki8.004,val,-7.65335,-7.0703874
dDi6vy-OZRg.001,val,-6.1331296,-11.331498
dLaqub4BEsA.000,val,-11.49908,-4.61397
dLltwqkvsNg.004,val,7.4265976,3.498192
dNXqs5HNijI.000,val,-9.539934,6.4297485
dOFnHXRLEdM.002,val,-9.054894,-4.8686943
dOFnHXRLEdM.004,val,-9.077197,-4.1526203
dQOeQYWIgm8.003,val,-4.489741,0.99643177
d_POf1pikX0.004,val,-4.7870197,7.183397
datcFOBWYxc.000,val,-10.755304,-1.2650487
datcFOBWYxc.002,val,-3.3783488,0.55991316
datcFOBWYxc.004,val,-7.4594884,-1.5244635
dh6iOU2RtTA.000,val,2.2434757,-12.531362
dl9IT3OvI0o.005,val,11.502627,-7.9219165
dmOKZLeFKCM.001,val,-11.21176,-0.0037447256
dmycfNpiWCE.000,val,-9.178379,0.7137504
dmycfNpiWCE.003,val,-10.848302,-1.1988978
do8FmnQbI5I.002,val,-0.6992819,-16.695688
do8FmnQbI5I.005,val,-2.255272,-12.577221
dvCKoyBG1pE.000,val,1.309864,-0.21892327
dvCKoyBG1pE.003,val,4.008999,6.39029
dvMeqVbpKW8.000,val,8.92783,8.930704
dvU5jYExl0o.000,val,6.369411,10.709814
dvU5jYExl0o.002,val,12.726538,6.6556616
e07IozLUeKc.004,val,-3.4726305,-4.7403097
e3Y7na4SBh4.003,val,-1.8912842,-4.9263306
e5gDLMLOE9U.000,val,-11.940073,4.5200033
e6YTvjDXEl0.000,val,-6.2813435,-7.875713
eAkWSjU-JyY.003,val,-4.8274245,-2.136844
eI_7SimPnnQ.004,val,-8.700897,-3.4938161
ej0RpdM9kJA.004,val,-8.972714,3.7598298
encC96iqr9Y.000,val,-4.453491,7.4730625
eqXrUXW4yHY.000,val,-8.46961,-7.5574937
erjlIt61pUk.001,val,-1.265104,-8.878408
esk_mav4MRk.004,val,-2.5654483,2.727372
euRnmvd_dus.000,val,-7.5740514,-5.611013
evrzg3Pzyc0.004,val,3.8998122,-7.345948
f0LnGz5Z6kA.003,val,1.2759622,5.6776276
f7E26XfU8rw.001,val,2.451562,15.774226
f7togdqxEoo.001,val,-10.900143,4.245982
f7togdqxEoo.002,val,-5.7130923,7.3915544
f7togdqxEoo.004,val,-5.800604,7.5215816
f7togdqxEoo.005,val,-10.103305,7.108688
f83xK4chMJs.001,val,-1.2044114,5.7443113
fBMKlYUjA9E.004,val,-2.776738,-8.220604
fBMKlYUjA9E.005,val,-2.8375192,-2.799995
fBcc1UMtZME.000,val,3.2443643,-6.260121
fBcc1UMtZME.002,val,-3.1507454,-2.130983
fDBpO2TyB-Y.001,val,-4.632058,1.9949857
fDw_PAgW07o.004,val,-3.5825446,12.540039
fEC3lEDxRnc.003,val,23.480728,-3.0668368
fG-hvGTHoec.000,val,-3.6562402,-14.779393
fKrX-KXgXYM.001,val,1.0869876,-10.540731
fSDA4eEyGHk.001,val,-7.782677,3.4497638
fSkQXqXR7D0.003,val,-3.0552924,0.4908597
fUIWjaZCYwM.002,val,16.443588,12.458033
fUf2XzWpSVo.003,val,3.104953,-0.3940143
fUf2XzWpSVo.004,val,0.602693,-2.1591625
fY4gU5NiV_I.001,val,4.034114,-5.2287197
fY4tctYZTz8.000,val,-14.134755,6.278822
fY4tctYZTz8.001,val,-13.507435,5.2626076
fY4tctYZTz8.004,val,-14.589642,6.875788
f_mEEFFeh-0.002,val,-9.059864,-5.582451
fczufbliJfQ.000,val,16.146835,-5.878225
feg-RNvT-t0.002,val,-0.17116675,0.12736021
feg-RNvT-t0.003,val,4.787828,10.26077
fiVORaERbP0.001,val,-13.731314,8.186388
fiVORaERbP0.003,val,-13.759508,9.63451
fipvPdFbKN4.001,val,-5.409848,-2.029768
fipvPdFbKN4.005,val,1.2053367,5.993441
fkDqn2muw-A.004,val,-2.3147337,-8.260112
fk_ggmC872E.004,val,-6.870328,-2.8360646
fk_ggmC872E.005,val,-12.519365,4.8324876
foj4bqLSmF8.000,val,-9.003739,1.3526425
frEf7Kz1Usk.000,val,-3.469206,-0.27339017
fsCK8Xuzl1Y.002,val,-6.6864357,-7.8300695
fsLf6Xv_Gbk.004,val,-7.7072062,2.867341
fsaslN7xV-w.003,val,-7.8423467,-0.2048962
fwJykIyvS04.005,val,5.127456,-10.013328
g0PWBzU95sI.002,val,-5.9685802,4.7883673
g0Zlp-F6Z6E.005,val,-4.334651,-10.806028
g9zgIN56MnQ.002,val,-6.6766524,-5.820793
g9zgIN56MnQ.003,val,-6.4125586,-3.8637478
gCLfduV3Phw.001,val,-7.05139,-1.4514569
gCLfduV3Phw.002,val,-6.2803307,-1.2781984
gCQT7zfS7sI.000,val,-13.477874,7.5568166
gCQT7zfS7sI.005,val,-11.33401,6.8181067
gCd5bIDNAbI.003,val,-15.541563,5.7238646
gChqk1izWkc.001,val,2.8520837,0.022302926
gIWZPg1BxlU.000,val,-8.093461,1.097997
gJMH7pfz-14.005,val,0.9302549,1.7044086
gKxJl7pIYMo.001,val,11.936328,2.8502018
gM_KAA-ejJA.000,val,3.2554817,-6.4181957
gZblxCs4EV4.002,val,12.339019,-10.794524
gZzB49daFfA.000,val,-8.157422,-2.6456723
ga_XczsO4eY.002,val,12.563296,-0.31831497
geji1U2YAvg.003,val,62.352245,16.038803
gfTTzlRNF8s.002,val,7.204593,-1.9502002
gggp205gPMI.000,val,-1.5238968,3.292912
gipWTZy9mjI.004,val,-5.1460834,8.497231
gj3-xvhPeWg.000,val,-6.767963,1.588388
glgfB3vFewc.001,val,-6.706134,-6.3196964
gq0yaEv6gSE.001,val,-1.9653342,-0.17538162
grhDDOLsBho.001,val,-0.32601163,10.880038
grhDDOLsBho.003,val,-2.0252774,7.030475
gsleSGEZHAs.003,val,-3.6317675,-3.031798
guthEFaGEiA.001,val,37.795506,-10.499751
h2-_bQdTZYY.005,val,1.6113102,-0.46186695
h6LOjpCRXtY.003,val,0.81048495,-0.98782563
h6LOjpCRXtY.005,val,-4.5991335,-1.6256056
h7qbP1GS50U.000,val,-7.152804,-0.8163593
hDqsuyVeWmw.002,val,-12.92669,1.544274
hDqsuyVeWmw.005,val,-10.241379,-0.91695523
hG0I7DLSSYg.000,val,10.806838,2.4325747
hG0I7DLSSYg.004,val,5.65192,0.3914961
hIxLNK_x_QA.004,val,10.765928,4.0706654
hK5lmI9pwck.001,val,-9.61584,-3.6958876
h_GDQ9_H1es.000,val,2.731078,-14.92689
heE4ZZXwehI.000,val,1.3380594,15.346832
heE4ZZXwehI.004,val,9.590938,16.4204
hjQpiGBO1Ao.000,val,-3.70438,-4.8605037
hnMp0eX28es.002,val,4.618493,11.019351
hnWMsZEQWt4.000,val,-14.2382555,3.7899063
hqe-8SMJGmc.000,val,-5.5428667,-10.717484
hqe-8SMJGmc.002,val,-8.66185,-3.0702972
hqe-8SMJGmc.004,val,-5.7077,-5.82281
hqe-8SMJGmc.005,val,-11.441359,-5.9498944
hquzfo9MVDo.004,val,-10.278346,2.637542
hrat_RJczFM.000,val,-6.555872,0.078965545
hspeWl-Bip0.000,val,17.153551,-6.959677
huIQlWsIEvY.001,val,-7.860741,1.7386744
huIQlWsIEvY.002,val,-8.051639,-0.4455261
hvGLlMhj7iE.002,val,-11.805089,-1.2244569
i3s5XtbhSrE.004,val,5.354261,-19.99097
i4IVTm3uvoM.003,val,-7.7502074,0.69549507
i4IVTm3uvoM.004,val,-9.315463,2.2106965
iFSF6v3xw_k.000,val,-2.861567,-5.945276
iGBVrJMr62U.004,val,15.875692,3.195089
iJGHwoJKEpA.000,val,-12.127288,1.221205
iOB65zCiOFM.000,val,12.363151,14.738581
iOB65zCiOFM.005,val,-6.256738,8.869716
iOv0_RdVPCM.004,val,2.5255835,6.87815
iQvoDdxt06M.004,val,1.4501057,-13.501462
iW1t-ZiG2rc.002,val,-10.193379,1.1705941
ibawV2tqKug.002,val,-9.393597,4.024361
ibawV2tqKug.003,val,-8.793793,7.8083067
ic_LECbCm5M.005,val,-7.053848,-10.706848
iiW_nu6JITY.000,val,-5.593055,-1.7082895
iiW_nu6JITY.003,val,-5.535535,0.11445931
ikCqtEGQbrg.000,val,-5.464867,-8.683044
ikCqtEGQbrg.003,val,-5.641206,-9.364753
ilOi-sQo9HI.003,val,-6.174415,-0.3473961
in-HuMgiDCE.000,val,-11.085774,7.552201
ins5QQc2dR0.000,val,9.347202,-1.1989474
ins5QQc2dR0.002,val,11.611387,-2.5078323
io0aNQE8En8.004,val,13.570402,15.286488
ipP--IqIuWU.000,val,-0.6405416,1.0883486
iqs7mZbg5UI.002,val,-0.9640853,0.5451589
iqs7mZbg5UI.003,val,-3.4138815,-1.5686628
iqs7mZbg5UI.004,val,3.2209535,0.07788387
itQ2wSlXqCw.002,val,11.293647,-17.510435
itQ2wSlXqCw.004,val,32.938877,2.8257592
ivcVlDXJCDo.004,val,22.983435,11.4441595
ivpw58MIRtQ.004,val,9.636268,-3.1718686
iz_eT0DXx3s.001,val,-6.649257,4.026481
j-F-t4BS0yM.002,val,10.48021,-16.813524
j08b_trEQrU.001,val,-13.309837,5.458684
j5fXaXrNPoA.003,val,16.34157,1.1183585
j6Rvmjjp7pU.003,val,4.1624355,3.2502592
j7VLzb0qw8Q.003,val,5.86537,-10.00591
jFx6AEw6viQ.000,val,-11.00958,-0.26935145
jKHaHWuaU14.000,val,22.905823,22.88702
jKHaHWuaU14.002,val,4.567748,8.45493
jKHaHWuaU14.003,val,3.2719407,4.4647856
jKHaHWuaU14.005,val,28.312876,18.386557
jPpZkVzQywk.002,val,32.78767,21.64154
jPpZkVzQywk.004,val,29.921717,12.635085
jTkEWnuDnbA.005,val,7.682074,-10.0455265
jVGTEDAYWZ8.002,val,-4.593743,-6.471293
jZDlFzVUZwY.004,val,-9.682366,-5.5624957
jZl3Rq1MRQg.001,val,27.852484,-9.946579
jd9_8OPxM3A.001,val,-12.378799,3.5855513
jd9_8OPxM3A.002,val,-10.087653,5.0963297
jd9_8OPxM3A.003,val,-11.108934,5.457875
jd9_8OPxM3A.004,val,-12.6534815,3.338593
jdli4DDP7XM.000,val,1.162537,-10.577638
jlHKgXrxCu8.002,val,-8.098682,-3.9448178
jlHKgXrxCu8.003,val,-7.890243,-1.8233452
jmuVZ3HBiWA.005,val,-6.9150677,-6.749459
jnEHHvlBgxE.001,val,13.087702,-2.041279
jolhoLhAurM.000,val,7.3327007,2.9685764
jpPZVmzleAo.003,val,1.4879603,-3.3019607
jpPZVmzleAo.005,val,-1.6745548,-8.794469
jpRnHWTLDUs.001,val,-8.929969,-5.9471292
jpRnHWTLDUs.002,val,-5.2377563,-4.2071667
jq1dLOVUQJA.003,val,-1.7488252,4.157194
jrhvXPaXo-0.001,val,-7.7013154,2.8847728
jrhvXPaXo-0.002,val,-10.356984,4.842703
jrhvXPaXo-0.005,val,-9.032352,2.4489517
jwcSbw4NDn0.000,val,2.052198,-1.308124
k2buv6xZ4_o.002,val,-11.65045,3.984132
k4QmzZuQl9s.002,val,-0.1805515,2.442902
k4eeYoHtnnI.002,val,15.571253,7.0228505
k4eeYoHtnnI.003,val,12.158686,5.908981
k4eeYoHtnnI.005,val,9.753339,3.7848418
kAjvzIWWrWA.001,val,13.554309,4.1127853
kDJigDGDJTo.004,val,-8.532657,4.5684724
kFak4VnRnRM.002,val,1.1585734,-11.705605
kJLeYUobR0M.000,val,-1.2703614,-0.18710808
kK4QL7pOrhs.005,val,12.50643,-9.0991535
kK534gUcRF4.003,val,-0.38213143,-3.617785
kKRc2aXzQyM.003,val,-10.46943,-1.0771695
kPXVZD3ac8s.000,val,2.3952274,9.112199
kPXVZD3ac8s.002,val,4.5171623,6.198908
kSk-rf7a1Ig.002,val,1.755837,-14.105447
kSk-rf7a1Ig.004,val,0.018041162,-14.5749445
kUpkeJDcxaE.001,val,8.612387,-13.458685
kUpkeJDcxaE.004,val,1.5570623,-11.339944
kV7MFI2_ddo.001,val,-8.996772,-3.7345726
kV7MFI2_ddo.004,val,-7.3929453,-6.4210315
kY_4WyAXxrQ.005,val,16.112103,-2.3579564
kco35S1k5Ks.001,val,16.927372,0.8986492
kdPRPO3wgg0.003,val,-10.045546,4.3611183
keW8-eSiQ70.002,val,14.73164,4.8383417
keW8-eSiQ70.005,val,-2.5739903,-5.8974953
khCsAN1Bk_I.004,val,43.32965,-2.3818915
knpgk7LAMb0.001,val,32.868053,10.648791
kppgmuWEv-A.002,val,-7.919654,1.5846978
kvNiQ7LVQnY.000,val,-10.161313,0.8857217
kxJVM1-pYxc.005,val,0.70429415,-3.8309143
kxlqIrk0WnY.000,val,1.9433191,-8.200163
kyq-X4IFMtw.004,val,-0.5362515,-7.2909336
l-WgXcGLdZk.000,val,6.3132315,4.8985243
l1V-DuJ-WgU.003,val,27.42312,-1.8564732
l3IoZ_QmOQo.002,val,-6.561976,3.9215903
l3RE0rN7oEg.004,val,-6.180215,-7.834189
l8weBJSCHbA.004,val,9.723332,-0.37638703
lAJWoIcgXlU.003,val,-5.827152,-11.864192
lErjGxBb1Bk.000,val,-0.9903105,-5.8927507
lErjGxBb1Bk.003,val,-6.7994046,-5.815343
lErjGxBb1Bk.005,val,4.2622676,-13.439756
lK1HFH7j93c.002,val,3.4885023,-16.88122
lK8qOASUwFE.005,val,4.39645,7.20637
lKePJbjYiy0.004,val,-0.47307977,-2.6573288
lLObIVKYDUI.001,val,0.53935957,5.3054905
lLWOcztaIBI.005,val,-3.9272904,5.12756
lNG_XdqMf0g.001,val,-7.3175564,-8.74147
liRQoL7SsPw.003,val,-7.073329,-1.1587714
lkdQjIunxSE.005,val,2.9042025,-8.639548
lnawWqnGpMc.001,val,-2.2379055,0.1923561
lnawWqnGpMc.003,val,-7.036598,-4.4565096
lsVwEApsljU.001,val,2.1686513,-0.23090838
lsXw8u4QXIU.005,val,-7.26937,2.9157913
luH2RoZW-eY.002,val,23.257874,6.0941863
lx6A8s_Ega8.005,val,11.209047,2.6278837
lxnV9X8T2Zc.005,val,-7.341561,5.296431
lyZZSU1ziCQ.000,val,-0.99672985,0.46407726
lyznxF-Pj6g.000,val,4.579061,-12.466065
m04e9ylCoK0.002,val,-10.45187,1.3617338
m04e9ylCoK0.004,val,-0.9992453,8.883845
m0tNIKbEwHE.005,val,-9.286564,-4.6225348
m2uxFfpb5xU.000,val,-6.413768,-3.6143155
m5kTITzj1bY.000,val,-5.874545,0.6907656
m6JOFpKvkE0.002,val,-4.4355516,-13.934912
m6JOFpKvkE0.005,val,-4.4865026,-14.3578415
m7zdWVDT-34.000,val,-8.730935,-5.9914584
m7zdWVDT-34.003,val,-12.080789,-2.6797287
mAjagYWuT7A.003,val,13.679063,-17.076609
mAjagYWuT7A.005,val,12.024078,-15.342734
mBdVuEXRlfQ.002,val,-4.5564113,-6.486119
mDRMCwSD3Ms.001,val,-5.825394,5.291613
mDRMCwSD3Ms.004,val,-4.090043,7.557238
mEQBB6XsJFk.000,val,-6.00232,-9.218479
mEQBB6XsJFk.004,val,-7.040633,-9.969638
mFz5Fbs97QA.001,val,-3.3400002,-4.9339924
mIQnQ8Nmj-c.000,val,28.112457,7.300163
mIQnQ8Nmj-c.003,val,23.249125,10.582756
mKWscEow1U8.001,val,-3.577103,5.9224424
mKWscEow1U8.004,val,-9.697613,0.6524479
mKsGK9nCTxw.004,val,18.366188,2.6322463
mLZw7Hf8AYI.000,val,-1.1906278,0.14320116
mLZw7Hf8AYI.001,val,1.0253761,-1.0852404
mQpNe8f5xA8.001,val,-3.8647826,-7.25697
mXaI17Dx7u0.002,val,18.556463,-8.203856
mY1ZTvNVkSA.000,val,11.752161,-2.0599444
mZ2CHgzwDt0.004,val,-6.3395176,2.019113
mZ3vypXAfHg.001,val,-9.339533,-1.4705021
mZ3vypXAfHg.004,val,-11.282621,-1.0951073
mZQP06F94u8.005,val,17.969296,14.829122
mZzWhUI0CP0.001,val,-7.6720066,-4.954953
mZzWhUI0CP0.002,val,-9.385388,-3.5670342
mZzWhUI0CP0.003,val,-9.778874,-5.6610804
mZzWhUI0CP0.004,val,-10.410316,-3.233401
m_2k0dL8CRM.000,val,-4.7760506,-3.9763358
m_9aygJNij8.000,val,-8.123965,4.4420033
me15sHPOjKo.001,val,-5.3493457,5.203069
me5UoRny6NU.000,val,0.41318473,-7.8466554
mfGhtr0zy3k.000,val,-10.065339,2.199452
mfGhtr0zy3k.005,val,-11.166479,-0.9608922
mfcs3Ta49K8.000,val,2.9668214,-4.146066
mhvkJjOAjYI.001,val,-10.512159,-0.67556894
mlXZQ8dO0nQ.001,val,-4.10581,-15.232448
mlXZQ8dO0nQ.002,val,0.8464461,-22.361311
modNfUPt3F4.002,val,-0.70958436,2.1302319
modNfUPt3F4.003,val,-2.893232,3.5501947
mpXOSY5dW7c.003,val,-5.1613045,-2.0399656
mpk5Ubw2fj8.001,val,-8.903815,-0.7152503
mq9NNKmKYdk.002,val,-10.475722,-5.157211
mqDv8688ztg.000,val,12.78212,14.751207
mrMp9EorOxE.000,val,5.2490435,-11.204664
muLgzV1gGao.002,val,15.421509,7.078888
mwjoabuP-GM.000,val,1.3701662,8.2810545
mwjoabuP-GM.005,val,14.222936,16.54089
mxLRr3YqgMU.002,val,-13.080289,7.105651
mxLRr3YqgMU.003,val,-12.1226225,7.119509
mxLRr3YqgMU.005,val,-10.489666,3.6274006
n0acEDmc0mA.001,val,-6.356419,5.2268195
n0acEDmc0mA.004,val,-7.915563,0.8377533
n2BuwHbdilY.000,val,10.2250185,-4.01942
n6JNJurop2U.005,val,-2.115816,0.94223374
nB-fPmvZg3U.004,val,19.87652,10.470453
nBjBfN9SbpM.000,val,-3.0433364,10.543349
nCWEEoJfjgE.001,val,-8.515281,-3.0563395
nDsTSmE73M0.001,val,-5.8162313,-5.3773794
nEm44UpCKmA.001,val,-4.8190765,-13.697213
nEm44UpCKmA.003,val,-4.398385,-12.313703
nFP7EEgz0Xg.000,val,0.7801556,14.696266
nHdhGsdsKPI.000,val,29.913754,-3.7695203
nKLhatlbqEw.003,val,-2.9221108,-11.456957
nKx64KH7Xks.000,val,2.5604362,-3.4821107
nLy7x9kXURM.001,val,4.1036844,-4.7906914
nOCSTnpB_F4.000,val,-3.4790661,-5.6903596
nOFHZ_s7Et4.004,val,-5.878477,-0.18618678
nUazOUcW_AM.002,val,-10.40835,-6.6511016
nUbhRInpVbA.002,val,10.232617,-1.2524347
nZC82V87Pm0.001,val,-10.098288,2.5035088
nZC82V87Pm0.003,val,-8.926547,3.651243
nZz1hK90gwA.001,val,45.950455,-1.6895536
nex61B854Ms.000,val,9.473353,12.755121
nfEhF5GBQpo.001,val,-2.2430642,5.6363544
ng42eoHytOA.000,val,-6.4811506,6.9234695
ng42eoHytOA.004,val,-1.5270069,8.072607
ngB_cSxOjx0.005,val,9.564236,-28.302801
nlIrqbcvqLk.002,val,-9.622399,0.6618929
nlIrqbcvqLk.004,val,-9.367219,-1.0434175
nmZRXxKPPuQ.000,val,-8.286084,-1.9693925
nndDX4RgU1w.002,val,-10.90653,1.3554173
nndDX4RgU1w.004,val,-10.138221,-1.1300495
nndDX4RgU1w.005,val,-10.2353325,1.1196108
noepjVnUVFY.002,val,14.527095,1.9802514
noepjVnUVFY.004,val,10.713307,1.4711698
o1mTIo1vPas.003,val,0.39910528,0.34804034
o2wtRccAgjE.000,val,1.559466,-2.9868052
o2wtRccAgjE.001,val,-1.8932416,-5.147669
o2wtRccAgjE.004,val,-2.4274428,-7.9056168
o2wtRccAgjE.005,val,-3.0551348,-9.005908
o5eCmKiomvo.000,val,-11.687254,4.933172
o5eCmKiomvo.003,val,-12.749272,0.21844977
o6JCQlOC3oE.001,val,-4.238635,9.303821
o6JCQlOC3oE.004,val,-7.2725215,6.3078346
o6xswp0D8tc.000,val,-4.179398,8.275937
o6xswp0D8tc.003,val,-5.1911073,9.244423
o7J2fWIJndQ.001,val,-7.5705543,-3.324052
o7J2fWIJndQ.002,val,0.47642174,-3.1528401
o7rFDFvW300.000,val,4.750428,6.504901
o7rFDFvW300.001,val,5.0773144,9.322747
oG84VxrGfj0.004,val,-0.32037175,0.9515085
oGa05H9UXxU.000,val,30.63758,6.432442
oJPdfhG4hT0.000,val,9.502527,-11.506935
oU7zAWm_01o.005,val,-13.97133,1.1989071
oVSMxtPpQ0M.004,val,-1.7134238,-4.6872253
oYiWW-Qc0rs.003,val,3.8837118,-14.728121
o_kTWEEjtyw.000,val,-5.725961,10.932395
o_kTWEEjtyw.002,val,-6.688534,9.960307
obr7ktzX8w8.005,val,29.965378,3.9162083
odRqijkG28U.002,val,4.123816,-23.95246
okSmKH2k5lE.000,val,-13.083003,4.567902
okSmKH2k5lE.003,val,-10.444718,5.278055
okSmKH2k5lE.004,val,-9.292831,5.611549
okdZnQbLnf8.003,val,-7.193713,-3.153602
omeHsKF7InA.002,val,-4.3948865,-3.7679667
onbyz01BC_Y.002,val,-3.210852,3.1808512
opEoJBrcmbI.000,val,-9.183232,10.645674
osqQpQsJNPQ.002,val,0.04293742,-2.7097921
outvbZgNX58.005,val,1.1582141,6.0923276
owRKOW0ymCM.005,val,-6.9000835,2.6382122
p-OcwNFQB0U.000,val,-8.021358,2.3140526
p-OcwNFQB0U.003,val,-8.753396,4.116534
p-OcwNFQB0U.004,val,-6.8154445,0.43279773
p-V78q8dtYo.003,val,-7.2187057,4.809041
p1ORMiJ0fPU.000,val,7.465765,-6.352407
p5QXPhJS8Ks.004,val,-10.143266,8.450911
p7-JUvStF4w.001,val,-5.873418,3.4190273
p9tAC-RqZPI.005,val,5.356991,5.2359405
pEYFpmjwKC0.005,val,-11.154197,0.29989702
pEr7WTIPW64.003,val,13.6199045,6.3641696
pHCPbKprJGY.004,val,22.899881,3.3493266
pPtzEnf5afw.004,val,-0.8323091,3.7768743
pT8nyxks1Q4.000,val,-5.820725,5.0225906
pT8nyxks1Q4.004,val,-9.794235,3.7339654
pZxqWp0e-Ik.002,val,-5.4818516,5.343679
pZxqWp0e-Ik.003,val,-7.302834,5.71065
p_mu11crx-s.000,val,-8.016185,-0.29109907
p_mu11crx-s.002,val,-4.660128,3.3498666
phjVMKGYBKs.000,val,-12.182829,3.329859
phjVMKGYBKs.003,val,-10.415632,4.283644
pkwzo1OkEmY.004,val,-7.576811,4.130867
pzG2VeUbefw.002,val,2.4417107,-15.156758
pzfDth6nFQE.002,val,-10.314826,11.493614
q6au1xn_wIE.000,val,9.576454,3.1518905
qAisk1lgv2I.001,val,1.0061095,0.6831973
qAisk1lgv2I.002,val,-0.4125157,-1.8903537
qBG1mjC7Zgg.002,val,-2.633749,-10.042277
qCFFW1dM8V8.000,val,-6.2957425,11.759359
qD15qWMepxU.002,val,-7.0610228,6.3033895
qFYgMFMal_s.001,val,-10.95458,-2.647508
qFYgMFMal_s.002,val,-11.860429,2.0750172
qJ6_xSx9kCM.004,val,-4.073564,-2.316776
qLV1a_611kA.000,val,-7.8071504,-7.872103
qLV1a_611kA.005,val,-5.383731,-4.8756323
qMARpi60Hhs.002,val,-8.219522,8.34617
qMARpi60Hhs.003,val,-11.619175,8.930881
qMARpi60Hhs.005,val,-4.586475,12.87871
qP1UtCbMaW4.000,val,-4.7942114,-13.56502
qP1UtCbMaW4.002,val,-4.0736947,-9.997307
qP8YzH6LT9c.000,val,-2.403264,-10.469122
qP8YzH6LT9c.004,val,0.10406943,-11.367072
qVcw5-mm31s.001,val,-8.888457,-5.267771
qVcw5-mm31s.002,val,-6.352477,-5.1673923
qYxxTubipSs.004,val,12.439043,7.966972
qfL0ml0f84g.000,val,1.8710228,-11.537194
qjU3GX3jgSY.000,val,-7.2116294,-4.5190687
qjU3GX3jgSY.005,val,-10.174614,-2.934414
qjWi69HY2Fc.001,val,15.669284,-15.120565
qjWi69HY2Fc.002,val,7.545791,-10.043215
qkmEt0ofGq8.001,val,-6.3037167,-12.036324
qkx4lCA1iZo.000,val,-6.602663,-5.163966
qmiBcHJpKR0.001,val,-12.073085,-1.5697021
qmiBcHJpKR0.002,val,-11.106026,-0.34443793
qmiBcHJpKR0.004,val,-12.088423,0.69313097
qoztP0w5-Vo.001,val,-9.669561,-0.32541084
qoztP0w5-Vo.003,val,-13.248484,3.5440812
qpwcdPnPeFM.000,val,15.1989355,3.7120142
qssXr_Fg96o.001,val,-8.300874,3.467594
qyHn_jrNL48.001,val,9.954407,1.580432
qzwUad9KICA.000,val,11.540299,-16.851624
r1YAW67aevY.004,val,4.2509675,10.526369
r1v6EmZv7-o.000,val,-12.082229,4.480967
r2HcJYjGK5s.002,val,-2.1315353,-10.820239
r4BGKIXrD9c.002,val,11.387495,9.398479
r93dLeVRk3U.001,val,4.666234,-6.3483243
r93dLeVRk3U.005,val,11.280453,-1.4284914
rBxWZzkEncE.001,val,3.5967405,-21.436268
rCxlfusNJlY.004,val,-10.622322,0.4509378
rD6NViDdyOU.000,val,-1.012123,-0.3171758
rFs0AC2qV6o.004,val,3.9816568,10.058535
rGNeR3p1jKU.004,val,-10.675228,7.2168765
rJgbslC72gw.002,val,-13.324816,2.796551
rLEfJzLcVdg.001,val,-6.1542306,3.4105933
rMFJmA5dRFQ.001,val,-1.3956617,-0.14021176
rNDxXRvuSDg.000,val,12.666959,-7.054562
rTG9gtci67c.000,val,0.2941049,-4.6819234
rTG9gtci67c.003,val,-0.29794192,-0.3610158
rUGAiuYHNgE.005,val,5.512123,-0.40149376
rV6Vdn-JrTA.004,val,-1.9897907,-19.013477
rW7b48Dy_80.000,val,-4.225641,-6.8073606
r_cVo5qZ9n0.000,val,32.851997,-3.148822
rag7X1kTyBc.000,val,12.535925,8.706364
rjS0PIwS47M.003,val,15.012541,7.379689
rrdSLfnU2pg.004,val,2.2479649,2.764712
rwinPicu_aw.003,val,-8.859205,1.50716
rwinPicu_aw.004,val,-10.8334,5.4625926
s-jZlMKQGwc.005,val,-4.7638826,2.9679198
s0MKUEnyHSE.005,val,-1.2190343,-3.5453053
s1DOqsQoN5s.000,val,1.0817996,6.019403
s1DOqsQoN5s.004,val,4.3394628,14.960826
s1DOqsQoN5s.005,val,0.022132225,6.6812243
s6N1pv5lzrU.005,val,-11.6292095,5.0899253
s6gN_358tk4.002,val,-11.724207,3.869105
s6gN_358tk4.004,val,-10.742127,8.532983
sC2k2CD1jC0.002,val,-7.221199,0.8017322
sDWJMBZ1mVA.000,val,-6.4596653,12.303892
sHVXhr7_EOs.000,val,-10.898801,-0.8459207
sHVXhr7_EOs.004,val,-9.796392,0.18560025
sHafPWyXs6k.001,val,11.928623,5.927879
sHafPWyXs6k.002,val,6.569281,3.3726575
sNs4yCA11wk.004,val,-4.941615,-7.767554
sPMNhG1Sehc.001,val,35.455254,-14.515377
sSR1a5XW7n4.005,val,1.8411535,1.0478255
scifP1EXSdo.004,val,-0.9189425,-0.8547592
shEsu57CYnA.000,val,1.2091959,-3.0160139
shtirfEzWFA.003,val,-5.7051873,3.1081128
shtirfEzWFA.005,val,-4.055607,7.0477905
siEnTktB4lQ.003,val,-9.000124,3.9797325
siEnTktB4lQ.005,val,-7.830323,1.5102528
si_gZCrLa4A.003,val,-7.348197,6.6922073
si_gZCrLa4A.004,val,-1.8946475,8.743939
simc6hmrUOE.003,val,4.4034405,8.366761
slE2PWIwzus.003,val,18.29058,-26.587452
slE2PWIwzus.005,val,13.432698,-18.864223
spodWGLGBiw.001,val,1.4356084,1.300266
sqnW6xXYTKg.005,val,-7.541871,2.2856822
squHxV3QXlQ.000,val,9.250305,4.111719
squHxV3QXlQ.005,val,0.08502338,8.718357
ssexxLJLuhU.001,val,-3.599721,-8.09141
sx57p5HyekI.001,val,7.5628843,-1.064102
t0AupkXkkZw.000,val,0.19113521,-2.7348552
t0AupkXkkZw.002,val,-2.1015978,-1.9088112
t0_DAgeU4nM.001,val,-6.771662,2.9807758
t0_DAgeU4nM.005,val,-3.2485008,1.8269557
t30ERiF6b50.001,val,-6.12044,0.05736568
t9wFHk9TM-U.000,val,-5.620436,-0.92717487
t9wFHk9TM-U.001,val,-4.349862,-1.3675219
tASMzbFSxsQ.004,val,22.458385,-22.579813
tCnfvBwWVKw.001,val,-9.106011,8.570432
tEQEKN07KgQ.002,val,-3.236525,2.7324517
tYpxPqwle5k.001,val,-5.3177896,3.4918778
tYpxPqwle5k.003,val,-6.313049,4.5048733
tYpxPqwle5k.004,val,-1.7150733,4.1935115
tZiRqu8joX8.004,val,-2.234286,-14.493298
taSAaWKcmTw.001,val,15.353016,-11.770831
tcmYlyeqwuI.001,val,-9.221907,4.25408
tcmYlyeqwuI.002,val,-7.247446,-0.8543956
teRgvZ63_2I.002,val,-2.1132956,-11.318174
tiVKJWLzmk4.002,val,-15.951513,3.8904176
tiVKJWLzmk4.003,val,-11.883199,2.5177207
tiVKJWLzmk4.005,val,-13.278222,2.2118528
tomb22yfjTc.000,val,-7.265433,3.9472475
tvKUJujTUEo.002,val,-3.3218524,7.371155
twO6ceVTuII.004,val,4.1032343,6.8491225
twmdh5zdvfg.001,val,-2.0690162,-1.650748
twmdh5zdvfg.003,val,-1.6566727,-7.519487
txU8yE9d-4k.002,val,-0.1983679,6.9009213
u0ge93spFvY.000,val,16.358511,-0.9955528
u50B6bIkN9g.001,val,-3.364009,-6.72936
u50B6bIkN9g.003,val,-4.2241697,-3.3379233
u50B6bIkN9g.004,val,-5.9536214,-7.9833074
u5mRlNCQ0BQ.001,val,4.8843164,-13.844215
uCJNAX_b9mc.001,val,0.04713092,10.025264
uDm7iZuX5DQ.001,val,-3.433491,7.080066
uDm7iZuX5DQ.002,val,-7.3773527,2.4599025
uDm7iZuX5DQ.003,val,-4.3878226,6.601805
uE2U_Y7QrIw.004,val,-7.2584395,8.190487
uEBTnI1zqhs.001,val,28.213482,15.910808
uRY3aJAaogw.000,val,-8.350898,1.853467
u_qvbRpm88k.003,val,-3.5440478,0.7555815
ua5c716lu5s.000,val,-9.496842,-4.052136
uf_sIIw4zxY.004,val,-6.8673625,-2.3439422
ukcUhZbkVBI.002,val,26.661589,5.393251
uoLDJJMK5Gw.001,val,-8.768957,-7.822088
uqd_cEJMJ4o.002,val,17.05918,-5.686945
usG6pVxbQkw.004,val,-16.41059,5.1329436
usG6pVxbQkw.005,val,-14.848305,7.1277957
utv9RBNcL5w.001,val,-7.865974,-8.036648
uwYQKM_STCw.001,val,13.594527,-26.637106
uwYQKM_STCw.003,val,11.467392,-23.383875
v1ScttBOQc8.001,val,-11.262206,5.8378057
v5hZeuRW6m0.003,val,-8.593538,8.871405
v68FyWS-Q9s.000,val,13.627419,8.061593
vAV6ovUKPDg.000,val,7.7278733,-12.643951
vCCRvatOFLA.002,val,-7.2744427,4.797718
vCV-5LypZCs.002,val,4.7298756,1.8129357
vCY4uvfrWXA.001,val,10.292056,-5.045769
vHIBCKwJLEY.000,val,-1.5151128,9.765378
vHc0pnY9BoI.000,val,-0.65197235,1.722052
vHn6-GQAI_Y.002,val,10.080975,14.126884
vIW7gDmhYMk.002,val,-10.279902,-1.6453519
vLAHfIjmRMc.003,val,-12.033388,1.6463999
vLAHfIjmRMc.004,val,-14.225757,4.146815
vNEs2yGe77s.005,val,9.927932,6.5476427
vOEQlAMABWM.002,val,-9.482033,-0.8907135
vOEQlAMABWM.005,val,-10.761649,-0.5568842
vUKex2msIEU.000,val,9.463539,-5.0008326
vUo6wnBOBpo.000,val,16.544579,-13.073905
vUo6wnBOBpo.003,val,14.485596,-13.642026
vfqYI2QmfeU.003,val,14.59731,-0.6194456
vhugKRUnd-c.002,val,-8.017289,4.3115673
vhugKRUnd-c.003,val,-9.660345,5.5907435
vo-Y5kgSBa8.004,val,18.067028,-16.315712
voB6O-ky9cA.000,val,18.38295,17.705103
voB6O-ky9cA.003,val,15.614737,17.279324
voB6O-ky9cA.005,val,20.38581,16.615278
voXr6-ykd1w.001,val,22.118782,10.780111
vp9p1osOaLI.005,val,10.215639,6.1776533
vqLtOsoNPnU.001,val,-2.2544613,-2.3293276
vqLtOsoNPnU.003,val,-2.3192668,-4.202872
vtOEl_Mg0Io.002,val,9.434678,6.409253
vxuBHsokOX4.001,val,-5.9266624,10.256429
w7O2QJu2Wl4.000,val,13.43846,-13.298619
w7wPDiQkiA4.000,val,-6.8634243,-8.582689
w989xx44UQI.005,val,1.2097859,-14.978207
wBCSJVBr4ZE.002,val,-13.674857,5.843107
wBCSJVBr4ZE.003,val,-11.264968,4.7829237
wDvZdcb00Bg.000,val,5.7638073,8.441871
wFZJ3gTKwwM.000,val,16.716995,12.263871
wVpjBxCirAQ.000,val,1.7455037,5.364366
wYZJ2HXfvmQ.004,val,-5.079878,3.105074
weggLuKPv0M.000,val,-4.1936564,3.9418979
wm94g-5Cg5s.001,val,-2.4021924,5.2417383
wr4dP9MuHME.000,val,-7.2462187,2.88624
wr4dP9MuHME.002,val,-6.3536177,1.6232206
wuTgJGTEK-0.000,val,15.580639,-11.330876
wuhoIm_jPc0.000,val,-11.391836,0.79747075
wuhoIm_jPc0.001,val,-11.597434,2.0966668
wy1szFSVpEI.003,val,1.5194918,-4.6478224
x0CZuHnJ0Hs.001,val,-7.7181697,5.2165046
x0mD5kr2hu4.000,val,-5.43191,-2.4053142
x0mD5kr2hu4.001,val,-1.1157182,-2.5741487
x57nEfACdXA.000,val,-12.029256,-1.769569
x57nEfACdXA.004,val,-9.67022,-3.4948854
x6Tluj4dJTU.000,val,-7.384171,2.4925992
x9FAFeaizu0.005,val,5.60942,4.099104
xA2OJtxFoeg.002,val,26.870436,3.3891363
xDjhf8wrNWQ.000,val,-15.843827,8.48947
xEmwNv4OxGE.000,val,-6.7833743,1.446961
xEmwNv4OxGE.002,val,-5.2829185,4.7971654
xHb5_bc1JOA.002,val,-4.8941984,-5.523442
xHb5_bc1JOA.004,val,-4.967124,-4.8484445
xHb5_bc1JOA.005,val,-3.5234208,-10.756854
xLfLuyIQOJE.000,val,-5.058726,-2.2222135
xLfLuyIQOJE.001,val,-6.5072136,-3.8396118
xQHmbJ_lPjY.002,val,-7.063677,-3.727745
xRhUBifOWiI.002,val,22.956392,-6.2601695
xVJDjbiIjTo.000,val,-5.6000104,-7.5530214
xVJDjbiIjTo.002,val,-7.457683,-6.433277
xVJDjbiIjTo.003,val,-7.597823,-0.29598725
xYXVkQOmSfk.001,val,-10.843689,4.978721
xYXVkQOmSfk.002,val,-10.021434,6.689488
xZ9iwqHw7GY.001,val,38.272324,-7.7172003
xfLVThCzEEk.001,val,-4.493594,-2.110008
xmD4FKMq2rk.003,val,-6.1238275,5.239522
xpSCu7PgJts.001,val,-10.869427,4.21494
xq0-QVHxp-Q.001,val,11.790351,2.0222318
xqGyF2T3pso.003,val,-0.16580594,-12.379367
xrxAyO8pKUo.000,val,-6.580088,-8.274388
xrxAyO8pKUo.001,val,-10.352399,-4.911471
xrxAyO8pKUo.004,val,-1.0293624,-9.036956
xsDABUrvs6w.000,val,-9.778724,6.5948167
xsLvl2qGrxU.004,val,-2.0636554,-6.2291636
xsLvl2qGrxU.005,val,-2.164368,-8.8000765
xtDw9TlWiww.001,val,-13.3368845,6.007567
xtDw9TlWiww.004,val,-14.977739,7.5750475
xyOq5SL0Evc.005,val,-8.237958,3.8733864
y--uBBy7ebM.001,val,7.9265976,4.7268662
y-0p6fGXLD0.001,val,-3.5545633,-3.741881
y-0p6fGXLD0.003,val,-4.4060407,-3.186031
y-0p6fGXLD0.005,val,-6.0685725,-3.3413284
y3_71Wpt9eA.001,val,-4.998707,3.0770779
y3_71Wpt9eA.005,val,-4.0643177,0.9663858
y4Ej1YSEQf0.004,val,-7.6006875,-7.7248535
y4w-PiVPfjI.001,val,11.964588,-10.803677
y6LC5kAJmHw.001,val,2.7050066,5.683341
yEE9FoKWdpU.004,val,-8.461105,-2.6970434
yEY_2BYZhnQ.003,val,-6.56966,-5.120632
yIe7Rp54-bU.005,val,-6.408881,-5.076462
yOzHZOg95Ug.002,val,29.370893,17.791012
yRVvI1x2DBI.000,val,-0.43746942,2.909982
yRVvI1x2DBI.003,val,-3.2365804,-4.2362146
yUESJPS0wS8.003,val,7.0490246,-10.250163
yVSfQZGt1co.002,val,9.004859,-0.08632698
yVSfQZGt1co.005,val,11.102366,1.0262804
ygUEI08LgcM.000,val,-8.831875,-3.2591352
ygUEI08LgcM.003,val,-7.3376436,4.251032
ymrFbEMNBME.000,val,3.5215442,-5.622312
ymrFbEMNBME.002,val,12.24317,-2.5189238
yp-tfq1NxBk.005,val,1.1869771,1.3419148
yyqXzlF8Fgc.003,val,-10.1755,3.8579059
z-CV743owek.002,val,-5.302129,-8.92263
z-CV743owek.004,val,-0.81695676,-10.574923
z0v9LukQRHU.000,val,2.7740781,-2.4125888
z0v9LukQRHU.004,val,-0.14058813,-3.183242
z1q3ktuRdII.005,val,-7.8862243,1.4999105
z3DO3tdrsnQ.004,val,22.77926,5.3655562
z3DO3tdrsnQ.005,val,7.1359267,-3.609957
z6E5hLYhaZk.001,val,-2.6882737,-15.121874
z6E5hLYhaZk.005,val,-0.37810048,-17.951147
zDRQAU7MtjA.002,val,7.791434,0.23381741
zEyRyTnIw5I.004,val,13.975231,8.037808
zFVjcb45pjI.004,val,-7.637312,0.07074241
zFVjcb45pjI.005,val,-7.0537677,3.6403766
zH9pTx5_ZwY.001,val,-5.063535,-0.5306406
zMXIf66PPhU.000,val,-8.825218,0.12143556
zRevZ94Rxjc.003,val,4.8023257,-3.2165084
zT_s9X21gAE.000,val,-4.990493,-9.299596
zqpXz9h41jg.003,val,-12.327014,-2.9093056
zrbcY4TMVyc.001,val,32.673344,8.520374
zupxsNi2er8.000,val,-7.3930373,10.963745
zupxsNi2er8.003,val,-11.011448,4.0053525
zvX4fNj0uxk.002,val,2.9394379,5.0375338
zwO2zBdbCb4.001,val,-9.1069145,0.74889016
zxuPCshTSOs.000,val,-13.738991,4.8035207
zyGz_H1UTnQ.002,val,-12.374399,5.120649
zyGz_H1UTnQ.004,val,-14.521271,5.477383
zyGz_H1UTnQ.005,val,-12.721953,6.5786176
--Ymqszjv54.000,test,6.3018064,14.539034
-10-QQDO_ME.001,test,10.368227,4.6032624
-10-QQDO_ME.002,test,11.358157,7.217054
-10-QQDO_ME.005,test,16.954887,-3.6840706
-4J4xkfN5cI.000,test,37.65221,-5.4086065
-4J4xkfN5cI.002,test,33.78487,-7.498661
-6otZ7M-Mro.002,test,-7.5631213,1.9132185
-6otZ7M-Mro.004,test,-6.961706,5.2488747
-8asrRvfJWA.002,test,5.697101,-6.9848995
-DOqN0d8KHw.004,test,-3.1835577,4.193814
-DOqN0d8KHw.005,test,-7.1092615,-0.2702272
-Gl98Jn45Fs.004,test,-1.8947394,-8.837886
-KtFfRqPFXA.003,test,-5.8475976,0.88092214
-N6QKrbnaDs.000,test,-11.89669,4.505797
-N6QKrbnaDs.001,test,-3.5384583,7.9625416
-N6QKrbnaDs.003,test,-4.8865485,7.4768353
-N6QKrbnaDs.004,test,-6.876899,3.3554304
-NwfYYf5xLo.002,test,-0.89766264,-4.415507
-PWjgx2czwY.001,test,-7.7169123,-6.926993
-R2SZu3SYgM.001,test,-10.827549,1.2969548
-RqxrwIxMvE.004,test,-6.154689,-0.1820581
-VTqcHNgH7M.000,test,-5.7122784,-12.371327
-Wqk9eex6bQ.000,test,-13.7991295,5.160884
-ZP25UpJeJ4.000,test,-9.621306,6.739279
-aU2FN5pkWA.000,test,-2.8200345,-7.888755
-agCXYgb7pI.002,test,2.8506994,8.715184
-awAu11kBZ0.001,test,2.756809,-17.382656
-fqiCqZtgYs.005,test,13.909841,4.6340857
-lSBwF052u0.005,test,-6.44082,-11.023027
-m5QCnnp-vI.000,test,-1.8810294,-7.007421
-mt-IKgGhuY.002,test,-13.228556,2.2925932
-rxiLMvlZqM.002,test,15.771367,1.7757913
04oq2yrBwMg.002,test,-14.049465,11.074067
05l5bteT_qA.003,test,-5.396262,-6.6559234
0G2o3fik36I.000,test,-6.789325,4.734639
0G2o3fik36I.001,test,-9.620581,-5.348697
0G2o3fik36I.002,test,-9.850267,-1.7338485
0MB91ku0eEw.000,test,-10.464922,8.740205
0MB91ku0eEw.001,test,-10.05164,9.775594
0MB91ku0eEw.002,test,-10.093339,11.139454
0MB91ku0eEw.004,test,-8.918798,9.552568
0MB91ku0eEw.005,test,-9.075706,10.983975
0ObEtA6Q8vU.001,test,0.7387249,1.4235283
0QTR0WiJSNk.005,test,0.97162104,-3.0303872
0SS47KwVOQ4.001,test,7.1226993,8.570003
0_xOGmydDN0.005,test,-10.778159,8.964291
0axZSeaUbfs.000,test,-9.347929,-2.0251033
0iQIfGnKflc.000,test,-4.275833,5.7295394
0iQIfGnKflc.003,test,2.0146031,12.038334
0kg6pmbSN6A.003,test,7.6671195,15.5727625
0kg6pmbSN6A.004,test,7.14246,16.295504
0u56Q_QmxIM.000,test,-9.272303,6.5693913
0uCqd5hZcyI.002,test,-3.8404367,-7.1624856
0uCqd5hZcyI.003,test,-5.2562227,-9.291321
1-GgVRmAEoo.001,test,-5.0900373,-5.136537
12Ezy1y1cWY.000,test,5.6372595,6.3027024
12lqQE6oPNE.003,test,11.118885,-4.9205513
13KtmgntgQw.004,test,-10.275397,-1.4562993
13kjwEtSyXc.003,test,-4.6651573,-7.107169
19cplBTXyoY.001,test,10.05678,0.65499866
19pTUX8KfYM.001,test,-8.892086,-0.52301264
19pTUX8KfYM.002,test,-7.054612,-4.065258
19pTUX8KfYM.003,test,-7.3705616,-2.292459
1DCnIad1Y0w.001,test,28.829138,4.73918
1Kb5d-w3YJ8.001,test,-2.5078309,2.4631922
1Lv72Si4GnY.000,test,27.7503,0.6613063
1Wh2mIFrGvk.000,test,28.325108,4.1140904
1XqMZQu_pP4.004,test,2.5544448,-13.302569
1hpZ2ecWqtI.004,test,-5.3540044,-3.495281
1mHjMNZZvFo.001,test,-2.7777965,-9.974444
1mReUxIEuw0.004,test,11.761148,4.9836774
1mdMhaq5p4w.003,test,11.875552,-13.004451
1q-N_zbsAg0.002,test,-10.649049,1.8196359
1q-N_zbsAg0.005,test,-5.044773,4.947874
1tPH6PNeOSk.005,test,8.054267,6.6397066
1uC-2TZqplE.003,test,-10.147345,3.2137368
1yIGI42lzak.000,test,4.360216,8.296468
2-LDYe7OXZU.002,test,-8.354653,0.0995879
26CMYJn3u6Y.000,test,-4.161177,-14.244131
26CMYJn3u6Y.001,test,3.4679375,-18.699633
26ZnknvfdNM.000,test,-4.105117,1.2360214
29UCGJldICw.000,test,12.933289,-6.5222974
2AV8m02PjdU.001,test,30.740286,-8.803918
2AV8m02PjdU.004,test,14.156725,-18.121311
2AV8m02PjdU.005,test,4.466951,-13.983548
2AYq7CdNXNo.005,test,-1.4826071,-16.65104
2DZb5yIc6Fg.000,test,7.1831813,15.592327
2Fgn78rYjPM.004,test,-5.7055902,0.7344269
2GHz8LYflE0.001,test,15.832863,-8.349597
2GHz8LYflE0.003,test,21.769032,-5.3830233
2HE6cw3HFPk.000,test,-0.17651749,-11.224725
2NNYN1ZCJhw.001,test,-6.605316,-12.984163
2PSGksTyrnI.000,test,-9.2378435,7.705248
2SzC9dm4Yy4.000,test,43.837105,-7.928964
2SzC9dm4Yy4.004,test,0.7580106,-10.519309
2SzC9dm4Yy4.005,test,27.903807,-13.129964
2TMl5EMrdVI.001,test,0.08472806,2.181089
2TXrDZgbDHE.000,test,12.091575,0.98805124
2TXrDZgbDHE.004,test,21.883213,3.3054209
2TbU3Eg2i4A.000,test,-2.4507194,-15.606348
2TbU3Eg2i4A.002,test,-3.7798479,-4.926537
2UxhlaDEPmI.001,test,34.291206,-5.624042
2Z8Xi_DTlpI.000,test,15.690922,-14.049789
2Z8Xi_DTlpI.005,test,8.671365,-21.971046
2bAsXLQjlt8.000,test,-13.9851055,0.17102104
2bAsXLQjlt8.003,test,-11.113478,-2.108949
2c42A4Z7qPE.001,test,-1.0299482,2.428959
2d6btbaNdfo.000,test,-6.723818,-2.0278924
2d6btbaNdfo.002,test,-5.6985507,0.15626913
2f7rLXwzP3s.005,test,4.461916,-21.158983
2fzLibPAtvI.003,test,2.482845,0.2701233
2hhqEWiv4eI.005,test,-13.407085,4.918213
2kqPuht5jTg.000,test,-4.9309783,-0.97012454
2mfmw63l88g.000,test,-2.4319482,3.7154589
2oEUp9sGRGk.002,test,-6.666269,-3.5900402
2q8orkMs2Jg.004,test,8.768724,1.8525649
2uAJJH7B5aw.002,test,-6.6494355,3.5632167
300gK3CnzW0.001,test,-8.677551,2.8394716
300gK3CnzW0.003,test,-4.045897,9.383805
36sZ__mv_KY.000,test,0.4810066,2.3687708
383HhOtOBwg.005,test,14.9050455,-12.660058
38fE5B4ghw0.001,test,5.2644143,-9.564402
39o1zJFeM7E.000,test,-3.0245502,-2.5596938
3CyIOM2izmI.000,test,43.191864,2.2522748
3DURnr95fMg.001,test,-7.342027,1.8090134
3DURnr95fMg.003,test,-7.047297,3.041204
3DURnr95fMg.005,test,-6.750648,3.072994
3J7Cl3FXs1o.005,test,0.09210645,3.1298852
3JAFkk42zPs.000,test,-4.194621,6.638034
3JAFkk42zPs.003,test,-4.3111835,6.988066
3LAaFUSGvsU.005,test,-15.45445,8.528394
3P_D_bd-_NM.004,test,11.222339,-2.7873714
3S72dDIm1fM.002,test,-9.594965,7.313344
3S72dDIm1fM.004,test,-8.476683,7.192227
3S72dDIm1fM.005,test,-5.523301,6.835341
3VTL2kFt17M.003,test,16.45092,7.780371
3Vr5-zedeWk.001,test,-10.792118,7.5419817
3VyriB3isO8.005,test,15.324096,5.340413
3WmWJ1lNy-U.002,test,-5.721629,-1.2721548
3WoXkI06zGk.000,test,-5.117376,6.272912
3b9fhd-EDaY.000,test,-6.2708592,7.5663567
3b9fhd-EDaY.002,test,-10.146019,5.9446383
3df_Uk9EmwU.002,test,26.407335,-31.62467
3g6Ab-BIbR4.004,test,-4.0680985,0.27938253
3gmc2kLV4Bo.003,test,-0.24751279,-10.21447
3hKgh9AB3tk.003,test,-5.38869,-2.3410335
3hKgh9AB3tk.004,test,-4.0094976,-2.9663806
3tPq9fNOXZQ.000,test,-6.5987096,2.994738
3taD1fEPfC8.005,test,-4.4614024,-1.8747451
3wRj39GKLJ0.000,test,-5.479115,6.1890745
3wRj39GKLJ0.002,test,-1.5708494,3.05074
3wRj39GKLJ0.003,test,-0.81532407,6.7135463
3wgZrRMosvY.001,test,2.8407934,3.810652
3wgZrRMosvY.004,test,11.129741,5.2885885
3ySH8eJQRCI.000,test,-10.988084,5.117594
3zAyM2edy1g.002,test,9.888842,11.738146
3zAyM2edy1g.005,test,16.192371,13.194313
40rn4A64Bdk.004,test,-1.978752,-5.9159527
41NNb7cucVo.004,test,10.054573,-12.642198
43tayteIFRk.001,test,-11.604682,8.271026
43tayteIFRk.003,test,-10.122044,12.14736
48S9_KZvzVw.002,test,-11.724915,0.260404
4CSV8L7aVik.003,test,24.992811,-18.093271
4CSV8L7aVik.004,test,37.03771,-6.146054
4FS7wEOOBNk.004,test,7.4617634,-1.1901371
4JjpfL4y3XM.002,test,8.979964,7.304816
4JjpfL4y3XM.004,test,0.92483306,4.329822
4OKYywIqnqg.000,test,-5.280613,-13.12527
4Qr1BjZhnpg.001,test,9.6919365,-13.5719185
4RKQGZzPClk.000,test,-10.912028,5.298521
4XdZDodpzac.004,test,-1.1707449,5.876991
4a6-tNo-NDM.001,test,-1.5163026,5.764868
4bDOetaLvZs.002,test,-4.0280347,1.9938985
4bDOetaLvZs.003,test,-12.234181,7.849455
4fN-DKUzgWQ.004,test,-9.989353,4.2747
4kIHxR6s1L4.003,test,-6.1283426,3.2753675
4kYaYIcuLpM.000,test,10.309691,10.888296
4lIbWq27O84.003,test,-11.281291,3.106397
4lj66h4CXI8.000,test,0.21335098,-15.017933
4nJLbAKgwfw.003,test,-5.7548842,7.4805613
4vJ69g7gAH4.002,test,-13.4407215,6.6009254
4vdJGgZpj4k.000,test,4.396603,11.602526
4vdJGgZpj4k.003,test,10.755006,12.720726
4yogPbHFQ9o.001,test,-2.9525454,2.651592
50gokPvvMs8.001,test,-7.0388684,6.2317615
50gokPvvMs8.004,test,-8.127824,4.954637
50gokPvvMs8.005,test,-6.249479,8.583011
51KRxB3g7A8.002,test,7.335224,0.9640693
51z2rCqPqPE.004,test,3.668881,-19.790573
53QFyec0uN0.000,test,-6.4383802,-7.045855
53QFyec0uN0.001,test,0.098728254,-11.0298815
53gtUkC7IZM.000,test,16.133396,-4.4503126
53gtUkC7IZM.002,test,17.289557,-3.148089
54JawR1x0II.000,test,-13.137519,6.017102
54JawR1x0II.004,test,-8.958777,6.9733696
57o4odfqTs8.000,test,-14.562215,2.7618299
5BPGRteF64Y.003,test,-9.402422,2.488501
5BPGRteF64Y.004,test,-6.398484,5.1184454
5CRqN54uejE.001,test,-5.931023,5.201761
5Eez38v8TuU.004,test,24.801357,14.468926
5IqtX-uq28E.004,test,-3.0841024,0.88105226
5Ku4_r_Yxsk.003,test,-0.12646607,-4.051892
5QUDu-PC7N4.000,test,12.399679,-22.303104
5T2PhH-OMds.002,test,11.824444,-4.0728574
5VG1EgzvprE.004,test,20.607946,-6.353699
5Wmlo8Z5yVA.000,test,-3.8963788,-7.7837386
5bYq8LXMRaw.004,test,-9.012981,-3.1278985
5bi_PM3XMEQ.001,test,19.365278,-7.166093
5ghk5950BhU.000,test,-6.4709153,-8.618058
5ghk5950BhU.003,test,-5.2275386,-1.6256986
5kwoq4EZixQ.000,test,-0.20548262,13.802845
5xA5iKk4v6w.000,test,-4.7933,-2.117763
5xA8-Y5qgT0.002,test,-11.546776,7.2890234
5xA8-Y5qgT0.005,test,-10.938281,7.0864596
5z4G0biL9B4.005,test,-14.470214,1.9989072
6-_1-vBNl_0.000,test,2.1579638,-17.787333
69BopbFc34U.002,test,-7.0892086,9.951904
69BopbFc34U.005,test,-8.5366535,10.658503
69EsTnCVCp0.000,test,-12.900717,2.0967884
69EsTnCVCp0.002,test,-12.152776,2.7690694
69EsTnCVCp0.004,test,-13.773473,5.1328206
69EsTnCVCp0.005,test,-13.955293,3.1281981
6EMgu2djYrU.000,test,19.80114,5.6782002
6JfSPPVUgIg.000,test,-1.6962739,7.628615
6M8OQNo64Tc.001,test,2.3079033,12.685087
6N02tjYPLh8.003,test,-4.4215164,1.8452559
6N02tjYPLh8.004,test,-6.248969,-3.5510728
6NjuNY4LfQc.000,test,-7.748241,-8.43285
6NjuNY4LfQc.003,test,-2.29115,-3.8667886
6NjuNY4LfQc.005,test,-3.511894,-4.3773723
6RwVJK3husE.001,test,19.832842,-3.0838513
6RwVJK3husE.002,test,27.541544,-3.8504646
6RwVJK3husE.003,test,19.382114,-1.8199399
6SoFnys6mf0.000,test,-2.0953302,7.1767206
6V807Mf_gHM.003,test,2.555844,-1.8541527
6V807Mf_gHM.004,test,4.894439,-2.2475014
6WSr4IW6cNI.002,test,-7.275439,-1.0804863
6WSr4IW6cNI.004,test,-5.4959226,1.0337518
6l0RBbxg4fk.000,test,-2.7616272,-2.1864243
6oL9yyc9iJc.004,test,-2.8219202,-12.591091
6tiGdvduOaA.000,test,-3.4455824,-0.51283485
6wHQsN5g2RM.001,test,-3.8689227,3.7125704
6wIEiqmuHOM.002,test,1.4973555,-10.184338
6waL_gUxtAM.003,test,5.440214,-19.109463
6waL_gUxtAM.005,test,10.478186,-12.77748
6zm71IHOCZA.003,test,5.8187714,14.912766
6zm71IHOCZA.005,test,6.6602807,14.090533
7-7qX0heWkg.002,test,-8.622774,1.9514621
75XbCb7G8kw.003,test,-11.976288,5.942443
78zauTEQ-k8.002,test,-4.959196,-10.302968
7BgScfRre5M.000,test,-5.216848,3.5898538
7FXs86Z98E0.003,test,-0.7804164,2.272536
7GRC7XjGzX8.002,test,-4.761059,2.4952493
7Kn5VT9bB4I.000,test,-10.82103,3.9348998
7MwZm3mhSA8.003,test,-6.991059,-7.090091
7PYAn9njCHI.000,test,-12.216736,4.014514
7PYAn9njCHI.005,test,-12.326125,6.667407
7QpoDA8t6yQ.004,test,-11.820209,4.8862467
7WixH0aSfqI.003,test,0.33818552,-14.298421
7Y3S4nfQHeo.000,test,-10.566053,8.675081
7Y3S4nfQHeo.003,test,-5.685025,7.5889125
7Y4cUPFEt-4.003,test,-1.7299663,1.4412334
7ZnijRlK5-E.000,test,19.77141,-21.274847
7ZnijRlK5-E.004,test,28.999039,-14.741301
7ZnijRlK5-E.005,test,25.375683,-17.03471
7b9DirXrkHo.005,test,-4.66779,0.42146918
7gXF3MVPXPU.005,test,-8.918934,2.5234723
7kO7jYYUVWg.001,test,14.819506,-7.021325
7knYNR1tAig.001,test,26.482677,-5.1676936
7knYNR1tAig.003,test,28.318863,-7.161317
7knYNR1tAig.005,test,33.155155,-7.87733
7qGYGbIg45c.001,test,7.0616407,3.9009345
7qGYGbIg45c.003,test,-0.6892408,-1.4758699
7tB2Rtm4XeU.002,test,-4.1021175,0.8710513
7tB2Rtm4XeU.003,test,-3.6003833,3.393793
7u0o63Z7q9E.002,test,-4.9629836,-9.25686
836kYlEs9GI.005,test,-4.654416,1.5059807
83cmR2fkyy8.000,test,-10.319663,-0.63186705
84Lz5a9yRZg.003,test,-3.0731738,-1.2394098
85isLsZHZpo.000,test,2.684905,-10.890374
85isLsZHZpo.002,test,4.077845,-10.673253
86upzmhvpXw.003,test,-8.380593,0.26860285
87r3cLkrw4A.003,test,-8.894945,-7.2122025
87r3cLkrw4A.004,test,-6.502485,-7.2757463
8Bt-vEroq6M.005,test,-12.278844,1.2447486
8KyS0FKbKfI.004,test,-7.95971,-1.9929175
8KyS0FKbKfI.005,test,-7.148071,-0.5954425
8OckVmEZ8X8.000,test,8.774329,8.509779
8OckVmEZ8X8.003,test,2.7194862,7.9419727
8PXQ_5tUv74.002,test,4.475723,4.101208
8QtlG5ujHyc.002,test,-1.8703426,-3.5793774
8RObWRnyuG0.000,test,1.6058507,-10.361589
8RVJqjILSD0.004,test,-10.804601,2.300518
8WXW8ODj44k.003,test,-8.278509,-2.8877287
8XBprf4NyOg.000,test,-0.9525146,4.4862595
8YQKwMdiaAE.003,test,-9.490727,-5.8328576
8YQKwMdiaAE.004,test,-7.4638095,-6.866144
8ZHpqRJ39HA.000,test,-11.28368,-2.140736
8aPfoJiDeBY.001,test,-13.086346,6.945767
8bn3HZY76xU.005,test,1.7246116,6.5420685
8cIuBkFoh0s.003,test,1.0909302,-6.693825
8e4nnel_x-M.002,test,-7.3391848,-0.95412034
8e4nnel_x-M.003,test,-11.294458,0.33954644
8g5jPiQ6XdA.000,test,-10.802804,3.240266
8g5jPiQ6XdA.005,test,-8.737692,0.57943183
8gvBbE6iZNo.002,test,-11.013931,2.9991493
8hGOOynn3ZU.000,test,-12.66304,12.966899
8hGOOynn3ZU.002,test,-12.657069,11.812418
8hfhLOXpCNM.003,test,3.5869122,-6.474443
8i7H-uSCQcc.000,test,4.1032205,-9.892112
8mZZlnbmOYE.005,test,-13.608616,7.0423965
8n6G3V3-Tk8.000,test,-1.1149914,1.6354868
8qDKGnABATw.000,test,4.649861,8.74472
8qDKGnABATw.005,test,0.09882877,2.7556434
8yFYvQ_kxW8.004,test,14.508309,1.2285498
9-lptN92A68.002,test,-9.302633,0.90989983
9-lptN92A68.003,test,-3.438781,3.735858
9-lptN92A68.004,test,-9.801134,-1.8200227
99OBSlFjLXI.005,test,19.826721,9.837843
9CPKW0sqR3E.004,test,7.3266726,1.731501
9Crw2RtrBcY.005,test,-8.424978,6.990536
9DF_-PXbpkg.000,test,-11.84811,1.8056276
9J-KIPMQmqk.002,test,-9.658233,10.445578
9KAqOrdiZ4I.003,test,31.984978,-6.411749
9Lbj3wpwk-c.005,test,-7.2005057,4.4503684
9NS6CgxJCGM.002,test,-1.2006202,-8.405841
9NS6CgxJCGM.005,test,-2.6443245,-7.792713
9RfE2-aTvaM.002,test,-2.6848042,-1.8266597
9RfE2-aTvaM.004,test,-7.0150404,-2.3283093
9UEBU_yiTPs.000,test,6.850428,1.5709065
9UWCHrG5mys.002,test,7.4129663,-0.41115743
9XqeGs2MMic.002,test,-1.7590569,-0.9514352
9ZMIYSBYIh8.005,test,22.442492,19.045826
9_6auSk_wkY.002,test,-0.5499334,3.102468
9_yDcQcapu0.000,test,-11.664873,3.8994968
9_yDcQcapu0.004,test,-13.020031,1.3507314
9a-3LrB7cDI.001,test,-12.911781,3.8122435
9cHxDnk6SUs.003,test,-9.615528,3.7461154
9cj8rrj1wSk.001,test,15.581745,3.4873512
9cj8rrj1wSk.003,test,13.889356,2.6877584
9cxghgS9upg.004,test,0.07321161,0.9377044
9eNHxfOV2Kg.005,test,8.168678,-13.397591
9lA-PGQcHBc.001,test,11.046802,-18.45728
9mM_0vrO3wc.004,test,-9.741457,-3.02129
9n8dNi-ERQ0.001,test,4.323534,-17.088564
9n8dNi-ERQ0.002,test,24.677095,-17.085798
9uMpKla2OQM.002,test,1.4987589,-4.5332403
9xJ0rFCU-OM.000,test,26.40196,-10.735827
9yZEb6bdxNY.002,test,-4.7088423,-6.851698
9yZEb6bdxNY.005,test,-6.6041956,-5.935418
9z5cV1ANYwE.000,test,-4.2700305,-12.077407
9z5cV1ANYwE.004,test,-2.1354413,-14.074308
A0braVJH3Pw.005,test,4.713595,13.363067
A1lbD_OCuj4.001,test,-6.813125,9.0960245
A1lbD_OCuj4.004,test,-8.623646,9.618744
A29hMesGCEI.000,test,-6.867042,-8.197889
A29hMesGCEI.001,test,-2.6585617,-3.667563
A3StIKMjn4k.000,test,-11.047831,5.588197
A3StIKMjn4k.003,test,-10.412492,7.3703747
A4zSLp-1gps.001,test,30.353472,-0.6540769
A7ZNwKJzGpk.000,test,-3.4712803,-1.4903058
A7exx3pEPkE.001,test,-2.6306732,3.7155423
A7qb47cmxJo.003,test,-6.0425467,-0.9945022
ABWFQuPG1LA.001,test,11.626401,-5.8861103
ADBzMIo1jd8.000,test,10.150702,-2.7577302
AEqpMdMeMZA.001,test,41.388294,11.201256
AFvUxDwJB84.004,test,-7.431924,-2.86509
AJIphVRpYrg.000,test,6.980135,-0.27506322
AJIphVRpYrg.001,test,8.56349,0.4307726
APqMkruLkoE.002,test,-5.319109,5.0887284
AQz6_ZpzGIE.001,test,-6.196728,-3.4633024
ASDpn9yOYAo.001,test,-8.003201,7.101873
ASDpn9yOYAo.004,test,-6.521496,9.477966
AT9kY7tP710.000,test,22.500109,7.3116145
AT9kY7tP710.002,test,11.477382,0.6884925
AWe6ZZUmlZw.002,test,-4.4935308,-0.18771173
Af_F0IzHK6o.002,test,2.7438767,10.954826
Agg7z10B_iY.003,test,-6.019354,7.2209764
Ah5PEPT4xbo.000,test,9.939807,-9.684367
Ahiq4zhmYco.004,test,0.70513564,12.398105
AjCI_w9Szks.004,test,-8.190104,-9.12065
AlEqtGWa43g.001,test,-3.9369986,-5.0463004
AlEqtGWa43g.002,test,-4.934065,-3.3980672
AotbiNsU85A.003,test,-4.858513,-1.3075553
AotbiNsU85A.004,test,-7.9666295,-6.342645
ApPnsnIZozw.000,test,-3.213432,-0.14144607
ApPnsnIZozw.003,test,-5.905749,0.17056902
As93GgkTdt4.002,test,-5.841272,-10.650764
As93GgkTdt4.005,test,-4.2562065,-14.091465
AvuWv3LLmrA.000,test,9.737164,12.114068
Ay7bZ7Sgx9Q.002,test,-9.972349,-2.7303493
B-OJ_xZILLg.004,test,-6.5346894,9.375407
B3VQeeev0r0.003,test,15.307119,-13.6759815
B4ducm9sydg.004,test,2.9815395,11.901023
B77ZCcCMrkM.000,test,3.8625152,-3.998432
B8kzwm6ZaUo.003,test,13.9701395,-2.1935382
B9NSU6gQdRw.000,test,4.770881,9.005935
BBSB9OJdb0Q.000,test,-14.051256,8.157468
BJpWi1qGp1A.003,test,0.977208,-5.7125278
BLKXsX7-WIg.002,test,-9.486027,7.463657
BLc_GvsbI1U.001,test,-12.221372,-1.8119403
BLc_GvsbI1U.004,test,-13.226553,0.6914461
BLc_GvsbI1U.005,test,-13.581704,0.47122464
BLwgxAWf7cg.002,test,0.18469675,1.9572576
BS0wgLXqFgc.002,test,-2.6567147,15.130179
BSfClgoqf00.001,test,26.776764,0.5199797
BStHNKV820Q.002,test,-8.574417,7.209647
BStHNKV820Q.005,test,-13.229205,3.436943
BV6Pqy4fSwc.002,test,27.6419,-10.8140545
BWAEpai6FK0.004,test,-0.06732696,-8.811176
B_DeKthR_V0.000,test,5.526167,2.5594733
Bbx88iJwZ5Q.000,test,9.245253,-29.685102
BeyIfaH64xY.005,test,-4.698789,-2.1791682
BfTaDQvantk.000,test,-5.788892,-6.864614
BgfYyUAoNPs.002,test,-3.290799,-9.304411
Bije9nsMl7M.002,test,-11.79166,1.7657732
BlvmREgt2C0.001,test,-2.4799817,-7.035095
BmDClgdWlH4.001,test,-10.95707,-5.6894417
Bmn4YEhgBDY.002,test,-1.9009728,-3.6687696
Bo-mrL28d8M.000,test,6.2187214,7.2627053
BuKzIqR4eBU.003,test,4.4331264,3.1161354
BuKzIqR4eBU.004,test,1.9922101,2.983281
BxdFQhBNZys.001,test,-8.38888,1.8768121
Bz3Jx4QL_6Q.000,test,-13.318731,4.1798954
C-48U5oDuvw.002,test,-10.143819,0.4129049
C-48U5oDuvw.005,test,-9.593652,0.39642543
C0UMWrEJ2x0.002,test,-6.834059,-5.638282
C23rns4ZCy8.002,test,20.831219,-19.290009
C2Y9Puk3Obk.004,test,2.9677253,-11.754909
C3knX70mzxQ.002,test,24.952736,3.0445647
C47tB5JmEqQ.001,test,-0.09887769,-17.681692
C47tB5JmEqQ.005,test,0.6644535,-20.214294
C5qRszPK9HY.000,test,-9.450771,-7.9504237
C5qRszPK9HY.004,test,-8.662499,-3.3240256
C9W-AEBcQzo.000,test,24.41694,20.167221
C9W-AEBcQzo.001,test,37.095528,22.530533
CESTtNvDpww.002,test,8.205473,4.5153728
CFK8ib0aWe8.002,test,-9.8251915,2.262203
CFk4v2Kd5Ns.000,test,5.047137,3.881171
CGfr9jl8w4Y.002,test,-10.120221,-3.623847
CGfr9jl8w4Y.003,test,-8.613742,-6.6393976
CO7vZjYF6Zk.004,test,6.606113,-15.023053
CO7vZjYF6Zk.005,test,8.605316,-15.1148615
CPtaCNonKlE.005,test,-3.9650292,-8.177579
CQMH9Qguuao.001,test,2.7967985,13.83855
CRLsCyMfskE.005,test,-8.62439,-6.8516936
C_NtwmmF2Ys.001,test,53.022587,17.30004
C_NtwmmF2Ys.005,test,39.70508,14.168461
CbNAOLHByZQ.003,test,27.636497,-16.361713
CdUYBux3Vn8.001,test,5.2426887,-2.6929538
Cdh_OCMZ4U8.004,test,-8.733589,3.351558
Cl5jhuLQ9Dg.000,test,-6.2244143,3.9692945
Cng72emlXAM.002,test,-0.15654784,-4.2099314
Cv_QK9bPagQ.004,test,-9.717688,2.5170727
CwmjP27fivQ.002,test,-0.1921911,-0.7555792
D4TU65xbF4g.003,test,-4.3647785,0.29590583
D4hPHPp1W-Q.003,test,13.054751,-10.98803
DChmTb-c9uM.002,test,16.110481,-3.5147192
DChmTb-c9uM.003,test,4.133188,-11.946877
DZfcVxy2ceI.002,test,2.195767,0.80028427
DZfcVxy2ceI.004,test,12.426872,4.6856675
DcVwxxbKGF4.000,test,-2.27484,4.290076
DcVwxxbKGF4.004,test,5.034303,9.768565
DctPau1p7JM.000,test,-9.192164,0.5740594
De4i7-FX9Og.002,test,-2.940111,-15.254455
De4i7-FX9Og.005,test,-8.1695,-6.377093
DegRGUG4Wi0.004,test,9.511874,8.551289
DegRGUG4Wi0.005,test,40.68056,14.952111
DfpKVl9Zpdg.000,test,-7.8921266,7.4100876
DfpKVl9Zpdg.005,test,-6.286806,5.817653
Dhbva5oGE7g.004,test,-9.425799,2.894946
DhqfB9chceo.004,test,14.462572,2.1113722
DnTtbAR_Qyw.003,test,-9.22019,-1.9279115
DrlC4bEYcmw.003,test,19.991533,-4.058045
DvWzedL3QCk.003,test,10.53374,-12.416622
DvWzedL3QCk.005,test,7.7632093,-14.415101
DvmzcQI5cnM.002,test,-9.453332,6.6670365
DyZlhseSuec.000,test,-10.865253,4.1744046
DzqJmiQjsZ4.003,test,5.1400585,3.1925588
E3z1D7CKoOA.004,test,-3.3345244,-2.439418
EAMHqNxa9yY.000,test,10.297784,9.91879
EL1Q7x_1a74.004,test,-10.677002,3.988206
EX3i4IMY1Pw.004,test,-4.661055,-6.770755
EYbPGTIcnjs.004,test,18.063042,-26.441778
E_xAcdGpPCI.000,test,-8.915096,-2.7075148
E_xAcdGpPCI.002,test,-4.818193,-3.0478961
Ea0UKBPCm3Q.003,test,-3.2693505,-5.941861
EcOC7ZVRSg4.005,test,-4.092086,-6.840021
EelHLfeSJfM.000,test,-4.841153,4.000833
EelHLfeSJfM.003,test,-2.6739643,7.6962667
EiXQ9RErt6c.000,test,-11.530165,2.555941
EmGTj1DRMbo.001,test,1.6977944,-3.5269287
EoakbXJmcto.001,test,-4.875867,-11.72032
Etw3iulV5Eg.002,test,-4.800408,0.58204514
EwMMNKLjO9w.003,test,2.0652757,4.618208
EwMMNKLjO9w.004,test,-7.012907,4.9237785
EyX8QI5nPTY.003,test,-0.98529106,-12.595814
F4yC1_n6ApY.000,test,-2.888205,-2.7826169
F5iykLTSCJc.002,test,2.0618353,7.5541162
F5kL7RWS_f0.005,test,-8.962949,1.3488269
F9mZ6De_6Ko.003,test,-1.675275,-16.112734
FGkS4vJYOpM.001,test,-8.803521,-0.9158578
FNHMXPaHll0.001,test,4.853768,-1.13222
FPfgwGsy8dE.005,test,-12.173565,2.6662414
FSBBbxNi0iU.000,test,-11.893547,-1.6513447
FSBBbxNi0iU.003,test,-8.219531,-6.999496
FTk2SCmJI_w.002,test,11.44681,14.928427
FU1ak530DDo.002,test,19.266798,-8.9970875
FU1ak530DDo.005,test,13.80841,-2.5889294
FaBTYkzhuK4.003,test,-4.398807,11.450143
FcR9VhCxBb0.003,test,-6.056173,-5.237308
FcR9VhCxBb0.005,test,-3.999173,-5.918119
Fco1CMgOadI.004,test,23.585447,6.323841
Fe9_SVPd_5I.000,test,-8.826346,4.5232096
Fe9_SVPd_5I.001,test,-8.098562,4.3793144
Fe9_SVPd_5I.003,test,-10.2373705,3.3045516
FksSYDfLH04.000,test,4.590933,-0.6012252
FkzVX7SQ9wE.005,test,-3.4903114,5.694667
FlAGm93fJa0.003,test,-9.983409,-2.898058
Ft0ahViXZPc.004,test,-8.690876,4.1847076
FxVUG2R1y0Q.002,test,-2.0718935,-16.51823
FxVUG2R1y0Q.005,test,-1.1094393,-13.706365
G-25EWOIGNs.003,test,-7.5235434,-7.5311947
G2D3qU6R_YA.000,test,-3.0422454,-8.486324
G2D3qU6R_YA.003,test,-8.415746,-3.3556406
G7hYffrZ1Hc.002,test,-2.5081203,5.47317
GG9WPQLI_rg.002,test,-9.897536,0.44517526
GG9WPQLI_rg.003,test,-4.854628,-0.79846287
GHetseJP358.000,test,8.1083975,-1.1750218
GJ0uTtD3kSg.000,test,7.6545844,-2.0049505
GO6s-qDADuU.001,test,-3.7418869,-12.645666
GQczMGrVgbc.004,test,-6.6054945,-4.707802
GR-P1m_Yvm0.003,test,-4.984362,2.0381744
GR-P1m_Yvm0.004,test,19.834433,10.242777
GaUs3UUUtmw.003,test,1.3296281,-5.756713
GaUs3UUUtmw.004,test,-2.4115803,-6.725533
GcuoyJPO-KU.000,test,-5.5071673,-6.6639347
GcuoyJPO-KU.005,test,-1.4967043,-8.100062
Gdrgw7Z6tLg.001,test,-0.9587374,8.60847
GiILhJbj5JI.004,test,-3.6394436,-4.044015
GiILhJbj5JI.005,test,-5.2817817,-2.021152
Gk94xrcmFts.001,test,-14.73893,7.817299
GkPz3-y6Les.000,test,-14.162486,5.5195556
Gl93Hw1A2kY.000,test,18.788734,5.4668403
Gl93Hw1A2kY.001,test,2.8598351,4.665125
GqFpXstFUZI.001,test,-10.92169,8.277448
GquB5W7bzFo.004,test,12.872596,3.858735
Gtq5nfRlRx8.002,test,22.922213,-4.55242
Gvdh94z-SoM.000,test,-4.2479835,-1.116543
Gvdh94z-SoM.001,test,9.152932,9.224836
Gvdh94z-SoM.003,test,-3.9890847,-5.679377
Gvdh94z-SoM.005,test,0.8210235,6.792887
GyLjVOVPGKQ.000,test,-1.3287644,-7.6872263
GyLjVOVPGKQ.002,test,4.516905,-3.4531813
H6yu96w7tUc.001,test,-9.419232,3.2661676
H6yu96w7tUc.003,test,-8.937689,4.7623167
H6yu96w7tUc.004,test,-8.716829,5.0000424
HEHMW0uiFa4.001,test,-0.34682617,3.0144439
HH03EXo0TB0.005,test,-8.168061,10.211344
HJkoeB_F4c4.004,test,8.07766,-9.015227
HL-K_PZXFR4.003,test,-8.324417,0.19598997
HPEemWelY1E.005,test,-5.431093,-3.7818298
HTF8k56_Oxo.000,test,-0.5042907,4.55973
HUHFlCs3YJ8.002,test,-4.418919,0.538443
HWuh0biZQ_c.005,test,-2.5406005,1.6845528
HekcZ0Em60E.001,test,-6.9166408,0.86436975
HhC2cGFFZeY.003,test,9.102513,7.9726253
Hklc55y7vUI.003,test,-1.0108135,10.362095
HkqPfxphZsE.000,test,-4.9317517,-7.4419947
Hm5K_K0v718.002,test,-9.019655,-4.193165
HoJXPFp9hYo.001,test,-11.010624,1.2828029
HoJXPFp9hYo.002,test,-9.138121,-0.27430433
I5x9T9ftW18.001,test,-4.8479276,-3.994494
I5x9T9ftW18.003,test,-5.1022778,-5.9023695
IFF47jVKMj8.005,test,-8.25432,7.5710697
IFXaH_E54iA.000,test,3.6825688,-1.6120828
IFXaH_E54iA.003,test,3.2585256,-7.939283
IGjI8aP14gg.000,test,6.101796,2.3843703
IL5VgGakSNw.001,test,-9.08143,2.3840065
IL5VgGakSNw.002,test,-10.52224,5.725071
IL5VgGakSNw.004,test,-8.845028,4.174918
IP_Smb0hVSw.002,test,-10.049679,-9.280619
IP_Smb0hVSw.004,test,-7.586495,-9.354562
IQNNEfYYYiw.000,test,12.381244,-0.9182954
IQNNEfYYYiw.001,test,16.285189,-0.44902563
IQNNEfYYYiw.004,test,9.470667,-7.1290054
IV01x2GS61g.001,test,-6.814775,1.0734107
IV01x2GS61g.004,test,-10.257597,0.45797893
Ie2y_yOeKpo.000,test,2.5921695,-0.38753548
Ie2y_yOeKpo.002,test,-0.08676563,-6.204769
It0-yCwOc5k.001,test,-1.8004216,0.5547067
ItkIHtgVhIk.002,test,-2.3237169,3.6983798
ItkIHtgVhIk.003,test,-8.903922,2.905299
IveGfOJ86wY.003,test,14.138541,5.4701414
IveGfOJ86wY.005,test,9.431867,5.0338635
Iy7rcTk7KsQ.000,test,-4.2448826,5.108857
IyBCZySg-c4.004,test,-7.6507354,4.5209413
IzsP0TRzFbo.000,test,9.984941,4.754709
IzsP0TRzFbo.001,test,19.212847,7.03508
J0JrzUmZGcA.000,test,-8.6245985,-4.737988
J28DwJsK8Do.001,test,-4.78364,-5.4708776
J30sMEMrKjA.003,test,-0.31741017,-15.643656
J4GQm9j0JZ0.004,test,-6.1403875,-3.2270093
J6RHl6U6Jcw.002,test,-9.217383,-7.6694565
J6RHl6U6Jcw.003,test,8.581011,-8.465047
J8N2OCqM6N0.002,test,-11.257774,2.4435132
J8N2OCqM6N0.003,test,-10.797913,1.1487231
J8N2OCqM6N0.004,test,-7.120722,4.5489855
J8YpOUmN_aI.002,test,-5.8466716,1.5229725
J8YpOUmN_aI.004,test,2.5934227,8.109337
J9MfhPoJOaw.000,test,-0.8915523,-11.925441
J9WyswA0vow.000,test,2.9014437,-0.4962505
J9WyswA0vow.005,test,23.155804,12.158913
JJs_HTelie4.000,test,0.43314987,-9.930364
JJxLsbLQlIE.001,test,-6.89682,-9.221864
JJxLsbLQlIE.002,test,-4.4751005,-13.047366
JJxLsbLQlIE.003,test,-5.70145,-7.9950585
JO44XCaQGVY.001,test,-2.9843655,6.4662485
JRqhE9jsamU.000,test,-10.261072,2.6131654
JSEx8RqGcPs.003,test,16.124065,-27.155972
JSmYRIDgryI.001,test,-2.2257092,2.3221617
JZNMxa3OKHY.000,test,15.756324,-15.065415
JbXgnjVWEoM.000,test,-0.044458874,6.4534297
JbXgnjVWEoM.003,test,0.079826616,4.7211204
Jcw9NZkMn6I.000,test,-12.319547,5.005112
Jcw9NZkMn6I.003,test,-5.293996,7.477157
JduPstuHv5A.002,test,-4.0925813,1.7785679
Jf8lqSpAjZ8.005,test,-9.514919,-0.32607043
Jh8yMyNZkuo.000,test,0.0586072,4.0020056
JmAQlC-FEV8.002,test,14.513638,12.270907
Jn76eAPxjNA.001,test,-6.676278,7.6714296
JoQRNgGQCgY.001,test,-11.327582,4.1851454
Jog1-pYOSD0.004,test,4.175225,-4.6834445
Jy716zClCKs.004,test,-10.978298,4.464312
JzS1ZJGBd5A.000,test,-3.849934,-6.534364
K-iwJMxjyx4.002,test,-5.906291,4.691362
K9ZTOb6PbfQ.001,test,-11.92944,-2.3772154
K9h_wA30XgM.003,test,2.880447,4.2524815
K9h_wA30XgM.004,test,37.453983,8.538937
KDwpjQiIfjY.004,test,6.787617,1.2387495
KGRUaRe3r7I.004,test,-11.970359,0.981065
KH1PIMlztec.000,test,-0.22953813,-6.183806
KHQJhOzdrYo.001,test,3.2589629,5.787207
KIJ9IYETe38.004,test,-7.98902,-3.3146505
KJ643kfjqLY.000,test,9.890453,-11.946873
KLY518hfGhU.002,test,8.516653,16.641722
KLY518hfGhU.003,test,1.5903956,8.826003
KM6Nc_VipyQ.000,test,-2.4205132,-0.85011965
KNOHhnRMpSw.004,test,1.2427177,7.7902794
KNx7_ajRwDI.002,test,4.737904,3.9607704
KNx7_ajRwDI.004,test,3.6562705,3.7391138
KNx7_ajRwDI.005,test,7.183895,5.035283
KTdbKiGFzJY.001,test,-10.96819,10.968263
KVepk_9iPEU.000,test,-7.3392663,-0.12793683
KVepk_9iPEU.001,test,-4.2630835,2.6045156
KYkfjIZEScM.000,test,-7.387069,-5.9666896
KYkfjIZEScM.002,test,-4.492591,-4.8383145
KYvMsMLNGvY.001,test,-10.083821,0.36543003
KYvMsMLNGvY.002,test,-11.303472,1.5416267
KYvMsMLNGvY.004,test,-12.493454,2.151337
KafUbLs_Fl8.000,test,-10.489957,0.26152062
Kga18VO9VwY.004,test,16.082403,-11.465104
KhMsmtSC5Lg.002,test,36.198288,-2.2287896
KmHe8urs3LI.001,test,18.354504,19.077742
KmHe8urs3LI.004,test,5.5167284,8.983868
KnbEca4Ibwk.003,test,-12.035094,4.4249787
KnbEca4Ibwk.004,test,-12.496865,4.9175797
KpTHRBaYny8.003,test,6.545759,1.2251251
KpTHRBaYny8.004,test,4.0108223,-3.3051252
KsToJAKi7xQ.001,test,-6.777054,-5.236559
KtY6C83o2rs.002,test,22.57257,-9.35531
KueRj0rDWIE.004,test,-7.03678,4.1499205
Kv0kZgqZEM0.005,test,-7.5314207,0.8739427
L-C1blPD_ec.003,test,0.69502485,2.6278715
L4uFD6434Pc.000,test,0.49496266,7.1497765
L5PkZA1ErYY.003,test,-7.46466,-6.2965813
L5kpy0SA7os.001,test,-9.481267,-5.4787407
L5kpy0SA7os.004,test,-2.7398076,0.6211964
L9sG80PI1Gw.000,test,-10.789838,3.2758722
LBKbubsgpE8.000,test,-4.870685,-11.3364935
LBKbubsgpE8.002,test,-1.6566699,-15.436995
LBKbubsgpE8.004,test,-0.42994326,-10.585382
LBrmHHzyIiY.004,test,0.27033737,6.2811437
LGPm8ok6kVo.000,test,-11.350623,2.415312
LGdzP-r_G3U.000,test,-10.379328,-2.793973
LGgx7RVdL2Y.003,test,1.6819211,2.005514
LKBoLbWHJYI.000,test,4.356178,-6.911436
LKc69Et2Jg8.002,test,-2.4994361,3.5071623
LKc69Et2Jg8.003,test,-5.7122188,-1.7155708
LKqN07ryM5I.000,test,-10.014577,-2.0334246
LKqN07ryM5I.002,test,-9.797468,-4.799561
LNiiKncirQA.001,test,-4.8656254,-0.30444118
LP5N5uPfTdA.003,test,9.406036,1.4161401
LRczShwIVbM.003,test,14.376135,-12.297978
LSqijVxP0EM.003,test,-1.01973,-0.03507473
LWO2ZhalAEY.002,test,5.881313,-17.806595
L_gmlaz-0s4.000,test,-0.37520674,10.087236
L_gmlaz-0s4.004,test,-6.948493,11.484093
Ld8ouPJpdDU.000,test,7.620249,11.763625
LeQKH1vAVpg.002,test,-6.8319874,-1.3148391
Lj1WuMXFa-4.003,test,26.664536,2.48807
Lj1WuMXFa-4.005,test,43.05458,2.6884198
LmA23EIaXqg.004,test,9.105049,-3.165964
Lt89YrQHF_w.003,test,-8.050003,10.167183
M17x1DCxFj4.000,test,-1.27118,-2.033904
M20gRMBy-4I.005,test,-8.637935,3.6083488
M39PNQ8Omhc.002,test,10.438561,-0.2738526
M5_x5J-H2I0.002,test,14.343297,0.7314899
MCr6FmFAhak.000,test,17.536884,5.1695914
MDoZUDTSayc.004,test,18.228806,-13.866528
MI_GQLbnoew.002,test,-8.654743,-6.017629
MI_GQLbnoew.003,test,-8.478281,-7.6998353
MK7KveAeb6Y.001,test,-0.31081238,-7.5187635
MLCIfM5jYlI.002,test,-5.036126,-0.25923747
MOobNUpfWiY.001,test,4.7013807,4.9691305
MZkDsB04kt8.001,test,18.337389,-16.591051
MZkDsB04kt8.002,test,21.547825,-15.683762
MZkDsB04kt8.003,test,16.896318,-17.167084
M_OpMKBEOyU.005,test,-6.9148273,4.861977
MkVsl0hdphE.005,test,-0.26671195,3.6710205
MlBwEhjftAw.004,test,-2.4575381,1.5495521
MsGTYOOp4hE.000,test,1.0064121,-4.3044696
MuYYY3XaJ7Q.001,test,-0.4354252,1.9401857
N0UweTwwQqQ.002,test,-5.750332,-5.3250265
N0UweTwwQqQ.005,test,-8.541085,-4.4346485
N4tuu9aCXkw.002,test,3.9795277,6.6574936
N7oR6_oMBFk.003,test,16.436382,9.5265465
NF8nb3SQPNg.004,test,2.443256,1.0841354
NFAlff6GUpA.004,test,-9.766079,-1.3198336
NG8qWulkRM4.003,test,-0.14455117,-6.642807
NG8qWulkRM4.004,test,5.0878186,2.112302
NVvKBE5FTMk.002,test,-2.6846817,-10.547052
NVvKBE5FTMk.003,test,-5.4711614,-7.8212523
NVvKBE5FTMk.004,test,-6.396845,-6.2392983
NXG4n1pr4Ok.000,test,-2.843627,13.017955
NXG4n1pr4Ok.003,test,-8.557842,4.142092
NXG4n1pr4Ok.005,test,-5.0594015,6.398752
NYlFsljF0VM.001,test,-12.437199,-1.7684057
NZXtEENlWL4.002,test,7.5542974,-21.915913
NdAJGXf8aos.000,test,21.245636,-11.807782
NhyVkwcZbTA.001,test,7.8079343,-10.909504
NoHext7JXYU.002,test,11.530094,15.764989
NoHext7JXYU.005,test,5.412068,11.3085
NpMRzuRmeDQ.002,test,9.161041,1.1634184
Nv0-x4K9YFI.003,test,3.0823922,4.7766047
NyQ2K2J3N0s.002,test,39.865917,1.4064218
NzCflfxgvwo.001,test,-5.5828214,9.817326
O2J_3ScUCUQ.001,test,10.27145,-4.4862685
O2wMPdp2-Is.000,test,7.834524,-12.231649
OACoHiwOdXQ.000,test,-11.039037,5.0775504
OACoHiwOdXQ.001,test,-12.401643,6.7775564
OD3cfWeJaOY.000,test,3.8708408,-13.930639
OD3cfWeJaOY.002,test,22.28064,-13.80613
ODDGS0hTcUc.002,test,-2.5288641,-2.996893
ODDGS0hTcUc.003,test,-7.4690795,-6.567188
OLFhKCgexRU.005,test,-13.300218,0.71322
OMHlfDF99Mw.001,test,-14.228336,5.6778865
OMHlfDF99Mw.002,test,-6.076244,8.476992
OMHlfDF99Mw.005,test,-11.709703,5.580627
OMTlpgrJYFk.004,test,-6.3623195,-7.045735
OSDlyk5ZgAk.001,test,-7.1762323,6.2856894
OSDlyk5ZgAk.005,test,-7.9820786,5.387336
OTXGM3Guxy4.002,test,-3.0015247,7.5354786
OXkDmd3nA94.005,test,27.124157,4.5441837
OZlpENU9h28.004,test,-1.1512034,10.952003
OdwK_oMdfSU.004,test,-8.870222,-2.608148
OhHg1lyxe4I.003,test,-12.123537,7.4158273
OiDyfO2zB7s.003,test,-8.182975,5.9444246
OmXuhT4yJpo.001,test,-12.473301,-3.0846205
OmXuhT4yJpo.004,test,-10.624172,0.75865823
On2c_8sU8Vw.000,test,-1.1795822,-10.02398
On2c_8sU8Vw.005,test,-1.4419215,-8.505349
OovRk5U9_GY.001,test,6.4380016,-0.041816548
OovRk5U9_GY.003,test,11.766162,2.0118217
OovRk5U9_GY.005,test,3.938829,2.4770539
OoxYhDbzWwg.001,test,-5.148997,7.2772713
OoxYhDbzWwg.003,test,-6.809776,7.643533
OtGJDbI9qkM.001,test,-11.391124,8.452849
OuE91U_n04E.002,test,-0.651506,-7.6008615
OuE91U_n04E.004,test,-4.56646,-11.510081
OugdInDyt9s.004,test,8.230377,-18.512175
P0ZzjnS8E24.002,test,-12.531798,0.89486617
P0ZzjnS8E24.003,test,-10.128974,1.023708
P0ZzjnS8E24.005,test,-8.312755,-2.486087
P0a209IS614.000,test,-11.190502,5.7341657
P0a209IS614.001,test,-9.585289,4.266866
P2T93mqAsWk.000,test,5.7544537,-3.3315957
P7poMmhYnM0.000,test,7.230213,-4.5563517
P7poMmhYnM0.002,test,5.1394415,-4.2863994
P7poMmhYnM0.004,test,9.420047,0.50727004
P9WDAY-MFzk.004,test,-11.256645,-0.39201993
PEjFZNkbQos.002,test,16.991701,7.8470325
PHUlL5ZzX5U.002,test,20.768602,16.301891
PHv6CzBIC5E.003,test,6.108915,-14.5885315
PKe86w7jSGE.000,test,5.155383,2.9940646
PKe86w7jSGE.004,test,12.474481,6.6578135
PKtzsEqLGx4.003,test,-8.629207,-4.5440803
PQBGDxYGaXU.002,test,-12.499418,2.5340874
PReOtefm17s.000,test,-1.1347259,3.215629
PReOtefm17s.003,test,2.3547761,2.686263
PReOtefm17s.004,test,0.18794818,0.8951786
PRplbrM70sg.002,test,16.97012,-12.526946
PTV5TBVRHxo.004,test,-4.2935314,-5.083714
PTV5TBVRHxo.005,test,-8.018495,-2.8994155
PVm7Om88BSw.000,test,-5.633384,3.6429446
PVm7Om88BSw.002,test,-4.311128,2.843254
PVm7Om88BSw.005,test,-5.877905,-1.2227608
PWAe9M2SxT8.002,test,-4.7220654,-5.1992054
PWAe9M2SxT8.005,test,-9.48862,-3.037019
PWM-bKcs2p8.002,test,0.5989163,2.2141738
PWM-bKcs2p8.005,test,-0.033500824,2.1276662
P_wDFLJnW-o.002,test,-3.2354782,9.006583
Pb7aNc6Kd40.000,test,-11.716128,5.332231
Pc-oQQwkIv8.002,test,10.5220585,10.463304
PgpMUHH8lEI.001,test,9.113251,2.6947224
Pmhjv20yOl4.003,test,-10.868374,2.3335855
Po4UGCJbCbw.005,test,-0.14210531,4.1496186
PpJ4S8ZM8mQ.001,test,15.853512,0.6446681
PpJ4S8ZM8mQ.004,test,7.1161733,-4.1985717
Pr-RpZ4gYCM.003,test,9.628547,-6.7271404
Pr-RpZ4gYCM.004,test,0.6061684,-15.584346
Pr-RpZ4gYCM.005,test,4.383417,-10.510999
Prb5j6jLKBs.005,test,12.226916,-8.410731
PsHb4YHooKM.000,test,-5.8535204,2.2080748
PsHb4YHooKM.002,test,-7.480912,4.405959
PsHb4YHooKM.004,test,-5.4537177,2.6216779
Psahy1Vju4A.001,test,-14.609889,4.359449
Psahy1Vju4A.004,test,-11.386595,6.724541
PsqpkFKX8co.003,test,-4.3792353,-12.16032
PtBXYDPakZo.001,test,6.2920427,-1.3710525
PxkMDzORBPE.002,test,4.414534,9.046481
Q0C0OU-j4DA.000,test,1.5451866,-2.1527393
Q4z4GRUtccE.004,test,-11.947303,8.920103
Q8Hfg0odW2k.001,test,-13.21946,1.7071083
Q9B3SJkH2Q8.001,test,-6.162499,7.4377494
Q9B3SJkH2Q8.002,test,-7.4142346,7.832515
QBZieJiOl1w.000,test,19.919466,-9.896062
QBZieJiOl1w.002,test,19.588247,-3.9017522
QBZieJiOl1w.005,test,18.9861,-4.097598
QKcx5msA7iA.005,test,-5.981121,-7.4208565
QMRAbwZCTfI.001,test,-5.1010046,12.172406
QNVsr2mGwGs.002,test,2.4430113,-15.739303
QS7TwjzkYiU.001,test,-10.503996,-0.88357824
QS7TwjzkYiU.005,test,-10.217566,-3.5040786
QTtTAFqT-no.005,test,3.585341,-6.102422
QXFRE_pjrAE.002,test,-5.085977,-4.1955113
QXFRE_pjrAE.005,test,17.971273,8.703151
QXc2qhIHfAA.002,test,-5.504244,2.4189034
Qa-yF-tByDM.001,test,16.903381,11.200745
Qa-yF-tByDM.004,test,7.970285,5.584062
QdafN9Y_j-Y.003,test,-1.5979695,-3.4711573
QipgesEKSNA.003,test,32.525017,16.263147
QipgesEKSNA.005,test,20.856028,9.57315
QovE6L-C9VY.005,test,2.5607996,2.239285
QpA0gj1y6KE.002,test,-1.1390282,-3.8383517
QqTw0lnrtBo.000,test,-7.8812556,8.220503
QqTw0lnrtBo.003,test,-9.82127,8.718576
Qqc1539E6rs.001,test,-7.0158396,-10.617158
Qz_cjgCtDcM.002,test,6.6895247,-15.202913
R-vly7LKotQ.002,test,2.5109684,8.086669
R0RURVpmU9M.001,test,22.784044,2.2622674
R0RURVpmU9M.003,test,9.355933,2.0315459
R2LlBNLDOeg.000,test,-1.9218926,-16.412586
R42dmIPCXwo.000,test,27.205126,0.08777265
R6NTuhZtOks.004,test,-8.930817,-0.2698438
R8Gpa-rRywc.000,test,-12.567057,-0.22872518
R8Gpa-rRywc.002,test,-11.622934,-1.1717645
R9JcmvLBbTs.001,test,1.0900993,-4.7019815
REAxeTWo1QM.001,test,17.295555,11.975842
REAxeTWo1QM.004,test,34.676414,19.776638
RF3JnDmv8WY.005,test,14.525967,0.63435537
RGuHfwIRKpA.004,test,-8.293888,1.9917994
RQeoo3idUJc.000,test,27.410276,6.4548016
RQeoo3idUJc.001,test,15.471193,5.914451
RVEO1QNRAOU.001,test,-10.748147,-2.2670288
RVEO1QNRAOU.005,test,-9.248782,-0.65723395
RWfY3Xk0XPQ.001,test,-7.4306912,0.014478385
RWfY3Xk0XPQ.004,test,-5.182026,-0.9819113
RWhyKkFI3zw.000,test,-11.185217,3.70782
RWhyKkFI3zw.003,test,-2.8930342,3.6112173
RYG6XhdmPY0.000,test,22.662893,-6.5104914
RZOimXPTG0s.004,test,-9.387283,-7.1603646
R_6hhFo7M3o.005,test,-3.1878507,-2.982285
Ra7BFLFFDv8.001,test,-9.7176075,-1.8245177
RbX4q4KceVk.001,test,-2.6988852,0.4863163
RgZTZIf8K8g.004,test,-14.028589,6.89757
RhFPotjd0hM.001,test,-10.342778,6.17326
RlUuWWWFrhM.002,test,-12.7381115,0.6518875
RlaaCqle7tY.004,test,10.5538845,-3.3390694
RmEwRYfDn-4.000,test,-5.4395084,6.7640367
Rops7WYMCCY.005,test,2.5735996,5.1993814
RpJkD_vCi0A.001,test,2.9142408,-1.8923002
RsYSOFRFszk.000,test,1.5693893,5.3493867
Rsz-26AaL2o.002,test,-3.1364987,4.33137
Rw_ZLT9vZTI.001,test,-12.42756,-0.72911566
Ry5JJvTfP-8.000,test,15.986517,-1.5613335
S-e9-bW4seo.000,test,-11.2706995,6.0625315
S-e9-bW4seo.002,test,-9.059507,7.814052
S-jhg6Y5OrE.000,test,13.818096,-13.65567
S1AEj1kO5dc.000,test,22.08858,13.143462
S1AEj1kO5dc.003,test,9.989203,8.406115
S4H50iotXF0.000,test,14.382259,-12.424934
SCnQFpdklMg.003,test,2.3335664,-15.242748
SGnhyxlbqaE.000,test,-8.755003,0.22121835
SI93csgHMTk.000,test,0.6661776,-5.9411354
SI93csgHMTk.003,test,1.1703095,-9.096794
SIpQm4G4DDg.003,test,-9.676615,4.9809866
SIpQm4G4DDg.005,test,-10.922937,-0.6079728
SPD5fXHVyIk.001,test,33.934658,12.500386
SPMDX6qt4I4.000,test,9.930713,4.141203
SPpox8EGQqU.004,test,2.5278826,-9.816249
SR1Q5M2urxY.001,test,35.20934,6.0004373
SRjhmQTPOmA.001,test,-0.07925453,5.135405
SSBC6EsBCro.000,test,17.497147,5.0332994
SYlV95nPTPs.000,test,-4.772742,6.841515
SYlV95nPTPs.003,test,-6.097148,8.432917
Sb1b8JMVhLs.004,test,-11.254823,1.4101881
Sdqg-jn_tBk.002,test,-8.681433,6.4231176
Sdqg-jn_tBk.005,test,-4.9591374,10.272901
Se3Gts4u1vs.002,test,-8.061533,2.927878
Se3Gts4u1vs.004,test,-6.2826924,1.6888186
SfldZBPyPFo.004,test,-4.6395187,6.2338705
SfldZBPyPFo.005,test,-7.720791,8.318875
SgWtBK48AjE.005,test,-6.4520726,-6.153494
SkNO4x-LSgE.001,test,-1.2272345,7.1816893
SkNO4x-LSgE.003,test,1.5601768,9.635718
SwXvcwQcqgk.001,test,-11.544965,3.8417985
SxKLweLx_ZE.001,test,-7.2320256,1.2236129
T-mK85acIOc.001,test,31.67019,0.06310549
T1--98_78ns.002,test,-10.705175,-2.1445887
T1--98_78ns.004,test,-9.550892,0.5663478
T1_6sVNHG70.002,test,-4.0206027,5.964362
T1_6sVNHG70.003,test,-7.7420783,4.1826196
T1_6sVNHG70.004,test,-3.5620549,4.7162046
T1tJTwlGqOM.003,test,34.737377,9.251703
T3v3-2tvV0s.003,test,-10.160341,0.9651669
T3v3-2tvV0s.004,test,-11.963259,3.7951975
T4eZ81aJwJI.001,test,-9.595166,-2.1236002
T6CMGXdPUTA.005,test,-2.5398586,0.23264161
T9xSEBSaL7Q.000,test,21.11921,11.298689
TD2jIXMD-SM.000,test,11.350919,1.8728911
TD2jIXMD-SM.003,test,15.395674,7.637264
TEGJrmNFvXY.000,test,-5.7992153,-0.7876268
THO-md3eEkA.001,test,12.133203,1.780521
TIRrlL71dEQ.001,test,14.2787075,8.884988
TJD__22fOr0.002,test,15.168211,14.843363
TK6hBCARiHI.003,test,-3.9168031,-3.165565
TNjEJGdqmH0.004,test,5.335932,11.677711
TOdvDQQWlCA.001,test,-5.447145,-0.6197217
TPRQyuiNYmI.001,test,-10.091577,6.9620852
TSGpD2NBeCQ.005,test,-9.714483,12.6139345
TUaOp5eIU2c.004,test,-11.488419,4.413196
TeNC9wOhlXM.001,test,20.537155,-4.7972994
Tg8a_iNEamM.002,test,9.156632,4.735477
TkCDs7NlXyU.003,test,-9.26085,3.0124717
Tm44tg1zPwU.002,test,2.1956172,2.9175763
TmpP2fXeVtk.005,test,-9.941676,-2.5556023
Tr3A7WODEuM.004,test,-3.7971427,-10.830842
TwWDFpN3occ.000,test,0.37683544,-3.345957
TyE0bVJZZto.003,test,27.97463,0.36369118
U-XrzfFzMkg.001,test,18.80809,-15.845045
U-XrzfFzMkg.002,test,16.156052,-19.364698
U2RemWUyjts.002,test,-11.858722,0.5431912
U2RemWUyjts.004,test,-7.52998,-0.047839273
U2RemWUyjts.005,test,-8.986161,0.11274269
U3UaF1aFek4.003,test,3.7341833,-4.4026055
U9cidDFDTQE.002,test,-7.088243,1.3443205
U9cidDFDTQE.005,test,-11.1025915,8.469428
UA6UY69EVSI.001,test,-7.8508005,7.5539746
UANQntvIqVk.001,test,5.690047,-6.4523654
UANQntvIqVk.005,test,-0.3286869,-11.9023285
UD-8YYU7GZs.002,test,-6.7617702,8.189199
UEYKBC_SuzU.002,test,0.89330536,13.950278
UEYKBC_SuzU.003,test,-2.8201156,9.805361
UEYKBC_SuzU.005,test,-3.5644813,5.194525
UHXueLgWoOw.002,test,14.076047,-8.811678
UMMhvyjgRnM.002,test,-5.994102,-4.7589555
UQeuBvZNusI.002,test,-6.684075,-2.0474281
UQeuBvZNusI.004,test,-7.8925533,-1.2284478
US4PxgfKDeA.002,test,6.2628436,7.497643
USicjVA1trA.000,test,10.319784,-1.950553
UUQQf9N2ce0.000,test,14.150197,9.607608
UUxEpR5Jgt0.000,test,-5.158318,3.5590296
UVMEzA3yHsM.004,test,7.9501243,7.605921
UWG7Jyqc1CY.000,test,9.617776,8.686722
UWVOT3YPQH4.003,test,16.424126,-11.041513
U_QQ8EuuWPg.004,test,-5.743574,-3.1793964
UhNyHUwo1SY.004,test,-12.41481,4.261387
UipoC_HLOP0.002,test,-5.198575,0.031153804
UoC_4qi_m9c.004,test,3.8192375,10.992839
UrOamWOcOwQ.001,test,-8.901488,2.3545637
UtVo107m5lg.000,test,-10.230855,8.131356
UtVo107m5lg.004,test,-13.894356,4.4057956
Uu-NbXUPr-A.003,test,-2.1561875,-16.073769
Uu-NbXUPr-A.004,test,-1.3128668,-9.562381
UvX6ctu2ObM.000,test,27.973377,3.4892244
UvX6ctu2ObM.003,test,12.96791,4.960634
UvaGeSNcw8I.000,test,-4.940016,7.615071
V1I40vVRk78.000,test,-6.5046005,-4.5091767
V2nvyZB-JNM.005,test,-14.517722,0.43178394
V4ibYU1O-YI.003,test,-5.2540755,4.767797
V7_h3URfSFY.004,test,-14.548732,-2.6478746
V8w2Lo5wxl8.003,test,-8.625203,-0.17341101
V9roK_mLM-w.004,test,-6.0384855,-8.347224
V9roK_mLM-w.005,test,-6.9927583,-6.2367606
VAZLQqJa9rQ.000,test,14.396165,-0.7664064
VForU0EmBr0.004,test,-6.5617943,-1.3376361
VIKk25Ozx40.001,test,4.8563523,7.073324
VIhStXxpAr0.002,test,-5.457293,5.529653
VJuVsi6G96s.004,test,18.267351,5.560953
VNK6LQHh25w.002,test,-1.8707157,0.43599078
VNK6LQHh25w.005,test,2.69624,1.9764781
VPFrKx72gvo.003,test,-4.7867146,2.6854038
VPFrKx72gvo.005,test,15.039399,16.11549
VQMizni7nY0.000,test,-6.2715516,0.1471365
VTrqCDYHVqU.000,test,-6.0548797,1.3225762
VTrqCDYHVqU.005,test,-9.519951,0.57311404
VTv4BAYgJpk.000,test,-11.171571,4.0417876
VTv4BAYgJpk.004,test,-9.038615,3.7417133
VUGWfw5PVLY.001,test,-0.6736329,7.9630637
VXcccqr-IAU.000,test,-11.000581,5.165759
VZ6jhnbk-5g.005,test,-11.538899,-6.1563764
VbiUhNAdzus.005,test,-3.9574225,-5.8940544
VhHnmeRABJw.002,test,-6.841993,0.17241189
Vj-Cmtqv_qY.004,test,-10.151424,-5.8931775
Vk3scj5vhd4.003,test,-4.6497183,2.32989
VmXZ2jMWuvk.005,test,-4.089813,5.2929673
VnUkBYQkJms.000,test,23.491604,-6.347455
VoPuhcQc_mg.001,test,-6.2234516,-5.5556183
VoPuhcQc_mg.002,test,-10.303321,-0.8563772
VoPuhcQc_mg.003,test,-3.4021862,1.478707
VoPuhcQc_mg.004,test,-6.752883,2.3469164
VoPuhcQc_mg.005,test,-7.039645,-2.5763211
VuadgOz6T7s.004,test,-12.171019,3.5000088
VuadgOz6T7s.005,test,-11.585723,1.959841
VvSk5m90xOs.001,test,13.359369,-7.5961366
VvVigAr4hZc.000,test,-10.08417,-3.6733012
Vwdi8vyTAUg.001,test,18.02267,-9.9808035
VxtZDXM0cuQ.000,test,-6.5749984,3.9332829
VxtZDXM0cuQ.003,test,-2.738975,3.6127853
Vyktsh14Kww.001,test,6.4168773,-12.075486
Vyktsh14Kww.002,test,11.298711,-15.635088
W0Ay5uul8j0.000,test,6.6166778,-19.80867
W0Ay5uul8j0.003,test,2.824022,-20.337524
W0LRjSS9pVM.002,test,-10.668032,-1.6359918
W48yW9XTI4c.000,test,-0.08252106,-11.18959
W4tz3plvvKI.001,test,-0.82937175,8.769085
W4tz3plvvKI.002,test,-1.6718755,6.58264
W4tz3plvvKI.005,test,-2.031275,5.33568
W7BbL3NZvrU.002,test,16.211132,9.322661
WATt9OOVZh8.000,test,-8.3793955,4.3641047
WD1WsbooU2w.004,test,-2.8494825,4.293946
WFY3xwXQ0Zw.000,test,-7.66312,-1.0606853
WGP2HLnoma0.000,test,-10.298664,3.6931067
WTzDOt2GO1M.004,test,3.4670367,3.7850113
WYXRdYT4F0Q.001,test,12.924864,-7.672221
WZnLayQeIZ0.004,test,1.5968328,-8.690826
WeyuzDseGg4.002,test,-6.430557,1.5736077
WfZodMIIGR0.001,test,-4.860496,-2.0956876
WfZodMIIGR0.004,test,-6.6833673,-5.405544
Wj8ZY5d1lbs.001,test,-6.3258204,-5.230491
WkbvQZU475o.002,test,6.7532163,-0.7764559
WnmPDmb00Mc.000,test,-5.670337,-0.48610893
WnmPDmb00Mc.001,test,-1.1155938,3.1492538
WnmPDmb00Mc.002,test,-0.7600568,2.1828127
WosLI6krxUg.004,test,23.556852,4.5439425
WosLI6krxUg.005,test,15.656517,0.18270415
WpEZOSrENL0.000,test,-12.075492,-2.7783875
WpEZOSrENL0.001,test,-12.151145,-2.560813
WpEZOSrENL0.003,test,-11.76491,-3.1645832
WpEZOSrENL0.005,test,-12.350239,1.6404647
WwGca41TJVU.000,test,13.107487,0.36436513
WwmWN63mkT4.005,test,-7.4031825,-5.3361115
Wx3BaKp74Ig.001,test,-8.918417,-0.20076792
Wy4hWbeibhU.001,test,-8.774456,5.0894413
X-GXO_urMow.000,test,3.916712,16.152746
X-i_eQ48DBw.002,test,-6.9323297,0.887873
X-i_eQ48DBw.003,test,-4.665322,-1.0634686
X1EjfXX3NTk.005,test,-4.121574,7.94963
X5aKCrWf6a4.002,test,-10.320411,-2.5123537
XEpdSMQfEOs.001,test,14.28332,-5.3649054
XFpzukISe6s.002,test,-9.802886,-1.045455
XJj34u5IzU0.005,test,1.9497747,-2.736041
XN5vpJU3ifw.002,test,46.143307,22.562721
XNWN7ScxVIA.004,test,-3.698654,-6.36483
XNWN7ScxVIA.005,test,-2.339563,-4.91544
XOioICna1hc.002,test,-7.3290644,-8.701453
XQZ5M9oLkXw.002,test,-14.095298,8.5437765
XT4rTk6-Etc.002,test,-12.768536,3.1828918
XT4rTk6-Etc.003,test,-10.360063,3.107101
XT4rTk6-Etc.004,test,-11.348227,1.902171
XfK7WZ3skUM.004,test,4.5337386,4.644933
Xfmu-7JuDGg.005,test,-11.837887,3.2253456
XhgDsQlEnuU.004,test,2.4874816,3.0744512
XmWA7zTJj-c.005,test,-4.0113072,-14.146554
XnSbc0tEzQ0.005,test,27.556671,12.071336
XtI2ju2a8iM.002,test,-0.82480955,-7.996448
Y1LXjxAQihQ.000,test,-12.344091,3.975461
Y1LXjxAQihQ.002,test,-10.509008,6.6229067
Y6iogSmj6FQ.001,test,7.3867188,16.605501
Y98eRPs-78E.000,test,0.92215854,-8.808665
Y9WX7ucPP-o.003,test,0.98006785,-4.5587397
Y9WX7ucPP-o.004,test,5.0723834,-0.7514414
Y9WX7ucPP-o.005,test,3.1321454,-1.7704751
Y9wnqLKhNNI.000,test,-5.4018044,2.4835744
YBsKLg3GMrE.001,test,3.5454175,-4.816536
YFm-8VGsUGg.004,test,-9.551287,-1.3625396
YGJ33FXzJO8.001,test,6.6046596,1.27205
YGrCXe2-fVk.000,test,-6.7125516,-7.019528
YGrCXe2-fVk.002,test,-5.5638146,-3.5417993
YJ5CINQ8v_E.002,test,4.893965,-3.5465913
YLKPVl-M3Ck.002,test,20.40536,-13.918765
YPMffqhP0C8.005,test,-2.257376,-1.4176177
YPnuq0tDDqk.002,test,11.328015,7.517511
YPnuq0tDDqk.004,test,12.3178005,10.057477
YQwkdwB9Sxo.000,test,-3.334904,13.301239
YZp79VcnY0w.000,test,0.020607237,5.9828215
YiX6thczM1w.000,test,-13.783085,5.0652523
YiX6thczM1w.004,test,-13.766832,7.222162
Yj36y7ELRZE.002,test,14.783447,9.825624
YliKljQIX2o.005,test,-9.763263,-4.1226125
YocrYFLm4CM.001,test,-8.314606,-0.48258722
YocrYFLm4CM.004,test,-8.742124,-0.9568148
YryBLVZgJj0.002,test,-10.786691,7.611971
YucC--PknOo.000,test,18.471252,6.6189566
YwsVpkumbJc.001,test,-8.843889,-6.1321535
YyHOKFYDZ5Y.001,test,-7.3705363,5.907888
YygvfVxOWP8.003,test,-10.68098,-6.7826867
Z3E1jkaNRKs.002,test,-10.977041,2.5787606
Z5S5uGXkNuc.005,test,-10.326426,2.2836423
Z9GzSxQHKSI.003,test,-6.263541,-2.1602652
Z9GzSxQHKSI.005,test,-7.520879,-3.3230376
ZCLfVue6xAg.000,test,6.107479,2.4662395
ZGox7tevC6A.000,test,-8.774488,5.5299444
ZGox7tevC6A.002,test,0.028276497,8.233563
ZGox7tevC6A.003,test,15.950174,14.441833
ZHya-p83XPQ.000,test,9.923067,-0.95457214
ZIyfXdCxN9E.001,test,-9.652276,7.7226768
ZMOcuCj-86c.001,test,2.1271837,-5.737425
ZNymNgd5EuQ.001,test,-6.244532,-5.304644
ZNymNgd5EuQ.003,test,-2.0397682,0.2360387
ZO5JoyVTat8.003,test,-9.468917,5.7941666
ZRl_k6DzTeI.005,test,4.1146846,2.733423
ZT7cEiaYGp8.002,test,1.5794058,-10.447214
ZT7cEiaYGp8.005,test,-2.4494507,-12.549334
ZYmZ6fOnEVg.000,test,-5.259165,-3.8522534
Z_STuUHKQTg.001,test,6.376864,-9.126329
ZaihsIQZCx8.004,test,-10.73782,3.2182243
ZeGT9pSG734.000,test,-9.028564,9.634926
ZeGT9pSG734.001,test,-11.107711,6.893802
ZgFh3JPMs3Q.005,test,-3.0700736,-14.977572
ZhPQrqxo2mw.003,test,11.781459,-11.210016
ZkypeQdzgvQ.001,test,-11.70302,-4.4354196
ZlcINjtdkQQ.002,test,-10.116659,-0.41592818
Znixev2a1AI.005,test,-8.001298,-8.03632
ZoHY-rWJsyw.003,test,-4.9947066,1.7491271
ZoHY-rWJsyw.005,test,-0.9944313,7.3195076
ZqbJIM7rmO8.000,test,-1.5174098,11.819274
ZqbJIM7rmO8.002,test,-3.0471904,9.371983
ZxxRJRz2hf0.000,test,2.852705,-23.8906
_01AyUz9J9I.001,test,-0.075331904,-1.6277707
_01AyUz9J9I.004,test,-1.7584019,-0.27578777
_0bg1TLPP-I.000,test,-12.155056,1.8625435
_65KGQpiabs.002,test,-5.9885263,3.3295295
_7hGh6VU4IU.001,test,-9.668635,-3.1117082
_7hGh6VU4IU.002,test,-0.89547795,0.3919247
_7s27dUoYVg.002,test,-13.150602,2.6718466
_GFregyrwfo.001,test,-4.043975,10.465035
_Q4wOgixh7E.001,test,-10.800248,0.9874694
_Q4wOgixh7E.002,test,-10.47493,0.32561445
_Q4wOgixh7E.004,test,-8.4029,-3.291154
_Q4wOgixh7E.005,test,-4.5010786,4.647001
_TbRQa4InvM.001,test,13.077141,2.2819235
_UnoRkHkYB8.001,test,11.359826,5.0083976
_X6_C_Oy9VA.002,test,-12.08753,4.2223763
_ZjEr8ybbFM.005,test,3.5367706,8.975132
_bOOlidEWgY.000,test,-0.2148515,9.349689
_fJcW5234bY.005,test,-6.9709954,-2.9180732
_g3M_MoFIvA.003,test,13.111543,-1.4632776
_kK9tGN883Y.002,test,-13.422336,7.747612
_kK9tGN883Y.005,test,-11.356731,9.144117
_lQinJGE7Qs.005,test,0.37865567,13.84489
_mtiuHyOFXg.004,test,-12.714667,5.7164536
_mvqVnzddCw.003,test,4.1755705,-6.386598
_mvqVnzddCw.005,test,3.8765697,-3.2928843
_plk5k7PBEg.003,test,-7.25755,1.1510909
_plk5k7PBEg.004,test,-8.930409,2.0238755
_tq-VgoXGMo.004,test,39.141056,-4.779669
a38rz5AIslE.004,test,-7.147457,5.159539
a38rz5AIslE.005,test,-4.2561398,4.6220016
a5NTqK367wo.004,test,6.7794695,2.6945462
a5NTqK367wo.005,test,11.364795,2.0687425
a5tVPpLsaGc.004,test,-6.395539,-7.5201254
a84s1DYag-I.002,test,-0.6120727,-0.40241107
a84s1DYag-I.005,test,1.4465803,-3.8105035
a97PXgrKSxo.002,test,-4.873932,1.5796459
a97PXgrKSxo.004,test,-8.792824,-3.2035313
aIh8DTa3RVg.004,test,-14.792438,7.5189104
aIh8DTa3RVg.005,test,-13.297815,6.951269
aJjAtOC8AQU.000,test,-3.8502703,-9.439207
aJjAtOC8AQU.001,test,-4.849262,-9.802612
aLvpOYqzErk.003,test,2.8794184,5.1665483
aQVGVhcMBtE.002,test,12.7222805,4.008674
aQVGVhcMBtE.005,test,6.0835395,1.4782151
aaylz9A9K80.000,test,-5.293604,-4.510224
aaylz9A9K80.002,test,-7.3606715,-2.746077
ai-RZb0ZpKI.000,test,-10.803302,-2.0219395
ai-RZb0ZpKI.001,test,-9.36431,-2.9509609
ai-RZb0ZpKI.005,test,-8.180115,-3.884218
aqd4_4ga1fQ.002,test,37.294426,6.7163777
ask-ZFRztf8.000,test,-3.8945348,2.9555354
ask-ZFRztf8.003,test,12.889986,2.1604912
auhe41Tf50M.005,test,-0.48202798,-4.026285
ax8wm9K41og.001,test,-5.1854515,-8.179261
b-qfeGqPd04.002,test,-12.658045,7.5096583
b5uTy9czllM.002,test,-3.5949116,-12.4409485
b6eoqD1J_qU.000,test,-7.646805,-0.0188998
b6eoqD1J_qU.001,test,-12.583912,-0.51355505
b8GPFr11adA.000,test,15.934815,5.2255454
b8GPFr11adA.003,test,18.828337,-0.24048081
b9nbAAe8F7o.001,test,1.5570353,-6.830313
bAxlTgobVHE.005,test,3.7060347,-14.119197
bBqZyG-9ksM.001,test,19.301447,6.8754587
bBqZyG-9ksM.002,test,24.40085,4.8590593
bDjqDn6susQ.001,test,-5.685168,2.915877
bEXDNfLBy1I.000,test,13.967808,-5.6803393
bEXDNfLBy1I.001,test,6.299846,-1.8051748
bEXDNfLBy1I.005,test,3.0234852,-9.573386
bGLwxQ1lonQ.000,test,-4.7780766,-1.3788387
bLOSPQ8MAC8.003,test,-4.1850715,3.4476867
bLOSPQ8MAC8.005,test,-7.4519267,1.0578474
bN2IM-rqZlc.000,test,7.6853824,16.451231
bN2IM-rqZlc.003,test,39.860424,36.87906
bN2IM-rqZlc.004,test,23.50892,23.30349
bPLhV0PGR50.001,test,-5.320514,-5.2727137
bPTYw89PzLM.001,test,16.732033,-7.8284626
bSeTNdOtK7I.005,test,-10.442585,8.724642
bYXRyimxh7A.001,test,6.560463,-2.7326622
bZAKBS9q0ZI.000,test,-6.5685825,-0.8771113
bcRPLKygrNk.004,test,14.165576,0.4584136
bcx6xr9Ja-8.000,test,-8.592274,4.210715
bcx6xr9Ja-8.003,test,-1.2137305,5.7649975
be0DQawtVkE.002,test,4.898154,3.3239958
bj9kSmBeQRg.000,test,-13.296667,2.0828886
bj9kSmBeQRg.002,test,-12.811559,3.1204593
bkzgccBFztM.005,test,-6.30624,-15.985332
bmj4khBLUOs.000,test,-4.7843175,-10.888605
bnM9Ow52x3o.003,test,-6.6906543,-9.929469
bnoPmV0_aIc.003,test,0.19559912,-2.1658404
bt-ev53zZWE.000,test,12.8164835,7.770616
btcCanysQsw.002,test,7.695401,8.378059
bzaOB8BoWPU.004,test,9.259754,3.8347626
c-c6xhtIq84.003,test,-9.139401,3.0186903
c2LeNguVNrI.001,test,-6.345017,-1.3168161
c3SQSM9OIsA.002,test,-5.950649,4.2909584
c3esnCQDoKc.001,test,-8.363571,-5.13933
c3esnCQDoKc.002,test,-7.53728,-0.72263277
c672aEuUa-g.000,test,-3.170611,5.0178647
c672aEuUa-g.003,test,9.724442,1.800294
c672aEuUa-g.005,test,-3.844238,5.432663
c70zW-HoZUA.000,test,-10.182704,4.291891
c7tczvW3_dQ.001,test,-6.5564966,3.074696
c7tczvW3_dQ.003,test,-10.306965,4.4499116
c7tczvW3_dQ.004,test,-10.1327715,5.394285
c8idT3lRnQ8.004,test,-5.8552976,-3.0803595
cA3KzjBNr4M.005,test,12.675274,3.5402117
cA43Gfcg0QA.005,test,2.8878014,-0.8753583
cJs_LosR-u8.002,test,-9.503984,-0.81454694
cJs_LosR-u8.004,test,-4.0958424,2.0483792
cLaZxEf1nE4.000,test,45.126343,-4.853684
cLaZxEf1nE4.004,test,20.610672,-3.108721
cMLkNVKkaOQ.002,test,-10.096948,-3.370187
cMLkNVKkaOQ.004,test,-8.711415,-2.9080813
cNGvJfbdI1o.001,test,-8.092233,4.937633
cNXnowQb7rs.000,test,-7.450732,-3.2792208
cQRFb-xa4Vc.001,test,-11.4242525,-0.49369898
cQRFb-xa4Vc.004,test,-10.945738,0.36276695
cRDYrvxRJ6U.000,test,-10.583876,-8.212405
cT3oyHhUznw.002,test,23.06312,11.247568
cWZudzeJVXg.001,test,12.123971,-2.940988
cWvZnl5XjwI.000,test,-10.041622,7.561296
cWvZnl5XjwI.001,test,-4.077752,6.47075
cWvZnl5XjwI.002,test,-8.028765,3.9207826
cXqH7_dYM_k.001,test,24.910929,13.637909
cY3nHc5fDYE.001,test,14.665155,-5.1831875
cY3nHc5fDYE.002,test,16.936047,-2.9894707
cY3nHc5fDYE.005,test,17.39874,-2.2391512
cZ6xhB5yhfY.000,test,-9.041566,-4.761203
cgGCyBMdGrA.005,test,0.27683786,12.078935
cgT-3CHBmKs.002,test,10.6397085,12.03368
cgp1OzTOq1o.001,test,18.32401,10.448385
cgp1OzTOq1o.003,test,13.597926,3.7017
ch2BcBv4SdQ.003,test,-4.143084,-5.0297313
cjbh1lfr43c.003,test,-1.3789383,-0.9273164
cjbh1lfr43c.004,test,2.6192029,3.8732476
clMg72MI8rw.005,test,-9.498668,0.13487191
cnsvc0alWOA.005,test,5.0917587,0.9576813
cpch8WDydcM.004,test,4.0812707,3.797015
cpzY1b6wJqs.001,test,8.015399,-19.674278
cvg03XGFjCk.003,test,-5.553375,-7.6725435
cx8IycWgMVs.001,test,30.299015,6.6066756
cx8IycWgMVs.004,test,18.205233,3.4904788
d1eh3dHNi1Y.005,test,-12.710862,2.6776721
d69zeSpdyCI.004,test,20.761082,-18.020113
d8skGb2ycio.001,test,-8.412462,0.5057913
d8skGb2ycio.002,test,-11.579532,2.407876
d9_YDJdF-7I.001,test,-8.346936,5.2122126
d9ekvXz64Mc.004,test,-12.784944,1.0760465
dB2XYhvqUBU.002,test,0.65200025,1.9768761
dB65He57Ki8.000,test,-5.390155,-10.346868
dJlEHhyij5k.002,test,-3.075628,-8.468325
dLltwqkvsNg.000,test,6.5196238,4.7035613
dNXqs5HNijI.005,test,-4.4485865,9.369325
dQOeQYWIgm8.005,test,-7.15242,-2.6769028
dRP8ZaAryro.002,test,2.9800258,-18.554668
d_POf1pikX0.001,test,-11.41648,4.3863106
d_POf1pikX0.003,test,-7.5194397,6.7095785
dd0z9mErfSo.000,test,-11.8901005,-3.5803962
dl9IT3OvI0o.000,test,13.15451,-9.481733
dl9IT3OvI0o.003,test,19.41856,-8.132994
dqVPzqpGX-w.001,test,-5.4534435,1.4023813
dvMeqVbpKW8.003,test,5.8258834,9.618745
dy9EqbKLDP0.000,test,-13.499719,2.175116
e07IozLUeKc.003,test,-3.8662205,-6.294423
e3Y7na4SBh4.001,test,-4.3343425,-7.0812287
eAkWSjU-JyY.005,test,-1.9846723,-4.925391
eCoEQ_R5C3U.001,test,-10.079085,3.9862635
eXtskPoi58A.004,test,-2.0681489,3.6733797
eZwGkhUa0TQ.002,test,3.9889627,9.796489
ej0RpdM9kJA.005,test,-9.105752,0.5041059
el2DOd8E5io.003,test,22.134584,10.008615
encC96iqr9Y.001,test,-8.004235,7.8933096
encC96iqr9Y.005,test,-9.971279,5.9438124
eq1_h17oue4.004,test,6.538848,-3.9322705
eq1_h17oue4.005,test,11.099001,-5.7789536
eqXrUXW4yHY.001,test,-7.510895,-10.434538
ev42vngXERU.003,test,3.6019256,-3.231947
evQsOFQju08.000,test,-2.5005517,8.232597
evrzg3Pzyc0.003,test,4.185039,-10.003126
evrzg3Pzyc0.005,test,5.5192995,-5.986928
ezMO8EHKAVw.002,test,-0.8812948,-2.709417
f39E4ct09Cc.003,test,4.8847075,-15.831485
f4rQJiW6oSk.002,test,-8.116981,-4.904217
f7togdqxEoo.000,test,-8.116148,7.740572
f9GeYKAXgAQ.004,test,-15.737423,6.5374856
fBMKlYUjA9E.001,test,-3.1167274,-6.2256284
fBMKlYUjA9E.002,test,-4.726606,-6.8679523
fBcc1UMtZME.004,test,-0.58643067,-5.510933
fEZrAGQoh_g.003,test,-10.191087,5.0662084
fEZrAGQoh_g.004,test,-7.5201344,3.6272063
fEix0DPOWtg.004,test,-9.566241,2.6101985
fG-hvGTHoec.001,test,-1.2194183,-19.48151
fG-hvGTHoec.003,test,-3.0356953,-15.642152
fGAcEyZXFTo.001,test,19.959074,1.2144464
fGAcEyZXFTo.004,test,-3.3353999,-6.0978665
fKrX-KXgXYM.005,test,2.881612,-10.659317
fL8VYpOTLSM.000,test,22.355347,-2.1293123
fL8VYpOTLSM.003,test,10.26506,-5.7495527
fSDA4eEyGHk.005,test,-6.293912,1.4020737
fSkQXqXR7D0.005,test,-2.9160395,0.25657448
fTpemcfElxI.002,test,12.773081,6.5090175
fUf2XzWpSVo.002,test,-0.5536492,-1.2654046
fY4tctYZTz8.002,test,-14.469434,6.2774534
f_mEEFFeh-0.004,test,-10.519382,-5.4511094
feg-RNvT-t0.004,test,1.0388379,4.8602767
ff-3k-nzoXA.003,test,22.87301,-13.526706
fgEddXirQvQ.000,test,-4.6156225,-14.880235
fhUGU2uiS1U.002,test,-4.89665,-9.192566
fiEEjrKhlNU.000,test,-7.314137,-5.0744863
fiEEjrKhlNU.003,test,-7.6522036,-5.672412
fiVORaERbP0.000,test,-14.798632,6.803234
fiVORaERbP0.005,test,-13.586093,7.6033397
fiVkE3iDWY4.001,test,-11.05992,0.48546863
fiVkE3iDWY4.005,test,-4.175113,-3.690179
fipvPdFbKN4.003,test,-0.44987637,-4.0331697
fmjILOLc3eg.004,test,-2.0397747,-1.3579844
fsLf6Xv_Gbk.000,test,-6.353341,1.9064125
fsLf6Xv_Gbk.003,test,-6.270802,0.12373349
fsaslN7xV-w.001,test,-9.752706,1.888449
fsaslN7xV-w.005,test,-10.161948,1.1004692
fv5lLeyRdd4.003,test,-9.377427,-2.955604
fwJykIyvS04.003,test,13.158626,-13.607316
fwJykIyvS04.004,test,5.547578,-11.681218
fyXiORXmWHs.000,test,-1.0456256,5.1618853
fyXiORXmWHs.001,test,-3.9442422,3.7950854
fyXiORXmWHs.005,test,-0.087996736,4.3089695
g0PWBzU95sI.003,test,-9.323924,3.7002492
g1TMjzZH8bw.003,test,-7.489791,2.2785044
g1TMjzZH8bw.005,test,-5.279259,5.6071696
g24JGYuT74A.004,test,-6.050949,3.4408667
g9zgIN56MnQ.000,test,-8.777749,-3.538601
gAWA-fcIa_M.000,test,-11.1126,1.2888972
gCLfduV3Phw.000,test,-5.747996,0.05104118
gCQT7zfS7sI.004,test,-11.154419,11.318712
gFEntQ_UKvk.004,test,-4.745802,-6.2730803
gGyV-rc-sKE.003,test,-5.6700816,-1.6014
gJPlOShvaoI.002,test,2.4144776,-14.512819
gOS-CneQsxI.001,test,-13.150973,4.61724
gWCgqVn3m3k.003,test,5.201017,-12.663564
gX20EUUZc9M.003,test,12.335736,-6.834064
gZzB49daFfA.001,test,-9.826319,-1.7644477
gZzB49daFfA.004,test,-7.757231,-5.6465263
g_UeE-1ghtQ.000,test,-3.9580114,-10.0261965
gj3-xvhPeWg.004,test,-3.5341446,-2.0691395
gkhbUDIK-YM.001,test,-9.992692,-2.699073
gkhbUDIK-YM.002,test,-10.183005,-5.5101395
glgfB3vFewc.004,test,-2.7340324,0.9738207
gngqDNTAXnI.001,test,12.746496,-4.7018137
h6LOjpCRXtY.000,test,-6.209721,-5.2654266
h6LOjpCRXtY.002,test,-9.350804,-3.5622785
h9jIdLBaMEo.003,test,7.079632,-1.278438
hDqsuyVeWmw.001,test,-14.067893,2.6171618
hI-wCYzV8xs.002,test,-3.430608,0.6332305
hIFNZ_ycngg.000,test,17.984486,10.391567
hIxLNK_x_QA.001,test,7.9527774,3.074828
hIxLNK_x_QA.003,test,9.135454,2.6802113
hM96SfN5_F4.001,test,18.491228,6.0531917
hPguTv1Zvg8.000,test,-3.2946734,7.0133033
hPguTv1Zvg8.005,test,-3.6090279,6.5181975
hX2TVefa5bQ.003,test,-8.244366,-8.884868
hX2TVefa5bQ.004,test,-9.279424,-5.7426434
h_kjgcJ_bqU.001,test,-2.8008845,-8.91833
heE4ZZXwehI.001,test,-0.031132028,10.666369
heE4ZZXwehI.003,test,3.6621048,15.187236
heE4ZZXwehI.005,test,-2.1174154,11.1034565
hhdoeK8SsiI.004,test,9.433138,3.7318382
hl70w5drc_4.005,test,3.4997165,-2.6323326
hmTY4CubpiE.005,test,9.876075,-3.009073
hmcLIjG-hS8.000,test,30.218342,-2.2467923
hmy9XEvT2v4.002,test,-1.2664603,-4.89641
hmy9XEvT2v4.003,test,-2.1004457,0.80001056
hnWMsZEQWt4.004,test,-13.212214,3.9402385
hnWMsZEQWt4.005,test,-14.423394,3.3578248
hqe-8SMJGmc.001,test,-7.259263,-4.1068687
hquzfo9MVDo.000,test,-10.483291,4.2261167
hquzfo9MVDo.005,test,-12.794316,3.9166749
hrat_RJczFM.003,test,-7.0699077,-1.6990263
hrat_RJczFM.005,test,-6.3061986,-0.7098288
hsXn0N8bAYs.000,test,-4.8261504,0.0254724
hspeWl-Bip0.001,test,-0.644195,-8.111982
htH89DBizno.004,test,-2.340848,2.8662388
i1gouUmZumY.000,test,1.659875,5.2872915
iEgV9E3xm90.004,test,-7.7187123,-6.950983
iFSF6v3xw_k.003,test,-5.734275,-4.613858
iL6lNdRS0ZU.003,test,-0.32998478,-2.9061518
iL6lNdRS0ZU.005,test,-1.9514438,-0.1391379
iQvoDdxt06M.002,test,-4.1481514,-7.4764647
iVtaXNWqFac.001,test,-14.986807,7.2214465
iWyAQkMVNfM.005,test,17.30593,-3.4950309
ibawV2tqKug.000,test,-8.546557,7.080944
idsEawKW4X8.002,test,0.14558448,-14.111298
ihA8DzHWyiU.000,test,5.1420736,-21.288351
ihEFzP5S57g.002,test,9.308403,-7.371474
ihmTGSMvQM4.001,test,4.77506,6.4323096
ihmTGSMvQM4.003,test,-0.35194615,1.3732197
ikCqtEGQbrg.002,test,-5.7918034,-7.648164
ilOi-sQo9HI.002,test,-7.4152064,-1.5508505
ilOi-sQo9HI.004,test,-5.7952795,1.5519698
in-HuMgiDCE.005,test,-9.977593,5.764404
io0aNQE8En8.001,test,15.890713,15.571585
ioaBnmfoHgo.005,test,-6.2827673,-5.220646
ipP--IqIuWU.004,test,10.087255,0.6201292
iqs7mZbg5UI.000,test,-1.9770677,-7.4595585
isaP2l3rlBQ.002,test,-12.315798,5.0331445
isaP2l3rlBQ.003,test,-9.9347925,2.3532746
isaP2l3rlBQ.004,test,-12.033018,3.9268916
isqmQc9AfBc.002,test,-7.789212,4.9777217
isqmQc9AfBc.004,test,-8.009572,3.9706852
itQ2wSlXqCw.003,test,15.550359,-11.546483
ixPqs7L8oAE.001,test,-4.125102,-14.862972
j-9NUiMYbos.001,test,21.62785,0.99194413
j1idNSoB7tA.005,test,-9.773963,-2.4781435
j5fXaXrNPoA.002,test,16.167337,-1.6790625
j6Rvmjjp7pU.001,test,1.642669,4.0383277
j6d-KRDXnUI.002,test,-2.0538716,0.3286456
j6d-KRDXnUI.004,test,-8.752765,-2.775079
j6d-KRDXnUI.005,test,-9.5891075,-2.8418117
j7VLzb0qw8Q.000,test,1.288152,-15.118429
j7VLzb0qw8Q.005,test,4.2809634,-13.392457
jFx6AEw6viQ.001,test,-12.913677,1.0481777
jFx6AEw6viQ.003,test,-11.113586,-0.47117135
jOTlJwOBSd4.001,test,-8.770493,1.0065621
jQRFHBVs0dA.002,test,15.069618,-16.474348
jSw-grsJCnE.002,test,1.0001376,-10.200474
jVSnAbEGKLM.000,test,16.212837,-16.573343
jVSnAbEGKLM.001,test,9.534405,-12.642068
jVSnAbEGKLM.002,test,20.686256,-13.84181
jd9_8OPxM3A.000,test,-11.775746,5.1872745
jd9_8OPxM3A.005,test,-13.798155,4.067523
jlDYn537Pd0.000,test,3.869676,-10.922478
jlDYn537Pd0.003,test,2.8560457,-6.864477
jlDYn537Pd0.005,test,5.4154506,-5.8210106
jlHKgXrxCu8.005,test,-8.119057,-2.2934391
jmbAPNTJ3Vk.004,test,-4.3802905,-13.348113
jpPZVmzleAo.000,test,-2.8681324,-14.9796
jrH_Pj-X0fs.004,test,-8.87408,-5.0561337
jrhvXPaXo-0.003,test,-9.199029,3.1147907
jrhvXPaXo-0.004,test,-11.171922,4.076025
jub-AHFTH_g.001,test,-2.3310957,-6.8397355
jvHDFrgu9PA.002,test,1.7125268,-13.742978
jwbHWwySJW8.005,test,-8.570162,-8.381935
jwcSbw4NDn0.001,test,3.8317072,2.0616913
jxoOEkSq0uM.002,test,15.689757,8.584845
jxt1W2WRNHQ.001,test,-4.4206643,-2.9715955
k4QmzZuQl9s.001,test,-1.6856134,7.235457
k7-dMNJDc-w.001,test,1.905116,14.074792
k99PI3FGEj0.001,test,27.59413,6.2666616
kAjvzIWWrWA.000,test,15.405498,6.1733737
kAjvzIWWrWA.004,test,15.5962,4.470265
kDJigDGDJTo.002,test,-4.1263804,8.675663
kFak4VnRnRM.000,test,-3.7713623,-7.484032
kJLeYUobR0M.003,test,-6.9090047,-1.4491283
kK4QL7pOrhs.001,test,15.565885,-9.341408
kK534gUcRF4.000,test,-0.47134122,0.78587604
kKRc2aXzQyM.001,test,-12.118898,-0.12818174
kL-CeaXG9jM.005,test,-9.792487,7.161293
kN9cs2nFhM4.001,test,0.054037653,-18.071527
kPXVZD3ac8s.001,test,-0.7288037,5.862721
kPife9TY9Pw.004,test,-2.9429455,-2.7330186
kQ8HhrysfaA.002,test,9.621345,7.134795
kSk-rf7a1Ig.005,test,-0.88809764,-16.749191
kUpkeJDcxaE.005,test,6.8886566,-7.7184777
kV7MFI2_ddo.003,test,-8.136312,-4.983663
kX-o1qmgWvc.003,test,0.66054124,13.253611
kY_4WyAXxrQ.001,test,3.922497,-0.8293526
kY_4WyAXxrQ.002,test,11.145284,4.464431
kdPRPO3wgg0.005,test,-8.378032,2.5514064
keW8-eSiQ70.000,test,-3.862235,0.1603815
knK0zyX8bS4.001,test,-0.9310843,-7.507784
knpgk7LAMb0.003,test,10.584494,0.54926646
knpgk7LAMb0.004,test,18.897192,10.750928
l-WgXcGLdZk.001,test,8.526189,3.7233763
l0qApUuiDjo.000,test,1.123539,16.265404
l3IoZ_QmOQo.003,test,-10.606359,-2.3475802
l3IoZ_QmOQo.005,test,0.34242326,-2.8689065
l7U3YDIOE_s.004,test,13.232659,12.6170225
l7U3YDIOE_s.005,test,13.009102,11.401082
lErjGxBb1Bk.001,test,1.7521493,-3.8520324
lFzrVSbp254.001,test,-4.925696,1.4600759
lLObIVKYDUI.002,test,-0.16155364,3.6652014
lLObIVKYDUI.003,test,0.378672,1.1427169
lLhd1Cs3XDU.001,test,-13.464832,1.110716
lNG_XdqMf0g.004,test,0.8250492,-6.551159
lShOveDL2dw.003,test,-2.9174778,3.0761306
ld7mBR4v3yU.004,test,-6.9263525,6.748815
leslBYwG8kc.001,test,18.456121,-1.5250219
liRQoL7SsPw.005,test,-5.5647306,-6.0262866
lkdQjIunxSE.004,test,-0.9148656,-4.2290173
lkeXyB-3Gs0.000,test,9.388087,-1.3434374
lsXw8u4QXIU.002,test,-9.577091,1.8600388
lsXw8u4QXIU.004,test,-9.009147,0.053020563
luH2RoZW-eY.005,test,17.876362,3.4894354
lxnV9X8T2Zc.002,test,-7.0138865,4.4162855
lyZZSU1ziCQ.004,test,-0.5694323,-1.057471
ly_0m16694Q.001,test,-2.3449087,6.4843345
ly_0m16694Q.002,test,-0.3121951,8.965424
lyznxF-Pj6g.003,test,-1.0367738,-8.201386
m-GLU7qAR28.001,test,10.559593,-22.874243
m-GLU7qAR28.004,test,12.697793,-21.84248
m0iznoJi8hw.000,test,-4.176532,0.813287
m0iznoJi8hw.005,test,-7.2095566,-1.3237245
m0tNIKbEwHE.001,test,-8.375503,1.0337839
m2uxFfpb5xU.002,test,-7.7018375,-1.1751039
m2uxFfpb5xU.003,test,-6.065549,0.34956953
m2uxFfpb5xU.004,test,-7.652533,-3.8242679
m5kTITzj1bY.003,test,-6.6714,0.6887276
m5kTITzj1bY.004,test,-3.7046325,4.2605743
mBJTwQsDC4M.005,test,-4.181389,-9.738946
mBdVuEXRlfQ.005,test,-3.2712064,-8.558916
mEQBB6XsJFk.002,test,-3.1429849,-6.5705457
mEQBB6XsJFk.003,test,-8.043018,-6.246072
mFz5Fbs97QA.000,test,-5.255629,-2.9485238
mFz5Fbs97QA.004,test,-2.7015824,-4.9199963
mFz5Fbs97QA.005,test,7.6837473,-3.092482
mK8ebTJyrCI.001,test,-8.235427,-0.02007771
mK8ebTJyrCI.004,test,-4.7094,3.9260237
mK8ebTJyrCI.005,test,-0.91279614,4.9531174
mKWscEow1U8.003,test,0.05803236,4.392003
mMNjlGNWsZA.000,test,1.0615147,11.689475
mQpNe8f5xA8.000,test,-3.2558842,-0.43849042
mQpNe8f5xA8.005,test,-6.953338,-4.4029374
mXaI17Dx7u0.004,test,7.1622257,-6.568077
mZQP06F94u8.000,test,18.849682,14.477623
maDObxiOQRo.002,test,14.326265,-0.6313092
maDObxiOQRo.004,test,11.500812,-6.945372
me15sHPOjKo.003,test,-2.2210462,7.6339493
me15sHPOjKo.004,test,-10.302915,2.9661145
me9kzWYVEoI.001,test,16.884619,-7.7620983
mfGhtr0zy3k.003,test,-11.020284,2.7407677
mhF4kYTlVUE.005,test,-3.4464843,-2.3089354
mkJjaOADfj4.000,test,3.7826724,-18.519018
mkWfG-4vvGc.002,test,-3.9839003,2.6036646
mlXZQ8dO0nQ.000,test,-3.6304045,-17.330942
modNfUPt3F4.001,test,-0.8532065,5.4208922
mpXOSY5dW7c.001,test,-6.928385,-0.9574679
mpk5Ubw2fj8.002,test,-3.3814175,-2.4242287
mpk5Ubw2fj8.003,test,-3.555972,-3.6169498
mpk5Ubw2fj8.005,test,-5.2394576,-3.8397338
muLgzV1gGao.000,test,1.9398322,4.732974
muLgzV1gGao.003,test,10.720958,7.5438623
mwjoabuP-GM.001,test,-3.0349004,7.813242
mwjoabuP-GM.002,test,3.7545238,10.029925
n1nVCG0zqOI.001,test,-0.11807262,-12.153371
n2BuwHbdilY.005,test,10.230526,-5.5037093
n4NkVZ1_dfk.001,test,20.010004,14.414959
n5Jeeqfj2_U.001,test,-12.972918,2.6912382
n6JNJurop2U.001,test,15.4488325,-2.304584
n877YOU6Qy0.000,test,9.937978,-5.7632527
n8IiQJyqjiE.002,test,-7.9493265,3.7514017
n8IiQJyqjiE.005,test,-6.9847875,1.5283722
n9eruV15f3o.003,test,-7.7609415,10.475605
nB-fPmvZg3U.003,test,19.971895,11.743326
nCWEEoJfjgE.003,test,-8.009014,-2.9302812
nClvfVFYzbM.002,test,-7.6620603,3.3817222
nEm44UpCKmA.002,test,-5.167519,-13.789508
nEm44UpCKmA.004,test,-5.178021,-11.807894
nGe8dIc-ecc.001,test,-0.5930069,-20.5982
nGe8dIc-ecc.004,test,-2.2642858,-20.663164
nIwFocnmRFY.005,test,-6.840027,-3.4524674
nKLhatlbqEw.004,test,-4.0088744,-7.2690077
nLB29nx1Jp4.000,test,2.3424983,-8.943077
nLB29nx1Jp4.002,test,-0.35923195,-9.529371
nLB29nx1Jp4.004,test,1.3667431,-14.467271
nLuAoNAOGcQ.001,test,-4.2270827,-4.422024
nLuAoNAOGcQ.005,test,-5.8084764,-5.6592903
nOCSTnpB_F4.004,test,-2.0322647,-7.2709675
nOFHZ_s7Et4.000,test,-0.39378798,6.0616455
nQtiqrceBhg.000,test,1.0982898,7.158463
nQtiqrceBhg.004,test,11.266035,8.636719
nR0h3WFbPfA.002,test,-6.8139453,2.7725759
nR0h3WFbPfA.005,test,-9.156889,0.094465345
nUbhRInpVbA.003,test,8.453968,0.16585325
nYCuMoC5ibQ.002,test,0.43652242,-0.7815587
nYCuMoC5ibQ.003,test,4.9674916,-5.144825
nZz1hK90gwA.005,test,43.856335,-5.1762304
naAGy30bnwA.001,test,3.6736195,0.6292884
naAGy30bnwA.004,test,14.476358,4.121323
ncmnmmmWEpU.002,test,-5.556079,-2.767074
ndLtwmvPpr8.001,test,-2.775279,0.5495606
nex61B854Ms.001,test,3.1371377,7.6408396
nfEhF5GBQpo.002,test,-8.196089,2.6323657
nghDz0el8iI.002,test,-2.113635,-2.7766845
nghDz0el8iI.003,test,-1.8350046,-6.5640054
nghDz0el8iI.004,test,3.7654605,-3.616832
niWi1hcuSmo.000,test,8.850076,7.0018764
niWi1hcuSmo.004,test,27.106264,8.345053
nkmYbzMmrYw.005,test,3.1345663,-12.615155
nmZRXxKPPuQ.001,test,-7.458549,-1.2694039
nmZRXxKPPuQ.004,test,-10.222724,2.1477346
nndDX4RgU1w.001,test,-8.113396,-0.6840849
nndDX4RgU1w.003,test,-11.036849,-0.33177194
nvlqJbHk_Lc.001,test,8.5383835,-5.070428
nvlqJbHk_Lc.003,test,7.37635,-14.004941
nvlqJbHk_Lc.005,test,12.036582,-7.1503496
o-fNF5QVMNo.001,test,8.7721405,-7.0825877
o2lu6rkd5-Y.003,test,10.226142,-5.8421593
o6JCQlOC3oE.000,test,-7.2408276,9.802684
o6JCQlOC3oE.003,test,-5.3214183,6.5624466
oANKg9_grdA.001,test,43.695232,-0.14126828
oC-qxnrmJws.001,test,1.0181404,9.874489
oC-qxnrmJws.004,test,-9.33795,-5.831649
oG84VxrGfj0.005,test,20.179644,21.636206
oU7zAWm_01o.001,test,-12.618629,-0.024390167
oXRhk1PUPcQ.001,test,3.8570828,14.211827
oYhWw97JYyU.005,test,-7.5743127,7.608136
oYiWW-Qc0rs.004,test,6.005933,-14.9001875
oe1PZxExhzc.000,test,-8.482613,-8.081313
oe1PZxExhzc.002,test,-0.9074698,-7.0890837
oe1PZxExhzc.004,test,-4.439864,-10.983496
oe1PZxExhzc.005,test,1.8533382,-4.7699776
og8vtyRh_bc.004,test,17.657108,-14.150257
ogSLrHVeqLI.002,test,-6.7408853,-8.880344
omeHsKF7InA.003,test,-2.4449217,-2.3797774
omeHsKF7InA.004,test,-0.17526045,-2.4933844
oontew1LiUU.000,test,-7.8571873,3.112206
oontew1LiUU.002,test,-5.248753,1.9449227
oontew1LiUU.003,test,-4.77705,7.6424613
oontew1LiUU.004,test,-3.308873,1.6124845
oontew1LiUU.005,test,-3.391939,4.9009233
opqoflph5ZE.002,test,5.237024,-1.0029033
opqoflph5ZE.005,test,12.40501,10.035786
oqXx6ipHfUE.004,test,2.657432,-4.2492967
oq_v2yocx34.000,test,-11.15856,1.5839378
orlXEgAepGo.001,test,9.044891,-2.3377135
orlXEgAepGo.004,test,4.362875,-0.8293356
osqQpQsJNPQ.005,test,-6.381049,-2.2165232
ouYYWCY__5A.002,test,-5.225778,-10.897459
ouYYWCY__5A.003,test,-4.6208644,-7.61365
ouYYWCY__5A.004,test,-5.809956,-6.014937
outvbZgNX58.003,test,-3.9579468,6.364966
owRKOW0ymCM.001,test,-2.662372,2.6654956
owRKOW0ymCM.004,test,2.0775108,-1.5924834
p-V78q8dtYo.000,test,-1.7751029,5.0019007
p-V78q8dtYo.004,test,-6.282348,2.4733715
p5QXPhJS8Ks.002,test,-6.8329077,9.515968
p5v75vAZ7F0.000,test,23.139046,14.573412
p6UMx8dwHZQ.005,test,3.2707517,2.040826
p9tAC-RqZPI.000,test,3.3896646,4.2065854
pDt0F4zFfBs.002,test,4.655166,-9.008013
pDt0F4zFfBs.004,test,3.8961022,-2.68971
pEYFpmjwKC0.000,test,-10.615639,1.8879206
pKm9lxa4cmg.000,test,-2.0744464,-11.292432
pOtWKOF07iU.005,test,8.449434,-15.164688
pPtzEnf5afw.001,test,17.95424,13.646441
pPtzEnf5afw.002,test,1.6309844,6.5456724
pQy4omHIf7o.005,test,-2.6497774,-2.5017524
pT8nyxks1Q4.001,test,-9.879576,3.9233668
pT8nyxks1Q4.002,test,-9.614597,2.0771394
pT8nyxks1Q4.003,test,-7.7545724,6.655915
pZxqWp0e-Ik.001,test,-5.6611023,5.887844
p_kPnCD7WzU.003,test,50.247974,-2.2219973
p_kPnCD7WzU.004,test,43.63147,-9.15568
p_wf-KszNlk.001,test,7.727071,11.259251
phjVMKGYBKs.001,test,-13.992277,4.087653
phjVMKGYBKs.002,test,-10.30977,9.756344
phjVMKGYBKs.004,test,-9.205654,1.8314432
piNQPNAKzyU.004,test,43.308617,3.8211706
plNPzKp2DFw.003,test,0.84142977,-3.999109
pnY7YOgdl54.001,test,5.7981462,4.3215156
pru5ut4lxkQ.001,test,-1.4171242,-0.19543608
pslp6X3OWy0.000,test,-11.170655,1.3142942
puLXzqUvm_U.002,test,6.5569687,14.091839
puLXzqUvm_U.005,test,-8.000005,4.40692
pvvff396Rqg.000,test,9.678943,11.451525
pvvff396Rqg.001,test,15.000715,17.090038
pvvff396Rqg.002,test,2.7317302,15.153845
pzfDth6nFQE.001,test,-12.616416,8.912823
qAisk1lgv2I.000,test,4.1477413,5.4586997
qAisk1lgv2I.005,test,-0.23532154,1.7262491
qBpv0BfiGQk.000,test,11.009609,3.578272
qFYgMFMal_s.000,test,-3.358286,1.1105616
qFYgMFMal_s.003,test,-10.520498,-1.6214492
qFYgMFMal_s.004,test,-10.784921,-0.41691372
qLV1a_611kA.003,test,-9.027982,-8.348744
qLbOPbx33dk.000,test,7.7525115,-0.71882814
qP8YzH6LT9c.002,test,1.7247956,-13.54654
qRtKUGgULL8.003,test,14.878775,-9.591891
qVcw5-mm31s.003,test,-10.557411,-0.1597595
qVrXROy4Ais.002,test,-4.772332,-7.9830427
qVrXROy4Ais.005,test,-5.6202416,-6.6844
qW0TYVtzq5A.004,test,-8.432678,-3.249694
qkmEt0ofGq8.000,test,1.4290401,-9.870542
qoZwA4ESb7g.002,test,21.317581,11.258201
qoztP0w5-Vo.002,test,-12.90251,1.8122693
qoztP0w5-Vo.004,test,-8.073196,-1.4633341
qssXr_Fg96o.004,test,-4.365892,4.98611
qtB-CogljAo.004,test,-9.828768,4.3211155
qyzuaettjU8.000,test,24.99188,5.9486403
r1YAW67aevY.001,test,0.5702466,8.428246
r1YAW67aevY.002,test,-0.0950837,5.813619
r2BoxB3kgYk.002,test,4.549153,0.38082552
r2BoxB3kgYk.005,test,34.842026,14.302942
r2HcJYjGK5s.000,test,-6.677104,-2.4288554
r4BGKIXrD9c.004,test,6.905726,11.78922
r93dLeVRk3U.000,test,13.564326,4.6630306
r9TaaVTo8Y8.005,test,-4.2284517,-9.457577
rCxlfusNJlY.003,test,-10.00887,0.47233516
rIHcq2E67Nc.001,test,-3.4186194,-0.8344288
rIRBEkDhn6Q.000,test,12.705764,-9.774554
rJgbslC72gw.000,test,-10.825756,1.766025
rMFJmA5dRFQ.002,test,0.37863824,4.647766
rMFJmA5dRFQ.003,test,1.4105692,0.6717217
rT0TqakPrAI.001,test,-11.086335,-4.5749607
rUGAiuYHNgE.003,test,16.687471,5.7609487
rW3hFpfGMHs.002,test,-0.5333452,10.717769
rWT8N_yjf60.000,test,1.3276963,2.849136
rY_bqkNUp9I.005,test,-3.6623347,-3.4010928
rjS0PIwS47M.002,test,18.262169,3.8736732
rqfvIjzegpI.004,test,15.187728,-10.146066
s-jZlMKQGwc.001,test,-3.9421418,7.074917
s-jZlMKQGwc.004,test,-5.5483637,-0.21695082
s0pgZM5G6ds.000,test,1.4147847,-3.5148845
s0pgZM5G6ds.002,test,-2.6088047,-7.2931643
s6N1pv5lzrU.001,test,-11.571102,6.744612
sDNzrM6N7wA.004,test,-13.484901,3.1350563
sDWJMBZ1mVA.004,test,-9.019816,12.524858
sHVXhr7_EOs.001,test,-7.8381405,-0.7138761
sHVXhr7_EOs.005,test,-8.87363,2.0304904
sOkGz6gEmGk.004,test,-0.42219958,10.670852
sPMNhG1Sehc.000,test,31.05033,-19.40627
sR6UEGk-_mE.000,test,32.56666,-11.935517
sSR1a5XW7n4.000,test,-6.765704,-1.8080901
sSR1a5XW7n4.003,test,-1.0597942,0.49478927
sSR1a5XW7n4.004,test,2.8858624,-0.24218531
sa1ZACqr15U.001,test,-7.0251536,-8.979767
scifP1EXSdo.000,test,1.6432738,0.46370226
scifP1EXSdo.005,test,-2.180956,0.01947065
sf29orxf4X0.001,test,-1.3091239,-1.9453281
sf29orxf4X0.004,test,7.139395,2.8781514
sf29orxf4X0.005,test,3.7826457,1.9945924
sf8TXpaKnt4.004,test,37.830105,2.1859329
shQmRW4CrGE.003,test,7.511629,-5.2995048
shtirfEzWFA.004,test,-7.2032976,6.140564
siEnTktB4lQ.000,test,-4.3107934,2.176144
si_gZCrLa4A.000,test,-3.4263144,8.273463
simc6hmrUOE.001,test,1.0601678,0.18071695
simc6hmrUOE.002,test,-6.26964,-3.193282
simc6hmrUOE.004,test,-1.5658742,-1.9246275
sntohi33U5s.002,test,-8.650987,-0.5683905
sntohi33U5s.003,test,-10.690081,-1.4466165
sqnW6xXYTKg.004,test,-5.594,3.0829291
ssexxLJLuhU.002,test,-7.164392,-4.66883
struoSVUsUg.000,test,-2.1413045,-5.3609357
struoSVUsUg.003,test,-7.660437,-2.0337138
struoSVUsUg.004,test,-7.912205,-4.6075745
syJo_sm8IqQ.001,test,1.1113575,-7.553866
syTTeox8Yaw.000,test,-9.407662,-0.065802716
syTTeox8Yaw.001,test,-7.1254563,-0.8852948
t1PKNXE-IiM.003,test,-5.929779,-12.270939
t30ERiF6b50.002,test,-8.658634,-5.0762177
t30ERiF6b50.005,test,-4.2780576,-1.8991742
t6-ljEWQjW8.001,test,13.418129,7.8874283
t6-ljEWQjW8.004,test,10.555877,7.2388906
tCnfvBwWVKw.005,test,-11.107736,5.3809304
tPVSlH_VmZk.000,test,3.493963,8.703006
tTBRJznaNi0.003,test,0.20621976,-5.355406
tYpxPqwle5k.000,test,-4.84106,4.3763013
taSAaWKcmTw.003,test,19.782911,-4.0287833
tcmYlyeqwuI.005,test,-6.0587463,0.6282683
tg0i-zxvQXk.001,test,0.07476047,-1.5202105
thl4HwoqyrI.005,test,-3.6160247,-12.481517
tt-EaApaHx4.003,test,-9.115312,2.8380544
tt-EaApaHx4.005,test,34.84384,17.418983
tuuQmKxW3iU.000,test,0.74282444,-17.508213
tvKUJujTUEo.000,test,-6.722585,3.9306753
txU8yE9d-4k.000,test,-0.49113095,6.461218
txU8yE9d-4k.004,test,0.5456009,2.4338973
uDm7iZuX5DQ.000,test,4.060981,11.957184
uDm7iZuX5DQ.004,test,-1.8589233,9.563163
uE2U_Y7QrIw.001,test,-7.003105,6.9097667
uHrP02iwW1o.003,test,1.3170072,-8.49907
uKy7lHuMQ_o.003,test,13.677152,-1.5778146
uMCRfie1lkc.000,test,-14.3025465,3.6612089
uRY3aJAaogw.004,test,-6.163638,6.5183277
uStuc1OX0f0.001,test,-3.297969,-14.8488
uStuc1OX0f0.002,test,1.6590866,-17.751375
uStuc1OX0f0.005,test,-1.9172468,-18.719662
uT-y9m7_-E0.000,test,-3.2245736,-5.253565
uTluOTPA7e4.005,test,-0.66982,-4.3325176
uYvDMWWq2Jw.003,test,7.3187017,-13.879883
u_OwN18tbCI.001,test,-6.345046,-4.5616503
u_qvbRpm88k.000,test,-6.2092013,1.2478371
u_qvbRpm88k.004,test,-5.693705,4.3478565
uf_sIIw4zxY.000,test,-4.9883866,2.3924387
uf_sIIw4zxY.003,test,1.1739196,3.758631
uifW-cV-iQo.000,test,2.7661426,7.742602
ujC_Fik6sBE.000,test,7.6756563,-15.781972
unfkD5YNaDg.003,test,1.7803725,-17.796938
uoLDJJMK5Gw.003,test,-10.403329,0.22192743
upgv7xmOb1I.000,test,-9.479327,-0.40080705
urCVAp964Tc.004,test,65.54294,21.513895
usG6pVxbQkw.002,test,-13.635923,5.848106
usG6pVxbQkw.003,test,-15.435543,5.902867
utv9RBNcL5w.003,test,-4.8539114,-6.947154
v1ScttBOQc8.000,test,-10.324159,4.7608595
v1ScttBOQc8.003,test,-10.556229,4.0745664
vA1ytZ6QR5c.002,test,-3.049383,-2.2490425
vAEqpUwBMJQ.002,test,-10.512394,1.0217855
vCV-5LypZCs.000,test,0.8176992,1.2607393
vCY4uvfrWXA.000,test,13.30133,-1.2426566
vE9XgQL7DGE.000,test,-10.306147,12.107056
vIW7gDmhYMk.000,test,-5.747497,1.743163
vJDx6TCX32M.005,test,1.0298485,9.099653
vLAHfIjmRMc.000,test,-11.96336,0.9126792
vLAHfIjmRMc.002,test,-14.656043,1.3641176
vNEs2yGe77s.001,test,32.777367,5.435206
vOEQlAMABWM.004,test,-6.50912,9.1794195
vQEZ5KF9I4E.000,test,-13.640602,2.993175
vQEZ5KF9I4E.001,test,-13.242116,1.7935871
vYkHHVeNK_M.000,test,2.0560827,10.582996
vYkHHVeNK_M.005,test,0.1870906,10.917712
vZPLbzF0aSg.002,test,27.72974,-7.01723
vhugKRUnd-c.005,test,-9.5255785,7.1956387
voB6O-ky9cA.001,test,22.30848,19.014315
voB6O-ky9cA.002,test,13.788666,17.02857
voSLxKtKr0Q.001,test,-2.4550128,-17.203354
vp9p1osOaLI.000,test,-8.134352,6.3926163
vp9p1osOaLI.001,test,-9.912219,3.771416
vp9p1osOaLI.004,test,-2.2343183,3.364862
vqLtOsoNPnU.000,test,-5.120963,-4.777159
vqLtOsoNPnU.005,test,-1.5365092,-6.8528366
vr5FWHUkYRM.002,test,36.21583,4.6180987
vr5FWHUkYRM.004,test,-10.430754,-3.619927
vwY6OhjDjOA.003,test,9.619293,5.757517
vzttwG7SKZ8.001,test,1.584084,-19.467653
vzttwG7SKZ8.002,test,-1.4556755,-16.237028
w0CQ55sKmck.000,test,-5.3912454,1.6158812
w2FKw8IhbFw.004,test,13.53856,12.805557
w4cZStXMUII.004,test,-2.02915,-13.856014
w4cZStXMUII.005,test,-3.4643035,-11.324654
w7O2QJu2Wl4.003,test,27.791939,-15.417397
wBCSJVBr4ZE.000,test,-11.720245,5.7492847
wBCSJVBr4ZE.001,test,-13.032417,4.620119
wBSf7anTC_g.002,test,-12.800598,2.3413377
wJl7DbsbrDA.002,test,2.5200508,3.6976662
wJl7DbsbrDA.003,test,0.006002069,4.825681
wKBObhJXCSQ.000,test,25.845936,-0.6640284
wK_ExIjn5Q8.000,test,-9.806942,9.109181
wK_ExIjn5Q8.003,test,-11.331035,1.5170732
wTo1uZns2X8.002,test,0.9241724,9.617112
wTo1uZns2X8.004,test,-4.187158,4.5414953
wUkdpuWq_Q0.004,test,-3.6127794,-13.286394
wVpjBxCirAQ.002,test,5.7175465,7.9675827
wVpjBxCirAQ.003,test,1.7862906,7.6232314
wXLL0teBlvs.002,test,4.672502,-12.65893
wYixHjntI-4.000,test,-10.629942,-1.3393193
wYixHjntI-4.003,test,-11.665665,-1.6939079
w_ExyXsnw2A.005,test,-7.3874803,-2.7897356
wp59eOvygp0.000,test,-12.672553,3.0654426
wy1szFSVpEI.000,test,1.3233416,-2.9654076
wyq_eWJClSY.001,test,-10.150507,2.5744817
wyq_eWJClSY.005,test,-10.845378,4.2231812
wzCdM6Fe_4A.000,test,-5.6630254,-6.8322597
wzCdM6Fe_4A.002,test,-4.5219507,-6.687273
x0mD5kr2hu4.003,test,-1.2016182,-1.9302481
x0mD5kr2hu4.005,test,-3.1443453,-3.5103688
x6Tluj4dJTU.003,test,-6.3051867,2.323875
x9FAFeaizu0.002,test,-0.76333004,0.42839798
xA2OJtxFoeg.005,test,12.379571,-3.744088
xEmwNv4OxGE.003,test,-1.2685854,1.2029952
xGo_wImhwkQ.004,test,-7.303189,-4.412377
xQHmbJ_lPjY.004,test,-6.013046,-2.7153156
xRhUBifOWiI.005,test,6.454965,-3.249836
xVJDjbiIjTo.005,test,-7.176021,-2.7887874
xYXVkQOmSfk.004,test,-8.838318,6.239672
xcMwMi4fdis.000,test,25.706228,-3.1706703
xcMwMi4fdis.003,test,31.305079,-3.1730142
xeE08Vn-HXI.003,test,-4.771414,-5.4991865
xfMOELCuN94.005,test,2.570025,-3.282372
xgwiqo2AsCA.003,test,22.384117,17.377604
xgwiqo2AsCA.004,test,22.347496,8.475032
xgwiqo2AsCA.005,test,33.672928,18.43697
xmD4FKMq2rk.002,test,-3.933405,9.932463
xmD4FKMq2rk.004,test,1.1037639,7.325067
xmaC2XOhPaE.000,test,21.760159,10.812775
xmaC2XOhPaE.002,test,11.076913,4.903537
xmaC2XOhPaE.004,test,9.182616,4.910179
xq0-QVHxp-Q.002,test,26.171467,10.682513
xq0-QVHxp-Q.003,test,22.535154,5.312315
xq0-QVHxp-Q.005,test,27.185732,9.1298685
xqGyF2T3pso.004,test,-7.455557,-4.2915907
xsDABUrvs6w.003,test,-13.234905,5.0416265
xsDABUrvs6w.004,test,-13.997446,6.2910113
xsDABUrvs6w.005,test,-11.20627,6.6865597
xtDw9TlWiww.003,test,-14.608715,7.237042
xun35caJTQI.001,test,-12.589152,9.352305
xun35caJTQI.004,test,-12.305889,9.130149
y2UF49ddapI.000,test,-4.1627645,3.0161617
y3_71Wpt9eA.003,test,8.090728,7.6307435
y6LC5kAJmHw.005,test,2.9122853,3.2110562
y9nS5DkAInI.001,test,23.136732,-0.8214545
yBlPsPBRv5E.003,test,-10.179531,-0.32781488
yBlPsPBRv5E.005,test,-8.691814,-3.4714215
yEY_2BYZhnQ.001,test,-7.3598676,-6.802036
yHwuRYr5lxk.000,test,-8.308899,-7.2459984
yHwuRYr5lxk.001,test,-4.89135,-11.998714
yHwuRYr5lxk.002,test,-8.064636,-11.118756
yIM5bal1VVs.001,test,-16.375051,7.712116
yIM5bal1VVs.002,test,-9.227059,6.155454
yIe7Rp54-bU.003,test,-2.7871017,-8.455193
yOzHZOg95Ug.000,test,9.054766,3.6880765
yRVvI1x2DBI.001,test,-4.152779,-2.595107
ySEeioc339E.000,test,0.14248691,-3.3407323
ySEeioc339E.001,test,-3.0021958,-4.52368
yUESJPS0wS8.001,test,10.136123,-8.410893
ya8Ec_yTai8.000,test,2.784463,5.740478
yftfxiDNXko.003,test,-12.124886,4.4480267
yftfxiDNXko.005,test,-8.480855,7.606892
ygUEI08LgcM.005,test,-5.2019243,0.108823754
yj2Y1Y26rd4.003,test,-8.062355,1.273547
yp-tfq1NxBk.001,test,0.8035465,3.9659522
ytSIdQkw3gc.001,test,-0.16152802,1.1881547
yw-2AGeAjFc.000,test,-8.241795,5.86678
yyqXzlF8Fgc.002,test,-12.012323,2.176314
yyqXzlF8Fgc.004,test,-12.229766,4.086409
yzKfXFT5KYU.001,test,-1.8209239,-2.609391
z0v9LukQRHU.002,test,-1.0462189,2.8108463
z0v9LukQRHU.003,test,0.29481328,-0.07800403
z1q3ktuRdII.004,test,-6.1155405,-1.6188319
z54OqeICELg.002,test,-1.9733356,-17.421713
z6E5hLYhaZk.000,test,2.4647534,-17.039742
zF3Uk2OAJAE.003,test,-4.0419555,-12.661555
zFVjcb45pjI.000,test,-4.872676,4.731015
zJEnT19uoPY.003,test,-15.150044,5.194554
zMXfMcqpPwQ.003,test,-0.40595016,-6.2725353
zMXfMcqpPwQ.004,test,1.5180278,-5.5234857
zNmuwZkaeVg.004,test,-5.897538,10.289276
zWetcoNHgrQ.001,test,-6.5572143,3.1783419
zeUC7e-4w1E.001,test,3.6120777,-7.7635665
zwO2zBdbCb4.004,test,-6.5009823,-0.4757649
zyGz_H1UTnQ.000,test,-13.036017,4.660686
zyGz_H1UTnQ.001,test,-11.186681,5.7678804
