clip_id,split,pc1,pc2
--Ymqszjv54.001,train,-7.162648,0.26086608
--Ymqszjv54.003,train,-5.097126,4.958025
--Ymqszjv54.004,train,-4.0022345,9.241139
--Ymqszjv54.005,train,-8.106212,8.784998
-2qsCrkXdWs.001,train,-5.8433723,-1.9012592
-55DRRMTppE.000,train,19.651878,-4.1638975
-55DRRMTppE.005,train,11.18613,-1.8851148
-5riMLK-PgU.001,train,12.094978,13.41541
-6otZ7M-Mro.000,train,-1.0828339,-1.7158823
-6otZ7M-Mro.001,train,-5.383813,0.032233827
-8asrRvfJWA.003,train,11.217118,-1.4891229
-8asrRvfJWA.004,train,10.385085,5.05794
-9BZ8A9U7TE.000,train,-5.5370355,-0.74181944
-9BZ8A9U7TE.003,train,-1.4095317,-3.2562957
-9BZ8A9U7TE.004,train,-0.8902591,-3.3842454
-AmMDnVl4s8.003,train,12.362567,-8.35159
-C5M9g4Quzc.002,train,15.961035,17.979698
-DOqN0d8KHw.002,train,-18.940535,0.7690592
-DOqN0d8KHw.003,train,-18.740654,-2.7071888
-Gl98Jn45Fs.000,train,-0.5307888,4.13137
-Gl98Jn45Fs.001,train,-0.8958786,1.459159
-Gl98Jn45Fs.003,train,-1.4925877,0.6177483
-IK--4uz5ZY.000,train,-10.225162,-1.2168238
-IK--4uz5ZY.002,train,-8.423494,1.7199169
-IK--4uz5ZY.003,train,-7.147297,-3.4186387
-IK--4uz5ZY.004,train,-9.591685,-0.5920621
-N6QKrbnaDs.005,train,-26.467672,8.897213
-NwfYYf5xLo.005,train,6.21495,3.8840666
-OXMbG7ZwRk.000,train,-15.763698,-0.78671587
-OXMbG7ZwRk.003,train,-14.256816,-0.8931194
-OXMbG7ZwRk.004,train,-16.486437,-0.38536683
-OXMbG7ZwRk.005,train,-16.197996,-2.3374765
-Osv5l1vrNU.001,train,6.316248,-6.8549085
-Osv5l1vrNU.004,train,10.108837,-1.9742936
-R2SZu3SYgM.000,train,-10.646487,-2.9003575
-R2SZu3SYgM.004,train,-8.082682,-2.121037
-RhPxhfpg4U.001,train,-7.701137,7.194182
-RhPxhfpg4U.003,train,-12.200201,2.6656735
-RhPxhfpg4U.005,train,-12.702843,1.1046466
-VTqcHNgH7M.002,train,-4.45175,-6.7704716
-VTqcHNgH7M.003,train,-6.2658587,-4.711224
-VTqcHNgH7M.004,train,-3.4818509,-6.5463634
-Wqk9eex6bQ.002,train,-20.91804,-3.1132133
-Wqk9eex6bQ.003,train,-17.02216,-5.473526
-Wqk9eex6bQ.004,train,-17.667358,-5.337739
-Wqk9eex6bQ.005,train,-14.8861,-5.4912333
-aU2FN5pkWA.001,train,-8.349496,-9.485651
-aU2FN5pkWA.004,train,-11.514139,-6.846219
-agCXYgb7pI.004,train,-16.553978,0.9336604
-awAu11kBZ0.000,train,10.209731,-13.932287
-c2HtptBFxY.002,train,-15.347862,-6.8693805
-c_tyGzShwk.004,train,-5.152318,-1.5456988
-fXqnCljdm0.000,train,-14.275143,3.7923107
-fXqnCljdm0.003,train,-6.4517593,10.808716
-fqiCqZtgYs.001,train,18.309671,-8.312376
-fqiCqZtgYs.002,train,2.5835261,-1.1442708
-fqiCqZtgYs.003,train,8.498637,8.472666
-mt-IKgGhuY.004,train,-11.117023,-3.7875116
-utrsarZeIY.001,train,22.00253,-6.1359825
-utrsarZeIY.004,train,30.465094,-8.609476
-zNyDPzId4E.001,train,27.767042,-4.9554996
-zNyDPzId4E.003,train,33.25076,0.18880828
01qN-BqJXRM.005,train,-6.827755,-1.0014545
04oq2yrBwMg.001,train,-18.42723,-0.24193758
04oq2yrBwMg.004,train,-21.70901,-0.274108
05l5bteT_qA.000,train,3.0428941,-5.494896
05l5bteT_qA.001,train,1.5579072,-7.717346
0C6i34q2-f8.000,train,9.928148,18.526566
0C6i34q2-f8.001,train,-3.8141644,16.027758
0C6i34q2-f8.003,train,-9.459994,2.3423932
0D7W2pR4RpQ.004,train,22.797369,-7.9135222
0FVu7VKIg2s.000,train,4.3837223,5.1752405
0G9vplL8ae8.001,train,-13.688401,0.13709253
0G9vplL8ae8.003,train,-14.582952,-0.31150118
0LqfKzp11kg.000,train,3.6896179,7.825739
0MB91ku0eEw.003,train,-10.6637535,4.6254916
0ObEtA6Q8vU.002,train,-15.85308,-4.0056067
0ObEtA6Q8vU.003,train,-13.656469,-7.579665
0ObEtA6Q8vU.005,train,-5.6823306,-5.7358084
0QTR0WiJSNk.001,train,11.8383045,6.623893
0RLFM1ehSFM.000,train,-4.634192,5.403049
0VnZngec8sc.001,train,-18.552343,-2.0818388
0VnZngec8sc.003,train,-18.37198,-2.825194
0VnZngec8sc.004,train,-16.67483,-2.5103228
0Wr69VD_oXI.004,train,-0.13770469,-3.1443405
0ZK5jQAvhFo.004,train,-16.803795,-1.5043081
0_xOGmydDN0.001,train,-19.21962,0.5689867
0_xOGmydDN0.002,train,-20.83006,1.8302166
0_xOGmydDN0.003,train,-19.789673,-1.4453945
0_xOGmydDN0.004,train,-18.275898,-2.6251225
0axZSeaUbfs.002,train,-11.943729,-2.218485
0axZSeaUbfs.004,train,-13.425932,-4.606788
0axZSeaUbfs.005,train,-14.81162,0.13012527
0dIqLMMn4jY.000,train,9.664215,3.1707423
0fMw9o1v2tY.001,train,14.343286,-11.678659
0fMw9o1v2tY.002,train,11.953627,-12.148147
0fMw9o1v2tY.003,train,16.378275,-17.255228
0gv5Z0qt2jc.000,train,-9.699639,5.765777
0gv5Z0qt2jc.001,train,-14.495074,2.887364
0gv5Z0qt2jc.002,train,-12.4950695,5.3213487
0gv5Z0qt2jc.003,train,-11.985865,2.9227116
0gv5Z0qt2jc.004,train,-14.268203,5.981965
0gv5Z0qt2jc.005,train,-12.13855,3.683235
0hWbtuRVUgM.001,train,5.922633,-10.216834
0hWbtuRVUgM.005,train,-0.56337994,-7.378033
0iQIfGnKflc.001,train,6.51139,17.913641
0iQIfGnKflc.002,train,-0.7662809,10.691848
0iXXdsO95O0.000,train,6.9608326,11.964604
0kg6pmbSN6A.000,train,18.988567,16.953066
0kg6pmbSN6A.001,train,22.69136,18.078604
0kg6pmbSN6A.002,train,16.944296,18.14673
0kg6pmbSN6A.005,train,11.042697,10.686244
0mym1CooiTE.000,train,-1.312421,-1.330014
0mym1CooiTE.001,train,-4.7716684,0.053333454
0mym1CooiTE.003,train,-1.8025118,-4.8778067
0mym1CooiTE.004,train,-2.4384744,-0.5038372
0n2vWTs6XwA.001,train,31.398312,7.8187485
0tse0Fsy_rg.001,train,3.989634,8.357916
0tse0Fsy_rg.002,train,16.079668,1.5727147
0tse0Fsy_rg.004,train,15.030819,6.9983673
0u56Q_QmxIM.002,train,-19.502735,4.1120443
0u56Q_QmxIM.004,train,-20.454725,1.2494012
0uCqd5hZcyI.000,train,-1.8324362,-3.341922
0uCqd5hZcyI.005,train,0.4368531,-6.4030128
0zJcYnsh55g.003,train,27.094725,-3.3684993
1-GgVRmAEoo.002,train,-9.039323,-1.4415159
1-GgVRmAEoo.003,train,-4.3979683,2.8400965
1-GgVRmAEoo.004,train,-10.123394,-3.161016
117jrwvl2Nc.000,train,-11.848424,-2.0490263
117jrwvl2Nc.004,train,-11.333713,-5.278662
12Ezy1y1cWY.001,train,37.44394,6.188295
12Ezy1y1cWY.005,train,20.252691,15.275489
12Hbl_oZF9c.001,train,1.0372617,-16.048658
12Hbl_oZF9c.003,train,5.595395,-15.258404
12lqQE6oPNE.001,train,2.2308726,-0.830619
13KtmgntgQw.002,train,-12.88305,2.460122
13XlKeC_p3U.000,train,3.7792697,-3.649453
13XlKeC_p3U.001,train,0.12864141,-3.3013194
13kjwEtSyXc.000,train,-10.202637,2.040383
13kjwEtSyXc.002,train,-6.1955237,11.604798
13kjwEtSyXc.004,train,-9.726013,4.0510764
15yOT2ZolPE.002,train,-12.674819,-3.1389358
176vWywoq9E.000,train,-15.174935,3.4332402
176vWywoq9E.001,train,-17.377207,2.8399286
176vWywoq9E.002,train,-8.045201,3.3826566
176vWywoq9E.004,train,-14.632984,0.9632098
184MlJCcboQ.000,train,-0.1880616,-3.7326586
186c7kCyCHQ.005,train,-7.0323267,1.9423552
19cplBTXyoY.002,train,9.835366,-12.418217
19pTUX8KfYM.000,train,-7.92111,-5.5828023
1AMp8Y_0UGc.000,train,8.518875,2.3752835
1AMp8Y_0UGc.002,train,7.7131395,7.8305855
1AMp8Y_0UGc.004,train,6.9692507,10.549261
1CYzbX8AaP8.001,train,-1.7171384,3.0545344
1CYzbX8AaP8.003,train,-11.116147,-0.18674318
1DCnIad1Y0w.002,train,14.691605,0.28238073
1Gn4GX8miWQ.000,train,-9.101013,-2.9579527
1Gn4GX8miWQ.001,train,-5.63308,-2.342052
1Gn4GX8miWQ.002,train,-7.113976,0.34025386
1Gn4GX8miWQ.003,train,-4.8953314,-0.89415425
1Gn4GX8miWQ.004,train,-4.545029,-0.3486789
1Gn4GX8miWQ.005,train,-8.190506,-1.2239313
1Kb5d-w3YJ8.002,train,-8.996733,1.2319698
1Lv72Si4GnY.001,train,9.976248,-5.1241555
1OGu_7IljCo.004,train,-8.616836,0.6368832
1RMdiCbNNh4.003,train,14.000819,-12.271363
1RMdiCbNNh4.005,train,9.3831005,-11.325988
1S0SxmfbOus.002,train,-12.356044,1.6577922
1UaqZEUUk9I.000,train,-0.18883994,-1.6625683
1UaqZEUUk9I.002,train,-3.4654355,1.5907735
1W7XLdNpEgc.001,train,10.458522,12.654872
1W7XLdNpEgc.005,train,11.235046,7.707127
1Wh2mIFrGvk.001,train,32.10578,6.0942593
1XqMZQu_pP4.002,train,7.6804934,-0.08190592
1YsZ4GPpyBA.004,train,4.1389003,-2.7662868
1YsZ4GPpyBA.005,train,7.6797934,-3.021629
1ZqHFoxLz54.000,train,3.3842816,1.0326972
1cqwKxx6GF8.001,train,3.246233,-12.366431
1cqwKxx6GF8.004,train,4.2602205,-9.672581
1cqwKxx6GF8.005,train,-0.51700395,-8.698186
1dOaM7zWPo8.000,train,-7.138233,-1.3424346
1eOvtoZCie8.000,train,-0.33337292,-0.007813821
1eOvtoZCie8.002,train,-1.6163017,1.5677472
1eOvtoZCie8.004,train,-1.0012913,-0.59454066
1eOvtoZCie8.005,train,-2.328868,7.8004375
1fsFL_qNYlQ.001,train,-10.44201,-9.241722
1fsFL_qNYlQ.005,train,-10.945715,-10.086212
1hpZ2ecWqtI.002,train,-11.665843,-0.03730742
1hpZ2ecWqtI.003,train,-9.352563,4.298572
1hpZ2ecWqtI.005,train,-9.874061,0.034460258
1izSTcQI7H4.000,train,-16.297123,-2.9386597
1izSTcQI7H4.004,train,-16.982706,-3.2001586
1jC4vsQsjwM.002,train,-11.642029,-5.9694033
1jC4vsQsjwM.004,train,-13.342001,-7.8589516
1jC4vsQsjwM.005,train,-9.178137,-8.11649
1m67onLoRwY.000,train,-14.552488,1.3172243
1m67onLoRwY.003,train,-11.6702385,-5.166578
1mHjMNZZvFo.000,train,-1.3136389,-4.598466
1mHjMNZZvFo.003,train,-3.9819727,-1.5198722
1mHjMNZZvFo.004,train,-3.7426608,-1.280411
1mHjMNZZvFo.005,train,-2.8362951,-1.185598
1mODTfLRGdI.000,train,-6.587627,-8.586327
1mODTfLRGdI.001,train,-4.770608,-13.691044
1mODTfLRGdI.003,train,-7.701762,-11.990771
1mReUxIEuw0.000,train,16.172985,1.2610524
1mReUxIEuw0.005,train,18.239721,-2.9978116
1mdMhaq5p4w.001,train,16.780241,-7.331212
1mdMhaq5p4w.002,train,19.15082,-0.012733386
1mdMhaq5p4w.004,train,22.001938,-4.616176
1mdMhaq5p4w.005,train,25.66703,0.18542753
1mfrM-FT-5E.000,train,-3.7059362,13.804269
1pm5uoU85FI.000,train,11.284531,-0.093837306
1pm5uoU85FI.001,train,19.954405,0.893561
1pm5uoU85FI.003,train,-0.90938073,3.9418597
1q-N_zbsAg0.000,train,-1.4073894,-6.781461
1q-N_zbsAg0.001,train,-1.166432,-0.15918678
1q-N_zbsAg0.003,train,-3.0373747,1.0490752
1q-N_zbsAg0.004,train,-4.145419,-10.204822
1sjXuXtx9-E.000,train,5.495234,-10.502543
1tPH6PNeOSk.002,train,13.519571,0.62435627
1tPH6PNeOSk.004,train,7.3118095,2.855387
1uCO2d0pFg0.000,train,-4.2506943,-0.17830561
1wWMWbl6ILg.004,train,4.7880993,5.8321795
1yIGI42lzak.001,train,6.5920386,8.888372
1yIGI42lzak.002,train,0.7548949,8.77219
1yIGI42lzak.003,train,-0.07179822,6.9879804
1yIGI42lzak.005,train,2.0460002,6.644967
1yjRBwUiYxs.005,train,-15.946192,-3.3223107
2-LDYe7OXZU.000,train,-3.704183,5.859413
2-LDYe7OXZU.001,train,-2.424135,3.3185434
2-LDYe7OXZU.003,train,-4.26799,10.801066
2-LDYe7OXZU.005,train,-2.835338,5.862217
26ZnknvfdNM.001,train,-3.9669652,2.2685401
26ZnknvfdNM.002,train,-7.0073166,3.9255207
26ZnknvfdNM.003,train,-3.713282,3.457056
26ZnknvfdNM.004,train,-7.8516283,3.528162
29UCGJldICw.005,train,19.172098,-0.2618489
2AV8m02PjdU.000,train,23.921125,-0.22344983
2AV8m02PjdU.002,train,24.52626,-0.3901947
2AV8m02PjdU.003,train,16.75146,5.0694456
2AYq7CdNXNo.000,train,2.4267924,-8.630789
2AYq7CdNXNo.001,train,3.187995,-7.76966
2AYq7CdNXNo.003,train,0.2523607,-9.933868
2AYq7CdNXNo.004,train,6.291973,-10.697107
2DZb5yIc6Fg.001,train,-11.297619,8.978423
2DZb5yIc6Fg.002,train,-15.252623,-1.8747993
2DZb5yIc6Fg.003,train,-12.074965,4.4795465
2Fgn78rYjPM.005,train,-7.025525,-0.21132205
2GHz8LYflE0.000,train,29.038303,-20.557037
2HE6cw3HFPk.001,train,10.257733,-5.378959
2HE6cw3HFPk.003,train,-0.3188868,-2.9626143
2IwWILRuuNU.003,train,-11.382426,1.6600502
2IwWILRuuNU.004,train,-8.875528,2.375667
2IwWILRuuNU.005,train,-8.232844,1.8261714
2KSBoJZMcMU.003,train,-12.3595,-0.6653745
2KSBoJZMcMU.004,train,-10.568135,0.35917833
2KSBoJZMcMU.005,train,-9.545631,-2.2667472
2Lgd2Ye-1L8.000,train,-4.9134507,-0.5116033
2NNYN1ZCJhw.003,train,-4.400944,-6.2456293
2OAA4slRc5M.004,train,-5.549471,6.764667
2P1FbMJLUAs.000,train,26.605503,10.185081
2P1FbMJLUAs.003,train,34.74105,0.45988992
2P1FbMJLUAs.005,train,38.909973,0.6128593
2PSGksTyrnI.001,train,-14.343974,-6.1089816
2PSGksTyrnI.003,train,-11.971259,2.8578463
2PSGksTyrnI.004,train,-7.1053457,2.218122
2PSGksTyrnI.005,train,-9.015231,-1.8554542
2RQGNwx_nlI.000,train,4.7911377,-6.1861954
2SzC9dm4Yy4.002,train,41.74018,-6.85256
2T3oK1Gse2g.000,train,8.7718935,3.1486344
2T3oK1Gse2g.002,train,21.175241,1.7502217
2TMl5EMrdVI.002,train,24.451778,5.210245
2TMl5EMrdVI.003,train,-0.9928999,13.939162
2TMl5EMrdVI.004,train,11.748441,13.360409
2TMl5EMrdVI.005,train,7.7206407,22.323523
2TXrDZgbDHE.001,train,6.405741,12.858554
2TXrDZgbDHE.005,train,12.432194,11.50139
2TbU3Eg2i4A.003,train,-3.620644,-11.107702
2TbU3Eg2i4A.004,train,-13.415094,-5.9200773
2TbU3Eg2i4A.005,train,-4.701589,2.1194615
2UqnC_rFcRQ.001,train,-19.55141,-2.519616
2UqnC_rFcRQ.002,train,-18.079319,-0.9142504
2UqnC_rFcRQ.003,train,-16.094818,-5.2562838
2WuhWF4fAOQ.001,train,34.60691,-19.426939
2WuhWF4fAOQ.002,train,20.055231,-15.985961
2WuhWF4fAOQ.003,train,14.87079,-6.019996
2WuhWF4fAOQ.004,train,15.234524,-15.767191
2_OOIcYfLV0.003,train,22.56542,-7.4810934
2bAsXLQjlt8.001,train,-18.30889,-5.3851852
2bAsXLQjlt8.002,train,-16.888351,-7.9760203
2bAsXLQjlt8.004,train,-19.469246,-6.6584196
2bAsXLQjlt8.005,train,-19.356716,-5.512401
2ceHmUmguzk.000,train,14.853694,13.980215
2ceHmUmguzk.001,train,11.215975,12.45186
2ceHmUmguzk.002,train,10.192381,17.016447
2ceHmUmguzk.005,train,5.0452585,7.5304604
2d6btbaNdfo.004,train,7.518081,8.869761
2f7rLXwzP3s.000,train,21.694683,-19.87893
2f7rLXwzP3s.002,train,20.469393,-19.846828
2fzLibPAtvI.004,train,20.394033,-14.077457
2fzLibPAtvI.005,train,17.658922,-13.468803
2hhqEWiv4eI.000,train,-16.931099,-3.8533328
2hhqEWiv4eI.001,train,-18.954983,-4.185139
2hhqEWiv4eI.002,train,-15.92757,-4.1746364
2hhqEWiv4eI.004,train,-15.385549,-5.2463346
2kqPuht5jTg.002,train,-7.4906554,-3.480168
2kqPuht5jTg.004,train,-10.517574,0.8317283
2kqPuht5jTg.005,train,-10.317344,-2.2972965
2mfmw63l88g.001,train,-1.8235631,15.107818
2mfmw63l88g.003,train,-4.81838,13.737917
2mfmw63l88g.004,train,-3.2897978,12.683084
2mfmw63l88g.005,train,-2.6543837,14.829762
2mgj9ncREyA.000,train,0.6803425,-2.4079392
2mgj9ncREyA.005,train,16.694412,-2.6810856
2oEUp9sGRGk.000,train,-7.5617657,5.5206075
2oEUp9sGRGk.001,train,-3.0735273,4.4252434
2oiXF5_gTyk.001,train,0.71347135,0.73367476
2oiXF5_gTyk.002,train,5.936279,3.004311
2oiXF5_gTyk.003,train,0.15541758,-1.6739321
2pNKs0i3YkY.002,train,29.861242,2.806412
2q7ZwMoPvok.000,train,16.194086,0.15598434
2q8orkMs2Jg.000,train,22.75031,-1.3405234
2q8orkMs2Jg.003,train,41.377644,-4.889996
2q8orkMs2Jg.005,train,30.711784,-6.0674796
2r5NVi3SZ2I.000,train,5.648607,1.2256618
2rV3Ibtdnvs.000,train,-13.740706,-4.384264
2uAJJH7B5aw.000,train,-11.011294,5.2527676
2uAJJH7B5aw.001,train,-7.9701295,3.5162215
2uAJJH7B5aw.003,train,-9.898731,3.5645692
2x8GZaBY6TM.001,train,-14.575874,-1.0209585
2x8GZaBY6TM.002,train,-13.581587,-0.06706935
2x8GZaBY6TM.003,train,-17.068544,-2.7034376
2yUnXroXyeI.003,train,-8.65065,-7.7928014
300gK3CnzW0.000,train,-8.056677,10.607834
300gK3CnzW0.002,train,-7.106489,5.259242
300gK3CnzW0.004,train,-4.8082633,7.656945
32XmVytuwQc.001,train,3.478806,-13.344516
35-2f1y0guA.000,train,-5.4242983,8.1725855
36NZ0sHWQFg.001,train,3.9428113,26.760426
36sZ__mv_KY.003,train,-7.15853,0.9545096
38fE5B4ghw0.000,train,15.098447,-12.552321
38fE5B4ghw0.002,train,17.144068,-12.20124
38fE5B4ghw0.003,train,14.214273,-12.858491
38fE5B4ghw0.004,train,14.6443205,-12.38345
38fE5B4ghw0.005,train,21.480288,-12.233979
39BJkEXJpgc.001,train,0.0001990728,-1.7475164
39BJkEXJpgc.003,train,-3.055955,-2.9774158
39BJkEXJpgc.005,train,0.9413515,-1.3386097
39o1zJFeM7E.001,train,-1.3534536,-2.635628
39o1zJFeM7E.002,train,0.43468383,-1.4993522
39o1zJFeM7E.003,train,1.4456388,-1.0976944
39o1zJFeM7E.004,train,16.873661,1.7196108
3AyjQQYmqU4.000,train,-4.365267,0.69434506
3AyjQQYmqU4.001,train,-7.043704,-1.0640622
3AyjQQYmqU4.003,train,-9.546134,1.6575357
3DURnr95fMg.000,train,-9.853283,7.1599927
3DURnr95fMg.002,train,8.201255,23.545675
3DURnr95fMg.004,train,-1.361209,12.509257
3GylAjrajHs.003,train,-4.8504415,0.9477729
3GylAjrajHs.004,train,-4.6808805,-1.2664654
3HA2W1s4oP8.000,train,-15.331069,-3.5442698
3HA2W1s4oP8.001,train,-15.162895,-0.85422146
3HA2W1s4oP8.002,train,-11.711519,-0.8331342
3HA2W1s4oP8.003,train,-16.595837,-1.1957047
3J7Cl3FXs1o.001,train,3.850551,-0.17057838
3J7Cl3FXs1o.004,train,-4.889596,-3.5550728
3JAFkk42zPs.004,train,-11.158702,6.5542774
3JAFkk42zPs.005,train,-13.293633,3.330025
3JzvXA-Zfbs.000,train,-7.3773694,-2.6129951
3JzvXA-Zfbs.001,train,-10.502759,1.8407851
3JzvXA-Zfbs.002,train,-4.902378,-1.6182283
3JzvXA-Zfbs.003,train,-7.3196645,-4.741896
3K16KyiAZHw.004,train,6.9701214,-2.274347
3LAaFUSGvsU.001,train,-21.888897,-0.8123972
3LAaFUSGvsU.003,train,-21.241577,-2.1031556
3LAaFUSGvsU.004,train,-22.891018,-3.587273
3OoQBXWTGfE.000,train,-9.214452,-1.15628
3OoQBXWTGfE.001,train,-9.53377,3.7453892
3OoQBXWTGfE.002,train,-10.567333,-2.5983942
3OoQBXWTGfE.004,train,-13.559606,1.6118785
3P_D_bd-_NM.000,train,-1.8538595,8.862142
3P_D_bd-_NM.001,train,8.196761,0.96328706
3P_D_bd-_NM.003,train,-2.6748052,2.8127024
3P_D_bd-_NM.005,train,-3.3419962,-0.58473814
3Q3SB1dVAng.000,train,-5.5729413,-7.589256
3Q3SB1dVAng.001,train,-5.931061,-7.8333535
3Q3SB1dVAng.002,train,-1.0881,-7.6873264
3Q3SB1dVAng.003,train,1.4375117,-10.955441
3Q3SB1dVAng.005,train,1.6629369,-6.7834616
3R2LrAKCWr8.001,train,-10.393214,-8.043883
3R2LrAKCWr8.002,train,-12.305389,-5.9991565
3RhBqNzCMG8.001,train,9.189174,-4.796163
3S72dDIm1fM.000,train,-13.742413,-2.6074655
3S72dDIm1fM.001,train,-17.321672,1.3708307
3S8QUGYVf_w.000,train,-13.779375,-2.4693651
3S8QUGYVf_w.001,train,-18.19835,-3.4427311
3S8QUGYVf_w.003,train,-18.295797,-2.7513638
3S8QUGYVf_w.004,train,-17.127825,-2.322566
3Sj-GZ3YXWs.000,train,-10.918107,4.0318885
3Sj-GZ3YXWs.001,train,-7.9012904,9.3988
3Sj-GZ3YXWs.002,train,-6.861082,7.138406
3Sj-GZ3YXWs.004,train,-10.33088,0.2337302
3Sj-GZ3YXWs.005,train,-11.655164,7.768167
3VTL2kFt17M.000,train,3.5916886,-10.641759
3VTL2kFt17M.002,train,29.826775,0.56381935
3VTL2kFt17M.004,train,15.30864,2.2137258
3VTL2kFt17M.005,train,13.79602,-1.8602277
3Vr5-zedeWk.000,train,-16.656914,1.2781335
3Vr5-zedeWk.002,train,-9.74398,4.9242005
3Vr5-zedeWk.003,train,-10.489681,1.6291778
3Vr5-zedeWk.004,train,-12.758112,0.32811388
3Vr5-zedeWk.005,train,-8.007629,-1.11594
3VyriB3isO8.001,train,17.524347,12.763584
3VyriB3isO8.004,train,11.520057,11.5137825
3WPXm_5f4Lw.002,train,40.829376,0.07471073
3WmWJ1lNy-U.000,train,-8.823875,1.338405
3WmWJ1lNy-U.001,train,0.06965779,5.0336742
3WoXkI06zGk.001,train,41.803703,5.417808
3WoXkI06zGk.002,train,36.840454,3.2163568
3WoXkI06zGk.003,train,40.108624,5.3712244
3ZwXifihvtA.000,train,21.27971,13.275911
3b9fhd-EDaY.001,train,-5.471181,2.0689602
3ccY8jYkI5o.000,train,-1.3554502,2.3705723
3ccY8jYkI5o.002,train,-2.5252297,-1.2200617
3ccY8jYkI5o.004,train,-1.9460323,3.6600194
3ccY8jYkI5o.005,train,-1.1549658,1.2888275
3df_Uk9EmwU.000,train,28.196346,-16.665144
3df_Uk9EmwU.001,train,25.521605,-15.379125
3df_Uk9EmwU.004,train,27.649277,-13.777881
3df_Uk9EmwU.005,train,27.212889,-17.206478
3g6Ab-BIbR4.001,train,-5.6611485,-5.5303636
3gKpBq-1yG4.000,train,2.963853,2.0532286
3gKpBq-1yG4.001,train,-1.6933475,1.9641287
3gKpBq-1yG4.002,train,14.824028,2.5855877
3gKpBq-1yG4.003,train,4.6669497,3.1025515
3gKpBq-1yG4.004,train,0.6079768,2.5470238
3gKpBq-1yG4.005,train,17.243868,4.716703
3gmc2kLV4Bo.002,train,-0.061437044,-2.0812519
3hKgh9AB3tk.001,train,-9.256315,-3.059057
3hKgh9AB3tk.002,train,-5.036733,2.8464835
3hKgh9AB3tk.005,train,-14.484555,-3.8087883
3lV-sr3NOUo.003,train,-11.830168,3.1105635
3lV-sr3NOUo.004,train,-6.5726433,1.7156326
3nxH1f6IQjQ.000,train,-2.155487,0.2116572
3orJLMVqWYw.000,train,17.129683,1.4446677
3orJLMVqWYw.004,train,13.639799,3.797785
3pJZOCtAzYE.001,train,6.9820046,-6.447141
3tPq9fNOXZQ.001,train,4.2852254,11.771054
3tPq9fNOXZQ.002,train,6.7501574,8.7190485
3tPq9fNOXZQ.003,train,1.6083325,7.446408
3tPq9fNOXZQ.005,train,4.271427,13.237269
3taD1fEPfC8.001,train,-2.5571256,3.0416198
3taD1fEPfC8.002,train,-8.697019,3.5259705
3taD1fEPfC8.003,train,-5.8200817,0.056643903
3taD1fEPfC8.004,train,-5.3940434,0.47972152
3wRj39GKLJ0.001,train,-10.290744,5.433202
3wgZrRMosvY.002,train,-4.399443,3.5501373
3wgZrRMosvY.003,train,-8.036985,7.1596003
3y3au0hVfm8.001,train,-3.6845632,-6.704181
3ySH8eJQRCI.001,train,-18.480925,-2.851389
3ySH8eJQRCI.002,train,-20.16298,-2.1478214
3ySH8eJQRCI.003,train,-19.489252,-2.327724
3ySH8eJQRCI.004,train,-17.458502,-3.8132362
3ySH8eJQRCI.005,train,-20.272667,-1.0462403
3yU-7AXnFCM.002,train,16.455538,25.732378
3yU-7AXnFCM.003,train,-4.240977,2.1442034
3zAyM2edy1g.000,train,14.170864,8.532098
3zAyM2edy1g.001,train,28.427752,12.280629
3zAyM2edy1g.004,train,17.54441,9.600964
40rn4A64Bdk.001,train,-7.7394414,-7.322331
40rn4A64Bdk.003,train,-5.145387,-3.71384
41NNb7cucVo.000,train,13.509813,4.2534127
41NNb7cucVo.001,train,10.908589,2.9911964
41NNb7cucVo.002,train,15.391996,2.486304
41NNb7cucVo.003,train,16.423258,1.2151598
43tayteIFRk.005,train,-17.891022,-3.1760685
44rxmXiga90.001,train,-9.649818,4.48327
44rxmXiga90.002,train,-0.027442636,6.976198
44rxmXiga90.003,train,-12.629842,8.406653
44rxmXiga90.004,train,-10.279831,3.3492248
44rxmXiga90.005,train,-1.9940547,12.922676
45SH4ohAH3M.000,train,-13.614864,-3.1659412
45SH4ohAH3M.001,train,-13.521458,-2.8973458
45SH4ohAH3M.005,train,-9.759392,-5.458577
48S9_KZvzVw.001,train,-13.918603,-0.57661796
48S9_KZvzVw.003,train,-13.40287,-2.3723483
48S9_KZvzVw.004,train,-17.111917,-3.41223
48S9_KZvzVw.005,train,-14.370445,-0.6466966
495hLlCEW64.001,train,6.057822,-6.9831767
495hLlCEW64.002,train,21.079384,-5.973228
495hLlCEW64.003,train,4.856675,-10.196938
4CSV8L7aVik.000,train,33.64395,-8.4481125
4CiR99jTzso.000,train,32.08038,2.4472723
4F-WBGPXiqQ.001,train,-6.338774,1.7045776
4ICb270oLpE.000,train,-11.047653,-9.959474
4ICb270oLpE.002,train,-10.690059,-10.501199
4JYmE9a21aI.002,train,-12.465512,-3.8542025
4JYmE9a21aI.004,train,-7.2440915,-2.637839
4JjpfL4y3XM.000,train,7.3845677,13.80898
4JjpfL4y3XM.001,train,6.1499968,17.339046
4KD3XCMsIBs.004,train,8.769893,-12.052606
4LZJvOecyM8.001,train,1.6282332,9.174771
4LZJvOecyM8.002,train,7.651664,2.746953
4LZJvOecyM8.005,train,26.358152,11.844017
4NzqG0XwOWg.002,train,0.82486886,2.5458505
4NzqG0XwOWg.004,train,-2.6897633,2.9660954
4QUgf0dHnKk.004,train,-13.529189,0.48039448
4QUgf0dHnKk.005,train,-12.858881,-0.1278741
4Qr1BjZhnpg.003,train,14.937219,-13.876507
4RoZPrjRQZE.000,train,-18.308023,0.76267
4T9UUWWRE94.000,train,-4.4238377,7.724345
4T9UUWWRE94.003,train,5.8001146,17.999989
4TpJ1FT2w6Y.001,train,-7.9975977,-3.4386857
4TpJ1FT2w6Y.003,train,-5.195432,-1.551371
4TpJ1FT2w6Y.004,train,-11.8249855,-3.4575682
4TpJ1FT2w6Y.005,train,-7.8966045,-4.388284
4V7doeEKsus.001,train,11.445714,-2.871894
4V7doeEKsus.002,train,21.054977,8.135102
4VwcU0ROy5k.001,train,6.684833,-7.9438996
4VwcU0ROy5k.002,train,5.730521,-17.602749
4VwcU0ROy5k.004,train,7.3338985,-5.0360823
4XdZDodpzac.000,train,-19.213129,-0.62760895
4XdZDodpzac.003,train,-16.853706,-3.9549112
4ZlcaXadwlo.000,train,-3.6755023,8.285159
4ZlcaXadwlo.001,train,-7.713642,3.9206648
4ZlcaXadwlo.003,train,-2.2475717,7.4433956
4ZlcaXadwlo.005,train,-9.594583,16.743607
4a6-tNo-NDM.000,train,-14.159277,-1.6043353
4bDOetaLvZs.001,train,-23.701103,3.4538128
4bDOetaLvZs.004,train,-18.871786,-5.212902
4bDOetaLvZs.005,train,-20.767834,-5.202928
4fN-DKUzgWQ.001,train,-8.96161,-4.52487
4fN-DKUzgWQ.005,train,-12.047787,-1.012941
4kIHxR6s1L4.001,train,5.522832,10.9950285
4kIHxR6s1L4.004,train,-1.5555534,10.211522
4kIHxR6s1L4.005,train,3.3377686,13.018651
4lH5nLSwmoM.001,train,-7.7090354,-2.6366408
4lH5nLSwmoM.003,train,-11.76885,0.38996828
4lIbWq27O84.000,train,-17.121517,3.6410744
4lIbWq27O84.001,train,-16.055355,2.0276513
4lIbWq27O84.002,train,-20.938288,2.9169135
4lj66h4CXI8.002,train,12.215039,-13.821165
4lj66h4CXI8.003,train,17.610464,-11.245998
4lj66h4CXI8.005,train,18.565105,-20.546822
4lyKh2_xCDQ.003,train,30.843647,1.5790571
4lyKh2_xCDQ.004,train,35.57447,-9.368485
4nJLbAKgwfw.005,train,-4.058459,6.1838303
4nir0YtjHVs.001,train,18.538506,-17.181078
4nir0YtjHVs.002,train,15.92665,-14.093702
4sCa35TOxgs.001,train,26.082058,-20.010092
4vJ69g7gAH4.001,train,-20.819,0.84839946
4vdJGgZpj4k.004,train,-0.20890369,2.00951
4vdJGgZpj4k.005,train,-3.7664318,3.2391107
4xdT0Uedsro.000,train,-8.848566,-1.7535614
4xdT0Uedsro.002,train,-6.9021044,-2.1513822
4yogPbHFQ9o.002,train,-15.974419,-4.425252
4yogPbHFQ9o.003,train,-18.15745,-3.655876
4yogPbHFQ9o.004,train,-17.695202,-1.4666947
4yogPbHFQ9o.005,train,-16.56752,-4.9780855
4zkY1SG-7xc.003,train,-9.38748,-3.6101065
5-mwIFjOWZ4.000,train,14.966859,11.439375
50gokPvvMs8.000,train,-14.933804,-2.3627717
50gokPvvMs8.002,train,-14.412382,-0.9902508
51KRxB3g7A8.000,train,9.691787,1.8276373
51hGkzvYP00.001,train,-1.3538388,4.129427
51z2rCqPqPE.003,train,11.521329,-3.9028585
51z2rCqPqPE.005,train,7.6367507,-5.1222644
521sm7CTyfg.001,train,10.027352,0.92485565
521sm7CTyfg.003,train,7.9968634,5.839316
521sm7CTyfg.004,train,7.600424,-0.26653126
521sm7CTyfg.005,train,12.745091,14.271714
53QFyec0uN0.002,train,3.810772,-4.8462334
53QFyec0uN0.003,train,-4.648976,-1.4479249
53gtUkC7IZM.001,train,24.235676,-0.7875067
53srfuqv9LM.001,train,-5.058708,-0.2725007
53srfuqv9LM.002,train,-4.316456,-4.3623786
54JawR1x0II.001,train,-13.900185,10.6359
54JawR1x0II.002,train,-17.833746,10.572447
54K75EhiTEk.000,train,37.274227,-8.058544
54K75EhiTEk.002,train,28.320383,-8.454321
54K75EhiTEk.003,train,18.951834,-5.819749
54K75EhiTEk.005,train,31.112217,-0.27526212
54TGLGvIm_8.001,train,-7.26006,9.428253
54TGLGvIm_8.002,train,-6.749239,11.2198305
54TGLGvIm_8.003,train,-11.370209,7.0374966
54TGLGvIm_8.004,train,-7.8194494,9.227704
57RdMTGegww.000,train,-1.3061706,0.19121808
57o4odfqTs8.001,train,-15.963134,-2.758769
57o4odfqTs8.003,train,-17.02828,-1.3203082
59Smv7wl--w.001,train,-1.5656033,9.202886
59Smv7wl--w.002,train,1.4921826,15.980861
59Smv7wl--w.003,train,-1.940038,15.442782
59Smv7wl--w.005,train,-5.3049974,9.668433
5BPGRteF64Y.001,train,-13.362783,-0.08121502
5BPGRteF64Y.002,train,-12.918761,2.0939927
5BPGRteF64Y.005,train,-13.9334,0.002597448
5Bgd2zgiT0Q.004,train,9.998097,-5.2205787
5CRqN54uejE.000,train,-12.729302,4.077732
5CRqN54uejE.002,train,-7.9736996,19.465958
5CRqN54uejE.005,train,-12.607376,1.0458796
5Eez38v8TuU.000,train,36.224525,-1.0859058
5Eez38v8TuU.003,train,32.168293,2.110226
5Eez38v8TuU.005,train,32.650234,3.9450727
5IqtX-uq28E.001,train,-7.2468915,1.7343436
5IqtX-uq28E.002,train,-2.3210392,1.5664651
5KHOpRCxnwQ.005,train,22.908888,-4.780275
5Ku4_r_Yxsk.000,train,-0.5459451,4.969613
5Ku4_r_Yxsk.001,train,-3.1703494,-4.104666
5Mc-mjLvvGU.000,train,28.30751,5.020911
5Mc-mjLvvGU.003,train,14.103564,8.73748
5PsD_NFMWpQ.000,train,-16.419662,-4.3878865
5T2PhH-OMds.000,train,-14.80076,-0.55430895
5T2PhH-OMds.001,train,-11.238436,-0.44208997
5T2PhH-OMds.003,train,-14.225744,-1.0770382
5TYuLy7JLj4.000,train,0.5383349,8.663297
5U0xeSXEZOU.000,train,34.55646,-26.300812
5U0xeSXEZOU.001,train,32.41908,-18.21596
5U0xeSXEZOU.004,train,33.62837,-18.585817
5U0xeSXEZOU.005,train,28.877802,-21.944921
5VG1EgzvprE.000,train,7.1052284,-2.507713
5VG1EgzvprE.005,train,10.047395,-4.354756
5Wfa94_5Psg.002,train,13.536227,15.719338
5Wfa94_5Psg.003,train,18.181084,19.610928
5Wfa94_5Psg.004,train,17.89498,18.369032
5Wmlo8Z5yVA.003,train,3.4462729,-3.5496862
5bi_PM3XMEQ.005,train,38.440754,3.612724
5f6s8cwA7WQ.001,train,-13.5787945,2.0044003
5f6s8cwA7WQ.002,train,-11.952422,-0.91405743
5f6s8cwA7WQ.004,train,-17.02818,0.6912669
5f6s8cwA7WQ.005,train,-13.210725,-0.07280687
5gJsrcXQvrk.002,train,14.805663,20.826603
5ghk5950BhU.002,train,-8.186253,-4.993618
5ghk5950BhU.004,train,-12.0808325,-4.9058175
5ghk5950BhU.005,train,-12.525381,-5.8464217
5h5Pajjc_xM.001,train,11.3732395,-0.58504045
5hFRSHAis2E.003,train,0.8838982,6.6269364
5hFRSHAis2E.005,train,-4.241653,6.2258277
5kY-Iv6UkeU.003,train,19.793182,4.0321097
5kaqMZ7SB9w.002,train,-6.596554,-3.0451815
5kwoq4EZixQ.001,train,-3.5529656,9.698553
5kwoq4EZixQ.003,train,-0.08498345,12.8040285
5kwoq4EZixQ.004,train,22.060156,29.206108
5kwoq4EZixQ.005,train,6.680753,18.488352
5uFZ-2kYGO0.000,train,32.279026,5.2060375
5wpoKhbt28c.001,train,25.360382,-8.332385
5wpoKhbt28c.004,train,27.312244,-2.296293
5xA8-Y5qgT0.000,train,-18.249634,-2.6196897
5xA8-Y5qgT0.001,train,-19.665176,-0.6018165
5xA8-Y5qgT0.003,train,-19.707125,-0.69387347
5xA8-Y5qgT0.004,train,-19.024231,-1.3814435
5z4G0biL9B4.000,train,-18.760221,-2.3135414
5z4G0biL9B4.003,train,-20.19554,-2.116086
6-O-HJf6OZI.001,train,16.202349,-23.159521
6-O-HJf6OZI.002,train,22.832281,-23.140024
6-O-HJf6OZI.004,train,15.551037,-25.385126
6-O-HJf6OZI.005,train,13.6054735,-23.304447
6-_1-vBNl_0.002,train,16.121046,-20.76159
6-_1-vBNl_0.003,train,11.183212,-19.335243
6-_1-vBNl_0.004,train,14.202699,-22.232973
62ngcaBjRCY.005,train,32.098904,10.076685
65xWDhgq1OE.004,train,-1.7416388,-3.0358775
69BopbFc34U.000,train,-13.688481,8.681091
69BopbFc34U.001,train,-15.012325,8.954598
69BopbFc34U.004,train,-16.967064,8.799791
69EsTnCVCp0.003,train,-15.423847,-0.21535851
6CRet5sD6xI.003,train,0.12266466,-1.5240395
6EMgu2djYrU.001,train,18.850826,0.16679257
6EMgu2djYrU.002,train,13.789826,6.303468
6EMgu2djYrU.004,train,6.1808195,8.219394
6EMgu2djYrU.005,train,14.720472,9.366111
6IOtQTOyQRU.000,train,26.891506,-3.7211106
6IOtQTOyQRU.001,train,27.368237,-13.336222
6JfSPPVUgIg.003,train,17.021097,28.644556
6JfSPPVUgIg.005,train,4.0152926,16.21864
6KKNrufnL80.000,train,9.928201,-13.153181
6LKbPUX03sY.000,train,30.89553,-6.711685
6LKbPUX03sY.003,train,31.70965,-4.8243194
6LKbPUX03sY.005,train,27.752394,-1.9726585
6N02tjYPLh8.000,train,-2.8521802,3.316474
6N02tjYPLh8.001,train,-2.753312,0.4273539
6N02tjYPLh8.005,train,-1.3891165,10.343322
6NHEp_CF2jE.000,train,-11.330413,-2.3139517
6NjuNY4LfQc.004,train,-1.6094065,0.0135622015
6RwVJK3husE.005,train,-1.210293,-4.0496244
6SiutTvCDUw.000,train,-8.577162,3.0740201
6SiutTvCDUw.001,train,-10.616107,2.4715385
6TkMavTyimI.000,train,-7.695002,1.0979974
6TkMavTyimI.001,train,-8.46495,0.5924823
6TkMavTyimI.002,train,-9.845485,8.056389
6TkMavTyimI.003,train,-11.804218,3.597665
6TkMavTyimI.004,train,-10.956457,3.7408736
6TkMavTyimI.005,train,-12.106675,4.937816
6V92xyqy0q4.000,train,-7.344452,-2.5150232
6V92xyqy0q4.001,train,-4.8808784,-4.9394207
6WSr4IW6cNI.000,train,-2.5664656,2.2698147
6WSr4IW6cNI.003,train,-2.257674,1.2899749
6e5BsNaQmTo.003,train,-1.6807917,3.1158125
6ePyEPQp77Q.001,train,-10.49498,2.089134
6ePyEPQp77Q.002,train,-15.018279,-1.1482688
6ePyEPQp77Q.004,train,-15.183295,2.7954073
6ePyEPQp77Q.005,train,-14.932082,1.738441
6h6kk-tPzmE.000,train,-1.106915,-1.0099872
6k8RQViPUTc.000,train,0.6953487,0.4539788
6nbxAP_ZKQQ.000,train,-7.8511825,-7.6281767
6nbxAP_ZKQQ.005,train,-6.434477,-6.97289
6nv6D2moFQw.002,train,-5.999286,-1.4306846
6nv6D2moFQw.003,train,-7.2310877,-2.4312756
6nv6D2moFQw.005,train,-6.16799,-3.3611429
6oL9yyc9iJc.001,train,1.3901134,-7.960101
6oL9yyc9iJc.003,train,3.5353274,-5.626143
6tBnFWDqvJE.003,train,7.678966,5.4021564
6tyhnIgNVs8.005,train,3.9392276,-11.087672
6uqXoPJSoPg.000,train,-11.1302595,4.9352126
6uqXoPJSoPg.003,train,-14.054726,1.169552
6uqXoPJSoPg.004,train,-18.50698,-0.08153171
6uqXoPJSoPg.005,train,-14.710553,1.4840523
6wHQsN5g2RM.000,train,-9.314821,2.035744
6wHQsN5g2RM.002,train,-9.00565,2.1936827
6wHQsN5g2RM.003,train,-7.061426,1.6220149
6wHQsN5g2RM.004,train,-1.4361551,1.189506
6wIEiqmuHOM.000,train,9.089487,4.7813435
6waL_gUxtAM.000,train,12.537993,-11.20461
6waL_gUxtAM.004,train,22.650475,-13.128909
6xlHkQDHxbs.000,train,-6.415704,-11.732833
6zm71IHOCZA.000,train,15.876061,21.121279
6zm71IHOCZA.001,train,14.297609,19.542782
6zm71IHOCZA.002,train,9.279799,21.627632
70FJFG-MISQ.004,train,8.106631,-17.005726
75XbCb7G8kw.001,train,-17.129421,-3.5042832
75XbCb7G8kw.002,train,-18.72826,-4.913075
78zauTEQ-k8.000,train,-0.17006421,-5.5122237
78zauTEQ-k8.001,train,-2.8215883,-5.009116
78zauTEQ-k8.004,train,1.8416473,-8.112018
79xbT95IyKI.001,train,-5.688755,-14.875065
7BgScfRre5M.001,train,-10.830168,5.3196707
7BgScfRre5M.003,train,-12.164696,8.666719
7BgScfRre5M.004,train,-12.670746,2.8615186
7FXs86Z98E0.002,train,1.3186175,6.7072906
7GRC7XjGzX8.001,train,-0.354268,6.2880154
7GRC7XjGzX8.003,train,2.557063,6.5997324
7I-B2bBL0K0.004,train,-5.0452957,-4.7560487
7IegDaeNlik.000,train,23.141842,1.7216303
7IegDaeNlik.002,train,32.98075,0.67256516
7IegDaeNlik.003,train,45.01981,0.20979048
7IegDaeNlik.005,train,30.992863,15.2710905
7Kn5VT9bB4I.001,train,-8.998806,1.1452427
7LHmNEH65Pk.000,train,0.095122404,-6.6644473
7LHmNEH65Pk.002,train,-6.893348,-2.8569305
7LHmNEH65Pk.004,train,-2.0547788,1.9080378
7LHmNEH65Pk.005,train,-1.9194976,-3.0282948
7MwZm3mhSA8.004,train,-15.259508,-3.5007164
7P2F5Mk_Q1s.000,train,13.939089,-17.554268
7P2F5Mk_Q1s.002,train,20.65476,-21.171896
7PYAn9njCHI.001,train,-15.177803,-3.5790026
7PYAn9njCHI.004,train,-16.063139,-4.824057
7QeVs-mXmcI.003,train,-5.284481,0.40755695
7RQbn7LM10I.000,train,13.704551,-23.56328
7TvOygqwNuE.000,train,8.016765,-10.708364
7UQt8QB3cQY.001,train,2.6168704,9.533031
7UQt8QB3cQY.002,train,1.5058182,7.288385
7UQt8QB3cQY.003,train,-2.9357998,9.302756
7UQt8QB3cQY.004,train,2.8167117,11.4689665
7Wr-fwmpRfw.001,train,32.960182,5.611333
7Wr-fwmpRfw.003,train,8.962967,5.073946
7Y3S4nfQHeo.001,train,-14.596183,1.5123484
7Y3S4nfQHeo.002,train,-1.1784681,1.7659137
7Y3S4nfQHeo.005,train,-14.618125,0.34825656
7Y4cUPFEt-4.000,train,-7.088237,1.355192
7Y4cUPFEt-4.002,train,-5.245462,5.887389
7Y4cUPFEt-4.005,train,-5.86902,-2.300995
7ZnijRlK5-E.002,train,31.214651,-13.740203
7ZnijRlK5-E.003,train,28.7116,-16.321878
7b9DirXrkHo.002,train,-6.7450113,2.7627373
7b9DirXrkHo.003,train,-14.855322,-3.7906778
7gyJdWaLpmE.003,train,43.907055,-11.568448
7gyJdWaLpmE.004,train,26.372631,-11.845007
7kO7jYYUVWg.004,train,15.182887,-13.116742
7nJPNkWZDOY.003,train,27.943144,-12.71609
7nhJXn9PI0I.001,train,-8.564579,3.9093556
7nhJXn9PI0I.004,train,-3.8989785,-6.0337753
7nhJXn9PI0I.005,train,-7.2446046,-0.81425935
7pLWTfnOSIU.001,train,3.6211178,13.06765
7pLWTfnOSIU.004,train,9.593655,18.600664
7pLYJKO75_c.001,train,1.5837759,-6.186508
7qGYGbIg45c.002,train,0.8566819,16.033535
7qGYGbIg45c.004,train,11.601415,22.299673
7qGYGbIg45c.005,train,16.390623,20.599104
7rZF73nDGEY.003,train,-0.62955636,1.8627068
7s3itKIXww0.002,train,3.1074016,0.68269145
7tlMys6MZ34.000,train,-1.5644495,-3.468679
7tlMys6MZ34.001,train,-2.3156989,-5.0375905
7tlMys6MZ34.003,train,-0.011056936,-10.561581
7tlMys6MZ34.004,train,3.384074,-6.3255253
7tlMys6MZ34.005,train,0.29331112,-10.866934
7vF5WLD1RxY.003,train,-3.031642,16.47956
7wsksuXYoMY.000,train,-5.485468,-3.5592947
7wsksuXYoMY.001,train,-6.2806373,-5.5527854
7wsksuXYoMY.002,train,-10.116114,-2.4223523
7wsksuXYoMY.004,train,-9.360652,-2.0442405
7wsksuXYoMY.005,train,-8.05825,-4.714982
8-OKP1nf19E.000,train,17.35095,-12.645343
8-OKP1nf19E.001,train,11.738591,-20.669739
8-OKP1nf19E.005,train,10.439388,-17.592478
81f9t2HMNas.001,train,-10.546151,-3.955616
81f9t2HMNas.002,train,-12.408802,3.1177282
81f9t2HMNas.003,train,-10.999507,-2.115234
81f9t2HMNas.004,train,-12.795102,-2.3550255
81f9t2HMNas.005,train,-13.740049,-4.7790327
836kYlEs9GI.001,train,29.687004,21.287731
836kYlEs9GI.002,train,9.352014,5.325302
836kYlEs9GI.003,train,18.037323,5.227687
83cmR2fkyy8.002,train,-16.9389,-3.7707255
83cmR2fkyy8.004,train,-17.567097,-4.7772684
83cmR2fkyy8.005,train,-17.246403,-5.4049025
84Lz5a9yRZg.001,train,6.760653,-2.723074
84Lz5a9yRZg.002,train,4.6662974,-6.204682
84Lz5a9yRZg.004,train,4.986401,0.18288645
84emxO86qa8.001,train,8.5985,6.6397386
84emxO86qa8.002,train,16.067862,6.076711
84emxO86qa8.005,train,11.822398,6.727028
853IG69l2SE.000,train,39.494114,-7.3612556
853IG69l2SE.003,train,34.6768,-14.113477
86HyqfDcAJM.001,train,-10.698484,1.0287992
86upzmhvpXw.001,train,-15.181863,-3.2884033
86upzmhvpXw.002,train,-16.512945,-2.7235186
86upzmhvpXw.005,train,-14.379151,-4.656492
87r3cLkrw4A.002,train,-9.323753,-2.3223455
8AnIttmflwI.002,train,9.542061,6.4996977
8AyIkT2Dg14.003,train,4.4171557,-14.214663
8BE-2l-RBjA.000,train,-17.917555,-0.10819597
8BE-2l-RBjA.003,train,-14.212314,-0.08571501
8Bt-vEroq6M.003,train,-12.994608,0.87571436
8Bt-vEroq6M.004,train,-13.609792,2.8610198
8GFElKeREfQ.000,train,23.23591,12.625192
8GFElKeREfQ.005,train,15.796908,4.740958
8HqEniErmmE.000,train,-15.624597,6.682767
8KyS0FKbKfI.002,train,-6.30655,3.279235
8OGiv7FetSQ.000,train,-1.8022861,-5.5276756
8OGiv7FetSQ.001,train,3.5700235,-0.8484485
8OGiv7FetSQ.002,train,3.119065,-8.344985
8OGiv7FetSQ.004,train,-1.767144,-4.792607
8PXQ_5tUv74.000,train,7.4829345,15.637387
8PXQ_5tUv74.001,train,-2.1914318,0.28890345
8PXQ_5tUv74.004,train,-0.6344301,0.8954373
8PXQ_5tUv74.005,train,-0.7173436,-5.331597
8QtlG5ujHyc.001,train,7.705106,-5.3600287
8RObWRnyuG0.001,train,7.410539,-13.539839
8RVJqjILSD0.000,train,-15.144677,6.7747774
8RVJqjILSD0.001,train,-16.666552,5.5605497
8RVJqjILSD0.003,train,-13.824928,7.614915
8XBprf4NyOg.001,train,-15.417038,-7.798153
8XBprf4NyOg.002,train,-18.835455,-4.857
8XBprf4NyOg.004,train,-16.151348,-3.565659
8XBprf4NyOg.005,train,-17.90163,-5.877437
8XJCdulCPkM.003,train,-17.604822,-4.375984
8XJCdulCPkM.004,train,-19.817823,-5.7871976
8XJCdulCPkM.005,train,-19.517729,-6.0129633
8YQKwMdiaAE.001,train,-5.979628,-4.4671097
8YQKwMdiaAE.002,train,1.9491653,4.9355636
8Yo-27O0P38.003,train,33.3291,17.364103
8Z6PrQdqffA.001,train,5.4625893,-16.792812
8Z6PrQdqffA.002,train,10.62405,-12.826466
8Z6PrQdqffA.004,train,9.168679,-8.562274
8Z6PrQdqffA.005,train,6.2372293,-9.9182
8ZHpqRJ39HA.002,train,-13.265595,-7.907734
8ZHpqRJ39HA.003,train,-15.925986,-6.0947666
8ZHpqRJ39HA.004,train,-14.710024,-1.8767542
8ZHpqRJ39HA.005,train,-13.810418,-1.5956348
8aLr0vNobr4.000,train,-0.46426424,1.4868555
8aLr0vNobr4.001,train,-1.730724,0.88765377
8aLr0vNobr4.004,train,-0.59513724,1.5597293
8aPfoJiDeBY.004,train,-15.40471,3.1367218
8bn3HZY76xU.000,train,-5.5879307,1.9584177
8bn3HZY76xU.001,train,-5.5184093,1.3852015
8bn3HZY76xU.004,train,-10.822045,0.26680475
8c4_VDh2r5s.001,train,-3.8889766,-0.110368215
8cIuBkFoh0s.000,train,7.447283,5.628368
8dVcA5J1Dcw.000,train,11.840226,11.236924
8e4nnel_x-M.001,train,-13.337832,0.33962518
8e4nnel_x-M.005,train,-4.9025073,3.2615786
8eeZjC_bmtc.001,train,26.475985,-25.117306
8eeZjC_bmtc.005,train,23.102732,-27.27193
8g5jPiQ6XdA.001,train,-16.147223,-3.467801
8g5jPiQ6XdA.003,train,-15.593348,-3.859694
8g5jPiQ6XdA.004,train,-15.715389,-6.595967
8gvBbE6iZNo.001,train,-10.164749,-0.9150806
8gvBbE6iZNo.003,train,-8.104809,2.5024536
8gvBbE6iZNo.005,train,-9.655517,0.66410804
8hGOOynn3ZU.003,train,-11.796656,11.543005
8hGOOynn3ZU.005,train,-11.553372,3.5026274
8hW6WfYBP18.001,train,-17.994297,-5.10315
8hW6WfYBP18.005,train,-13.678666,-3.8411992
8hfhLOXpCNM.002,train,16.8641,-10.784585
8hfhLOXpCNM.005,train,14.563959,-5.5717144
8i7H-uSCQcc.001,train,0.14955595,-1.5789689
8i7H-uSCQcc.004,train,-0.28507146,0.80378765
8lg8A_zFOmg.000,train,9.338334,5.4377685
8mZZlnbmOYE.000,train,-11.630092,-0.004043501
8mZZlnbmOYE.001,train,-14.501006,1.7068719
8mZZlnbmOYE.003,train,-12.578305,7.468624
8mZZlnbmOYE.004,train,-12.430457,0.53522867
8n6G3V3-Tk8.002,train,2.949163,11.403004
8n6G3V3-Tk8.005,train,-0.75770587,7.511378
8narByy2B5g.000,train,22.192354,0.4028299
8narByy2B5g.001,train,21.549343,-3.7143202
8narByy2B5g.004,train,29.15836,-5.089404
8pM3X-xsD4s.001,train,1.9145244,-3.6274765
8py6SksNsZQ.001,train,-12.769814,-3.8758392
8py6SksNsZQ.002,train,-11.766804,-5.2502255
8py6SksNsZQ.003,train,-12.668529,-3.8354325
8py6SksNsZQ.005,train,-16.550098,-4.392607
8qDKGnABATw.001,train,7.634565,-0.07423218
8qG1sMihtPA.000,train,4.0483375,-5.6666937
8qG1sMihtPA.003,train,0.8098496,-7.1678534
8qG1sMihtPA.004,train,-0.4840307,-1.0423641
8qesctueAV0.000,train,-11.082501,-6.0412807
8toLcoDcGOY.001,train,14.558931,2.0800629
8toLcoDcGOY.003,train,13.501316,2.7653506
8waTw8jF1Ys.000,train,6.940942,-5.8734813
8xHdW7Zx_OY.000,train,-13.871176,-2.5277965
8xHdW7Zx_OY.001,train,-12.283865,-3.4365041
8yFYvQ_kxW8.000,train,31.397354,-28.341059
8yFYvQ_kxW8.001,train,25.947681,-26.755447
8yFYvQ_kxW8.003,train,22.670542,-22.718948
8yFYvQ_kxW8.005,train,36.277306,-28.36195
8z-WF2UNRb8.002,train,22.89615,-9.360337
9-lptN92A68.005,train,-13.082932,0.5605622
90p68AEmNMA.000,train,14.731205,24.960331
90p68AEmNMA.001,train,6.8431664,12.883977
93XyRBd_HqU.002,train,4.4621444,-10.080642
98fnGDVky00.000,train,1.7046595,17.025358
98fnGDVky00.001,train,-2.4011774,7.746582
98fnGDVky00.002,train,12.421478,10.291852
98fnGDVky00.003,train,-2.976816,13.646895
98fnGDVky00.004,train,-5.860311,3.074156
98fnGDVky00.005,train,14.212521,23.701624
99OBSlFjLXI.000,train,9.919135,-7.61641
99OBSlFjLXI.002,train,8.88553,-9.544593
9AsxY-x-TjM.000,train,21.67106,14.531167
9AsxY-x-TjM.002,train,3.5602627,12.541352
9AsxY-x-TjM.004,train,-1.2246256,12.541169
9CPKW0sqR3E.000,train,0.061627965,-5.1065083
9CPKW0sqR3E.001,train,-0.95794314,-4.304238
9CPKW0sqR3E.002,train,-3.7554853,-4.5574164
9CPKW0sqR3E.003,train,0.18695863,-5.810551
9CPKW0sqR3E.005,train,-2.331673,-5.090293
9Crw2RtrBcY.000,train,-15.536412,-2.0521684
9Crw2RtrBcY.001,train,-15.8485565,-1.2547728
9Crw2RtrBcY.002,train,-12.763198,-2.2007535
9Crw2RtrBcY.003,train,-11.310882,-0.504858
9Crw2RtrBcY.004,train,-11.642957,-1.861498
9DF_-PXbpkg.001,train,-11.62631,-1.002252
9DF_-PXbpkg.002,train,-12.101272,-0.06684469
9DF_-PXbpkg.003,train,-12.298208,0.7450697
9FN1KxoTMtQ.000,train,-13.591083,-0.99980783
9J-KIPMQmqk.004,train,-10.219187,-2.8036885
9J-KIPMQmqk.005,train,-16.353792,1.8866497
9KAqOrdiZ4I.001,train,30.363523,-12.512338
9KAqOrdiZ4I.002,train,35.584564,-15.94803
9Lbj3wpwk-c.000,train,-5.106329,7.7935576
9Lbj3wpwk-c.001,train,-11.029911,3.5951867
9Lbj3wpwk-c.003,train,-4.4226065,10.160863
9Lbj3wpwk-c.004,train,-7.279752,4.9393835
9ND95tPlYt4.000,train,28.545494,7.094388
9QGTbcqb2tM.001,train,-7.1564403,-3.2202659
9QGTbcqb2tM.002,train,-14.165554,-1.451884
9QGTbcqb2tM.003,train,-12.677781,-0.0026402245
9QOFKbaPX3M.000,train,-15.924736,8.906691
9QOFKbaPX3M.001,train,-19.075813,2.7353547
9QOFKbaPX3M.002,train,-17.795559,4.881078
9RfE2-aTvaM.000,train,1.2121273,-2.3339372
9RfE2-aTvaM.001,train,-3.1010976,-1.1420039
9RfE2-aTvaM.003,train,-0.5271205,-2.906563
9SGTRbePKLI.004,train,3.3810833,9.166276
9UEBU_yiTPs.001,train,18.31791,2.0641992
9UEBU_yiTPs.002,train,4.429192,3.701909
9UUtf0_ZR14.001,train,-18.197235,-2.34854
9UWCHrG5mys.001,train,7.6399026,-9.32434
9UWCHrG5mys.004,train,18.164001,-11.493634
9XqeGs2MMic.000,train,-14.601527,-8.797061
9XvDnTa0Z1M.003,train,3.92704,4.1013694
9ZMIYSBYIh8.000,train,21.477829,10.619497
9ZMIYSBYIh8.003,train,15.969438,9.944716
9_6auSk_wkY.000,train,4.846608,1.484015
9_6auSk_wkY.004,train,14.800434,18.043993
9_6auSk_wkY.005,train,8.852578,7.4032245
9a-3LrB7cDI.000,train,-16.359226,2.3366349
9a-3LrB7cDI.003,train,-15.626436,1.7451694
9a-3LrB7cDI.004,train,-16.491348,0.96452135
9a-3LrB7cDI.005,train,-15.48188,-0.8557728
9c66Lb7e1BQ.002,train,-13.261243,0.28880382
9c66Lb7e1BQ.003,train,-8.632325,-2.5488782
9cHxDnk6SUs.000,train,-6.3965597,1.2083726
9cHxDnk6SUs.001,train,-9.935469,2.5034752
9cHxDnk6SUs.002,train,-10.709964,2.893712
9cHxDnk6SUs.005,train,-11.523604,2.9968214
9cWmvIfAAn0.000,train,2.6187682,-2.6050928
9cj8rrj1wSk.000,train,22.153547,-2.3161595
9cj8rrj1wSk.004,train,27.22701,-5.268
9cj8rrj1wSk.005,train,-5.5329437,5.037277
9eNHxfOV2Kg.002,train,30.47338,7.362215
9eNHxfOV2Kg.004,train,19.245152,-1.8383856
9hMSThogdKo.001,train,-14.994638,-2.6065884
9hqH1PJ6cG8.001,train,39.26875,0.62585527
9kEyN8a76j4.004,train,-7.171379,7.6815434
9kEyN8a76j4.005,train,-8.16111,7.4247255
9mAw0B-mEPQ.001,train,6.8355975,-6.200634
9mAw0B-mEPQ.005,train,4.437166,-3.9393766
9mM_0vrO3wc.003,train,-9.65196,-4.1089697
9n8dNi-ERQ0.003,train,24.309198,-20.157059
9n8dNi-ERQ0.004,train,29.031233,-16.893423
9o10YrQykMk.000,train,-9.607304,-2.0154836
9o10YrQykMk.002,train,-7.898566,-0.43224135
9o10YrQykMk.003,train,-8.391364,3.3599403
9pGJyf1MXLY.000,train,10.710878,0.23279917
9pGJyf1MXLY.002,train,4.524474,2.701903
9pGJyf1MXLY.005,train,-3.1122758,-1.1958036
9rF3BEXetOo.000,train,29.059917,-16.248966
9sfpnlBRCl0.000,train,-5.8623567,-0.24061911
9uMpKla2OQM.001,train,-2.3802063,3.9228702
9xJ0rFCU-OM.004,train,16.412561,2.319069
9xJ0rFCU-OM.005,train,22.297583,2.6530175
9yZEb6bdxNY.000,train,-2.6489928,-9.811096
9yZEb6bdxNY.004,train,-1.5787933,-8.613077
9ydyJKZBWiA.000,train,-9.953944,3.2412784
9ydyJKZBWiA.001,train,-14.562646,1.0826244
9ydyJKZBWiA.002,train,-12.601082,0.2662554
9ydyJKZBWiA.003,train,-14.029039,-2.143014
9ydyJKZBWiA.005,train,-11.192903,0.024586873
9z5cV1ANYwE.002,train,6.2663617,-2.7654555
A0braVJH3Pw.000,train,0.519175,-0.9848245
A0braVJH3Pw.001,train,7.5161614,5.1085744
A0braVJH3Pw.002,train,2.0320172,2.0078988
A0braVJH3Pw.003,train,18.570919,10.266012
A0braVJH3Pw.004,train,9.011907,5.157642
A1lbD_OCuj4.000,train,-15.382417,4.5825152
A1lbD_OCuj4.003,train,-17.656076,5.7709675
A1lbD_OCuj4.005,train,-18.04228,8.280552
A3StIKMjn4k.001,train,-15.7460375,1.557572
A3StIKMjn4k.002,train,-10.9083185,5.5375285
A3StIKMjn4k.004,train,-9.20612,5.963989
A3StIKMjn4k.005,train,-14.064869,4.5884194
A4zSLp-1gps.000,train,-13.398515,-3.189503
A4zSLp-1gps.002,train,-10.200333,-4.81434
A4zSLp-1gps.005,train,-12.34892,-3.67522
A6ZWTfKPLPE.001,train,-5.8625984,-1.4293393
A6ZWTfKPLPE.002,train,8.786421,-4.0235877
A6ZWTfKPLPE.003,train,1.735186,-4.288176
A6ZWTfKPLPE.004,train,-0.39787805,-1.864757
A6ZWTfKPLPE.005,train,3.7278442,-4.879356
A7exx3pEPkE.000,train,-9.552099,-3.225461
A7exx3pEPkE.003,train,-11.414052,-3.6414
A7exx3pEPkE.005,train,-13.22839,-4.9517775
A7qb47cmxJo.000,train,-4.61394,-8.690738
A7qb47cmxJo.005,train,-4.715426,-5.1978273
ABWFQuPG1LA.000,train,26.202978,10.9608555
ABWFQuPG1LA.002,train,34.579647,9.433718
ABWFQuPG1LA.003,train,26.142963,13.246808
ABWFQuPG1LA.004,train,37.9807,7.4952545
ABWFQuPG1LA.005,train,7.7082944,6.6789393
ADa9rkwF2uA.000,train,-15.392701,6.7124624
ADa9rkwF2uA.001,train,-10.79645,6.3616366
ADa9rkwF2uA.002,train,-15.327002,3.9165788
ADa9rkwF2uA.003,train,-13.520345,7.1143947
AEqpMdMeMZA.002,train,39.20441,-4.727784
AFQz-qy0FkY.001,train,18.461554,17.342192
AFtQfwBA_gI.000,train,18.502993,4.417598
AFvUxDwJB84.000,train,-8.853519,-1.1177264
AFvUxDwJB84.001,train,-9.397709,-0.19529611
AFvUxDwJB84.002,train,-4.0144925,-2.757821
AFvUxDwJB84.003,train,-10.366798,-0.53183556
AGYoSGlq-ck.002,train,23.14522,0.7391521
AJIphVRpYrg.002,train,16.46706,-4.689574
AJIphVRpYrg.003,train,10.583061,-5.8848734
AJIphVRpYrg.004,train,11.542139,-0.3457833
AJIphVRpYrg.005,train,17.542784,-7.8478103
AP0aklGHino.000,train,-17.33261,-0.41696
AP0aklGHino.003,train,-10.180828,-2.0401783
AP0aklGHino.005,train,-4.4470696,6.35818
APqMkruLkoE.004,train,-9.372235,8.940871
AQz6_ZpzGIE.003,train,-10.559639,-1.4790926
AR3UwbmgKuQ.001,train,-13.421779,3.464838
AR3UwbmgKuQ.003,train,-16.76995,2.8180795
AR3UwbmgKuQ.004,train,-21.016117,7.871157
AR3UwbmgKuQ.005,train,-14.495755,2.3821893
AS8snUf9eX0.000,train,23.65611,1.5564282
AS8snUf9eX0.001,train,12.848275,3.0816038
AS8snUf9eX0.002,train,11.559518,3.7385073
AS8snUf9eX0.003,train,13.844044,7.1309495
ASDpn9yOYAo.002,train,-13.289514,4.9141626
AV7aKrAs-kM.005,train,25.03141,9.523505
AVLEr0sYFhs.000,train,17.858149,10.895524
AWZLchLstio.003,train,-10.237354,-11.861196
AWe6ZZUmlZw.000,train,-10.343431,1.7182541
AWe6ZZUmlZw.004,train,-7.428035,2.2877147
AWe6ZZUmlZw.005,train,-10.273788,5.7921057
AWyKLALCUyM.000,train,-5.9358883,-1.1041596
AZ2HyBOmliQ.005,train,-20.814262,-0.92854375
AZj2VoCcayA.000,train,-14.531098,-2.368535
AZj2VoCcayA.001,train,-14.945621,-3.4473135
AZj2VoCcayA.005,train,-18.325329,-1.9781196
Af_F0IzHK6o.000,train,-15.142585,-0.49552444
Af_F0IzHK6o.004,train,-14.263119,-5.85052
Agg7z10B_iY.000,train,-12.003276,-6.225286
Agg7z10B_iY.001,train,-5.1403074,-0.67791206
Agg7z10B_iY.002,train,-10.784155,0.20135376
AheKnXrL0Wk.002,train,17.046406,-14.449841
Ahiq4zhmYco.002,train,-3.4534378,6.483291
AjCI_w9Szks.005,train,3.7447135,-13.416076
AlEqtGWa43g.000,train,0.8533525,10.639066
AlEqtGWa43g.005,train,-0.7039079,5.7307415
Alox0G4xUfM.000,train,-11.581748,-0.96709555
AobPtpyKat8.001,train,33.718082,-5.3802114
AotbiNsU85A.000,train,-4.3924813,5.8708196
AotbiNsU85A.001,train,-3.7183094,5.449611
AotbiNsU85A.002,train,-5.1374054,1.5545739
Ap2KC1yKDdA.002,train,-10.466289,-5.5255365
ApPnsnIZozw.004,train,1.0286697,8.965431
ApPnsnIZozw.005,train,2.216605,3.6746702
ArMkA9R1QxY.000,train,-4.2686605,-3.0401788
ArMkA9R1QxY.002,train,0.037106812,-7.230836
Arsrkqma4i4.000,train,-10.5335455,1.7320763
Arsrkqma4i4.001,train,-13.270897,-0.8505662
As93GgkTdt4.001,train,-2.2084997,-4.566096
As93GgkTdt4.003,train,0.79952973,-5.8865924
As93GgkTdt4.004,train,-5.34063,-2.6185584
AuaQ0rtedRk.001,train,-0.33485135,15.169584
AvuGsnkWjt8.001,train,-14.135307,1.0725644
AvuGsnkWjt8.002,train,-10.481602,0.4724925
AvuWv3LLmrA.003,train,-6.965579,15.319852
AvuWv3LLmrA.005,train,-5.0132995,8.37756
AwNVGShHjvw.000,train,7.2830153,6.7197413
AwNVGShHjvw.001,train,9.370253,8.929625
AwNVGShHjvw.002,train,14.590406,10.255064
AwNVGShHjvw.004,train,5.825295,4.1641583
Ay7bZ7Sgx9Q.001,train,-15.203777,0.11445445
Ay7bZ7Sgx9Q.003,train,-6.7746,-0.33047605
Ay7bZ7Sgx9Q.004,train,-11.901121,0.17372228
B-OJ_xZILLg.001,train,-12.982355,-0.7243453
B-OJ_xZILLg.003,train,-18.277283,-2.4200792
B1efbNxLPe8.005,train,-13.650165,-5.9858565
B2q0gbLVeck.000,train,-10.22316,-1.8006474
B3VQeeev0r0.001,train,33.42377,11.30715
B3VQeeev0r0.002,train,36.160233,9.218875
B3zFJhrmqwg.001,train,22.985096,9.912242
B3zFJhrmqwg.002,train,12.703354,13.581387
B4ducm9sydg.000,train,6.444919,14.971626
B4ducm9sydg.001,train,5.7183824,16.549952
B4ducm9sydg.002,train,6.600726,8.970014
B4ducm9sydg.003,train,4.96936,6.4702044
B4ducm9sydg.005,train,8.875477,7.229868
B77ZCcCMrkM.004,train,20.638994,-2.567926
B77ZCcCMrkM.005,train,0.25163293,-0.41154066
B8kzwm6ZaUo.000,train,22.859125,4.873586
B8kzwm6ZaUo.001,train,15.899548,11.53426
B8kzwm6ZaUo.002,train,17.553404,18.723066
B9NSU6gQdRw.005,train,17.241356,9.32994
BA5qWO9eU2Y.000,train,-4.280165,-0.5119289
BBSB9OJdb0Q.001,train,-14.480772,-0.07191395
BBSB9OJdb0Q.002,train,-14.394341,0.8665379
BCPoSirpmEw.005,train,10.642542,-7.9586987
BJpWi1qGp1A.000,train,-5.15747,4.434968
BJpWi1qGp1A.004,train,-3.8107464,-1.4167787
BLKXsX7-WIg.000,train,-16.683756,-4.5265326
BLKXsX7-WIg.001,train,-12.179655,-4.8606753
BLKXsX7-WIg.003,train,-15.080156,-6.9452705
BLc_GvsbI1U.000,train,-16.434698,-6.2857013
BLc_GvsbI1U.003,train,-18.5022,-4.458333
BLeDNfK2quI.000,train,5.998971,6.0533957
BLeDNfK2quI.001,train,-1.3747209,4.306216
BLeDNfK2quI.002,train,4.4077783,-1.4671595
BLeDNfK2quI.003,train,9.715489,7.0462666
BLeDNfK2quI.004,train,5.873342,5.655297
BLeDNfK2quI.005,train,3.0231383,9.090535
BLwgxAWf7cg.003,train,11.988414,17.290997
BLwgxAWf7cg.004,train,15.473041,24.324757
BONQpwyg9KQ.000,train,-8.017447,-0.28783283
BOOMkDl8JwA.005,train,3.8684545,0.12196595
BPUFqFLZgZU.005,train,2.9641578,-5.5220017
BQ9i8qkXiVQ.000,train,10.777219,9.372669
BS0wgLXqFgc.001,train,-14.274144,-0.25276324
BS0wgLXqFgc.003,train,-13.94703,0.5173899
BS0wgLXqFgc.005,train,-16.889757,1.618368
BSkTPW_Qsio.001,train,-7.3887515,1.0160946
BStHNKV820Q.001,train,-19.382292,-2.198644
BStHNKV820Q.003,train,-23.473516,-4.0031686
BWAEpai6FK0.002,train,10.360132,-2.8635113
BWAEpai6FK0.003,train,9.174504,2.8423433
BZ3FEf_KKso.000,train,27.219883,6.131677
BZ3FEf_KKso.001,train,17.228949,1.9294248
BeyIfaH64xY.000,train,-4.808814,-3.3019457
BeyIfaH64xY.001,train,-9.302753,-4.922594
BeyIfaH64xY.003,train,-6.1634417,-3.119327
BeyIfaH64xY.004,train,-10.858166,-3.445276
BgfYyUAoNPs.000,train,1.1021667,-6.300231
Bi3XVSF4rac.000,train,-11.507348,-2.0915556
Bije9nsMl7M.000,train,-18.90241,-3.827254
Bije9nsMl7M.003,train,-11.807205,-10.066942
Bije9nsMl7M.004,train,-12.582758,-8.061307
Bije9nsMl7M.005,train,-13.781987,-4.781738
BjQ95T-Dw1U.000,train,-13.449484,-4.54767
BjQ95T-Dw1U.002,train,-16.381655,-5.6525383
BjQ95T-Dw1U.003,train,-12.583034,-5.849273
BjQ95T-Dw1U.004,train,-13.227952,-5.5331674
BjQ95T-Dw1U.005,train,-10.780415,-5.8398986
BjzSIV3dutk.000,train,7.2623515,-13.694339
Bk9Hxn7Drxw.003,train,-10.982205,-0.41204476
Bk9Hxn7Drxw.004,train,-11.511277,0.872133
BkDdtxDPjJA.001,train,-14.203153,7.5586705
BlvmREgt2C0.002,train,1.1599314,0.19496745
BlvmREgt2C0.005,train,7.952407,5.9348125
BmDClgdWlH4.000,train,-11.130571,-2.793668
BmDClgdWlH4.002,train,-10.752885,-5.4827967
BmDClgdWlH4.004,train,-8.239064,-2.3879256
Bo-mrL28d8M.002,train,-13.501997,-1.5732607
Bo-mrL28d8M.003,train,-15.116343,-0.7016367
Bo-mrL28d8M.004,train,-17.803648,-1.4206712
BpcQ9THDtp4.000,train,0.3109707,-3.8477397
Bt5zyk-Xf9Q.000,train,-11.432998,-1.0305037
BuKzIqR4eBU.001,train,9.623254,8.729134
BxdFQhBNZys.000,train,1.3731738,7.120423
BxdFQhBNZys.004,train,-0.0076764594,6.940523
Bz3Jx4QL_6Q.001,train,-15.461303,-2.0971143
Bz3Jx4QL_6Q.003,train,-15.080255,-4.066888
Bz3Jx4QL_6Q.004,train,-17.201584,-0.21897829
C-48U5oDuvw.003,train,-11.55417,-2.1244104
C-48U5oDuvw.004,train,-9.173947,-3.3611073
C0UMWrEJ2x0.004,train,-6.8879995,-0.55970407
C0UMWrEJ2x0.005,train,-5.942158,-1.6584462
C0uc-2KrnnQ.001,train,-3.7962165,-3.3599808
C0uc-2KrnnQ.002,train,-6.481981,-3.7397482
C23rns4ZCy8.004,train,32.14636,-18.146832
C2MEPH7x9m0.001,train,26.83111,-0.3870754
C3knX70mzxQ.004,train,10.163695,-1.5696563
C3knX70mzxQ.005,train,20.936453,4.01057
C5qRszPK9HY.001,train,-14.878939,-4.0942326
C5qRszPK9HY.003,train,-17.306032,-5.239674
C8xZ0vhrrFE.000,train,-0.89737856,6.402093
C8xZ0vhrrFE.002,train,-2.0140545,7.5406094
C8xZ0vhrrFE.003,train,4.094585,13.227216
C8xZ0vhrrFE.005,train,-3.983519,8.289781
CCe1J5grs8U.005,train,14.538469,-20.865013
CDTo7WVyf5s.001,train,5.084111,-18.543135
CESTtNvDpww.003,train,1.5440947,-15.35288
CFK8ib0aWe8.000,train,-7.3275948,9.15848
CFK8ib0aWe8.001,train,-11.34133,4.4785266
CFK8ib0aWe8.003,train,-13.840083,1.5154825
CFk4v2Kd5Ns.002,train,3.6431515,4.084728
CFk4v2Kd5Ns.005,train,14.521886,9.247739
CGfr9jl8w4Y.001,train,-9.802679,-9.818254
CGfr9jl8w4Y.004,train,-9.414248,-6.2438054
CGfr9jl8w4Y.005,train,-9.2935095,-4.996548
CHkKv9TXm0g.000,train,-17.797623,1.8390263
CJT7z9PaU68.004,train,-17.33574,0.13179952
CJhP12Gi8sg.002,train,-0.31089464,1.1719166
CJjNcuBLjMM.001,train,-16.33245,4.0392947
CLGJCzz6tIU.001,train,-9.330665,1.7758788
CO7vZjYF6Zk.000,train,15.007218,-14.404743
CO7vZjYF6Zk.001,train,11.755956,-23.822468
CO7vZjYF6Zk.002,train,13.53395,-18.877989
CPtaCNonKlE.000,train,-16.8455,-2.464178
CPtaCNonKlE.002,train,-15.800036,-5.114485
CPtaCNonKlE.003,train,-15.471331,-6.300519
CPtaCNonKlE.004,train,-13.509765,-4.7898865
CQMH9Qguuao.000,train,-13.08342,-0.622399
CQMH9Qguuao.003,train,-12.505259,4.707442
CQMH9Qguuao.004,train,-12.663724,4.73239
CQMH9Qguuao.005,train,-7.67137,7.0449686
CRLsCyMfskE.000,train,-1.3811601,-5.939587
CRLsCyMfskE.001,train,2.1989367,-4.6418753
CRLsCyMfskE.002,train,9.580781,-0.49237666
CRLsCyMfskE.003,train,2.217696,-0.5784613
CRLsCyMfskE.004,train,11.059811,-1.4933364
CTWMisL_HlI.000,train,21.818287,-4.1191726
CTWMisL_HlI.003,train,18.26213,-11.760102
CTWMisL_HlI.004,train,20.954601,-11.102229
CTWMisL_HlI.005,train,28.26021,-13.985052
CUiG7UZ9A3k.002,train,-9.543317,-0.25050405
CUiG7UZ9A3k.005,train,-9.654976,2.18532
CV930dFsubs.000,train,13.175657,15.9383955
CV930dFsubs.002,train,18.857534,12.5457735
CV930dFsubs.003,train,6.340596,11.267922
C_NtwmmF2Ys.000,train,42.138607,6.125625
C_NtwmmF2Ys.002,train,45.337082,-12.9148655
C_NtwmmF2Ys.003,train,44.401245,-12.985473
C_NtwmmF2Ys.004,train,41.226276,-0.052921273
CbNAOLHByZQ.004,train,13.265016,-5.805294
CcVuoHZqp6k.004,train,27.084063,16.74668
CdUYBux3Vn8.000,train,-4.9101768,2.034195
CdUYBux3Vn8.002,train,-6.1481423,3.8346586
CdUYBux3Vn8.005,train,3.7029607,-2.279521
CdY1ZLrWTtg.000,train,-2.917956,14.177346
CdY1ZLrWTtg.002,train,-4.2022653,13.689839
Cdh_OCMZ4U8.000,train,-1.7156327,4.1027894
CfNbSToI21k.004,train,2.9475663,-8.54797
CfNbSToI21k.005,train,6.36105,-11.2338295
Cl5jhuLQ9Dg.001,train,-15.946661,-0.768215
Cl5jhuLQ9Dg.002,train,-11.950172,-3.5809212
Cl5jhuLQ9Dg.003,train,-11.5657015,-5.1442103
Cl5jhuLQ9Dg.004,train,-15.62518,-3.2285566
Cl5jhuLQ9Dg.005,train,-12.426107,-2.5647695
Cl7vQ9QR0es.000,train,-9.769159,-3.5642471
Cl7vQ9QR0es.001,train,-15.263091,-2.9883358
Cl7vQ9QR0es.002,train,-15.174521,-3.8427064
Cl7vQ9QR0es.003,train,-14.029087,-3.3506262
Cl7vQ9QR0es.004,train,-14.964601,-3.2471151
Cl7vQ9QR0es.005,train,-16.052057,-3.3939922
Cng72emlXAM.004,train,5.6764946,-2.6063073
Cng72emlXAM.005,train,3.4463959,-2.6654866
CpmR-91GxmY.000,train,5.5816393,-0.46761975
CpmR-91GxmY.002,train,6.7214694,-10.110565
CpmR-91GxmY.004,train,4.3455663,-4.5795946
CpmR-91GxmY.005,train,2.376459,3.397084
CqQavmWSLrI.000,train,-13.253488,-5.8925147
CqQavmWSLrI.001,train,-16.272034,-4.0152526
CqQavmWSLrI.002,train,-18.065563,-0.26444682
CqQavmWSLrI.003,train,-16.857244,-1.564638
CqQavmWSLrI.004,train,-14.440696,-3.7287033
CqQavmWSLrI.005,train,-17.124912,-0.9412541
CuGuiOZ48Ig.000,train,20.492031,8.465117
CuGuiOZ48Ig.001,train,1.1710289,10.29103
CuGuiOZ48Ig.002,train,5.5890293,12.52303
CuGuiOZ48Ig.004,train,7.456267,10.371228
CuGuiOZ48Ig.005,train,-2.5978045,10.185353
Cvuu76B-bxA.000,train,-15.747857,2.9961152
Cvuu76B-bxA.001,train,-12.9175205,0.98688054
Cvuu76B-bxA.002,train,-15.819999,1.6339508
Cvuu76B-bxA.003,train,-13.487217,0.88729006
Cvuu76B-bxA.005,train,-14.180839,0.48517314
CwFH8J7smjE.005,train,1.2437011,-12.133736
CwYNQlRTvPc.000,train,18.755642,-19.085354
CwmjP27fivQ.005,train,-3.821081,-3.7032564
CyzKot0CNyU.000,train,21.114305,16.034645
D0dE-lErszk.002,train,-8.356372,0.4115406
D3AomvNhR1k.003,train,-12.957516,-2.5322642
D4TU65xbF4g.000,train,-1.6445732,6.1323853
D4TU65xbF4g.001,train,0.061123822,5.8636484
D4TU65xbF4g.002,train,-0.192341,1.8869885
D4TU65xbF4g.005,train,-1.7558612,8.49156
D4hPHPp1W-Q.000,train,23.602873,-19.59741
D4hPHPp1W-Q.004,train,23.03492,-16.529467
D4hPHPp1W-Q.005,train,25.33082,-20.73069
DCROfrHI1MU.000,train,-11.854875,-15.766939
DCROfrHI1MU.001,train,-6.750441,-1.9146974
DChmTb-c9uM.001,train,11.356649,-22.751497
DChmTb-c9uM.004,train,6.97333,-12.095938
DChmTb-c9uM.005,train,27.500738,-19.488283
DGCGeNlA-Ww.005,train,16.09618,14.191256
DLds0WJpIQg.001,train,29.057365,15.186262
DLuwObrDhtc.000,train,-12.52992,-1.9717445
DLuwObrDhtc.001,train,-13.080769,-2.546117
DLuwObrDhtc.002,train,-15.603158,-2.2371805
DQORBD8hINs.005,train,4.80444,7.534182
DTZeyoKUPx4.000,train,35.208614,28.961004
DTZeyoKUPx4.001,train,10.965698,22.81519
DTZeyoKUPx4.002,train,18.69875,19.54553
DTZeyoKUPx4.003,train,11.243069,18.739815
DTZeyoKUPx4.004,train,13.413261,23.786125
DTZeyoKUPx4.005,train,33.070374,29.26203
DVh_7dO2cWY.000,train,20.823883,6.468029
DVh_7dO2cWY.003,train,5.6409297,-5.998118
DVh_7dO2cWY.004,train,21.595974,-5.4803424
DVh_7dO2cWY.005,train,14.693292,7.7176094
DWVJXufR7gE.000,train,-11.810811,2.0001884
DWVJXufR7gE.001,train,-1.0329098,1.5494547
DXYRJ8PReoE.000,train,-16.67562,-3.5511935
DXYRJ8PReoE.002,train,-21.5091,-0.21904062
DXw4lVoiiWY.000,train,-15.990547,4.6756735
DXw4lVoiiWY.001,train,-14.504149,0.26515275
DXw4lVoiiWY.002,train,-13.71074,-1.2804703
DXw4lVoiiWY.003,train,-13.974843,0.5250065
DXw4lVoiiWY.004,train,-11.206751,-2.1143224
DXw4lVoiiWY.005,train,-17.34907,1.2312548
DZfcVxy2ceI.000,train,-1.8562331,4.8648233
D_FGBb-1B1o.001,train,-17.596136,-4.689547
D_FGBb-1B1o.002,train,-13.680882,-7.8247304
D_FGBb-1B1o.003,train,-12.752946,-5.6260715
DbNFwVi_61Q.000,train,10.995728,12.404012
DctPau1p7JM.001,train,-13.351951,-0.5636581
DctPau1p7JM.002,train,-13.30229,0.42864573
De4i7-FX9Og.001,train,-10.912701,-11.780492
De4i7-FX9Og.004,train,-2.5460298,-14.394151
DefePa0_6Sg.001,train,5.0754356,10.479793
DefePa0_6Sg.002,train,2.0740237,17.335611
DefePa0_6Sg.005,train,22.149408,27.709389
DegRGUG4Wi0.001,train,1.704901,8.590949
DegRGUG4Wi0.002,train,13.193349,4.0795803
DegRGUG4Wi0.003,train,8.126334,8.937634
DfpKVl9Zpdg.003,train,-8.46279,11.717714
DfpKVl9Zpdg.004,train,-17.565035,4.146939
Dgo98-sCd1w.002,train,-16.789818,-2.2745907
Dhbva5oGE7g.000,train,-8.2888775,-0.25441754
Dhbva5oGE7g.003,train,-7.6418424,-1.1530486
DhqfB9chceo.001,train,30.211065,5.604339
DhqfB9chceo.003,train,14.164695,2.0135365
DiaibIBisuM.001,train,-6.7051654,4.8011174
DiaibIBisuM.002,train,-4.4065933,1.0505964
DiaibIBisuM.003,train,-5.361091,5.0128546
DiaibIBisuM.004,train,-3.5993536,2.7714102
DiaibIBisuM.005,train,-2.7779691,-0.60378486
DnTtbAR_Qyw.000,train,-12.859145,-6.562607
DnTtbAR_Qyw.002,train,-11.873764,-5.392121
DnTtbAR_Qyw.004,train,-8.524889,-10.432764
DnTtbAR_Qyw.005,train,-15.476759,-5.8630366
DogbMnh5k0o.002,train,7.9210877,-0.7932044
Dq7Uep06KOQ.001,train,-11.121898,3.2123451
Dq7Uep06KOQ.005,train,-3.1559293,6.094828
DqA3j7juNs4.000,train,-11.378278,9.320005
DvWzedL3QCk.004,train,20.677942,-11.860453
DvmzcQI5cnM.000,train,-6.3577847,7.405321
DvmzcQI5cnM.001,train,-6.928922,6.4524803
DvmzcQI5cnM.003,train,-7.8776455,5.4724784
DvmzcQI5cnM.004,train,-4.2608514,7.16521
DvmzcQI5cnM.005,train,6.128141,16.6275
DxATjKPysfs.000,train,-19.887817,2.323035
DxATjKPysfs.003,train,-19.186817,3.8217223
DyZlhseSuec.002,train,-17.151741,-3.652929
DyZlhseSuec.003,train,-15.141768,-3.4131835
DyZlhseSuec.004,train,-14.566324,-6.1257567
DzqJmiQjsZ4.000,train,-18.378231,-1.8548954
DzqJmiQjsZ4.002,train,-14.86802,-1.842574
DzqJmiQjsZ4.004,train,-13.790897,-2.821988
DzqJmiQjsZ4.005,train,-18.540916,-2.3553975
E3z1D7CKoOA.000,train,-13.526884,-1.7439637
E3z1D7CKoOA.001,train,-15.67465,-3.8873885
E3z1D7CKoOA.002,train,-13.75493,-2.4959533
E3z1D7CKoOA.003,train,-14.128354,-2.76252
E3z1D7CKoOA.005,train,-5.4637394,2.5563118
E6OBPHKkm6U.002,train,-8.012999,10.866295
E6rptSS3kP4.000,train,10.417571,-11.7768135
EA8BEYAZqAA.000,train,0.021231918,-8.415293
EA8BEYAZqAA.001,train,0.7479809,-8.251572
EA8BEYAZqAA.004,train,2.7563086,-6.2965755
EAMHqNxa9yY.001,train,1.9957197,24.180944
EAnvsNi8O-M.001,train,10.302964,0.09124892
EAnvsNi8O-M.002,train,10.676207,-9.320372
EDXQLrsZctw.000,train,-10.660594,6.6368375
EDshSjcCsoY.001,train,-2.8510957,-0.08799
EDshSjcCsoY.002,train,-2.483539,-1.1985304
EHPZNxP5mN8.000,train,-9.8096695,-1.9701134
EL1Q7x_1a74.000,train,-19.894953,-0.17521214
EL1Q7x_1a74.001,train,-16.004396,-1.1871638
EL1Q7x_1a74.002,train,-17.26929,-0.6259269
EL1Q7x_1a74.005,train,-17.876808,0.22697859
ELvGOVb8L5I.000,train,-10.571547,-0.57131046
EMNcIRgaDMg.000,train,-11.011443,-8.452185
EMNcIRgaDMg.004,train,-8.005423,-10.321018
EMqrrHHbP3s.000,train,13.375443,15.035328
EMqrrHHbP3s.001,train,0.0268014,-0.3638488
EMqrrHHbP3s.002,train,9.7950535,13.770005
EP0sdDWooSw.001,train,1.8721515,-18.866293
EP2rMX4AQis.000,train,-15.118299,0.49184045
EX3i4IMY1Pw.002,train,-5.879367,-7.493182
EYbPGTIcnjs.000,train,28.501978,-11.322527
EYbPGTIcnjs.003,train,28.61977,-16.350021
EYbPGTIcnjs.005,train,31.459873,-8.32483
E_xAcdGpPCI.001,train,-11.904604,-1.4809325
E_xAcdGpPCI.004,train,-12.751516,-1.7012242
E_xAcdGpPCI.005,train,-14.513039,0.096027315
Ea0UKBPCm3Q.001,train,5.0564213,8.543294
EaBCJB8LXdI.001,train,-3.7167895,-4.334021
EaBCJB8LXdI.002,train,-0.83143383,-6.0831757
EaBCJB8LXdI.004,train,-1.1906621,-6.2965603
EaBCJB8LXdI.005,train,-3.3735833,-5.950495
Eb-2m44jTEs.000,train,-11.527835,-2.2014382
Eb-2m44jTEs.004,train,-14.551653,-1.0065528
EcOC7ZVRSg4.001,train,-3.9600263,1.8504397
EcOC7ZVRSg4.002,train,-7.4719486,-1.2779107
EcOC7ZVRSg4.003,train,-7.2648582,-2.1167486
EcOC7ZVRSg4.004,train,-4.4527845,-3.0610821
EeI8iXLDfc0.001,train,28.138117,-9.620299
EeI8iXLDfc0.002,train,34.149826,2.7960172
EeI8iXLDfc0.005,train,33.786304,-7.685255
EelHLfeSJfM.002,train,-18.091219,-4.858948
EelHLfeSJfM.004,train,-15.228776,-6.297039
EfQUV-C-YrU.002,train,1.382487,13.000907
EffEoI1l1zE.000,train,8.624365,4.5721345
EffEoI1l1zE.001,train,14.354642,13.119091
EffEoI1l1zE.002,train,15.062441,3.558519
Egogv6acOd0.001,train,-14.968308,-3.9500182
Egogv6acOd0.002,train,-12.540732,-1.6822225
Egogv6acOd0.003,train,-12.879164,-2.2136402
Egogv6acOd0.004,train,-15.561794,-2.5826328
EgolOPjkkg8.000,train,-8.6892805,-2.4603152
EgolOPjkkg8.001,train,-10.2488785,2.2267337
EgolOPjkkg8.004,train,-5.0246673,7.838447
EgolOPjkkg8.005,train,-5.0924835,-2.6685257
Eh7WRYXVh9M.000,train,10.880191,26.296751
Eh7WRYXVh9M.005,train,0.12610045,7.907604
EiXQ9RErt6c.002,train,-15.189952,0.35819572
EiXQ9RErt6c.003,train,-14.888463,1.2982146
EiXQ9RErt6c.005,train,-15.612155,-1.240588
EjhDyc8Oc6k.000,train,7.332849,-3.148945
EjhDyc8Oc6k.001,train,20.044739,-11.095081
EjhDyc8Oc6k.003,train,20.520227,-9.781385
EjhDyc8Oc6k.004,train,27.450256,3.419419
EknEAPhAjdA.000,train,-10.424317,11.608221
EknEAPhAjdA.001,train,-6.934237,16.949528
EknEAPhAjdA.002,train,-10.856352,5.343411
EknEAPhAjdA.003,train,-10.978931,5.24622
EknEAPhAjdA.004,train,-11.151883,3.578539
EmGTj1DRMbo.000,train,-3.2504978,4.4222813
EmGTj1DRMbo.003,train,-3.1932452,1.7663525
EmGTj1DRMbo.004,train,-3.9531183,-3.7399943
En4aK_1gmlY.000,train,-10.835954,8.613791
EqTB9rAC-tA.000,train,13.038842,13.171024
Etfh8X-ECtY.000,train,18.325794,17.343538
Etfh8X-ECtY.001,train,10.600454,17.763689
Etfh8X-ECtY.002,train,24.60826,11.6692705
Etfh8X-ECtY.003,train,11.16429,14.37018
Etfh8X-ECtY.004,train,2.2464077,2.3396835
Etw3iulV5Eg.001,train,35.9553,6.188761
Etw3iulV5Eg.003,train,12.578053,-11.128311
EvZ0esZgPK4.001,train,7.9942446,5.716067
EwMMNKLjO9w.000,train,14.460024,16.737593
EwMMNKLjO9w.001,train,5.5904965,5.52642
EwMMNKLjO9w.002,train,-12.194064,-4.888966
EyX8QI5nPTY.001,train,0.44601876,-16.03218
F-Dy1EFm_Mw.005,train,-5.646126,-1.6652771
F0VbEO_0Ybc.000,train,-6.6274447,8.464212
F0VbEO_0Ybc.001,train,-17.976671,-3.453238
F0VbEO_0Ybc.002,train,-9.945589,5.0650654
F0VbEO_0Ybc.003,train,1.7481008,10.713584
F0VbEO_0Ybc.005,train,-6.4654307,3.0439997
F0_EI_X5JVk.001,train,8.971625,-3.3010125
F0_EI_X5JVk.002,train,-0.5908236,-2.149477
F0_EI_X5JVk.003,train,16.704205,4.768275
F0_EI_X5JVk.004,train,15.34401,5.794032
F0_EI_X5JVk.005,train,17.579142,11.225219
F0kidNe_RSo.001,train,32.048504,-4.174407
F0kidNe_RSo.002,train,22.6407,-2.955143
F1lAPYh4t3U.000,train,-3.4958367,-5.65062
F1lAPYh4t3U.004,train,0.28917113,-7.113516
F4UeAogUMMs.000,train,-15.9830065,-4.1157527
F4UeAogUMMs.001,train,-16.080326,-6.4712143
F4UeAogUMMs.002,train,-19.877308,-5.9712625
F4UeAogUMMs.003,train,-17.315725,-3.8892984
F4UeAogUMMs.004,train,-16.969057,-4.904737
F4UeAogUMMs.005,train,-18.356022,-4.350723
F4yC1_n6ApY.002,train,6.2452264,2.4851446
F5iykLTSCJc.000,train,25.216637,27.146181
F5kL7RWS_f0.000,train,-9.974356,-2.4540164
F5kL7RWS_f0.003,train,-7.113336,-9.899222
F5kL7RWS_f0.004,train,-12.034286,-1.9488852
F9mZ6De_6Ko.004,train,1.6890545,-10.020207
F9mZ6De_6Ko.005,train,13.82648,-12.905145
FGkS4vJYOpM.002,train,-11.645104,1.0665396
FGkS4vJYOpM.004,train,-13.9720125,-0.48455766
FJPqNQPXp5c.005,train,19.63556,-25.640858
FM5UaJS-bhg.000,train,-21.80863,-1.3933848
FM5UaJS-bhg.001,train,-20.689346,-1.5462846
FM5UaJS-bhg.002,train,-22.10957,0.72345334
FM5UaJS-bhg.004,train,-21.589867,-0.73469704
FM5UaJS-bhg.005,train,-20.37545,-1.2303442
FNHMXPaHll0.004,train,2.17705,2.511423
FPfgwGsy8dE.004,train,-9.529333,1.3955393
FQMmM3TL5rE.001,train,-6.09733,1.4062911
FQMmM3TL5rE.003,train,-4.6458716,-0.72345626
FQMmM3TL5rE.004,train,-6.1724644,-3.4260356
FSBBbxNi0iU.004,train,-7.652138,-0.53786886
FSBBbxNi0iU.005,train,-6.064219,-2.7096674
FU1ak530DDo.001,train,21.118862,-17.109657
FU1ak530DDo.003,train,13.104391,-20.573683
FZYN9ZFngFM.001,train,-21.009949,0.40590453
FaBTYkzhuK4.000,train,4.6959453,2.2675538
FaBTYkzhuK4.001,train,8.241169,6.422694
FaBTYkzhuK4.005,train,20.31384,8.049658
FcR9VhCxBb0.002,train,-7.0305414,-0.89619786
FcR9VhCxBb0.004,train,-2.9359558,-0.4540749
Fco1CMgOadI.002,train,31.746622,6.4997067
Fco1CMgOadI.003,train,8.6819,-6.60657
Fco1CMgOadI.005,train,34.08621,3.7546964
Fe9_SVPd_5I.004,train,-11.68401,0.65998083
Fe9_SVPd_5I.005,train,-10.4956875,0.06787543
Ff0WqsFl-1s.005,train,17.98638,-11.276581
Fgq5I4bkq2s.001,train,-10.705531,5.98134
FhCOvzMrNs8.000,train,2.9632695,9.759239
Fi1ILrwQpSY.001,train,-8.433156,-2.0494156
Fi1ILrwQpSY.002,train,-7.453708,-1.1386108
Fi1ILrwQpSY.003,train,-8.4846115,-0.747265
Fi1ILrwQpSY.005,train,-7.843418,-2.7941594
FksSYDfLH04.002,train,8.0704,2.1752083
FkuwzJcoRVI.000,train,-8.95294,6.201588
FkuwzJcoRVI.001,train,-12.1082325,7.6698737
FkuwzJcoRVI.003,train,-7.260613,12.327245
FkuwzJcoRVI.004,train,6.334892,13.535765
FkuwzJcoRVI.005,train,7.488454,23.247889
FkzVX7SQ9wE.001,train,5.061354,7.8762727
FkzVX7SQ9wE.002,train,-0.56435615,6.1285634
FkzVX7SQ9wE.004,train,12.255287,16.28822
FlAGm93fJa0.000,train,-13.843861,-4.079655
FlAGm93fJa0.004,train,-15.642615,-4.885257
FoWuHvikyqU.001,train,18.309052,4.9975915
FoWuHvikyqU.003,train,19.253311,12.065862
FoWuHvikyqU.004,train,30.046526,10.868575
FogaU_yB9aY.001,train,0.08112157,-1.3259646
FrOxqNe6sAU.000,train,-17.181803,-2.5937202
Ft0ahViXZPc.001,train,-10.3201065,-3.403892
Ft0ahViXZPc.003,train,-10.903585,-3.4251003
FvjIziLzffo.002,train,-9.199705,-4.8997364
FvjIziLzffo.003,train,1.6939459,-6.9953227
FvjIziLzffo.004,train,-0.48712775,-7.5150065
FwjoTGcsFNg.000,train,3.891954,-9.116296
FwjoTGcsFNg.001,train,2.9722657,-8.327065
FwjoTGcsFNg.002,train,0.75722533,-11.158815
FwjoTGcsFNg.003,train,0.67316103,-9.605688
FxVUG2R1y0Q.000,train,5.3347626,-12.361863
FxVUG2R1y0Q.001,train,2.3804007,-4.676032
FxVUG2R1y0Q.004,train,0.3227657,-11.347994
Fz1BcPpjNXY.001,train,-15.257871,-0.3830088
G-25EWOIGNs.000,train,-0.47011158,-12.884328
G-25EWOIGNs.001,train,1.2247598,-17.117998
G-25EWOIGNs.002,train,-0.9395717,-14.390083
G-25EWOIGNs.004,train,1.8882478,-11.190657
G-25EWOIGNs.005,train,1.2037553,-10.864954
G2D3qU6R_YA.001,train,0.964182,-0.5553974
G2D3qU6R_YA.002,train,0.6137988,6.9932976
G2D3qU6R_YA.004,train,2.079465,6.9618664
G7QTNbKbu_4.003,train,0.018348752,7.1267877
G7QTNbKbu_4.005,train,-1.0172,10.71384
G7hYffrZ1Hc.004,train,-10.84507,2.5508223
G7hYffrZ1Hc.005,train,-11.74888,5.643469
GCkOL2jLSQA.000,train,-9.865457,8.583868
GCkOL2jLSQA.001,train,-8.592039,6.708538
GCkOL2jLSQA.002,train,-8.658847,11.954024
GCkOL2jLSQA.005,train,-9.540545,11.450917
GG9WPQLI_rg.000,train,-8.9964485,2.8730235
GG9WPQLI_rg.004,train,-14.532857,0.22610538
GG9WPQLI_rg.005,train,-7.185118,3.2078068
GGiKj4OC2Jk.001,train,12.563724,-8.42546
GHetseJP358.001,train,13.832316,10.486547
GHetseJP358.004,train,6.5379515,4.7623615
GMwEmLo-gfc.000,train,-4.9765677,-4.967713
GMwEmLo-gfc.002,train,-4.2146792,-4.587035
GMwEmLo-gfc.003,train,-7.9771714,-3.7865243
GMwEmLo-gfc.004,train,-7.906672,-4.2347436
GO6s-qDADuU.004,train,-0.8280491,-3.751443
GQczMGrVgbc.000,train,4.185803,4.1949887
GQczMGrVgbc.001,train,5.0527973,2.4586747
GQczMGrVgbc.002,train,4.010093,3.6099432
GR-P1m_Yvm0.000,train,-11.028765,8.716973
GR-P1m_Yvm0.005,train,-11.934843,11.154666
GRXPm8mmidw.000,train,12.040377,-4.219676
GS7cBLgZKgk.000,train,-19.82274,2.3603833
GS7cBLgZKgk.001,train,-22.187086,0.16563521
GS7cBLgZKgk.002,train,-15.928494,3.2117968
GS7cBLgZKgk.003,train,-19.952248,2.7403343
GS7cBLgZKgk.004,train,-17.617193,-0.5275608
GTmHSF6vNWc.001,train,7.809576,-6.8560743
GTmHSF6vNWc.002,train,5.8783355,-13.031095
GTmHSF6vNWc.003,train,8.186567,-14.414574
GTmHSF6vNWc.005,train,9.9045925,-14.633588
GUxm9AWVpOI.000,train,36.376114,-8.922635
GUxm9AWVpOI.003,train,32.28844,9.114915
GWOtluILlk4.002,train,-8.107925,1.6152269
GWOtluILlk4.003,train,-8.219209,2.4328961
GWOtluILlk4.005,train,-6.375205,-0.58531785
GYku69XEoxc.002,train,23.331442,-5.2925377
GYku69XEoxc.004,train,15.136767,-12.749768
G_VQne_BXWE.002,train,-7.2248816,-3.693305
GaUs3UUUtmw.001,train,-2.12597,2.6199977
Gd08FYfFRtk.000,train,-0.6905937,2.2193565
Gd08FYfFRtk.001,train,-4.332991,0.43213066
Gd08FYfFRtk.004,train,1.194763,-3.6761014
Gd08FYfFRtk.005,train,1.3750753,-1.6447437
Gdrgw7Z6tLg.002,train,-4.5280967,6.0725007
Gdrgw7Z6tLg.003,train,-12.36261,2.0444403
Gdv79afXNKE.003,train,8.271476,-13.091149
Gdv79afXNKE.005,train,7.005033,-12.447667
Gg4OMtVe7lk.000,train,3.6495671,1.9146391
Gg4OMtVe7lk.001,train,10.233336,6.4289284
Gg4OMtVe7lk.002,train,8.198878,1.2171483
Gk94xrcmFts.000,train,-16.789246,-2.8596303
Gk94xrcmFts.002,train,-15.978359,-2.9108713
Gk94xrcmFts.003,train,-16.781494,-1.7804302
Gk94xrcmFts.004,train,-16.385399,-0.35668764
Gk94xrcmFts.005,train,-18.645706,-1.8264815
GkA0RCMSWF4.000,train,-8.120202,-5.0140696
GkPz3-y6Les.001,train,-15.480546,0.7619551
Gl93Hw1A2kY.002,train,18.836376,-0.5251033
Gl93Hw1A2kY.003,train,27.153622,0.42270836
Gl93Hw1A2kY.005,train,26.368097,2.881636
GocSYjCaMlA.005,train,31.068207,-2.377389
Gomd4Y8-D2Q.005,train,13.592217,-0.1261381
GquB5W7bzFo.003,train,10.713219,-3.1657572
Gs-AdRcYSPo.000,train,-8.588689,-3.4342542
Gs-AdRcYSPo.001,train,-4.5881667,-6.5946465
Gs-AdRcYSPo.004,train,-8.125198,-4.7545385
Gvdh94z-SoM.002,train,6.36514,5.3208466
GwKmjEb3qN0.001,train,-16.020716,-2.4113863
GwKmjEb3qN0.002,train,-15.395424,-1.1756883
GwKmjEb3qN0.004,train,-15.007179,-0.8885187
GxMxrhiyjO8.005,train,14.538639,-14.741572
GyLjVOVPGKQ.001,train,-0.86691797,-0.788544
GyLjVOVPGKQ.003,train,-1.5431895,-4.3418403
GyLjVOVPGKQ.004,train,3.571864,-5.39112
GyLjVOVPGKQ.005,train,-0.31698444,-5.1158085
H0_4dZMjUow.001,train,-18.173723,0.5525785
H6s9aFAQP3M.000,train,-4.7932568,-2.0609941
H6yu96w7tUc.000,train,-2.5821297,7.1185217
H6yu96w7tUc.002,train,-8.368573,5.1625795
H6yu96w7tUc.005,train,-7.94719,4.0995517
H8h4fAGgV18.001,train,0.13234079,-5.500636
H8h4fAGgV18.005,train,-10.608768,-0.1526781
HCkDd0UnUgo.000,train,-5.133329,3.303973
HCkDd0UnUgo.002,train,-6.04699,0.06938359
HCkDd0UnUgo.003,train,-0.17862439,5.3516164
HCkDd0UnUgo.004,train,-2.8801372,-3.2718775
HEHMW0uiFa4.000,train,7.1639037,3.46561
HEHMW0uiFa4.002,train,19.628086,15.003707
HH03EXo0TB0.001,train,-13.304877,3.2712789
HH03EXo0TB0.002,train,-11.499789,4.385573
HH03EXo0TB0.004,train,-7.421015,-0.6807097
HH14jGFGuL0.005,train,16.560999,-4.9087176
HJkoeB_F4c4.000,train,16.687828,-12.963291
HJkoeB_F4c4.001,train,16.258268,-18.726795
HL-K_PZXFR4.005,train,-9.432076,-7.5532675
HNKnvSmTkC4.001,train,20.757378,11.269526
HNKnvSmTkC4.002,train,20.727583,15.70372
HNKnvSmTkC4.005,train,-11.203727,4.1301436
HONL8ha-1BE.000,train,-10.187803,0.6975476
HONL8ha-1BE.002,train,-6.708863,0.7371868
HONL8ha-1BE.003,train,-9.971083,-2.8012817
HONL8ha-1BE.004,train,-7.924832,0.8820664
HONL8ha-1BE.005,train,-11.165383,-0.36275318
HP8f3oqJwz0.000,train,-5.6813207,7.0109715
HP8f3oqJwz0.001,train,-5.5482616,7.9105515
HP8f3oqJwz0.002,train,-5.0904317,5.8337426
HP8f3oqJwz0.003,train,-8.35117,1.9334633
HP8f3oqJwz0.005,train,-4.4590693,8.322168
HPEemWelY1E.000,train,2.2940948,0.29656914
HPEemWelY1E.001,train,14.639265,16.12188
HPEemWelY1E.002,train,6.3235054,9.768561
HPEemWelY1E.004,train,4.123993,7.246601
HQZD4j8_FR8.003,train,-13.033322,-3.967491
HTF8k56_Oxo.001,train,-4.835079,0.7943515
HTF8k56_Oxo.004,train,-7.3307104,5.926175
HTF8k56_Oxo.005,train,-8.0940275,2.523232
HT_8WpgGqjk.000,train,-11.614426,-5.737854
HT_8WpgGqjk.001,train,-10.4029,-5.6396933
HT_8WpgGqjk.003,train,-12.421494,-3.6579194
HT_8WpgGqjk.004,train,-9.231323,-2.96882
HUHFlCs3YJ8.000,train,3.685434,1.2122096
HUHFlCs3YJ8.001,train,-1.2730466,2.8861759
HUHFlCs3YJ8.003,train,10.868064,-0.27130672
HUHFlCs3YJ8.005,train,3.536302,2.310411
HUJt0I1UKzo.000,train,11.386378,-3.790342
HUJt0I1UKzo.001,train,20.989952,-16.167372
HUJt0I1UKzo.002,train,20.853369,-17.798386
HUJt0I1UKzo.003,train,23.528145,-18.730497
HUxtuDE-YNE.003,train,24.620619,-5.709669
HUxtuDE-YNE.004,train,21.625916,-2.025704
HWuh0biZQ_c.000,train,-8.763734,-2.3521812
HWuh0biZQ_c.001,train,-10.089915,-2.2193394
HWuh0biZQ_c.002,train,-8.324769,-3.1000054
HX-3jJdK7HM.001,train,0.8965183,-0.6326267
HX-3jJdK7HM.004,train,5.19725,4.531285
HbGeoKBULAA.001,train,-16.827278,1.4029473
HegkSmkiBos.005,train,-12.530041,-1.0034919
HekcZ0Em60E.000,train,-4.8483276,6.443858
HekcZ0Em60E.002,train,-9.083479,5.734166
HekcZ0Em60E.004,train,-2.7203577,11.768719
HekcZ0Em60E.005,train,-2.981253,11.829763
HhC2cGFFZeY.000,train,3.9541075,14.190385
HhC2cGFFZeY.001,train,20.33927,20.432981
HhC2cGFFZeY.005,train,26.390202,18.481186
HkBs4_vaCcs.000,train,-8.459833,4.8205905
Hklc55y7vUI.000,train,13.111183,0.96448904
Hklc55y7vUI.005,train,0.8004926,2.2860796
Hm5K_K0v718.000,train,-11.201773,-1.698951
Hm5K_K0v718.003,train,-6.2593055,-4.1164536
Hm5K_K0v718.004,train,-9.498613,-4.3506346
HoJXPFp9hYo.000,train,-0.6240799,-4.2601666
HoJXPFp9hYo.004,train,-8.129637,-0.007292215
HrddpXxWFns.002,train,21.395021,-10.081507
I01_ubtktEQ.001,train,1.472196,-0.35880488
I01_ubtktEQ.003,train,5.7979975,12.250356
I01_ubtktEQ.004,train,-1.7682645,4.7699614
I01_ubtktEQ.005,train,6.4640284,7.115747
I53JQFtiQxM.000,train,-9.081392,1.5621896
I5x9T9ftW18.000,train,-0.33015072,7.8171787
I5x9T9ftW18.004,train,11.533586,9.559302
I5x9T9ftW18.005,train,-0.9930645,2.2386642
I8jMoBAMtVA.000,train,-10.24596,-4.1378217
I8jMoBAMtVA.005,train,-10.249344,-4.797089
IBqmyEhgnHM.005,train,6.7604723,13.378961
IFF47jVKMj8.002,train,-9.108234,1.6872443
IFF47jVKMj8.003,train,-9.698095,-1.5351712
IFF47jVKMj8.004,train,-10.749451,-2.2390132
IFXaH_E54iA.002,train,5.3470855,-3.8773606
IFXaH_E54iA.004,train,-2.1268709,-5.020591
IFXaH_E54iA.005,train,0.25824967,-4.624397
IHJn3UHXCMs.000,train,15.921693,6.0233693
IHJn3UHXCMs.001,train,-9.532516,-4.769498
IHJn3UHXCMs.003,train,-4.951568,-3.3630664
IHJn3UHXCMs.004,train,2.7786243,6.7089963
II2KVV-uLNI.000,train,-3.2986085,2.152982
II2KVV-uLNI.001,train,-3.4228992,3.9727247
II2KVV-uLNI.002,train,-8.397912,7.232133
II2KVV-uLNI.003,train,-6.640522,4.0581293
II2KVV-uLNI.004,train,-3.1739078,-0.9022028
II2KVV-uLNI.005,train,-3.4843822,-0.8875595
IL5VgGakSNw.000,train,-15.399337,1.279065
IL5VgGakSNw.003,train,-13.766565,0.37370476
IL5VgGakSNw.005,train,-15.480002,0.10294869
IMCEXoAkZv4.000,train,-13.203446,7.1896186
IMCEXoAkZv4.002,train,-12.216629,7.7934494
IMCEXoAkZv4.005,train,-11.659097,6.351837
IPjl2LdPMn0.000,train,-12.80209,-0.9646598
IPjl2LdPMn0.003,train,-8.725448,6.866377
IPjl2LdPMn0.004,train,-12.781953,1.7122554
IQNNEfYYYiw.005,train,15.93689,6.2885513
IQdz0Pd-L2Y.001,train,-16.213884,-2.8139265
IQdz0Pd-L2Y.003,train,-18.468153,-3.0988262
IQdz0Pd-L2Y.004,train,-17.53008,-2.6384106
IQdz0Pd-L2Y.005,train,-17.361769,-3.8997655
IV01x2GS61g.000,train,6.4228253,5.608728
IWAT58l2Chg.001,train,18.965216,-9.7740965
IXVf5VWxOAg.000,train,31.761986,-1.2909257
IXVf5VWxOAg.002,train,29.46608,4.2321963
IXVf5VWxOAg.003,train,23.98908,6.2597165
IXVf5VWxOAg.004,train,11.565662,3.5252862
IXVf5VWxOAg.005,train,35.740875,-14.523052
I_ncZcYgFjw.000,train,30.958101,13.832535
I_ncZcYgFjw.002,train,17.596071,4.6987634
Ie2y_yOeKpo.004,train,3.9964032,7.19264
IlbODduDCb4.000,train,4.5909014,-0.6175251
IlbODduDCb4.001,train,2.204256,5.496094
IlbODduDCb4.002,train,13.12079,-8.287376
IlbODduDCb4.003,train,13.141365,-3.1552346
IlbODduDCb4.004,train,6.1601033,-1.1493647
IlbODduDCb4.005,train,8.439923,-4.5094047
Iqbg3CwVpXA.004,train,25.049555,16.281616
It0-yCwOc5k.000,train,0.99578017,6.1671333
It0-yCwOc5k.002,train,-1.565739,4.3574452
It0-yCwOc5k.003,train,-4.2540445,3.8712232
ItkIHtgVhIk.000,train,13.742569,17.615173
ItkIHtgVhIk.001,train,-4.8668995,8.467905
ItkIHtgVhIk.004,train,0.63389,5.5316186
IveGfOJ86wY.000,train,-3.851121,5.46334
IveGfOJ86wY.001,train,5.2801294,8.165483
IveGfOJ86wY.002,train,-7.937825,-0.22448874
IveGfOJ86wY.004,train,-4.8194823,-1.2081307
IwfA-squ7Oo.000,train,-7.3222895,-5.9089823
IwfA-squ7Oo.001,train,-7.654534,-4.0365515
IwfA-squ7Oo.002,train,-6.186055,-1.3993156
IwfA-squ7Oo.004,train,-11.66659,-4.856551
IwfA-squ7Oo.005,train,-12.17163,-1.8125291
IyBCZySg-c4.000,train,-8.446749,-0.24762414
IyBCZySg-c4.001,train,-5.717897,2.5809677
IyBCZySg-c4.003,train,-9.452979,0.91190404
IzKWDY_QNTU.000,train,11.858928,-10.958445
IzsP0TRzFbo.002,train,20.549109,-17.690472
J0I8JzMR4IE.005,train,14.399771,-22.34586
J0JrzUmZGcA.001,train,-13.336332,-4.8302517
J0JrzUmZGcA.002,train,-11.700531,-4.206628
J0JrzUmZGcA.003,train,-12.274241,-3.3224158
J0JrzUmZGcA.005,train,-8.942359,-5.275958
J28DwJsK8Do.000,train,-8.453152,-6.824791
J28DwJsK8Do.002,train,-8.475232,-2.2415302
J28DwJsK8Do.003,train,-8.31108,-4.854668
J28DwJsK8Do.004,train,-7.713308,-2.1619792
J30sMEMrKjA.000,train,-1.2030177,-11.770801
J30sMEMrKjA.001,train,-3.2813528,-6.8979816
J30sMEMrKjA.002,train,-1.6228513,-6.8075213
J4GQm9j0JZ0.000,train,0.96545726,0.9555762
J4GQm9j0JZ0.001,train,0.63884646,-0.37209997
J4GQm9j0JZ0.003,train,2.0310357,-1.0112367
J4GQm9j0JZ0.005,train,1.5421864,3.438365
J6RHl6U6Jcw.000,train,-21.318075,-1.3704702
J8N2OCqM6N0.001,train,-18.809183,-4.9579816
J8YpOUmN_aI.000,train,-8.35062,-4.528397
J8YpOUmN_aI.001,train,-12.193678,-2.40127
J8YpOUmN_aI.003,train,-10.5759735,-5.465622
J8YpOUmN_aI.005,train,-11.196919,-5.908719
J9MfhPoJOaw.003,train,10.540782,-21.520391
J9MfhPoJOaw.004,train,1.4495081,-7.1481895
J9WyswA0vow.001,train,1.7287394,2.7691207
J9WyswA0vow.002,train,10.4587145,-3.895279
J9WyswA0vow.003,train,-2.5336268,-1.2526188
JBdLI6AhJrw.000,train,26.607271,-1.8978646
JBdLI6AhJrw.001,train,28.158741,-6.1097403
JBdLI6AhJrw.002,train,38.417194,-8.137507
JBiq9X_-r84.000,train,-3.9178457,0.23903136
JBiq9X_-r84.002,train,-5.469967,-6.0347276
JBiq9X_-r84.004,train,0.95073044,4.5527625
JEhC58vobs4.001,train,8.257971,-7.153591
JEualxMkaE4.002,train,-14.114234,-1.308154
JEualxMkaE4.003,train,-12.788119,-1.3001893
JEualxMkaE4.004,train,-12.008738,0.09706998
JFKZEGDhcRs.000,train,5.1788063,7.6159463
JFKZEGDhcRs.001,train,8.811095,4.8459144
JFKZEGDhcRs.002,train,-4.6266403,2.4228008
JFKZEGDhcRs.003,train,-4.5354085,1.9323074
JFKZEGDhcRs.004,train,8.7004595,4.550799
JFKZEGDhcRs.005,train,-2.5373306,2.0216289
JIR4aPcyrn8.000,train,36.791344,-14.189518
JIR4aPcyrn8.001,train,20.414957,-0.8992389
JIYZTruMpiI.000,train,-0.8633367,-3.7919624
JIYZTruMpiI.001,train,-1.2064197,-7.0255446
JIYZTruMpiI.003,train,0.26226172,-10.473387
JIYZTruMpiI.005,train,4.0307717,-11.290687
JJs_HTelie4.002,train,6.1785164,-4.86806
JKDEEwxZwrw.001,train,-13.184953,-5.142375
JKDEEwxZwrw.005,train,-11.638265,-2.182536
JN_LH6fs868.005,train,17.162659,-25.919415
JO44XCaQGVY.000,train,-4.242324,7.6531734
JO44XCaQGVY.003,train,-5.272141,1.6377115
JO44XCaQGVY.004,train,-6.283493,5.1315813
JTmq4k4uQCY.000,train,7.008794,-5.4071474
JTmq4k4uQCY.001,train,23.048893,10.516697
JTmq4k4uQCY.002,train,7.2179995,-1.7999253
JTmq4k4uQCY.003,train,11.440872,4.8269906
JVzG-zy9CO0.004,train,2.0307858,3.0240397
JZNMxa3OKHY.005,train,18.937876,-6.1601453
JbXgnjVWEoM.002,train,-10.853541,3.5495844
JcNmLCtlKok.001,train,5.554212,-1.4804348
JciLbidX1Q8.003,train,17.323196,-19.163937
Jcw9NZkMn6I.004,train,-18.165651,0.6138409
Jf8lqSpAjZ8.001,train,-13.330294,-0.91202915
Jf8lqSpAjZ8.002,train,-13.674248,-1.0075184
Jf8lqSpAjZ8.004,train,-13.258492,-2.0470953
Jh7Wk5fYeMk.001,train,8.440023,16.36097
Jh7Wk5fYeMk.002,train,12.309633,20.826372
JhdFmuwquHM.003,train,-17.576572,4.3396173
Jhz5ssCKaug.001,train,-5.556531,4.000396
Jhz5ssCKaug.002,train,-14.368802,2.4247649
Jhz5ssCKaug.003,train,-5.190805,-4.442058
JiXJeI5_jGM.000,train,-15.041295,0.59000516
JiXJeI5_jGM.002,train,-17.722416,1.8414959
JiXJeI5_jGM.003,train,-16.59411,1.9420784
JiXJeI5_jGM.005,train,-18.774212,1.0885606
JlMPF03b8SM.001,train,10.176409,13.566948
JmAQlC-FEV8.003,train,21.187927,33.69155
Jn76eAPxjNA.002,train,6.646352,4.7205067
Jn76eAPxjNA.003,train,19.157581,10.973454
Jn76eAPxjNA.005,train,-12.444796,0.21541205
JoQRNgGQCgY.000,train,-13.244122,-3.5707655
JoQRNgGQCgY.002,train,-12.469533,-3.8971527
JoQRNgGQCgY.003,train,-16.4179,-4.5766635
JoQRNgGQCgY.004,train,-11.297174,-3.8975048
Jog1-pYOSD0.000,train,19.668745,-7.2243824
Jog1-pYOSD0.001,train,22.409786,6.1013093
Jog1-pYOSD0.002,train,21.706013,5.6876187
Jog1-pYOSD0.003,train,16.211773,-1.3650804
Jog1-pYOSD0.005,train,19.177362,-1.3554349
Jp-Hu7yxqR8.000,train,-2.4765275,3.6141777
Jr6GmDtvTK0.000,train,25.049562,4.79445
Jv2lyDcOmEM.001,train,-8.063287,-5.3300266
Jv2lyDcOmEM.002,train,-12.048697,-5.8760877
Jv2lyDcOmEM.003,train,-13.569737,-5.1908674
Jv2lyDcOmEM.004,train,-10.289506,-4.671578
Jv2lyDcOmEM.005,train,-12.754436,-5.0472436
JxxF9y61ujA.000,train,-14.522044,1.3510413
JxxF9y61ujA.003,train,-13.797617,0.029443365
JxxF9y61ujA.004,train,-14.549082,0.57434237
JxxF9y61ujA.005,train,-11.796989,1.947464
JzXnxQDnwWE.002,train,-0.76907474,2.199999
K-Z_mLE8nlo.004,train,-15.081119,-5.5589566
K-fMyzPB7FI.005,train,7.8804226,-14.992522
K-iwJMxjyx4.000,train,-0.9270758,-4.6445737
K-iwJMxjyx4.001,train,10.719049,-6.3166738
K-iwJMxjyx4.003,train,9.178747,1.7344093
K-iwJMxjyx4.004,train,-2.604437,1.2742935
K-iwJMxjyx4.005,train,-0.6966783,2.2328954
K3-YXXLR0Ho.000,train,-19.249199,-2.7212932
K4UcCvZOxWo.001,train,14.244627,-13.587235
K4UcCvZOxWo.004,train,27.268534,-7.9522214
K5WDz2jxtuI.000,train,2.4948828,-8.010436
K63T9l1xY7U.000,train,-5.768736,3.9322708
K63T9l1xY7U.001,train,-0.811781,4.7256827
K63T9l1xY7U.003,train,-9.398542,3.0876467
K7vBdKrcFKo.001,train,-3.644108,0.027450215
K9U_Z8GdGRo.001,train,-12.293392,-5.8666997
K9U_Z8GdGRo.005,train,-10.6803,-2.8943288
K9ZTOb6PbfQ.000,train,-17.384357,-0.92943674
K9ZTOb6PbfQ.004,train,-18.618786,-1.4108824
K9h_wA30XgM.002,train,31.81962,-25.618275
KAGTaM0Z9tA.001,train,0.67090285,1.6747113
KAGTaM0Z9tA.004,train,1.3133492,-1.2992984
KAGTaM0Z9tA.005,train,-4.1067038,3.8308291
KB09jENVJ_0.002,train,18.590208,3.5946188
KB09jENVJ_0.004,train,15.594661,6.5583653
KD9rExmTXcE.005,train,4.706567,-0.66240007
KDwpjQiIfjY.000,train,11.677171,-7.314628
KDwpjQiIfjY.003,train,5.6179495,-6.2169476
KDwpjQiIfjY.005,train,10.329159,-3.3041587
KGRUaRe3r7I.001,train,-8.6365795,3.4460611
KGRUaRe3r7I.002,train,-10.929171,-1.3280047
KGRUaRe3r7I.005,train,-6.315772,1.793608
KHQJhOzdrYo.002,train,23.689434,-7.146288
KHQJhOzdrYo.003,train,7.830872,-8.268311
KHQJhOzdrYo.004,train,23.438826,-8.858845
KIJ9IYETe38.001,train,-5.9747086,3.399875
KIJ9IYETe38.002,train,-7.938152,3.003775
KIJ9IYETe38.003,train,-7.818544,4.0723653
KIhpjwf5uAA.000,train,-17.061617,-2.6834817
KIhpjwf5uAA.001,train,-19.027702,-4.3563204
KIhpjwf5uAA.002,train,-17.323158,-2.3723452
KIhpjwf5uAA.003,train,-17.315744,-3.8573654
KJ643kfjqLY.001,train,18.445503,-0.14163442
KJ643kfjqLY.002,train,25.218273,-1.6567906
KJ643kfjqLY.003,train,31.646492,4.7891345
KJP4SKS2vtY.000,train,-9.405805,1.3860927
KJP4SKS2vtY.003,train,-9.744968,3.4319532
KLY518hfGhU.000,train,-20.054636,7.481565
KLY518hfGhU.001,train,-14.67107,9.008494
KLY518hfGhU.004,train,-12.801557,6.668237
KLY518hfGhU.005,train,-14.892804,8.180872
KM6Nc_VipyQ.001,train,10.95575,7.3893394
KM6Nc_VipyQ.005,train,12.479059,12.403862
KNOHhnRMpSw.000,train,14.4757805,26.812119
KNOHhnRMpSw.001,train,3.8543541,21.305931
KNOHhnRMpSw.002,train,-2.7949622,17.507639
KNOHhnRMpSw.003,train,11.452554,27.690762
KNOHhnRMpSw.005,train,0.3262655,22.679495
KO7ZGXwPu-Y.000,train,8.678868,10.759152
KO7ZGXwPu-Y.002,train,6.21916,8.008893
KTdbKiGFzJY.000,train,-13.061856,7.194705
KTdbKiGFzJY.003,train,-20.180439,3.449298
KVepk_9iPEU.002,train,-0.29628703,3.7917786
KXUERmhPyr8.002,train,-5.0286098,-5.556363
KXUERmhPyr8.004,train,-6.861482,-6.262777
KXUERmhPyr8.005,train,-5.7068458,-5.5995197
KYkfjIZEScM.005,train,-3.5175066,-2.850309
KYvMsMLNGvY.005,train,-11.894474,-2.7782822
KYvbRwTCtaU.000,train,8.157739,3.8884635
KYvbRwTCtaU.001,train,-2.7246501,6.7793546
KYvbRwTCtaU.002,train,1.2764738,0.8446678
KYvbRwTCtaU.003,train,2.1490023,1.9200197
KYvbRwTCtaU.005,train,0.21174286,5.6636896
KahSwziq8F0.000,train,23.224247,-9.494835
KahSwziq8F0.001,train,16.800924,-9.280146
KahSwziq8F0.002,train,15.249327,-6.639315
KahSwziq8F0.003,train,20.754412,-9.810596
KahSwziq8F0.004,train,5.9878025,-6.3951325
Kbcvurfuvhk.000,train,-18.97381,-1.4021901
Kbcvurfuvhk.002,train,-15.611961,-4.520883
Kbcvurfuvhk.004,train,-16.734947,-3.942607
KdMiQUWNByk.001,train,-0.17888182,-0.8681276
KfurkMyjD-c.001,train,-7.168602,-2.212097
KfurkMyjD-c.002,train,-5.275953,-3.514495
KfurkMyjD-c.003,train,-7.489772,-1.1693871
KfurkMyjD-c.004,train,-9.368769,0.0062359367
Kga18VO9VwY.000,train,15.974282,0.51790416
Kga18VO9VwY.002,train,22.880968,-0.88140017
KhMsmtSC5Lg.000,train,30.490494,3.3388114
KhMsmtSC5Lg.001,train,17.456432,9.215199
KhMsmtSC5Lg.005,train,23.533842,6.0520196
KiM9P_FJVHg.004,train,-7.4182444,-4.721629
KiM9P_FJVHg.005,train,-10.498753,1.8981358
KmHe8urs3LI.002,train,1.6583239,3.8766134
KmHe8urs3LI.003,train,-9.905148,3.450265
KmHe8urs3LI.005,train,11.913818,9.050229
Kmrd1MsZKmQ.000,train,0.031797037,4.1238017
Kmrd1MsZKmQ.001,train,-1.6055703,-7.3995256
Kmrd1MsZKmQ.002,train,0.60259825,-5.209057
Kmrd1MsZKmQ.003,train,-3.7856474,-0.29500538
KnbEca4Ibwk.000,train,-7.9990215,6.626434
KnbEca4Ibwk.002,train,-13.837128,1.9726036
KnbEca4Ibwk.005,train,-9.246195,7.597197
KpTHRBaYny8.001,train,0.20338663,2.670057
KpTHRBaYny8.005,train,5.3312936,6.438856
KppCIwj0hC4.000,train,42.37169,-30.213175
KppCIwj0hC4.002,train,35.105118,-27.061476
KppCIwj0hC4.004,train,43.64011,-28.230999
Kpto8K_B-5A.002,train,-12.960592,-4.2332664
Kpto8K_B-5A.004,train,-7.9361796,-6.8014793
Kpto8K_B-5A.005,train,-7.2042747,-5.4816794
Kq-c6lqGNlo.000,train,11.839507,12.306665
Kq-c6lqGNlo.001,train,7.6776175,16.460016
Kq-c6lqGNlo.002,train,9.392599,14.205832
Kq-c6lqGNlo.004,train,0.5520925,11.966074
Kq-c6lqGNlo.005,train,8.911578,15.540662
KsToJAKi7xQ.000,train,-3.543383,-6.112687
KtY6C83o2rs.004,train,31.906796,7.7861333
KtY6C83o2rs.005,train,34.6868,9.860191
Kv0kZgqZEM0.003,train,-6.328521,4.145287
Kv0kZgqZEM0.004,train,-4.225599,3.1742368
L-C1blPD_ec.000,train,12.853631,14.52285
L-C1blPD_ec.001,train,4.6540427,8.664056
L-C1blPD_ec.004,train,4.8025513,2.901992
L-C1blPD_ec.005,train,3.3730536,12.569347
L-rmZZP_wj8.003,train,-9.522566,-0.9641102
L-rmZZP_wj8.004,train,-11.911137,-0.6303167
L4Jlm0vGsvc.000,train,9.6832695,-8.543843
L4Jlm0vGsvc.002,train,6.1227503,-6.0624533
L4Jlm0vGsvc.004,train,6.4453583,-8.218749
L5PkZA1ErYY.002,train,-9.898702,-4.380542
L5PkZA1ErYY.005,train,-6.2031016,-8.172713
L5kpy0SA7os.000,train,-7.005873,-2.8420885
L5kpy0SA7os.003,train,-8.028134,3.2314978
L5kpy0SA7os.005,train,-11.189819,0.7164755
L7HDCG2PsII.001,train,34.073467,-10.900678
L7HDCG2PsII.003,train,31.64454,-8.602123
L9sG80PI1Gw.003,train,-15.059907,-6.350502
LBKbubsgpE8.001,train,4.728556,2.1860678
LBKbubsgpE8.003,train,2.2184563,0.7942509
LBrmHHzyIiY.000,train,8.78255,11.628963
LBrmHHzyIiY.001,train,9.5336895,15.753707
LBrmHHzyIiY.002,train,10.187044,13.140723
LBrmHHzyIiY.003,train,11.956067,15.524017
LCafv-LfC3Y.000,train,-16.739796,-4.739204
LCafv-LfC3Y.001,train,-11.222926,-6.0559382
LCafv-LfC3Y.003,train,-7.3970246,-7.2105064
LCafv-LfC3Y.004,train,-9.487885,-11.241839
LGPm8ok6kVo.001,train,0.48347765,4.497327
LGdzP-r_G3U.001,train,-12.501341,3.6586885
LGdzP-r_G3U.004,train,-14.28488,1.0153089
LGdzP-r_G3U.005,train,-13.267573,1.7334319
LGgx7RVdL2Y.000,train,-0.32134858,8.937721
LGgx7RVdL2Y.002,train,5.031672,10.348649
LGgx7RVdL2Y.004,train,-1.1446556,1.581113
LGgx7RVdL2Y.005,train,-1.4365919,8.176989
LHV4HNK35pM.001,train,-1.1851279,-2.5172088
LHV4HNK35pM.005,train,-8.340522,-2.1917455
LKBoLbWHJYI.002,train,32.02821,6.9873085
LKBoLbWHJYI.003,train,19.363857,5.919481
LKc69Et2Jg8.004,train,-8.958473,0.8791709
LKqN07ryM5I.001,train,-10.689215,-0.5071468
LKqN07ryM5I.004,train,-9.48852,0.48486006
LKqO2BhfAvM.002,train,2.2199535,6.9816895
LKvxVEI8uVA.001,train,18.88249,-15.555909
LKvxVEI8uVA.004,train,35.134827,1.3427416
LLP-oZfo8oE.002,train,-18.390165,2.996108
LLP-oZfo8oE.003,train,-16.032513,3.4664671
LLP-oZfo8oE.004,train,-15.438393,1.5197343
LLP-oZfo8oE.005,train,-17.026321,1.9765712
LNM1i-a9q_A.002,train,-2.693082,2.5534272
LNM1i-a9q_A.004,train,1.6559064,2.7524114
LNiiKncirQA.000,train,0.6032564,7.1962667
LP5N5uPfTdA.004,train,10.028477,-5.9717603
LP5N5uPfTdA.005,train,9.366566,-12.149924
LRU4jLhKaak.003,train,-2.2219365,4.0946736
LRczShwIVbM.004,train,21.94481,-18.961178
LRczShwIVbM.005,train,17.28495,-11.916428
LSqijVxP0EM.000,train,-1.2297734,-2.3936071
LSqijVxP0EM.001,train,-6.6406517,2.3659804
LSqijVxP0EM.002,train,-1.3330944,-0.9304624
LSqijVxP0EM.004,train,0.58717597,-4.199842
LWO2ZhalAEY.004,train,-2.1219335,-7.5386233
LWO2ZhalAEY.005,train,17.282866,-19.911755
LWylAwr9kJI.001,train,1.9747547,-1.2121571
LWylAwr9kJI.002,train,-0.34846956,1.0805517
LWylAwr9kJI.004,train,-0.18552813,0.70861185
LXmwDq89LdA.000,train,3.6169977,1.8955812
LXmwDq89LdA.002,train,5.5721617,13.541101
LXmwDq89LdA.005,train,-0.08476856,3.643343
L_gmlaz-0s4.001,train,-9.0165205,-4.109995
L_gmlaz-0s4.003,train,-11.084558,0.57225287
L_gmlaz-0s4.005,train,-14.0809555,3.621542
LaxnVuOM6kE.002,train,11.936376,12.882088
LeQKH1vAVpg.001,train,-4.0554905,11.8787985
LeQKH1vAVpg.003,train,-2.419281,12.198211
LeQKH1vAVpg.004,train,-3.9919205,1.5152341
LeQKH1vAVpg.005,train,-3.0630372,9.768645
LeuT6NgJ6N8.004,train,14.062667,7.6416173
LfvTKoMYLEE.004,train,26.578283,-5.8281946
LglT6Gp5oQg.003,train,-6.207495,6.938373
Lj1WuMXFa-4.001,train,33.87205,-16.501781
Lj1WuMXFa-4.002,train,26.803972,-15.696154
Lj1WuMXFa-4.004,train,37.271965,-16.171585
Lk6Ts7y4OPY.000,train,-1.1600199,-0.079736695
LmA23EIaXqg.000,train,10.06306,-0.9909147
LmA23EIaXqg.001,train,26.61285,-7.2580347
LmA23EIaXqg.003,train,17.704857,-3.8566213
LmA23EIaXqg.005,train,10.022409,1.4742026
Lq4uvcHNiy8.000,train,24.598349,19.316673
Lq4uvcHNiy8.001,train,10.844905,5.8853564
Lq4uvcHNiy8.002,train,14.026803,19.028013
Lq4uvcHNiy8.003,train,12.598244,11.628253
LqtBNNM2jIw.004,train,13.968697,7.9378195
LsPKxJgefks.003,train,3.2648718,5.216317
LsPKxJgefks.004,train,7.8700495,-10.310676
LsqAIHhFpLE.002,train,6.613377,-1.9909917
Lt89YrQHF_w.002,train,-16.732033,2.2973146
Lt89YrQHF_w.004,train,-15.702773,4.1796913
Lt89YrQHF_w.005,train,-18.760586,3.529429
LtBYojIGYEc.000,train,-17.703768,-0.7773958
LtBYojIGYEc.001,train,-16.883627,0.091944434
LtBYojIGYEc.003,train,-17.732931,-0.020047793
Lu9UNCSpQZM.003,train,23.409563,16.17146
Lu9UNCSpQZM.004,train,18.672426,13.08991
LuLUAwn0aWU.000,train,-17.795942,-2.2945867
LuLUAwn0aWU.001,train,-16.890556,-0.16806403
LuLUAwn0aWU.002,train,-12.940766,-0.13848998
LuLUAwn0aWU.003,train,-16.213074,-3.2212403
LuLUAwn0aWU.004,train,-14.49568,-3.7653239
LuLUAwn0aWU.005,train,-15.048027,-2.229515
LvpUVPQKWcQ.005,train,7.856641,-4.9810247
Lz3hYPF6aIM.003,train,24.973232,-6.2083435
Lz3hYPF6aIM.004,train,27.249632,-21.368988
Lz3hYPF6aIM.005,train,36.66073,-29.059996
Lz3suTodXQM.002,train,-12.800265,-2.7373228
Lz3suTodXQM.005,train,-9.437346,-0.026554083
LzT4m85N17o.002,train,-9.276401,4.2239656
M-SuraqmC9s.000,train,0.4643943,6.6036196
M0O87_LiyMw.001,train,30.606825,-6.6682196
M0O87_LiyMw.002,train,11.937983,-9.305662
M0O87_LiyMw.004,train,10.146263,-13.706524
M0O87_LiyMw.005,train,21.227142,-13.558285
M0U48Lm33A8.000,train,-17.019632,-0.89697015
M0U48Lm33A8.001,train,-15.366096,-1.9793624
M0U48Lm33A8.002,train,-15.832662,-1.9001243
M0U48Lm33A8.003,train,-16.21686,1.4883149
M0U48Lm33A8.004,train,-17.709972,1.1263531
M0U48Lm33A8.005,train,-16.1311,-0.029004082
M20gRMBy-4I.000,train,-10.643538,2.1142454
M39PNQ8Omhc.001,train,15.075927,7.5083046
M39PNQ8Omhc.005,train,13.407225,4.0014853
M56UFrEgXnI.004,train,11.959606,-0.9635381
M5_x5J-H2I0.001,train,10.3836775,4.0429635
M5_x5J-H2I0.003,train,17.222921,-4.6125016
M9nVAfSPOZ8.005,train,-2.5292156,2.034822
MBgwyWKYWVM.002,train,-0.18712819,-2.0533972
MCr6FmFAhak.001,train,18.951443,4.0207343
MCr6FmFAhak.004,train,15.092154,6.0064974
MD9yyz-OSRs.002,train,15.064332,4.147503
MD9yyz-OSRs.004,train,9.958136,4.5863643
MD9yyz-OSRs.005,train,11.080687,3.579488
MDoZUDTSayc.000,train,17.704557,-23.84484
MDoZUDTSayc.003,train,15.225809,-21.12899
ME6JLtAM160.001,train,26.819418,-3.2029343
MFGGMnNE6Q0.000,train,11.317016,-7.474078
MFGGMnNE6Q0.002,train,8.714929,-8.103354
MI_GQLbnoew.000,train,-5.0627875,-3.7670512
MI_GQLbnoew.001,train,-0.9997179,-3.6366403
MK7KveAeb6Y.000,train,0.018752415,-0.13771701
MK7KveAeb6Y.002,train,3.0928087,4.4517193
MK7KveAeb6Y.004,train,0.94656134,-2.52961
MLCIfM5jYlI.000,train,-0.9920836,12.332659
MOXPVzRBDPo.002,train,7.7571945,-6.356653
MOXPVzRBDPo.004,train,15.246381,0.28818354
MOobNUpfWiY.000,train,0.9946109,4.90266
MOobNUpfWiY.002,train,8.902481,5.5773845
MOobNUpfWiY.004,train,10.22802,5.7999244
MOobNUpfWiY.005,train,-0.7537914,-1.5671897
MRquWhqw4Jw.000,train,-8.342293,4.169983
MRquWhqw4Jw.004,train,-11.935316,3.7620006
MT3tOBpG5II.000,train,11.833941,9.550077
MT3tOBpG5II.004,train,11.67494,17.533514
MVwxnf6L8po.004,train,-7.5095925,3.672286
MZkDsB04kt8.000,train,32.49487,-14.925478
MZkDsB04kt8.004,train,34.409065,-20.20005
M_OpMKBEOyU.000,train,-7.597265,-4.8010483
M_OpMKBEOyU.001,train,-8.642474,-1.9069723
M_OpMKBEOyU.002,train,-14.059195,-1.7620515
M_OpMKBEOyU.003,train,-10.003043,1.4645238
M_OpMKBEOyU.004,train,-8.366066,-3.1163905
MajYvFTkKnk.002,train,-21.329386,2.2113786
MajYvFTkKnk.003,train,-21.07109,-2.098839
MajYvFTkKnk.004,train,-20.339891,-2.491829
MajYvFTkKnk.005,train,-20.38806,-1.263912
MbufNmC0JL0.004,train,-6.4309535,-2.9171474
MbunPsukPnQ.001,train,15.728314,-1.545584
Me22JENkhJA.000,train,-3.2436671,9.172778
Me22JENkhJA.005,train,-12.424059,2.8970118
MkVsl0hdphE.000,train,1.1516284,15.016849
MkVsl0hdphE.003,train,-0.87416226,14.956086
MnARi5OWW9Q.000,train,-13.812315,-8.79727
MnARi5OWW9Q.002,train,-10.27461,-11.613493
MrYEK0nvnAo.001,train,-2.8723555,11.052319
MrYEK0nvnAo.002,train,-0.88190085,12.292427
MrYEK0nvnAo.003,train,0.52021533,7.090727
MrfJ1qDJAwo.001,train,-4.1560755,-4.6099176
MrfJ1qDJAwo.002,train,-12.322933,-5.368483
MrfJ1qDJAwo.003,train,-13.391238,-5.4910035
MrfJ1qDJAwo.004,train,-14.739544,-3.634968
MrfJ1qDJAwo.005,train,-12.224067,-5.372109
MswJxdf-3Fc.002,train,-5.1652217,-3.4350672
MswJxdf-3Fc.005,train,-0.0899409,-1.4525785
MuYYY3XaJ7Q.002,train,9.751322,2.363783
MuYYY3XaJ7Q.003,train,3.7791858,1.2384247
MuYYY3XaJ7Q.004,train,-5.312375,-2.0395324
MuYYY3XaJ7Q.005,train,-1.7679664,-1.837239
MvWDky9ZaWU.000,train,-8.959613,6.4570994
MvWDky9ZaWU.003,train,-10.733343,5.509507
MvWDky9ZaWU.005,train,-10.695774,2.362267
N0QizgPLLbs.000,train,-6.601746,-0.074618794
N0QizgPLLbs.005,train,-4.511196,-2.241428
N0UweTwwQqQ.000,train,-6.5122333,-1.5547255
N0s2M3bJkUk.002,train,1.8853815,2.5703409
N0s2M3bJkUk.003,train,4.538375,4.9987555
N0s2M3bJkUk.005,train,0.2879093,2.62615
N1ZOAktFbI0.001,train,33.72117,-18.829084
N1ZOAktFbI0.002,train,29.113619,-9.123223
N1ZOAktFbI0.004,train,29.588543,-17.988754
N4tuu9aCXkw.003,train,-15.588734,2.85181
N4tuu9aCXkw.004,train,-16.200367,4.937165
N5nIQZMW_ig.003,train,11.284255,-1.9655126
N7oR6_oMBFk.000,train,3.8021526,-9.24544
N7oR6_oMBFk.004,train,10.451436,-4.9949856
NBacfF-K2eQ.000,train,1.6142951,3.3063962
NBacfF-K2eQ.001,train,13.648193,15.149151
NBacfF-K2eQ.004,train,-5.0227327,3.4311714
NCm736FngNo.000,train,-14.527591,4.061809
NDBCrVvp0Vg.000,train,8.504034,5.6710105
NDBCrVvp0Vg.003,train,7.8330984,4.4065804
NDC375coN1o.001,train,11.916732,-4.2514453
NDC375coN1o.002,train,19.755482,-8.720513
NDC375coN1o.005,train,18.481905,0.116831824
NF8nb3SQPNg.002,train,-4.549846,5.6386833
NFAlff6GUpA.000,train,-13.935054,-2.558268
NFAlff6GUpA.003,train,-12.74874,-3.0489998
NFAlff6GUpA.005,train,-9.330529,-3.6723347
NG8qWulkRM4.000,train,6.0241494,-16.090199
NG8qWulkRM4.001,train,-5.9192944,-7.411363
NG8qWulkRM4.002,train,-1.355484,-12.082249
NG8qWulkRM4.005,train,-4.041016,-12.426464
NI-tZF3gfes.002,train,-13.0445595,1.1162641
NI-tZF3gfes.003,train,-11.038774,1.36692
NI-tZF3gfes.004,train,-0.20741612,6.4969354
NOrjfF0-pQ4.004,train,0.9668441,7.577239
NOrjfF0-pQ4.005,train,-3.4993677,3.5785332
NTATNIs2sSc.001,train,-19.833641,-5.181795
NTSMogqhvBg.001,train,-0.54123014,-3.703403
NTSMogqhvBg.002,train,3.0700102,-6.1499667
NTxMChSejQE.001,train,17.206554,1.8224287
NVvKBE5FTMk.005,train,1.8015169,-5.0998063
NWlCdMyKlE0.000,train,-12.67225,2.7410426
NWlCdMyKlE0.001,train,-12.441755,3.9421709
NWlCdMyKlE0.002,train,-13.198912,2.7623188
NWlCdMyKlE0.003,train,-1.9900275,3.9962528
NXG4n1pr4Ok.001,train,-16.2906,-3.6908748
NXG4n1pr4Ok.002,train,-12.209383,-4.6169896
NXG4n1pr4Ok.004,train,-11.040188,-4.84837
NYlFsljF0VM.003,train,-17.610668,-3.2835479
NYlFsljF0VM.005,train,-18.105831,-4.3099236
NZXtEENlWL4.003,train,16.525305,-7.8915153
N_PICgkFxAM.002,train,-2.528377,-0.65761334
NdAJGXf8aos.002,train,29.221777,-12.348339
NdAJGXf8aos.005,train,19.779839,-9.181256
Ng2E0E5tiZQ.003,train,-1.5206944,-0.120309226
Ng2E0E5tiZQ.005,train,-1.2348261,-2.261564
NhyVkwcZbTA.002,train,36.99763,-9.236127
NhyVkwcZbTA.003,train,18.523432,-4.2447233
NhyVkwcZbTA.004,train,40.048626,-3.2119253
NhyVkwcZbTA.005,train,36.898075,-14.704881
NkFJuN8fBDU.000,train,-3.3717232,3.1676638
NkFJuN8fBDU.001,train,-8.078894,-3.210533
NkFJuN8fBDU.004,train,-2.4639194,-1.4025176
NoHext7JXYU.000,train,-3.5716364,6.963751
NoHext7JXYU.003,train,-9.415662,5.2225394
NpiglwrZzsA.001,train,-4.0062895,19.057873
NpiglwrZzsA.002,train,3.6594286,18.103521
NpiglwrZzsA.004,train,11.775644,25.242666
Nv0-x4K9YFI.000,train,7.5329623,20.471256
Nv0-x4K9YFI.001,train,20.07313,16.226315
Nv0-x4K9YFI.002,train,16.48806,20.12384
Nv0-x4K9YFI.004,train,26.909515,15.346837
Nv0-x4K9YFI.005,train,0.86625224,9.414712
NvJ4jRPUuS0.001,train,18.306599,-2.1265612
NvwD448H-40.001,train,1.4132094,4.233636
NzCflfxgvwo.003,train,-7.92204,6.3286376
O14mSiNfYDo.001,train,27.668283,-13.611567
O14mSiNfYDo.002,train,30.73711,-14.198908
O14mSiNfYDo.005,train,2.1291099,1.2360064
O2J_3ScUCUQ.004,train,1.4721471,2.916176
O2wMPdp2-Is.002,train,12.819584,-11.982952
O3_j0d7mq7k.001,train,12.944178,-2.8632855
O3_j0d7mq7k.002,train,14.152951,-10.481112
O3_j0d7mq7k.004,train,19.073952,16.631044
O7h-kf7hPIU.001,train,19.695591,-23.437798
O7h-kf7hPIU.005,train,17.825077,-26.479744
O7ke1Wjb1ZM.003,train,-2.0181491,-1.6406833
O8L2pHEIcuo.004,train,-12.937499,-0.58660805
OACoHiwOdXQ.002,train,-0.48205215,11.853341
OACoHiwOdXQ.003,train,-5.674075,11.379884
OACoHiwOdXQ.005,train,-1.9125031,17.551298
OCMseWyLuBQ.001,train,-7.274247,10.523111
OD3cfWeJaOY.003,train,24.112516,-22.763998
OD3cfWeJaOY.004,train,29.895082,-22.768688
OD3cfWeJaOY.005,train,30.095594,-22.733473
ODDGS0hTcUc.000,train,0.78235877,14.867944
ODDGS0hTcUc.001,train,2.43442,15.169491
ODDGS0hTcUc.004,train,-8.938433,0.6668791
OD_gyCYpR8U.002,train,12.143208,12.45931
OEKg-Tvwcbk.000,train,-3.9197328,7.480126
OEKg-Tvwcbk.003,train,13.899339,11.904678
OIRq4d8IyKc.002,train,-3.0256827,10.531143
OIRq4d8IyKc.003,train,-7.11388,4.9762692
OLFhKCgexRU.000,train,-14.320859,-5.7748747
OLFhKCgexRU.001,train,-15.355393,-2.071159
OLFhKCgexRU.002,train,-12.907913,-2.964495
OLFhKCgexRU.004,train,-12.669569,-5.513795
OMHlfDF99Mw.000,train,-21.261158,0.11377923
OMHlfDF99Mw.003,train,-21.76188,-0.52172196
OMHlfDF99Mw.004,train,-20.200106,-1.637723
OSDlyk5ZgAk.004,train,-15.471706,-0.07074607
OTXGM3Guxy4.000,train,7.690514,20.250729
OTXGM3Guxy4.003,train,3.4704852,13.698682
OTXGM3Guxy4.004,train,0.31211165,12.562552
OTXGM3Guxy4.005,train,-1.0621244,8.299004
OWZ-qVZG14A.000,train,0.8064491,13.368213
OWZ-qVZG14A.002,train,-0.42821035,6.2418528
OWZ-qVZG14A.003,train,4.5250416,12.303093
OWZ-qVZG14A.004,train,2.184272,4.6592207
OWZ-qVZG14A.005,train,4.618701,9.220493
OXkDmd3nA94.003,train,32.710182,-24.189249
OXkDmd3nA94.004,train,42.272537,-10.539606
OZaP2T74bLI.000,train,2.163481,0.51498073
OZaP2T74bLI.001,train,0.41755426,-2.3091743
OZaP2T74bLI.004,train,1.3969967,-2.5466528
OZaP2T74bLI.005,train,4.6172066,-10.405241
OZlpENU9h28.000,train,-16.859793,1.9773448
OZlpENU9h28.002,train,-18.542469,1.5315928
OZlpENU9h28.003,train,-14.279499,5.6147575
OZlpENU9h28.005,train,-12.768132,7.9651318
OcS4H_dFeOc.001,train,15.669026,3.8420725
OckL7z_nBGg.002,train,-4.2438307,8.676051
OckL7z_nBGg.003,train,-4.3909826,11.273879
OckL7z_nBGg.004,train,-0.76407546,11.594748
OckL7z_nBGg.005,train,-3.7799304,11.074729
OdwK_oMdfSU.000,train,-12.216316,-0.090316296
OdwK_oMdfSU.002,train,-8.477438,3.1237464
OdwK_oMdfSU.003,train,-9.086834,-1.3684262
OdwK_oMdfSU.005,train,-10.371229,-3.8353648
Oe7ItP7gS4w.000,train,-15.080319,-4.399543
Oe7ItP7gS4w.002,train,-15.905336,-4.3344555
Oe7ItP7gS4w.004,train,-17.711975,-2.5338352
OeGMd58Wgsk.000,train,-8.825225,5.133642
OeGMd58Wgsk.003,train,-1.1510243,12.609944
OeT6Skotv7g.004,train,25.078606,-6.581054
OgPC4wnLJR0.001,train,-10.68208,-2.8671117
OgPC4wnLJR0.002,train,-13.140843,-4.8097034
OgPC4wnLJR0.003,train,-15.30291,-5.2055163
OgPC4wnLJR0.004,train,-13.872981,-3.6875794
OgPC4wnLJR0.005,train,-13.288505,-4.786423
OhHg1lyxe4I.000,train,-17.312883,1.3639032
OhHg1lyxe4I.001,train,-16.504532,2.0389633
OhHg1lyxe4I.002,train,-19.27653,1.9041212
OmXuhT4yJpo.000,train,-7.8273716,-10.907569
OmXuhT4yJpo.005,train,-8.44168,-6.988473
On2c_8sU8Vw.001,train,-3.4803457,-0.7552093
On2c_8sU8Vw.002,train,-0.64406776,3.5526817
On2c_8sU8Vw.004,train,5.559262,-6.9044065
OovRk5U9_GY.000,train,-2.339816,-1.2327344
OovRk5U9_GY.004,train,17.717728,-6.5766797
OoxYhDbzWwg.002,train,0.06325779,12.504162
OoxYhDbzWwg.005,train,0.41950664,15.156439
Or2_bP4lWYI.000,train,-0.7830063,5.927235
Or2_bP4lWYI.001,train,-2.076474,3.4484875
Or2_bP4lWYI.002,train,-7.6997538,5.772897
Or2_bP4lWYI.004,train,-9.088229,4.209578
Or2_bP4lWYI.005,train,-7.2822895,4.4439464
Os7L5C-i9Fw.000,train,-14.928607,-1.3133733
Os7L5C-i9Fw.003,train,-12.640865,-0.29667664
Os7L5C-i9Fw.004,train,-13.258525,-2.9635086
OtGJDbI9qkM.000,train,-18.298586,-0.6269864
OtGJDbI9qkM.002,train,-17.68702,1.575949
OtGJDbI9qkM.004,train,-18.676857,2.6514196
OtGJDbI9qkM.005,train,-16.452824,-0.062456638
OuE91U_n04E.000,train,7.8504806,2.301608
OuE91U_n04E.001,train,9.908355,-8.747483
OugdInDyt9s.000,train,13.858149,-13.169498
OugdInDyt9s.003,train,14.447904,-8.669904
OugdInDyt9s.005,train,14.902405,-10.260697
OwI3Q-qUqDw.000,train,-11.263721,-1.5393692
OwI3Q-qUqDw.001,train,-11.705764,-3.519199
OwI3Q-qUqDw.002,train,-9.271579,-3.5816994
OwI3Q-qUqDw.005,train,-11.177351,-2.8201358
OwlFAiE0Qrg.000,train,-3.926587,-1.6936587
OwlFAiE0Qrg.002,train,-0.7129288,3.5688915
OxaBanUE6KE.001,train,7.368027,-4.1809916
OxaBanUE6KE.002,train,6.926285,-4.4725924
OxaBanUE6KE.004,train,7.3932524,-5.688023
P0ZzjnS8E24.000,train,-8.978678,-2.3131537
P0a209IS614.002,train,-5.9021444,10.361051
P0a209IS614.004,train,-5.36918,6.394519
P0a209IS614.005,train,-4.7805376,7.1061816
P63CUj9KnSw.001,train,-6.3012896,1.9457176
P63CUj9KnSw.004,train,-0.48230636,-1.4775116
P6g1mZ3f76U.001,train,-4.527691,12.145753
P6g1mZ3f76U.002,train,-7.6242537,6.0659547
P6g1mZ3f76U.003,train,-5.3316207,11.80254
P7poMmhYnM0.001,train,-1.7676945,-0.24417037
P9WDAY-MFzk.000,train,-11.693364,-1.0379972
P9WDAY-MFzk.002,train,-12.993396,-3.4122326
P9WDAY-MFzk.003,train,-15.920422,0.84505355
PCmec_zcu_w.002,train,20.040579,-11.31917
PHUlL5ZzX5U.001,train,26.783478,30.00197
PHUlL5ZzX5U.005,train,32.676937,20.010448
PHZQmf82HvA.002,train,6.639018,6.11246
PHZQmf82HvA.005,train,-0.050773945,-2.577045
PHmkN1cPl10.003,train,-11.45021,8.258638
PHmkN1cPl10.005,train,-13.736193,1.7061646
PHv6CzBIC5E.001,train,-4.027591,-2.5989695
PHv6CzBIC5E.002,train,-9.921355,-5.1043353
PHv6CzBIC5E.004,train,-10.721649,-6.20712
PHv6CzBIC5E.005,train,-15.349669,-5.1416655
PJxgOFaaUZM.004,train,9.922068,0.3772202
PKYh4sungwI.002,train,0.8442096,-9.71485
PKYh4sungwI.003,train,-0.34927577,-12.710013
PKtzsEqLGx4.000,train,-2.2745726,-6.7673655
PKtzsEqLGx4.001,train,-4.898767,-8.3200865
PKtzsEqLGx4.005,train,-8.3861475,-10.6558075
PKyqjYem0dY.003,train,11.405244,-1.9821415
PKyqjYem0dY.004,train,-4.9185495,-3.207245
PQBGDxYGaXU.001,train,-14.007766,-2.6404428
PReOtefm17s.002,train,5.8183317,-13.487954
PReOtefm17s.005,train,1.0339962,-7.3950467
PRplbrM70sg.001,train,9.187051,-10.444751
PRplbrM70sg.004,train,4.5674405,-8.157612
PTV5TBVRHxo.000,train,-6.6718683,-0.106971025
PTV5TBVRHxo.002,train,-1.0321496,-4.4726353
PVm7Om88BSw.001,train,-13.63203,-4.8934283
PVm7Om88BSw.003,train,-11.007722,-6.509442
PWAe9M2SxT8.001,train,-11.7288475,-8.82598
PWAe9M2SxT8.003,train,-10.595082,-9.19021
PWAe9M2SxT8.004,train,1.6494075,-12.195659
PWM-bKcs2p8.001,train,-6.794994,9.751535
PWM-bKcs2p8.004,train,9.366816,8.380881
PYL8BGJKu20.001,train,-16.989971,-3.898588
PYYC0Jiwfdg.000,train,-3.4988012,2.6453965
PYYC0Jiwfdg.002,train,1.1229798,-3.9409413
PYYC0Jiwfdg.004,train,2.0389798,-3.071138
P_wDFLJnW-o.000,train,-0.25133273,4.557294
P_wDFLJnW-o.001,train,-14.09611,2.9942293
P_wDFLJnW-o.004,train,14.086076,10.590087
Pb7aNc6Kd40.001,train,-17.378277,-0.70145226
Pb7aNc6Kd40.003,train,-17.246277,0.5397287
Pb7aNc6Kd40.005,train,-17.571198,1.1680584
Pb9GhzCRnqs.001,train,7.639674,1.1042982
Pc-oQQwkIv8.000,train,35.29004,28.567987
Pc-oQQwkIv8.001,train,29.660633,19.97977
Pc-oQQwkIv8.003,train,15.547614,21.76631
Pc-oQQwkIv8.004,train,22.190805,20.055618
Pc3NjyhtVd0.003,train,14.025183,-10.925175
PgpMUHH8lEI.000,train,23.558102,5.62373
PgpMUHH8lEI.002,train,20.57305,-1.1268629
PgpMUHH8lEI.003,train,12.7822075,-20.214724
PgpMUHH8lEI.004,train,18.548206,9.614149
PgpMUHH8lEI.005,train,19.123434,-3.3183525
PkEzIErhYZ8.002,train,11.313307,18.624186
Pkgi4--hwfo.005,train,-0.75471395,-1.7840573
PmJw3uI1qBE.000,train,8.443193,13.440408
Pn_LNsSsm58.000,train,-0.4445429,-0.59125966
Pn_LNsSsm58.001,train,-5.1612043,-4.491909
Pn_LNsSsm58.004,train,3.8318138,2.914345
Pn_LNsSsm58.005,train,-1.3794154,-3.9172788
Po4UGCJbCbw.002,train,-5.728016,10.577912
PoF3lxFDggQ.000,train,-4.705039,-5.8290305
PoF3lxFDggQ.004,train,-5.2776475,-4.377922
PoF3lxFDggQ.005,train,-10.667547,4.087224
PoVizBmIHy0.000,train,-13.64772,1.9790695
PooFvZH6fK0.001,train,-3.1261687,-1.5953617
PooFvZH6fK0.003,train,-5.3638153,-1.7465754
PpJ4S8ZM8mQ.000,train,17.82043,11.185122
PpJ4S8ZM8mQ.002,train,7.8768272,7.8254776
Pr-RpZ4gYCM.001,train,13.704185,-14.217099
Pr7CHWFkWew.001,train,-6.6109924,2.603545
Ps55vHez10c.000,train,22.408953,-23.13239
PsHb4YHooKM.003,train,-8.034419,10.762827
Psahy1Vju4A.000,train,-16.177181,-2.8972793
Psahy1Vju4A.002,train,-17.840963,-0.38835993
Psahy1Vju4A.003,train,-23.987316,4.055045
Psahy1Vju4A.005,train,-14.385868,-4.1274056
PsqpkFKX8co.001,train,2.3258681,-4.6706758
PsqpkFKX8co.002,train,9.962555,-0.7278052
PtA7yAu9-VE.000,train,3.8329377,-8.184168
PtA7yAu9-VE.004,train,3.3544245,-8.4835825
PtA7yAu9-VE.005,train,10.376432,-6.291224
PuVy3akfzNI.000,train,-2.3425484,8.673273
PuVy3akfzNI.002,train,-1.5729526,14.964674
PxkMDzORBPE.005,train,11.307099,14.766906
PxpbeM9VavA.001,train,-11.051801,4.689709
PxpbeM9VavA.003,train,-10.295989,10.39884
PyPFJWirPjs.000,train,21.418993,11.076845
PyPFJWirPjs.001,train,18.250017,11.579614
Q-cZz-M17PE.000,train,15.298826,-19.232145
Q0C0OU-j4DA.001,train,1.3802209,11.288585
Q0C0OU-j4DA.002,train,5.24753,17.606277
Q0C0OU-j4DA.003,train,1.1735017,11.46538
Q0C0OU-j4DA.004,train,16.967571,22.978943
Q0C0OU-j4DA.005,train,-2.8424315,6.8398137
Q2AI4XpApFs.000,train,-7.6402864,-2.7961762
Q2AI4XpApFs.001,train,-8.954442,-2.703925
Q2AI4XpApFs.002,train,-5.249007,-5.3827
Q2AI4XpApFs.005,train,-5.8738694,-3.19619
Q43qO4HC6mA.000,train,3.0571306,4.278424
Q4z4GRUtccE.000,train,-19.65912,-1.7737234
Q4z4GRUtccE.002,train,-14.517839,-2.872806
Q4z4GRUtccE.005,train,-16.609285,-3.6036184
Q5h34e5xM0Q.000,train,-14.65583,-5.7078495
Q6We7dJplls.002,train,-6.714777,-5.4951878
Q6We7dJplls.005,train,-5.205206,-6.2914495
QBZieJiOl1w.001,train,16.40835,-10.173159
QBZieJiOl1w.003,train,21.964348,-10.371594
QBZieJiOl1w.004,train,19.51109,-10.51305
QDd2AfQEAqs.001,train,9.740493,-2.4852386
QJcc95Y0XPw.002,train,1.6324081,-15.904238
QKcx5msA7iA.000,train,-6.384869,-6.6728115
QKcx5msA7iA.003,train,-6.7933955,-4.1013722
QKcx5msA7iA.004,train,-7.387064,-4.3317785
QKlawwZQK9M.000,train,21.78593,13.543513
QKlawwZQK9M.001,train,23.741037,10.211242
QKluS-uQIaM.002,train,-3.567062,2.2856011
QMRAbwZCTfI.005,train,-5.858281,9.614139
QNVsr2mGwGs.001,train,19.74312,-28.289816
QNVsr2mGwGs.004,train,17.280485,-26.25749
QNVsr2mGwGs.005,train,14.5398245,-23.999327
QQzeQOoqO20.001,train,22.381435,21.391754
QQzeQOoqO20.005,train,13.033414,18.672037
QS7TwjzkYiU.004,train,-8.177718,0.56822646
QTtTAFqT-no.004,train,-0.7720356,-7.888672
QXFRE_pjrAE.000,train,-2.2934456,10.238793
QXFRE_pjrAE.001,train,0.6111999,6.7134905
QXFRE_pjrAE.003,train,2.164769,6.235597
Q_YyIgxj6HE.001,train,-16.884449,-4.1555276
QdafN9Y_j-Y.001,train,-4.8871527,-12.591802
Qe7q8SFJ71E.004,train,13.881384,-4.5049286
QfU5JsVMjfI.000,train,-2.1875594,-3.163195
QfU5JsVMjfI.001,train,5.6561522,-10.211664
QfU5JsVMjfI.003,train,3.102487,-5.158056
QiPb8vlGDFo.000,train,17.696646,24.226229
QiPb8vlGDFo.001,train,9.87416,20.17515
QiPb8vlGDFo.002,train,-0.005606794,12.050365
QiPb8vlGDFo.003,train,1.6708206,2.371157
QiPb8vlGDFo.004,train,14.065342,21.448196
QiR6yJbFCfM.005,train,-4.9663897,5.1475554
QipgesEKSNA.000,train,16.565834,8.303935
QipgesEKSNA.001,train,7.8000665,-3.7284608
QipgesEKSNA.002,train,1.0756041,-4.422418
QipgesEKSNA.004,train,22.418184,3.3282022
Qkao4XiSflU.003,train,-13.527239,1.8112122
QlBgvZjbX30.000,train,8.281913,-16.879616
QlBgvZjbX30.002,train,5.7597494,-17.698044
QlkTEWrSCBs.000,train,-1.9916466,-2.7313354
QovE6L-C9VY.000,train,3.2774208,-0.5723277
QpA0gj1y6KE.000,train,5.723836,2.1740377
QqTw0lnrtBo.002,train,-8.815837,7.78516
QqTw0lnrtBo.004,train,-9.533856,11.677286
Qqc1539E6rs.002,train,1.2383037,-3.7264543
Qqc1539E6rs.003,train,1.2826372,-6.554878
Qqc1539E6rs.005,train,4.5592036,-7.8269315
QsUj_OlGQ-0.000,train,-12.593924,-1.5952637
QsUj_OlGQ-0.002,train,-12.749539,0.07410644
QsUj_OlGQ-0.004,train,-14.790904,-1.6528007
QsUj_OlGQ-0.005,train,-14.234781,0.43834618
Qu81v9Aybv4.000,train,-12.503415,-5.3283167
Qu81v9Aybv4.002,train,-11.457979,-6.727931
Qu81v9Aybv4.003,train,-11.446024,-7.5191154
Qu81v9Aybv4.004,train,-9.486597,-9.256178
Qu81v9Aybv4.005,train,-14.0954,-4.8329554
QuwVzi2tQrQ.005,train,2.6022167,-1.5255481
QyVTG0sGKg0.001,train,-14.044784,-3.6257446
QyVTG0sGKg0.002,train,-13.477331,-4.935626
Qz_cjgCtDcM.001,train,5.5425215,-8.70615
Qz_cjgCtDcM.003,train,7.5116835,-9.372534
Qz_cjgCtDcM.005,train,6.995036,-7.884809
Qzu9b49qvKo.003,train,16.952871,19.274397
R-qB2FX7ZbE.001,train,-6.657953,15.323424
R-qB2FX7ZbE.004,train,-4.1050797,17.924309
R-vly7LKotQ.003,train,1.0093396,9.950088
R0RURVpmU9M.004,train,29.172777,-2.1381314
R42dmIPCXwo.001,train,8.7412615,7.385249
R42dmIPCXwo.003,train,2.8448527,10.082511
R5uXsQsO6Uo.002,train,6.1725945,-4.854898
R6NTuhZtOks.003,train,-11.679553,-0.6340631
R6NTuhZtOks.005,train,-10.826592,3.4922934
R8Gpa-rRywc.001,train,-3.823685,7.0675826
RB9vu-0Y_Fk.001,train,-9.650748,-0.4948596
RCr48dXuZYE.002,train,7.0027933,4.0657287
RDOngWykAQU.000,train,3.2414465,-19.09916
RDOngWykAQU.002,train,5.1654778,-17.194149
RDOngWykAQU.003,train,13.722006,-19.796722
REAxeTWo1QM.002,train,31.552025,10.600567
RGuHfwIRKpA.000,train,-12.113544,-9.178104
RGuHfwIRKpA.001,train,-11.582973,-10.7186985
RHEkTC8UfME.000,train,3.908878,0.31358185
RHEkTC8UfME.003,train,5.287391,1.3860579
RMA5HIyEsXc.000,train,9.597057,-0.9316806
ROTx-0q1F9M.001,train,18.637117,-15.524096
ROTx-0q1F9M.004,train,17.15685,-18.957811
ROTx-0q1F9M.005,train,3.7252324,-6.1750474
RQdZHLGGR_E.001,train,-6.8849406,-5.5253263
RQeoo3idUJc.004,train,8.996873,8.9204855
RTJK4Duuxsc.003,train,-5.749533,1.5114436
RW4a2ERzTO8.000,train,-6.093555,6.5050945
RWfY3Xk0XPQ.002,train,2.641084,0.50676394
RWfY3Xk0XPQ.003,train,2.7485428,-1.2798359
RWfY3Xk0XPQ.005,train,5.326574,-3.203598
RWhyKkFI3zw.001,train,-8.983929,0.94477946
RWhyKkFI3zw.004,train,-10.63433,4.576363
RWhyKkFI3zw.005,train,-6.3115926,2.0206134
RYG6XhdmPY0.001,train,13.37226,3.6368458
RYG6XhdmPY0.002,train,19.318655,-0.35298347
RYG6XhdmPY0.004,train,31.56584,5.421963
RYG6XhdmPY0.005,train,11.254629,11.819362
RZOimXPTG0s.000,train,-10.516494,-5.550691
RZOimXPTG0s.002,train,-11.225224,-5.386483
RZOimXPTG0s.003,train,-11.382534,-4.594375
RZgTERiRDjA.001,train,-14.5221405,0.6219201
R_6hhFo7M3o.002,train,-7.2767015,2.42105
R_6hhFo7M3o.003,train,-2.475301,0.12482236
R_LJX7wszPY.000,train,-5.8577614,8.41912
RbX4q4KceVk.000,train,-15.206669,-3.8525891
RbX4q4KceVk.003,train,-12.66861,-2.9053524
RbX4q4KceVk.004,train,-7.919519,-1.7065074
RbX4q4KceVk.005,train,-16.70154,-4.7442904
RdHnu7ZxjzI.000,train,-4.1315165,8.643372
RdHnu7ZxjzI.002,train,-3.5988083,8.654096
RgZTZIf8K8g.000,train,-15.870914,2.1774418
RgZTZIf8K8g.001,train,-15.647877,2.8575284
RgZTZIf8K8g.002,train,-17.959793,2.9055016
RgZTZIf8K8g.003,train,-8.185363,5.185368
RhFPotjd0hM.002,train,-16.850767,8.314969
RhFPotjd0hM.003,train,-16.106804,10.242746
RhFPotjd0hM.004,train,-12.67279,9.105312
RhSWpef2e6s.000,train,2.3593674,-18.316113
RlUuWWWFrhM.005,train,-14.146746,-6.0306635
RlaaCqle7tY.003,train,5.8875904,-11.2373
RlaaCqle7tY.005,train,5.013863,-7.961905
Rops7WYMCCY.000,train,9.420653,13.011896
Rops7WYMCCY.001,train,15.23979,12.181441
Rops7WYMCCY.002,train,3.0499108,8.87053
Rops7WYMCCY.003,train,2.6756847,9.429233
Rp_gyvKE4hI.000,train,-14.125069,7.573828
Rp_gyvKE4hI.001,train,-12.663418,9.026487
Rp_gyvKE4hI.002,train,-9.949428,4.0542474
Rp_gyvKE4hI.004,train,-9.082994,2.9436193
Rp_gyvKE4hI.005,train,-1.8982407,7.4797325
RrvG7JlKoXM.002,train,-2.0383487,3.4631996
RrvG7JlKoXM.004,train,-4.046319,3.4888642
RrvG7JlKoXM.005,train,-2.089027,2.5843132
RsYSOFRFszk.001,train,21.954876,8.723628
RsYSOFRFszk.004,train,2.3901157,2.7351477
RsjDkkvJirs.005,train,18.222294,-18.923061
Rsz-26AaL2o.001,train,8.282863,8.098582
RtNylXap2qk.000,train,19.142548,2.0857637
RtNylXap2qk.001,train,37.67667,7.9988165
RtNylXap2qk.005,train,2.0794892,3.0995886
RthpiC1KtSg.000,train,-3.080531,-0.54312086
RthpiC1KtSg.003,train,5.978685,-0.87524474
RthpiC1KtSg.004,train,0.068309836,3.1597722
RuRn2t7iPSc.000,train,-0.14811547,-4.729275
RuRn2t7iPSc.002,train,-3.1050618,0.32334256
RuRn2t7iPSc.004,train,-7.6702895,-0.11655769
RvoxbgEP49Q.003,train,11.218874,3.193886
RvoxbgEP49Q.005,train,10.958377,7.591322
Rw_ZLT9vZTI.003,train,-11.273018,-3.0266008
Rw_ZLT9vZTI.005,train,-14.40421,-4.436664
Rwsss8y1bf0.000,train,-15.078956,-0.2965776
Rwsss8y1bf0.002,train,-13.242202,4.213619
Rwsss8y1bf0.004,train,-12.364073,-1.2965817
Ry5JJvTfP-8.002,train,24.601849,19.169672
Ry5JJvTfP-8.004,train,20.914621,17.127735
S-e9-bW4seo.001,train,-12.928796,3.257727
S-e9-bW4seo.004,train,-14.019928,3.6546605
S-jhg6Y5OrE.001,train,27.544983,-14.685837
S0QIXcQGG-g.000,train,-9.937725,3.5078597
S0QIXcQGG-g.001,train,-7.7227893,-4.843179
S0QIXcQGG-g.002,train,-5.772279,-5.2047286
S0QIXcQGG-g.004,train,-7.412463,-4.268198
S1AEj1kO5dc.002,train,27.895035,5.2742686
S1AEj1kO5dc.004,train,25.361612,3.0378463
S1AEj1kO5dc.005,train,36.00557,4.531519
SBEad3L1Hdc.000,train,-16.909983,2.2680886
SBEad3L1Hdc.001,train,-7.468319,14.702404
SBEad3L1Hdc.003,train,-16.389042,-0.33865574
SCZLT4fH5B8.000,train,7.9421654,-13.688002
SCZLT4fH5B8.001,train,7.2296305,-7.928467
SCnQFpdklMg.001,train,22.648993,-13.471005
SCnQFpdklMg.002,train,18.035772,-17.277134
SCnQFpdklMg.004,train,10.784564,-8.069484
SCnQFpdklMg.005,train,13.857097,1.6394761
SEELGB_-uWU.001,train,37.718884,4.472946
SEELGB_-uWU.002,train,15.346525,-6.9792447
SEELGB_-uWU.003,train,25.801231,-4.2247767
SEELGB_-uWU.005,train,28.868229,1.9853408
SFRis1tTZWk.002,train,2.5023158,-4.2518983
SFRis1tTZWk.003,train,2.2217312,1.1215875
SFxiMxHvJuo.000,train,-7.8542147,-17.638586
SFxiMxHvJuo.001,train,-12.51956,-8.677427
SFxiMxHvJuo.005,train,-12.773541,-5.7442155
SG2QAh_50ek.001,train,-1.1040612,-7.066596
SG2QAh_50ek.005,train,0.49941623,-0.89080745
SI93csgHMTk.004,train,13.005595,2.1855786
SIpQm4G4DDg.000,train,-11.557341,4.9731464
SIpQm4G4DDg.004,train,-11.3645115,8.740558
SM0i7RkOjPk.000,train,8.515022,10.758381
SM0i7RkOjPk.005,train,-1.3344829,6.776961
SOxdUtjGmAo.001,train,8.215045,4.675225
SOxdUtjGmAo.002,train,8.899382,6.732194
SOxdUtjGmAo.003,train,4.1754074,-1.1857382
SPD5fXHVyIk.002,train,38.822945,20.093437
SPD5fXHVyIk.004,train,34.52179,12.546942
SPpox8EGQqU.001,train,0.98140895,-7.2826743
SR1Q5M2urxY.003,train,28.49372,7.828162
SR1Q5M2urxY.004,train,29.582586,11.043322
SRjhmQTPOmA.002,train,-2.7754786,5.336782
SRjhmQTPOmA.004,train,1.6648651,6.751324
SRjhmQTPOmA.005,train,-3.6684732,4.626454
SUI6WNryjqw.000,train,-7.0662546,-7.0561137
SUI6WNryjqw.002,train,-8.978194,-5.4708776
SUI6WNryjqw.003,train,-9.968351,-6.3103127
SUY_HDzgvGA.003,train,8.040639,19.728241
SYlV95nPTPs.001,train,-12.991626,3.5273302
Sa7iqqSbaTU.000,train,5.7032633,-1.9003384
Sa7iqqSbaTU.002,train,14.850085,-17.221107
Sb1b8JMVhLs.000,train,4.846769,2.7984416
Sb1b8JMVhLs.002,train,-8.9395,-0.09089658
Sb1b8JMVhLs.005,train,-13.105468,3.8545718
SbtIS7XwkLU.001,train,43.536095,-2.5128593
SbtIS7XwkLU.005,train,27.159962,-10.965461
Sdqg-jn_tBk.000,train,-2.8900263,14.324859
Sdqg-jn_tBk.001,train,2.6720693,15.380433
Sdqg-jn_tBk.004,train,-1.6403524,13.509948
Se3Gts4u1vs.000,train,-8.430202,10.006605
Se3Gts4u1vs.005,train,-7.867028,6.584112
SfldZBPyPFo.001,train,-14.826445,6.531731
SfldZBPyPFo.002,train,-10.831916,13.3284445
SfldZBPyPFo.003,train,-12.94802,10.414307
SgWtBK48AjE.001,train,6.9040704,11.625112
SgzOYog1pH4.001,train,-11.535414,-4.744061
SgzOYog1pH4.003,train,-11.908125,-5.0942993
Shf0JB_MutI.001,train,7.190753,-7.147757
SkNO4x-LSgE.004,train,-11.814567,6.7060947
SkNO4x-LSgE.005,train,-9.930213,8.025125
SoHlnvNirJg.001,train,44.276714,-5.0529723
SsoZjq7x4MA.000,train,1.5085397,1.7431054
SsoZjq7x4MA.004,train,-4.939237,2.5735822
SxKLweLx_ZE.000,train,-3.9742966,8.402117
SxRNdq2nGN0.000,train,21.897495,2.702712
SxRNdq2nGN0.001,train,33.85469,2.7160678
SxRNdq2nGN0.002,train,24.80157,5.7366843
SyaRn3MHEIE.003,train,9.567329,2.478908
SyaRn3MHEIE.004,train,0.5921315,-1.2756906
T-mK85acIOc.004,train,23.916433,0.072090805
T-mK85acIOc.005,train,35.83885,-0.8335683
T0drx76OLAc.000,train,-10.446463,-4.5351663
T1--98_78ns.003,train,-4.5983663,0.10169064
T1_6sVNHG70.000,train,-14.441988,1.7216924
T1_6sVNHG70.001,train,-11.840686,-2.6142423
T1_6sVNHG70.005,train,-10.991565,-3.3986428
T1tJTwlGqOM.000,train,7.2119102,13.1407
T1tJTwlGqOM.001,train,1.2230892,7.6597342
T1tJTwlGqOM.004,train,24.723055,6.9775023
T1tJTwlGqOM.005,train,-1.8502424,10.270572
T3v3-2tvV0s.000,train,-18.531939,-8.164303
T4eZ81aJwJI.000,train,-4.505225,-0.8189972
T4eZ81aJwJI.003,train,-1.9642919,-1.0153081
T4eZ81aJwJI.004,train,-1.8251944,-0.7442365
T4eZ81aJwJI.005,train,-0.5991268,-1.9054197
T6CMGXdPUTA.000,train,10.944787,-13.900432
T6CMGXdPUTA.001,train,17.695887,-9.113014
T6CMGXdPUTA.002,train,10.091195,-8.510291
T8ibN-b3h7Y.001,train,-10.980655,-5.4783654
T9xSEBSaL7Q.003,train,27.729782,-7.4583235
TCzYD74Xqe8.000,train,9.196495,4.4941554
TCzYD74Xqe8.002,train,4.168111,8.798597
TD2jIXMD-SM.001,train,8.4622,-5.2256184
TD2jIXMD-SM.002,train,14.518684,2.853007
TD2jIXMD-SM.005,train,2.3827093,11.9080715
TD3H2DOSi1Y.001,train,6.0032086,-12.264402
TEGJrmNFvXY.001,train,-4.593241,-2.3410587
TEGJrmNFvXY.004,train,-2.0909827,0.059639372
THO-md3eEkA.000,train,14.786766,-1.6221875
THO-md3eEkA.003,train,22.583233,-8.6478195
THO-md3eEkA.004,train,19.72895,0.16808665
TIRrlL71dEQ.000,train,20.143673,10.75358
TIRrlL71dEQ.005,train,15.278372,8.193824
TJD__22fOr0.000,train,-13.7714405,4.4704924
TJJJfJfj46M.001,train,14.321658,11.864447
TNjEJGdqmH0.000,train,-17.32864,0.1667763
TNjEJGdqmH0.001,train,-15.763807,-0.72934014
TNjEJGdqmH0.002,train,-16.62518,0.56213516
TNjEJGdqmH0.003,train,-15.999423,1.1822677
TNjEJGdqmH0.005,train,-17.877882,-0.7703534
TNtcyfM9jak.000,train,14.867111,-2.63543
TNtcyfM9jak.001,train,16.76887,-9.825387
TNtcyfM9jak.002,train,16.120617,-4.3513966
TNtcyfM9jak.003,train,20.095312,-4.3810415
TNtcyfM9jak.005,train,-2.6689963,0.92624855
TPRQyuiNYmI.002,train,-15.874843,-4.0445447
TPk6KiHuPag.000,train,14.375785,-4.8426623
TPk6KiHuPag.001,train,11.634385,-8.298712
TPk6KiHuPag.003,train,2.7506232,-5.5774775
TPk6KiHuPag.004,train,2.6088772,-7.437389
TQHzCznQ14Y.000,train,-19.298977,-6.8150477
TQHzCznQ14Y.003,train,-20.276274,-5.333101
TSGpD2NBeCQ.002,train,-17.931866,3.3152092
TTuysItuSdo.004,train,-14.655024,-3.471178
TTx4lC7LLcI.000,train,23.121592,11.17574
TTx4lC7LLcI.001,train,-0.973563,-0.53310686
TUaOp5eIU2c.000,train,-19.388424,0.9101076
TUaOp5eIU2c.001,train,-16.390047,-0.8782367
TUaOp5eIU2c.002,train,-17.988894,1.3787798
TUaOp5eIU2c.003,train,-18.157808,-0.21605688
TWKKCoT4FTc.001,train,-9.986465,-1.2760345
T_X16g5ExgE.005,train,6.321001,7.3424425
TaL5JleXDP8.003,train,23.386854,-1.8855224
TaL5JleXDP8.005,train,27.032328,5.484599
TaTMtWvSmu4.000,train,-4.1948795,6.521213
TaTMtWvSmu4.001,train,-1.887709,2.9194984
TaTMtWvSmu4.003,train,-4.4038954,0.7542469
TaTMtWvSmu4.004,train,-3.7050817,2.3162107
Tad9Q9OFjJw.002,train,-13.8984375,0.9171265
Tad9Q9OFjJw.003,train,-17.318699,2.8863943
Tad9Q9OFjJw.004,train,-12.373974,2.609907
Tch2Bt9b8AY.001,train,-7.738888,1.559223
TeNC9wOhlXM.000,train,31.576418,-8.875147
Tg8a_iNEamM.000,train,13.725418,7.5344663
Tg8a_iNEamM.005,train,13.780635,5.5563154
TiQF5QduRNE.003,train,0.11702629,10.098866
Tm44tg1zPwU.004,train,9.598392,10.404909
TmpP2fXeVtk.000,train,-11.704591,-1.4664228
TmpP2fXeVtk.002,train,-3.6589115,-3.3952994
TmpP2fXeVtk.003,train,-7.744487,-0.42495528
TmyDT-HC3qI.001,train,7.8593,3.451335
TmyDT-HC3qI.002,train,15.725898,-6.8706393
Tr3A7WODEuM.001,train,14.196733,-5.9392214
TursJyaFzqY.000,train,-10.558121,-1.3712778
TursJyaFzqY.002,train,-15.803051,-1.1534891
TursJyaFzqY.003,train,-14.185049,-3.1390834
TursJyaFzqY.004,train,-14.496494,-1.9855634
TursJyaFzqY.005,train,-14.4798765,-2.8990102
TwWDFpN3occ.001,train,16.07207,6.7051067
TwWDFpN3occ.002,train,9.777612,11.179422
TwWDFpN3occ.003,train,4.9619284,5.5565844
TzW_VxrCR30.002,train,-15.315822,-7.2643337
U-PRay-woXU.000,train,0.71041274,0.972362
U-PRay-woXU.002,train,6.585751,7.7781663
U-PRay-woXU.004,train,2.7259943,6.4877615
U-PRay-woXU.005,train,7.510432,4.6239376
U-XrzfFzMkg.004,train,22.781172,-3.8834398
U-XrzfFzMkg.005,train,33.59605,9.655657
U22Jy0m5xSQ.001,train,5.784918,2.8943408
U22Jy0m5xSQ.005,train,15.5948515,-7.514612
U2RemWUyjts.000,train,-10.508638,-3.4617693
U2RemWUyjts.003,train,-13.584586,-1.9065686
U2lT_RogJMM.001,train,-14.384656,-0.29355216
U3UaF1aFek4.001,train,1.8258826,3.7228637
U3UaF1aFek4.002,train,2.9934907,-5.1610756
U3UaF1aFek4.005,train,19.333698,9.858855
U9NlCSah83U.001,train,-16.025133,-4.348879
U9cidDFDTQE.001,train,-8.8395405,3.0415862
U9cidDFDTQE.003,train,-8.278276,6.0313153
U9cidDFDTQE.004,train,-8.961039,9.131184
UA6UY69EVSI.000,train,8.228441,20.475529
UA6UY69EVSI.002,train,7.4938803,19.883547
UA6UY69EVSI.004,train,7.5449123,23.269558
UANQntvIqVk.000,train,7.282512,-8.689388
UANQntvIqVk.003,train,10.548084,-14.5324745
UANQntvIqVk.004,train,9.052727,-14.519018
UCKiPkp4ZkA.000,train,-0.8935024,-8.5384
UD-8YYU7GZs.000,train,23.363588,14.003183
UD-8YYU7GZs.003,train,6.6295977,18.422157
UD-8YYU7GZs.004,train,30.681684,14.9292345
UEYKBC_SuzU.001,train,8.103286,17.176128
UEYKBC_SuzU.004,train,-5.596292,13.844777
UGn9Q8Fe9jw.001,train,29.851974,-23.842861
UGp1GNK0GWg.000,train,8.22191,20.47185
UGsr6Vnqf7I.003,train,-8.123163,-1.782922
UGsr6Vnqf7I.004,train,-4.500908,-3.4100847
UKHSKkb0V1o.003,train,2.7453663,-7.1974263
UKHSKkb0V1o.004,train,9.998654,-6.04858
UKHSKkb0V1o.005,train,6.097904,-5.1482067
UMMhvyjgRnM.004,train,-11.9467745,2.3181636
UMgeWS5r3IE.005,train,-0.19032142,10.365368
UOvgGSx9k_k.001,train,39.456177,-20.068956
UOvgGSx9k_k.003,train,28.234,-20.136766
UQeuBvZNusI.000,train,-9.144473,-2.7908506
UQeuBvZNusI.001,train,-10.768792,-1.7031873
UQeuBvZNusI.003,train,-12.105805,-2.0700815
US4PxgfKDeA.000,train,22.616127,12.89811
US4PxgfKDeA.003,train,25.057158,15.978947
US4PxgfKDeA.004,train,17.574083,14.500315
USO-o9dHJ3U.000,train,-3.3289278,5.845256
USO-o9dHJ3U.001,train,-5.0969067,3.8840349
USO-o9dHJ3U.004,train,0.9436111,4.6701374
USO-o9dHJ3U.005,train,1.3872238,2.8435366
USicjVA1trA.003,train,26.391077,15.676356
USicjVA1trA.004,train,25.174461,12.089863
USicjVA1trA.005,train,18.910524,10.7654505
UVMEzA3yHsM.001,train,4.676781,7.82562
UVMEzA3yHsM.003,train,15.803257,13.360706
UVvBaGOxwRI.000,train,32.786617,9.320599
UWVOT3YPQH4.001,train,-3.945541,-0.49924305
UWVOT3YPQH4.002,train,2.7305095,-0.96994257
UWVOT3YPQH4.004,train,-0.2071338,1.8299764
UWVOT3YPQH4.005,train,4.760383,5.5702124
U_QQ8EuuWPg.000,train,-3.15456,2.5748365
U_QQ8EuuWPg.001,train,-1.1662551,3.2271855
U_QQ8EuuWPg.002,train,0.63002324,2.7220078
U_QQ8EuuWPg.003,train,-0.6787066,2.3726413
U_QQ8EuuWPg.005,train,-1.1563085,1.8658669
UcyjGGEBn30.001,train,5.993449,-3.8357468
UcyjGGEBn30.004,train,11.890732,5.6900864
UcyjGGEBn30.005,train,7.4985733,-1.2713745
UhNyHUwo1SY.001,train,-15.368949,-4.1211824
UhNyHUwo1SY.003,train,-13.97951,-3.2018132
Ui1ajQU5Ib8.000,train,21.235828,-0.42406994
Ui1ajQU5Ib8.001,train,17.163174,-3.6929257
Ui1ajQU5Ib8.005,train,22.824125,-1.7784523
UipoC_HLOP0.001,train,-17.691887,-3.1221228
UipoC_HLOP0.003,train,-15.697643,-2.6485562
UipoC_HLOP0.004,train,-15.842784,-0.7418373
UjqpaK1HlKI.004,train,13.823585,11.82374
UjqpaK1HlKI.005,train,12.29039,9.780372
UoC_4qi_m9c.002,train,4.3408475,27.154942
UoC_4qi_m9c.003,train,-7.519088,18.32547
UqfFvPT9mEs.000,train,-10.551595,2.8131113
UrOamWOcOwQ.000,train,-18.123484,-0.041026063
UrOamWOcOwQ.002,train,-15.384435,-3.57825
UrOamWOcOwQ.003,train,-12.349631,-3.3774245
UrOamWOcOwQ.004,train,-14.186169,-3.4023855
UrOamWOcOwQ.005,train,-16.163422,-0.8616192
UsmwjNu3kgQ.001,train,-21.914158,-5.0138645
UtVo107m5lg.001,train,-14.176497,0.07981606
UtVo107m5lg.002,train,-15.5139265,-1.7805115
UtVo107m5lg.003,train,-14.991877,-2.2344427
UtVo107m5lg.005,train,-10.469455,-3.6263802
Uu-NbXUPr-A.000,train,7.6913924,-13.633554
Uu-NbXUPr-A.001,train,8.711913,-14.185648
UvX6ctu2ObM.002,train,12.843458,6.8066077
UzgW75Fd4jU.001,train,4.4214025,-0.67529446
V1I40vVRk78.002,train,-13.451724,-8.751532
V1I40vVRk78.003,train,-14.884945,-7.6300426
V1TjmLtgNm0.000,train,-6.23386,-6.3689017
V1TjmLtgNm0.002,train,-4.558736,-8.884865
V1TjmLtgNm0.005,train,-1.6486264,-8.508052
V2nvyZB-JNM.001,train,-14.68016,-3.596417
V2nvyZB-JNM.002,train,-16.586329,-3.4815333
V2nvyZB-JNM.003,train,-17.83512,-4.081372
V2nvyZB-JNM.004,train,-16.543077,-4.4254217
V4ibYU1O-YI.000,train,-15.253031,-0.013583541
V4ibYU1O-YI.001,train,-8.363202,6.5068135
V4ibYU1O-YI.005,train,-13.356088,1.9966418
V7_h3URfSFY.000,train,-17.074858,-8.996791
V7_h3URfSFY.003,train,-14.386192,-8.06361
V7_h3URfSFY.005,train,-13.133202,-8.806107
V8JaJ2IVG9E.004,train,9.9047985,-6.103597
V8JaJ2IVG9E.005,train,8.985739,-16.313578
V8PSAROGbZM.004,train,31.864527,-25.380514
V8w2Lo5wxl8.000,train,-16.08881,-2.2248342
V8w2Lo5wxl8.001,train,-14.829396,-4.5416055
V8w2Lo5wxl8.004,train,-14.049966,-3.0559394
V9OuGDPnqHI.000,train,20.288422,18.600168
V9OuGDPnqHI.001,train,17.043854,1.7822992
V9OuGDPnqHI.004,train,7.8318067,13.658861
V9aMA9YLa2k.001,train,-8.061836,-0.40940177
V9aMA9YLa2k.005,train,-9.294765,1.4076989
V9roK_mLM-w.000,train,1.2284706,2.636427
V9roK_mLM-w.002,train,0.47024605,4.550586
V9roK_mLM-w.003,train,-2.1611001,-0.53364646
VA5XjOaBH0Y.000,train,19.743126,-5.710282
VAZLQqJa9rQ.001,train,31.42332,-0.6254264
VAZLQqJa9rQ.002,train,23.089844,8.144591
VAZLQqJa9rQ.003,train,17.751553,1.6049143
VAZLQqJa9rQ.004,train,19.940758,2.9417787
VDcYF-YQuWw.000,train,9.288474,-6.0508757
VForU0EmBr0.000,train,-12.104123,0.44262666
VForU0EmBr0.001,train,-12.535768,3.0970933
VForU0EmBr0.003,train,-9.032615,-0.58670396
VForU0EmBr0.005,train,-12.662527,3.8922122
VGoAtKcKIe8.002,train,-12.943399,-5.618527
VGoAtKcKIe8.005,train,-11.376487,-3.9177952
VIKk25Ozx40.000,train,19.326902,9.938895
VIhStXxpAr0.000,train,-0.13615642,14.551365
VIhStXxpAr0.001,train,0.6853174,17.539244
VIhStXxpAr0.003,train,-2.1525476,11.88791
VIhStXxpAr0.004,train,1.3934665,14.177554
VJuVsi6G96s.000,train,-2.045381,14.469411
VJuVsi6G96s.002,train,9.386018,17.142685
VM409fZmJE0.000,train,-6.637107,10.3911295
VNK6LQHh25w.000,train,-3.8998117,-7.7791877
VNK6LQHh25w.004,train,-0.4395144,-2.900895
VOeVhXWK7-8.004,train,0.5452668,5.749215
VOeVhXWK7-8.005,train,4.3512015,-0.7274537
VOhsEbDjZ9E.001,train,28.460175,-9.473327
VPFrKx72gvo.001,train,-10.7424135,2.38487
VPFrKx72gvo.002,train,-9.127931,5.906624
VQMizni7nY0.001,train,-12.373149,-2.6762562
VRjJxTqOJyo.001,train,22.922201,7.722473
VRjJxTqOJyo.002,train,22.195171,7.9821715
VRjJxTqOJyo.004,train,18.013914,-3.4422045
VTrqCDYHVqU.001,train,-13.5391445,-0.64813054
VTrqCDYHVqU.002,train,-14.936865,0.7068558
VTrqCDYHVqU.003,train,-12.653367,1.5521269
VTv4BAYgJpk.001,train,-13.375741,-0.11816794
VTv4BAYgJpk.002,train,-13.568337,0.47951183
VTv4BAYgJpk.003,train,-17.395117,4.174754
VTv4BAYgJpk.005,train,-14.7599,3.0820618
VUGWfw5PVLY.000,train,-3.9354596,-7.4137263
VUGWfw5PVLY.002,train,1.8844279,-1.7098967
VUgKH9DIs-8.000,train,-7.2087746,3.662857
VUgKH9DIs-8.001,train,-8.268165,6.528662
VUgKH9DIs-8.002,train,-1.8769757,8.144405
VUgKH9DIs-8.003,train,-3.50162,7.5971847
VUgKH9DIs-8.005,train,1.3217095,6.0255437
VZ6jhnbk-5g.001,train,-13.906463,-6.172466
VZ6jhnbk-5g.002,train,-13.13778,-5.274661
VZ6jhnbk-5g.003,train,-13.841492,-5.3275995
VZ6jhnbk-5g.004,train,-8.593634,-6.4283376
VbiUhNAdzus.000,train,5.1128664,-5.9516754
VbiUhNAdzus.002,train,5.2646284,-6.868546
Vd9biSOZ5CI.001,train,-13.65809,-2.1175454
Vd9biSOZ5CI.002,train,-15.432663,-0.45175242
Vd9biSOZ5CI.003,train,-13.144873,-4.1425576
Vd9biSOZ5CI.004,train,-12.792168,-4.1389832
VhHnmeRABJw.003,train,-14.226825,-4.7606897
VhHnmeRABJw.005,train,-12.766472,-3.0770454
Vimaz7NzPIg.001,train,-4.0799017,-1.0703633
Vj-Cmtqv_qY.001,train,-15.782168,-6.6750793
VjYqagJ4xt8.001,train,4.1723127,-8.364191
VjYqagJ4xt8.004,train,-3.1962476,-3.7344553
Vk3scj5vhd4.004,train,2.6740763,7.439353
VmV8NIvVVkw.000,train,9.939644,-2.7675083
VmXZ2jMWuvk.001,train,-19.164675,-1.8849566
VmXZ2jMWuvk.004,train,-16.952753,0.5918917
VmyIItgMzpE.002,train,-15.841104,-2.7800398
VnUkBYQkJms.002,train,25.166176,11.893058
VnUkBYQkJms.003,train,5.9050426,7.348891
VnUkBYQkJms.004,train,23.927443,9.619416
VnUkBYQkJms.005,train,12.036934,7.1741595
VoPuhcQc_mg.000,train,-18.974777,-1.6416787
VoXh9utSIx8.000,train,9.039175,6.7179136
VsY6jAlvb9o.000,train,13.0453205,6.060399
VtYPH6UsVnU.000,train,-10.703885,1.2733966
VtYPH6UsVnU.001,train,-12.962181,0.4785217
VtYPH6UsVnU.002,train,-15.214529,2.3266573
VtYPH6UsVnU.003,train,-11.69984,2.9482894
VtYPH6UsVnU.005,train,-11.500401,3.9735572
VuS938tAv-0.003,train,9.898225,6.498077
VuadgOz6T7s.000,train,-16.297794,-3.3209085
VuadgOz6T7s.001,train,-18.508926,-3.7651014
VuadgOz6T7s.002,train,-16.672754,-3.6932874
VugKq4gOi50.000,train,-11.196232,0.93143135
VugKq4gOi50.004,train,-14.190138,1.6995916
VugKq4gOi50.005,train,-13.655385,1.4408633
VvSk5m90xOs.000,train,6.5385814,6.8858647
VvSk5m90xOs.002,train,7.562809,5.9739356
VvSk5m90xOs.003,train,3.1545627,7.8396554
VvVigAr4hZc.003,train,-10.003396,-2.8543377
VxtZDXM0cuQ.001,train,-16.718845,0.25212368
VxtZDXM0cuQ.002,train,-16.536446,-1.1346167
VxtZDXM0cuQ.005,train,-14.785756,0.7383228
Vyktsh14Kww.005,train,17.020767,-16.53382
W0Ay5uul8j0.001,train,-9.653504,-5.4679565
W0Ay5uul8j0.002,train,-8.572415,-6.2371836
W0FCCk0a0tg.001,train,-1.3067563,17.424944
W0FCCk0a0tg.003,train,17.983295,16.92911
W0LRjSS9pVM.001,train,-13.38559,-5.6429334
W0LRjSS9pVM.004,train,-12.761772,-4.865265
W2AB3UUyvwI.002,train,1.1376059,-1.6172329
W2AB3UUyvwI.003,train,6.4148135,-11.451865
W2AB3UUyvwI.005,train,9.583601,-4.691004
W2asVll3OSU.001,train,1.5880181,0.2224863
W4tz3plvvKI.003,train,-3.3164685,5.841184
W7BbL3NZvrU.001,train,19.249449,22.98585
W7BbL3NZvrU.004,train,12.416885,15.647524
W8NkAXNboT0.000,train,16.33307,7.0424647
W8NkAXNboT0.002,train,21.094975,5.999861
WATt9OOVZh8.001,train,-2.3748798,0.54800874
WATt9OOVZh8.002,train,-13.461187,5.867891
WATt9OOVZh8.004,train,-11.8799305,-0.86623025
WCLkd1Fek0w.001,train,-23.769333,4.8032746
WD1WsbooU2w.001,train,-10.704616,1.893978
WD1WsbooU2w.002,train,-16.457127,5.1881127
WGP2HLnoma0.001,train,-11.719586,-3.2371666
WMp0lsXbOqM.002,train,18.131235,-15.402908
WMp0lsXbOqM.003,train,20.411854,-19.312908
WOyix7rTgwI.001,train,2.0333483,12.394155
WQg0-M4Yn3s.000,train,-0.686494,24.03292
WRz1F6DqmRQ.000,train,-10.328349,3.7874467
WRz1F6DqmRQ.002,train,-8.36669,3.4084177
WRz1F6DqmRQ.004,train,-7.0119185,3.8493145
WRz1F6DqmRQ.005,train,-6.2181396,3.7524796
WT1YjeADatU.000,train,-9.564307,3.6401775
WT1YjeADatU.001,train,-5.955024,0.56640875
WT1YjeADatU.002,train,-9.079219,1.8719286
WT1YjeADatU.003,train,1.8478112,-0.72127444
WTzDOt2GO1M.002,train,24.60771,17.702137
WTzDOt2GO1M.005,train,24.572668,18.72663
WU2_ELn71Rw.000,train,-16.987732,-3.5450208
WUNXs4r_xCU.000,train,38.9064,-25.520226
WUNXs4r_xCU.001,train,19.104012,-18.74166
WUNXs4r_xCU.002,train,22.538918,-22.459576
WUNXs4r_xCU.003,train,20.791405,-19.863335
WUNXs4r_xCU.004,train,-8.143301,1.4083544
WWdCfiraNQk.003,train,39.722343,-13.106872
WYXRdYT4F0Q.003,train,26.737736,-15.024324
WZnLayQeIZ0.000,train,-11.514933,-6.206551
WZnLayQeIZ0.005,train,-9.050497,-8.314843
Wa-HX5jP3ew.001,train,25.5048,17.578793
Wa-HX5jP3ew.002,train,17.65447,19.480427
Wa-HX5jP3ew.003,train,42.62644,7.4977465
Wbd7QufjK_E.002,train,21.733461,-23.697205
Wby2oMliGz0.000,train,-12.96292,0.88609785
Wby2oMliGz0.002,train,-15.368644,0.16188046
Wby2oMliGz0.003,train,-13.518895,-1.2599639
Wby2oMliGz0.004,train,-13.062389,2.4869168
Wby2oMliGz0.005,train,-12.20259,-1.2141157
Wd0V4MNvqcg.000,train,-12.053324,-2.4508212
Wd0V4MNvqcg.001,train,-6.4025054,7.154106
Wd0V4MNvqcg.002,train,-13.402648,3.802504
Wev85dXzVGM.000,train,13.718057,-1.9796284
WfCSCxADlrg.002,train,31.64269,7.767628
WfCSCxADlrg.004,train,23.473948,16.159325
WfCSCxADlrg.005,train,33.60057,3.3695161
WfZodMIIGR0.000,train,-1.7575083,0.51099193
WfjLOieAwGY.002,train,-15.845884,-2.6634417
WkbvQZU475o.003,train,9.826078,-0.63373446
WosLI6krxUg.001,train,7.956412,11.52939
WosLI6krxUg.002,train,12.332578,14.239414
WpEZOSrENL0.002,train,-14.163192,-4.210198
WpMPrPnk1po.000,train,13.377288,-10.156214
WuHLxhCSnGs.001,train,3.5216405,7.448867
WuHLxhCSnGs.003,train,10.510682,9.275155
WuHLxhCSnGs.004,train,12.484584,12.756305
WuHLxhCSnGs.005,train,5.1765842,10.29707
WuIKjBb7s4Q.000,train,-3.791453,-2.5175004
WuIKjBb7s4Q.002,train,-2.3769932,-4.730013
WuIKjBb7s4Q.003,train,-2.8294706,-5.035246
WuIKjBb7s4Q.004,train,-5.8757434,-3.1945422
WuIKjBb7s4Q.005,train,-3.3105695,0.30917254
WuoQDp7pU24.001,train,11.658373,9.746829
WuoQDp7pU24.002,train,18.657526,5.621226
WuoQDp7pU24.003,train,-0.050945323,3.5129735
WwGca41TJVU.002,train,18.642424,3.6592429
WwGca41TJVU.003,train,11.822265,5.013645
Wx_oe0SxD9w.000,train,-17.094296,-2.7210667
Wx_oe0SxD9w.001,train,-17.829165,-2.3264883
Wx_oe0SxD9w.002,train,-18.34716,-2.8309875
Wx_oe0SxD9w.003,train,-21.243439,-0.4100527
Wy4hWbeibhU.000,train,-3.7330518,-2.3618543
Wy4hWbeibhU.002,train,-9.011768,-4.4869857
WyLqK6wzYLU.000,train,-1.5094085,-5.6453023
WyLqK6wzYLU.001,train,1.1617898,-6.4640584
X-i_eQ48DBw.000,train,-7.262031,6.6558514
X-i_eQ48DBw.001,train,-5.655726,9.084131
X-i_eQ48DBw.004,train,-7.885608,6.738058
X1EjfXX3NTk.000,train,2.4426777,9.713761
X1EjfXX3NTk.003,train,-6.993966,6.9004455
X1EjfXX3NTk.004,train,-2.332517,12.159496
X4NG3EGtUvo.003,train,45.48591,-15.313921
X4NG3EGtUvo.005,train,5.548979,-15.581144
X5aKCrWf6a4.001,train,-9.524212,-6.6352515
X5aKCrWf6a4.003,train,-13.457907,-4.525824
X5aKCrWf6a4.005,train,-10.315089,-5.569568
X7S71Som15M.001,train,18.646143,14.384189
X7S71Som15M.002,train,12.16799,12.501822
X8RfXbeIQvo.001,train,-11.271298,-1.7260534
X9AEEGzWSU8.001,train,-16.033274,-3.1967092
X9AEEGzWSU8.002,train,-17.692064,-1.596322
X9AEEGzWSU8.003,train,-15.158979,-1.9660217
X9AEEGzWSU8.005,train,-15.332823,-3.0885744
XAO4l8Ej-J8.003,train,3.9516227,-9.556096
XAO4l8Ej-J8.005,train,1.8382918,-9.602725
XB4JOAiEanw.000,train,7.4601274,-2.136696
XB81sertsYU.000,train,2.7294042,-0.6315402
XEpdSMQfEOs.002,train,7.287431,-10.285819
XEpdSMQfEOs.003,train,18.545885,-10.879608
XEpdSMQfEOs.004,train,18.830132,-4.517742
XFpzukISe6s.004,train,-5.4506397,-5.70071
XFpzukISe6s.005,train,-8.979266,-6.69108
XFqLaKqrUHM.004,train,1.602187,5.655425
XJj34u5IzU0.002,train,8.225511,3.4608731
XJj34u5IzU0.003,train,6.705538,2.0907845
XJj34u5IzU0.004,train,6.2169604,4.023359
XLKNGnpTO9k.001,train,-8.539456,-2.6211922
XLKNGnpTO9k.005,train,-7.104079,1.3836204
XLV7teADu3c.000,train,-16.815798,3.4489024
XLV7teADu3c.002,train,-20.423208,-1.1644248
XN5vpJU3ifw.000,train,33.79977,21.485327
XN5vpJU3ifw.001,train,39.487415,11.53614
XN5vpJU3ifw.003,train,26.609694,19.091795
XN5vpJU3ifw.004,train,37.18928,26.641453
XN5vpJU3ifw.005,train,27.865452,18.65413
XNWN7ScxVIA.002,train,8.246884,-0.5371318
XOioICna1hc.001,train,-10.309467,-6.574288
XOioICna1hc.004,train,-6.5190163,-9.567367
XOioICna1hc.005,train,-8.585462,-5.1987195
XPV4pavXh94.001,train,2.4045444,0.94097126
XPV4pavXh94.005,train,-7.551607,-1.0893234
XQ3do4LDFv8.000,train,-5.5430827,-3.6773791
XQ3do4LDFv8.003,train,-7.2537127,-2.310032
XQ3do4LDFv8.004,train,-10.578726,-3.627096
XQZ5M9oLkXw.001,train,-18.605925,1.0489045
XQZ5M9oLkXw.003,train,-15.40955,0.09257511
XQZ5M9oLkXw.005,train,-18.95076,0.96413404
XRoSKIIFp9c.003,train,-8.357812,2.8622978
XRoSKIIFp9c.004,train,-8.357703,3.1357415
XT4rTk6-Etc.000,train,-15.880661,0.58622277
XT4rTk6-Etc.001,train,-18.008951,2.4466825
XYt6WL-l7do.001,train,19.521048,3.5192068
XYt6WL-l7do.002,train,6.879811,8.513878
XYt6WL-l7do.004,train,5.2592735,9.193801
XYt6WL-l7do.005,train,10.053194,8.215568
Xauhek9-iKA.001,train,-3.2210135,5.8829384
XbsA_lCKQLs.002,train,-18.936935,0.78949237
XbsA_lCKQLs.003,train,-15.477237,-1.1388943
XbsA_lCKQLs.004,train,-16.934954,0.20079379
XcEFSi3uaJM.000,train,9.013506,5.9074116
XcEFSi3uaJM.002,train,8.714519,8.0668125
XcEFSi3uaJM.005,train,6.040947,7.291856
XfK7WZ3skUM.001,train,6.263349,13.387644
XfUqFt2amrM.000,train,-3.85564,1.293955
XfUqFt2amrM.002,train,3.145162,5.8757253
XfUqFt2amrM.003,train,2.8730881,5.327736
Xfmu-7JuDGg.000,train,-16.88437,1.7888573
Xfmu-7JuDGg.001,train,-19.183374,1.2540677
Xfmu-7JuDGg.002,train,-16.132744,1.0641086
Xfmu-7JuDGg.004,train,-16.853445,2.3174307
XhgDsQlEnuU.000,train,0.5859411,1.9761072
XhgDsQlEnuU.001,train,14.313005,-10.871224
XhgDsQlEnuU.002,train,13.238436,6.953341
XkeSLRAftxA.001,train,-17.561304,-4.317951
XkeSLRAftxA.004,train,-14.506407,-3.9903612
XkeSLRAftxA.005,train,-15.996026,-5.4325447
XmWA7zTJj-c.003,train,-0.12577015,-5.3216205
XoyQKsK7OtA.000,train,8.708676,0.51666635
XpY-cxkbYdo.002,train,10.358082,-2.186365
XvV4YdhpC2w.001,train,5.8334365,6.8408237
XvV4YdhpC2w.002,train,6.0270414,4.8150563
XvV4YdhpC2w.004,train,4.3485384,1.3256134
Y-YdRocu0os.001,train,0.5627649,2.110251
Y-_JeJoCjUo.001,train,-2.3267999,-0.25885883
Y-_JeJoCjUo.005,train,-5.4073553,1.6969198
Y1LXjxAQihQ.004,train,-17.85224,-2.0461767
Y1LrgyCJtpU.000,train,-20.079401,2.6771674
Y1LrgyCJtpU.001,train,-17.958086,4.752927
Y1LrgyCJtpU.002,train,-16.497473,3.6755729
Y1LrgyCJtpU.003,train,-15.696859,8.189125
Y1LrgyCJtpU.005,train,-17.526218,2.3431475
Y2An1KkoHzY.002,train,4.885073,3.2279525
Y6iogSmj6FQ.002,train,6.961648,-0.6370766
Y6iogSmj6FQ.003,train,1.7068329,-0.2636195
Y6iogSmj6FQ.005,train,-7.8710504,4.9852996
Y8gv_ZK3w4A.000,train,-1.597551,3.8617136
Y8gv_ZK3w4A.002,train,6.4680524,1.4882996
Y8gv_ZK3w4A.003,train,7.8521566,11.430767
Y8gv_ZK3w4A.004,train,1.6149522,3.0875387
Y9WX7ucPP-o.000,train,7.0302033,1.2937741
Y9WX7ucPP-o.002,train,12.645132,-11.003001
YBsKLg3GMrE.005,train,11.267002,0.77280194
YC3X1DcnUrk.000,train,16.805185,-10.517609
YC3X1DcnUrk.001,train,19.917997,-17.157753
YC3X1DcnUrk.005,train,13.992091,-11.152766
YEbaKrAxo5I.001,train,3.0817096,3.9863946
YF2QVn1fK1E.002,train,8.05865,7.0541425
YF2QVn1fK1E.005,train,20.41582,4.0212827
YGJ33FXzJO8.005,train,-0.58804005,9.149588
YGrCXe2-fVk.001,train,-7.343098,2.4766634
YGrCXe2-fVk.004,train,-6.1856685,1.0884963
YJ5CINQ8v_E.000,train,3.8679829,-2.2723694
YJ5CINQ8v_E.001,train,5.559972,3.0125895
YJ5CINQ8v_E.005,train,8.110824,-3.5983837
YLKPVl-M3Ck.000,train,35.54118,-4.7777243
YLKPVl-M3Ck.001,train,37.722057,-6.5773945
YN0Xd70SqEo.004,train,18.51959,-9.744337
YNlhBpVk1tw.000,train,28.233334,9.435859
YNlhBpVk1tw.001,train,18.014582,19.232075
YNlhBpVk1tw.002,train,15.7458315,15.58459
YNlhBpVk1tw.004,train,23.866562,13.40657
YP7N98ECZaI.001,train,36.876007,-4.6253448
YP7N98ECZaI.002,train,32.18243,-3.5474327
YP7N98ECZaI.003,train,30.246426,1.4540104
YP7N98ECZaI.004,train,26.41549,-1.026363
YP7N98ECZaI.005,train,27.71345,-1.8016753
YPMffqhP0C8.000,train,-2.3908448,2.5319061
YPMffqhP0C8.001,train,10.401625,9.055423
YPMffqhP0C8.002,train,-0.5215902,7.212255
YPMffqhP0C8.004,train,-0.28109857,7.894133
YPnuq0tDDqk.000,train,-15.339181,-0.1944292
YPnuq0tDDqk.003,train,-17.11447,0.2787789
YXz6s1XNOLs.000,train,26.551584,-13.541516
YXz6s1XNOLs.002,train,14.31204,-12.151162
YXz6s1XNOLs.004,train,18.794468,-11.746907
YXz6s1XNOLs.005,train,19.560379,-16.169008
YZp79VcnY0w.001,train,3.9187276,4.8590255
YZp79VcnY0w.002,train,9.736839,6.863281
YZp79VcnY0w.004,train,9.28346,6.0867453
Ya9Szm73LfE.002,train,-6.2072644,-0.071233355
Ya9Szm73LfE.003,train,-3.962307,1.0340672
YbdJd16c3eo.004,train,7.309121,-2.1254282
YbxdeEd7wq4.001,train,0.14493069,-14.078386
YdxS3f4HXaA.005,train,14.890808,18.527771
YiX6thczM1w.001,train,-17.008924,-0.15212366
YiX6thczM1w.002,train,-17.66275,-2.6911519
YiX6thczM1w.005,train,-18.268057,-0.22647174
Yj36y7ELRZE.000,train,21.009254,17.053087
Yj36y7ELRZE.001,train,26.065538,29.549984
Yj36y7ELRZE.004,train,20.382267,17.239101
YjXUMygVw7U.002,train,8.699384,15.405514
YjXUMygVw7U.005,train,11.597536,14.403256
YliKljQIX2o.002,train,-8.808892,-3.1824894
YliKljQIX2o.003,train,-6.323836,-0.5590793
YliKljQIX2o.004,train,-8.803965,-1.7971989
YocrYFLm4CM.000,train,-9.175126,-0.6142394
YocrYFLm4CM.002,train,-8.295865,-3.670246
YryBLVZgJj0.001,train,-19.365486,-2.5875707
YryBLVZgJj0.003,train,-22.699148,-3.9410489
YryBLVZgJj0.005,train,-18.525824,-4.977113
YucM3Zzvekg.001,train,-18.556597,-0.4569842
YuoLr4xDvbE.000,train,0.49098128,-8.036583
YuoLr4xDvbE.002,train,-2.667831,-6.882605
YuoLr4xDvbE.004,train,-0.18280087,-4.7798967
YuoLr4xDvbE.005,train,3.9015577,-8.089544
YwsVpkumbJc.002,train,-18.004068,-4.7910643
YyHOKFYDZ5Y.002,train,-20.32789,-0.70131916
YyHOKFYDZ5Y.004,train,-15.862961,-2.8909326
YyHOKFYDZ5Y.005,train,-13.023929,-3.1017103
YyYDxAyV_Aw.003,train,-2.8923054,-10.084632
YygvfVxOWP8.000,train,-8.589206,-3.2745256
YygvfVxOWP8.005,train,-10.037868,-4.659872
YzNbGMNr3z0.001,train,0.46005887,-6.4731
YzcZY1mUZfc.000,train,-6.079911,-4.364258
YzcZY1mUZfc.001,train,-0.88575965,-1.5815604
YzcZY1mUZfc.002,train,-4.6489997,-7.7772603
YzcZY1mUZfc.003,train,-8.663589,-6.3149176
YzcZY1mUZfc.004,train,-6.4197564,-4.0034575
YzcZY1mUZfc.005,train,-5.289636,-2.0305517
Z-CIdOjWcKc.001,train,35.492706,2.081073
Z3E1jkaNRKs.000,train,-16.11428,-3.3609862
Z3E1jkaNRKs.001,train,-18.621626,-0.5493499
Z3E1jkaNRKs.003,train,-17.129541,-4.0417066
Z3FdUfZLHyw.000,train,23.230616,31.10659
Z3FdUfZLHyw.001,train,24.110195,28.601954
Z3FdUfZLHyw.002,train,13.292781,20.817831
Z3FdUfZLHyw.004,train,18.999472,21.286951
Z3FdUfZLHyw.005,train,11.297191,21.480307
Z5S5uGXkNuc.001,train,8.688447,21.772219
Z5S5uGXkNuc.002,train,-14.570669,-0.8270145
Z5S5uGXkNuc.004,train,-14.11528,-2.172405
Z6vQQvro86Y.001,train,21.185614,-16.273434
Z6vQQvro86Y.002,train,18.712193,-11.602087
Z6vQQvro86Y.004,train,20.800674,-14.267595
Z6vQQvro86Y.005,train,22.292068,-19.492495
Z9GzSxQHKSI.001,train,-8.129226,-1.8190376
Z9GzSxQHKSI.004,train,-5.2708645,-7.4632487
ZCLfVue6xAg.001,train,3.0839643,3.4451718
ZCLfVue6xAg.002,train,3.0290163,1.6584197
ZCLfVue6xAg.003,train,9.386201,9.521264
ZCLfVue6xAg.005,train,0.45494553,-0.2230068
ZFOb9zsgLLY.003,train,19.312275,-17.69258
ZGox7tevC6A.004,train,-10.561622,6.1188445
ZGox7tevC6A.005,train,-0.94271016,11.733456
ZHya-p83XPQ.002,train,28.649553,-3.8950927
ZIk7N-xHvF4.000,train,3.7000456,17.260845
ZIk7N-xHvF4.002,train,24.73457,9.266353
ZIk7N-xHvF4.003,train,16.23574,13.278126
ZIk7N-xHvF4.004,train,15.526183,10.7290125
ZIyfXdCxN9E.000,train,0.68612766,16.611702
ZNJFmNiWC4I.000,train,-5.6711683,1.3007927
ZNJFmNiWC4I.001,train,-6.234722,3.9402363
ZNJFmNiWC4I.003,train,-6.0978513,-1.6243967
ZNJFmNiWC4I.005,train,-3.3469608,-7.125827
ZNRfeL8nPfw.000,train,-9.328607,-6.4156075
ZNRfeL8nPfw.001,train,-3.5149994,-11.918368
ZNRfeL8nPfw.003,train,-5.2483587,-8.525638
ZNRfeL8nPfw.004,train,-9.205352,-4.252358
ZNRfeL8nPfw.005,train,-6.120432,-6.967565
ZNymNgd5EuQ.000,train,-5.22283,1.1330075
ZNymNgd5EuQ.004,train,8.366504,2.473427
ZO5JoyVTat8.000,train,-9.204736,-1.7341615
ZO5JoyVTat8.001,train,-10.175285,-2.8278913
ZO5JoyVTat8.002,train,-12.939877,0.03520238
ZO5JoyVTat8.004,train,-12.190544,-1.0341792
ZO5JoyVTat8.005,train,-17.902788,0.9559396
ZRl_k6DzTeI.000,train,-2.881388,3.9405382
ZRl_k6DzTeI.001,train,-3.3747635,5.42676
ZRl_k6DzTeI.004,train,-6.692225,3.556147
ZRrduU1CXqU.001,train,-10.177937,-6.0351605
ZRrduU1CXqU.002,train,-7.643813,-8.4866905
ZRrduU1CXqU.003,train,-8.178707,-8.445423
ZRrduU1CXqU.004,train,-9.789217,-6.5960045
ZRrduU1CXqU.005,train,-9.807925,-7.435057
ZT7cEiaYGp8.000,train,-1.3765891,-1.3747802
ZX3okNzASCs.000,train,4.696486,1.6651328
ZX3okNzASCs.002,train,7.7195015,1.7703855
ZXeO5dRFrj0.001,train,-12.226404,-7.549399
ZXeO5dRFrj0.005,train,-8.852984,-8.720032
ZYrFfvp7_Mo.000,train,-6.69177,-0.5487528
Z_STuUHKQTg.002,train,18.11695,7.488351
Z_STuUHKQTg.003,train,21.294413,-6.822368
Z_STuUHKQTg.004,train,24.260742,-6.3292437
ZaihsIQZCx8.002,train,-12.566694,-0.04968845
ZaihsIQZCx8.003,train,-11.03219,1.8441018
ZeGT9pSG734.002,train,-14.378306,-1.6963836
ZeGT9pSG734.003,train,-14.958394,0.038827382
ZeGT9pSG734.004,train,-13.280552,3.8672872
ZgFh3JPMs3Q.001,train,0.8189862,-0.013063318
ZgFh3JPMs3Q.002,train,-2.8947241,-6.2146187
ZgFh3JPMs3Q.003,train,-0.107996695,-7.500321
ZhPQrqxo2mw.000,train,15.855107,-13.803396
ZhPQrqxo2mw.004,train,13.763348,-12.935965
ZhPQrqxo2mw.005,train,12.79147,-1.8084086
Zi7QHI_5ipU.000,train,33.248486,-27.241459
Zi7QHI_5ipU.004,train,34.112614,-27.053642
Zi7QHI_5ipU.005,train,35.056206,-20.891857
ZiKxJbVI5_g.000,train,20.125624,-0.35077074
ZiKxJbVI5_g.001,train,18.792355,-5.8455973
ZiKxJbVI5_g.002,train,31.841524,3.1721914
ZiKxJbVI5_g.004,train,25.064266,4.6270976
ZkypeQdzgvQ.000,train,-7.1717415,-0.75167084
ZkypeQdzgvQ.002,train,-7.6953225,-2.4763114
ZkypeQdzgvQ.003,train,-11.237168,-2.9413903
ZkypeQdzgvQ.004,train,-13.852867,-2.5676863
ZlcINjtdkQQ.000,train,-10.143907,-3.7994397
ZlcINjtdkQQ.001,train,-10.756171,-2.676912
Znixev2a1AI.000,train,3.0304773,-1.5360384
Znixev2a1AI.001,train,-2.9551396,-1.0833876
Znixev2a1AI.004,train,-0.019736264,-3.4041998
ZoHY-rWJsyw.000,train,-10.063856,-3.8843908
ZoHY-rWJsyw.001,train,-8.322966,-5.142978
ZoHY-rWJsyw.004,train,-10.291558,-3.9534764
ZqbJIM7rmO8.001,train,-14.567208,4.558503
ZqbJIM7rmO8.003,train,-9.727293,3.1514258
ZqbJIM7rmO8.005,train,-14.872804,2.337097
Zvdh8ym1Yrg.001,train,-16.15778,-1.770323
Zvdh8ym1Yrg.003,train,-13.622778,-5.5768094
Zvdh8ym1Yrg.004,train,-12.067673,-3.6096196
Zvdh8ym1Yrg.005,train,-15.608322,-5.333875
ZvxUUh2wN7s.002,train,4.608771,17.034433
Zwu5Y5r3Lrs.001,train,11.602581,6.5238967
Zwu5Y5r3Lrs.003,train,5.201912,5.431203
Zy9Xg3TdZJk.001,train,8.154576,6.549237
_01AyUz9J9I.002,train,-0.5910785,15.819052
_01AyUz9J9I.005,train,0.438829,15.88673
_0bg1TLPP-I.004,train,-15.299048,-5.163023
_0bg1TLPP-I.005,train,-16.33907,-5.173748
_2DSmy36OEM.001,train,27.119413,3.353057
_7hGh6VU4IU.000,train,-4.4416857,5.1572075
_7hGh6VU4IU.003,train,0.48137343,5.188252
_7hGh6VU4IU.004,train,-5.418778,-0.5478542
_7hGh6VU4IU.005,train,-0.97445965,-1.0715399
_7s27dUoYVg.000,train,-9.407755,0.12453649
_7s27dUoYVg.003,train,-15.07175,0.45118502
_G3kw9HwCqY.000,train,-13.955267,4.287904
_G3kw9HwCqY.002,train,-16.598936,1.332144
_G3kw9HwCqY.004,train,-17.372007,1.5601763
_G3kw9HwCqY.005,train,-16.112543,0.17475638
_GFregyrwfo.002,train,-6.3717813,9.905666
_GFregyrwfo.004,train,-5.953879,11.664823
_GFregyrwfo.005,train,-5.113737,13.470077
_IS6GFmQYj4.000,train,-8.587578,-5.0215583
_IS6GFmQYj4.002,train,-9.495532,-1.2423389
_IS6GFmQYj4.003,train,-12.170165,4.3060894
_IS6GFmQYj4.004,train,-9.4150505,2.3251684
_LWrd9t4oZw.003,train,-0.0029593199,-2.1252306
_Py_lytyY5A.005,train,15.683685,-7.9025984
_Q4wOgixh7E.000,train,-10.7552395,-4.170048
_QXI4n_FRN4.005,train,10.636702,-1.1934777
_RAGzfJnpUE.001,train,-10.850112,4.989759
_RAGzfJnpUE.003,train,-11.382372,-1.9300249
_S_bWJwqsmM.004,train,22.679888,14.405081
_S_bWJwqsmM.005,train,30.620005,13.812038
_UnoRkHkYB8.003,train,11.899136,10.813062
_VsE38xSmdM.001,train,0.17448403,0.26208872
_X6_C_Oy9VA.000,train,-11.253605,-2.4953039
_X6_C_Oy9VA.001,train,-10.29944,-1.5352368
_X6_C_Oy9VA.003,train,-11.660559,-2.6185894
_X6_C_Oy9VA.004,train,-12.106068,0.3891046
_X6_C_Oy9VA.005,train,-13.503621,-2.1094801
_YYBXI2mXv4.000,train,-6.6579003,5.984332
_ZAqTHlu2ts.001,train,-11.357024,-7.3251705
_ZAqTHlu2ts.004,train,-8.162283,-8.939405
_ZAqTHlu2ts.005,train,-11.97787,-7.363767
_ZjEr8ybbFM.000,train,1.6784967,13.707485
_bOOlidEWgY.001,train,-5.8736506,7.675656
_fFmEyvWgfA.004,train,-3.3683813,6.6486764
_fJcW5234bY.000,train,-12.686688,-7.6673427
_fJcW5234bY.002,train,-13.488545,-5.959672
_fJcW5234bY.004,train,-9.083006,-9.880544
_g3M_MoFIvA.001,train,12.2250805,-7.473401
_g3M_MoFIvA.004,train,10.94029,-3.8798816
_g3M_MoFIvA.005,train,15.085539,-8.981454
_hR9AD-eIy8.000,train,-8.60413,-4.397524
_hR9AD-eIy8.005,train,-1.3374448,-2.4880497
_hmiW83i0GY.000,train,-16.39367,-2.1996279
_kK9tGN883Y.000,train,-14.951566,-2.138238
_kK9tGN883Y.004,train,-16.229977,-2.5055554
_mtiuHyOFXg.001,train,-9.510449,-2.7662644
_mtiuHyOFXg.003,train,-16.109627,-1.3030547
_mtiuHyOFXg.005,train,-17.403652,-1.5972422
_plk5k7PBEg.001,train,-5.651855,-1.9230402
_tOtBfJlWFs.000,train,10.639883,5.330413
_uNup91ZYw0.001,train,-1.3519082,-11.371836
_uNup91ZYw0.002,train,-7.2022567,-7.754514
_zI6qgTJOSA.005,train,7.863043,-6.389216
_zs9K5Gtkwo.002,train,-12.517209,6.813869
_zs9K5Gtkwo.003,train,-6.3031316,1.8234565
_ztmNiy8D3c.000,train,-17.00059,2.378974
_ztmNiy8D3c.001,train,-10.795327,2.0487304
_ztmNiy8D3c.003,train,1.1628494,12.397405
a-nUsP7oETI.000,train,6.8174257,8.1918745
a-nUsP7oETI.005,train,0.6470265,9.3343115
a38rz5AIslE.001,train,-3.359225,4.515757
a38rz5AIslE.003,train,0.04361086,2.4673793
a4bCX4P_5KI.000,train,-8.698088,13.999532
a5-PJqy9QmU.001,train,17.581375,3.885178
a5-PJqy9QmU.002,train,10.769949,3.2287788
a5NTqK367wo.000,train,6.6955233,-9.577007
a5tVPpLsaGc.002,train,-7.511289,0.46321604
a5tVPpLsaGc.003,train,-7.032514,0.011210774
a84s1DYag-I.001,train,13.039456,2.641403
a84s1DYag-I.004,train,8.045081,-0.17777285
a97PXgrKSxo.000,train,-8.9051485,-6.375345
a97PXgrKSxo.003,train,-13.4575,-5.770498
a97PXgrKSxo.005,train,-8.7555685,-8.055834
aFVFvJNnFt0.000,train,-14.519769,-2.2525403
aFVFvJNnFt0.001,train,-15.19527,-1.3694543
aFVFvJNnFt0.003,train,-14.96473,-2.2947617
aFVFvJNnFt0.004,train,-12.401143,-2.488192
aFVFvJNnFt0.005,train,-12.624065,-1.732955
aIh8DTa3RVg.001,train,-17.747454,2.4285157
aJjAtOC8AQU.005,train,0.0014387153,-0.71434283
aKLadP_Wev8.000,train,-9.963191,-4.933382
aKLadP_Wev8.001,train,-12.697057,-2.3522282
aLAqJkRWKuk.000,train,-0.25254723,3.6717508
aLAqJkRWKuk.002,train,-3.1673782,0.75164014
aLvpOYqzErk.000,train,7.0943294,8.516231
aMPe0uSKqF4.001,train,-12.44537,-5.6282783
aMPe0uSKqF4.002,train,-1.3114942,-11.926571
aMPe0uSKqF4.003,train,-9.307244,-7.5327826
aMPe0uSKqF4.004,train,-6.697522,-9.507919
aMPe0uSKqF4.005,train,-3.659959,-9.980434
aMmEPRJGocM.000,train,0.20592833,-1.8834168
aMmEPRJGocM.004,train,4.3699374,-5.0235505
aPTNxA43WHY.000,train,-13.656686,-2.9339728
aPTNxA43WHY.002,train,-9.972044,-3.2780924
aQVGVhcMBtE.004,train,6.149858,3.677824
aaDlp62qn60.002,train,17.758846,-3.1801107
ahqyOhg6D7c.003,train,-5.9607463,5.7378607
ai-RZb0ZpKI.002,train,-3.7625358,-6.484785
ai-RZb0ZpKI.003,train,-4.6474233,-4.184228
alucqviYJFE.001,train,-7.0024104,1.9535618
alucqviYJFE.002,train,-9.232692,3.3291757
alucqviYJFE.003,train,-8.439207,1.642617
alucqviYJFE.004,train,-12.163084,3.625755
ana5C73n9bY.000,train,-0.5371061,-4.198066
ana5C73n9bY.001,train,-3.2902815,-3.1732204
ana5C73n9bY.002,train,-2.1993353,-2.6154768
ana5C73n9bY.003,train,-4.141353,-2.8617468
ana5C73n9bY.004,train,2.5757127,-1.0992688
ana5C73n9bY.005,train,-2.2644281,-1.725496
aoRjg63uRww.003,train,1.0985397,0.61395925
aoRjg63uRww.004,train,5.2949114,3.6939714
aptKaxP81xA.000,train,4.4815717,1.424567
aptKaxP81xA.002,train,17.261395,-4.5359006
aptKaxP81xA.004,train,3.0901077,2.6619153
aqA6oI5L1RQ.005,train,15.349664,-0.50527644
aqK-wcGILjw.000,train,-4.916716,6.907574
aqd4_4ga1fQ.000,train,40.08221,0.48655248
aqd4_4ga1fQ.001,train,44.62833,-0.39219597
aqd4_4ga1fQ.003,train,39.969738,-1.8063848
aqd4_4ga1fQ.004,train,41.650707,1.2354864
ask-ZFRztf8.001,train,-7.7059755,7.9975376
ask-ZFRztf8.002,train,-4.9739647,7.6102138
ask-ZFRztf8.005,train,2.7699752,10.110886
atH8mnvu-sE.005,train,6.8593736,-16.138102
atdhaGEh_0c.000,train,-2.3209147,8.427431
auhe41Tf50M.003,train,10.320218,-0.05573882
ax1Fck6zMzk.003,train,-18.02648,-4.837291
ax8wm9K41og.000,train,-1.5741776,-6.0871725
ay4cdKr1I0o.000,train,-9.285536,-1.3266704
ay4cdKr1I0o.001,train,-10.3899765,0.0400941
b-qfeGqPd04.000,train,-7.208185,6.550201
b-qfeGqPd04.001,train,-7.5735455,10.75978
b-qfeGqPd04.005,train,-7.8799267,3.7897687
b26ZykbKSzY.005,train,23.987934,-8.686726
b2Y41GrCrPs.000,train,18.978342,-11.263346
b2Y41GrCrPs.001,train,30.441374,-14.148851
b2Y41GrCrPs.003,train,35.048306,-15.329827
b39BQbVhOAg.001,train,4.277837,10.085641
b39BQbVhOAg.002,train,7.776016,1.7711236
b39BQbVhOAg.003,train,5.818068,4.85417
b39BQbVhOAg.004,train,2.0106702,4.1616817
b39BQbVhOAg.005,train,14.4591255,8.615554
b69IYs1G1zc.000,train,5.6590548,1.6771533
b69IYs1G1zc.002,train,1.5185548,5.984336
b69IYs1G1zc.003,train,2.4245608,-3.7184136
b6eoqD1J_qU.002,train,-10.544521,3.7461972
b6eoqD1J_qU.003,train,-1.783956,0.6576316
b6eoqD1J_qU.004,train,-12.582738,1.7234639
b6eoqD1J_qU.005,train,-13.454388,-0.9439509
b8GPFr11adA.001,train,13.161514,-9.055738
b8GPFr11adA.002,train,23.266747,-20.573181
b8GPFr11adA.004,train,20.959171,-18.82706
b8GPFr11adA.005,train,18.365442,-17.370697
bAxlTgobVHE.000,train,1.5716573,3.8478336
bAxlTgobVHE.001,train,15.049599,4.006627
bAxlTgobVHE.002,train,3.44994,-1.3700439
bBqZyG-9ksM.005,train,19.437828,10.778645
bDjqDn6susQ.000,train,-12.713663,2.8500023
bEXDNfLBy1I.002,train,18.423723,7.561369
bEXDNfLBy1I.003,train,11.890947,-0.6072593
bEXDNfLBy1I.004,train,20.169579,-0.6960041
bFwtVtZodIg.002,train,5.7450876,2.1202176
bFwtVtZodIg.004,train,21.761978,-10.715323
bGLwxQ1lonQ.005,train,-10.442662,-16.760693
bJktioZ5Yxk.002,train,-7.732268,-1.0578903
bJktioZ5Yxk.003,train,-9.067057,-3.3338144
bJktioZ5Yxk.004,train,-7.584719,-1.9848487
bLOSPQ8MAC8.001,train,-10.558786,-2.1503747
bLOSPQ8MAC8.004,train,-14.04649,-1.5744599
bLrrDM1Opu0.001,train,8.418019,-7.7661357
bLrrDM1Opu0.003,train,6.398258,-8.2254095
bMY2DaFFwzU.000,train,-11.950376,1.4274391
bMY2DaFFwzU.001,train,18.105885,0.029462032
bMY2DaFFwzU.003,train,24.988386,-14.935797
bMY2DaFFwzU.004,train,21.874832,-6.0091424
bMY2DaFFwzU.005,train,28.629442,-4.8130317
bN2IM-rqZlc.002,train,26.299473,29.876179
bRoIrXBO9DU.000,train,13.076799,-17.576777
bRoIrXBO9DU.005,train,7.9814916,-14.547457
bSeTNdOtK7I.000,train,-16.077978,-0.62972945
bSeTNdOtK7I.004,train,-16.715296,-1.5569514
bTLTLzXehPE.003,train,-13.478183,-5.0287004
bYXRyimxh7A.000,train,-6.434665,6.11433
bYXRyimxh7A.002,train,-2.8221817,0.24512824
bYXRyimxh7A.003,train,-1.3342468,2.0748963
bYXRyimxh7A.004,train,-2.5287035,1.6875237
bZAKBS9q0ZI.002,train,-4.4883313,-8.025782
bZAKBS9q0ZI.004,train,-5.1664085,-7.9476275
bZoN9xp9vgs.001,train,-5.9403462,-0.4343066
bcRPLKygrNk.000,train,20.487213,-0.40503198
bcRPLKygrNk.001,train,0.27315652,-1.6625594
bcRPLKygrNk.003,train,11.803608,3.868735
bcx6xr9Ja-8.001,train,-9.817099,5.0486794
bcx6xr9Ja-8.004,train,-6.3588295,8.044336
bcx6xr9Ja-8.005,train,-5.9687624,-0.11555899
be0DQawtVkE.000,train,-7.146898,3.5632033
be0DQawtVkE.001,train,-7.670755,0.95034397
be0DQawtVkE.003,train,-9.501379,-0.74056894
be0DQawtVkE.004,train,-3.3604977,2.2011194
bej-DbxTkWA.000,train,-7.8121796,7.960172
bej-DbxTkWA.003,train,-7.040429,1.1332762
bkzgccBFztM.000,train,4.0360827,-6.933416
bkzgccBFztM.001,train,1.4983577,-8.353932
bkzgccBFztM.003,train,1.474293,-3.398552
blAjqQ0ja8Q.003,train,-14.990174,1.4730909
blAjqQ0ja8Q.005,train,-14.648605,0.71264523
bmj4khBLUOs.001,train,-2.2586665,-2.5135493
bnM9Ow52x3o.001,train,-2.9638324,-3.4527462
bnM9Ow52x3o.005,train,-3.5557506,-4.1513987
bnoPmV0_aIc.000,train,-5.004754,0.08885162
bnoPmV0_aIc.002,train,-1.172898,-0.402951
bnoPmV0_aIc.004,train,-0.58055276,3.6294603
bt-ev53zZWE.001,train,17.294989,-5.480695
bt-ev53zZWE.004,train,9.005148,-12.731858
btcCanysQsw.000,train,16.394394,26.700083
btcCanysQsw.001,train,13.448286,22.348316
btcCanysQsw.003,train,3.7049303,16.245335
btcCanysQsw.004,train,9.598593,14.668895
btcCanysQsw.005,train,3.3529952,17.557938
bviHajVIie0.005,train,-12.631,-10.240707
bzFTA6kGyA8.002,train,12.211337,1.7849139
bzIxJ-gtvUw.005,train,-6.552187,-6.515192
bzaOB8BoWPU.000,train,22.58695,20.394245
bzaOB8BoWPU.002,train,16.28885,16.630157
bzaOB8BoWPU.003,train,14.545563,21.084219
bzaOB8BoWPU.005,train,2.496473,12.8410635
c-c6xhtIq84.004,train,-12.180627,1.5843263
c2LeNguVNrI.002,train,-16.034372,-6.247182
c2LeNguVNrI.003,train,-17.14991,-5.718358
c3SQSM9OIsA.001,train,-15.650458,1.6569991
c3SQSM9OIsA.005,train,-14.601094,1.7463952
c3esnCQDoKc.003,train,1.8403554,4.2176976
c3esnCQDoKc.004,train,-4.4283495,5.249303
c4XnKouozXU.000,train,-13.977454,-2.2289107
c4XnKouozXU.001,train,-14.610226,-2.933578
c4XnKouozXU.003,train,-16.664463,-0.3511432
c4XnKouozXU.004,train,-12.0380535,-2.4328568
c4YxfATgYkw.002,train,14.113425,-3.6943748
c5ZnKbaNCE8.000,train,13.068173,8.740082
c5ZnKbaNCE8.003,train,16.254538,10.728219
c5ZnKbaNCE8.005,train,12.74073,7.5112443
c672aEuUa-g.002,train,-1.3153583,6.754449
c672aEuUa-g.004,train,4.8674235,6.6579423
c7tczvW3_dQ.000,train,-11.820627,7.2477913
c7tczvW3_dQ.002,train,-12.074242,5.597381
c7tczvW3_dQ.005,train,-5.368085,5.5830445
cA43Gfcg0QA.000,train,14.603559,20.542131
cA43Gfcg0QA.001,train,10.746444,15.591554
cA43Gfcg0QA.003,train,1.2366643,3.0245667
cA43Gfcg0QA.004,train,6.2655168,13.696176
cBR5cDwwdno.001,train,11.054901,-19.05245
cBR5cDwwdno.003,train,6.839422,-15.136143
cBR5cDwwdno.004,train,4.9615593,-10.6812725
cBR5cDwwdno.005,train,12.462771,-21.402702
cFGjJg-2zOk.000,train,10.10813,8.305548
cFGjJg-2zOk.001,train,7.0551925,7.844767
cFGjJg-2zOk.002,train,1.5194948,6.894667
cFGjJg-2zOk.003,train,9.789044,6.439368
cFGjJg-2zOk.005,train,11.195362,9.092301
cLaZxEf1nE4.001,train,23.175135,-20.848137
cLaZxEf1nE4.002,train,22.87084,-17.920422
cLaZxEf1nE4.003,train,26.50766,-19.060472
cNXnowQb7rs.002,train,-3.3147714,-4.0104594
cNXnowQb7rs.003,train,-0.10520882,0.4135676
cNXnowQb7rs.004,train,0.51120335,-2.9153736
cNXnowQb7rs.005,train,-2.7417896,0.3463979
cOirMOCpdo8.000,train,-15.741047,-8.111381
cOirMOCpdo8.001,train,-17.976368,-4.6699233
cOirMOCpdo8.003,train,-18.619486,-7.6508
cOirMOCpdo8.005,train,-20.852411,-7.3918176
cOo5N1qblyw.003,train,6.277661,18.87808
cOossY5pTrU.001,train,4.0854445,-4.859375
cOossY5pTrU.002,train,5.54322,-6.7312107
cOossY5pTrU.003,train,8.8259,-11.989534
cP_dSXql7z8.000,train,-12.986758,-3.6732967
cP_dSXql7z8.001,train,-13.912251,-0.78238654
cP_dSXql7z8.002,train,-13.571841,-0.99331427
cP_dSXql7z8.003,train,-13.441036,-0.57635903
cP_dSXql7z8.004,train,-17.803995,-1.7191163
cP_dSXql7z8.005,train,-14.2318945,-1.7642741
cQRFb-xa4Vc.002,train,-14.605666,-2.885533
cQRFb-xa4Vc.005,train,-15.312808,-2.1930444
cRDYrvxRJ6U.001,train,-9.5062475,-8.631272
cRg95950rAg.001,train,16.91829,2.9822788
cSyVbIYfwxA.004,train,3.1206532,11.266661
cT3oyHhUznw.003,train,30.487198,2.5095398
cT3oyHhUznw.004,train,18.78851,-0.6018772
cTbfp7nkX8c.000,train,45.694378,-4.4795012
cTbfp7nkX8c.002,train,40.872635,-4.0377593
cTbfp7nkX8c.005,train,22.381662,-3.0690475
cWZudzeJVXg.000,train,-3.8128479,5.228347
cWZudzeJVXg.002,train,-7.2217793,4.7285438
cWZudzeJVXg.003,train,-7.7980156,3.3644166
cWZudzeJVXg.004,train,-11.906797,4.565267
cY3nHc5fDYE.000,train,3.025572,-2.4215846
cY3nHc5fDYE.003,train,5.0500765,2.5486114
cZ6xhB5yhfY.001,train,-16.010061,-3.5683217
c_pyBvsSlCY.004,train,8.079796,2.562753
cdtZKwM5NIM.004,train,34.72869,-5.3533516
ce7t2PgzMGw.000,train,1.871153,8.735369
cgGCyBMdGrA.001,train,-10.056501,-4.899513
cgGCyBMdGrA.003,train,-5.282978,-6.1193533
cgT-3CHBmKs.000,train,-3.0859592,10.064178
cgT-3CHBmKs.003,train,-10.00545,16.83362
cgT-3CHBmKs.004,train,-5.786406,5.672847
cgT-3CHBmKs.005,train,-3.1211445,13.543114
cgp1OzTOq1o.000,train,26.875656,8.250301
cgp1OzTOq1o.002,train,23.55912,8.406511
cgp1OzTOq1o.004,train,17.552382,13.981695
cgp1OzTOq1o.005,train,31.664404,7.395669
ch2BcBv4SdQ.002,train,-5.4091105,-8.136735
ciWUq6iQTIE.000,train,21.970459,9.475397
ciWUq6iQTIE.002,train,29.59777,5.5197906
cjbh1lfr43c.005,train,-14.074704,6.8332176
clMg72MI8rw.004,train,-9.723648,1.1424137
cnsvc0alWOA.000,train,3.427055,4.996277
cnsvc0alWOA.004,train,-0.30633974,-5.9517694
cpzY1b6wJqs.002,train,26.646376,-1.2975562
cuyIFvYNLFE.000,train,12.210543,-1.0502483
cvHqtadNJDo.000,train,-11.836557,-2.8456984
cvHqtadNJDo.004,train,-12.525946,-1.6155975
cvg03XGFjCk.001,train,-2.1490273,-5.318882
cvg03XGFjCk.002,train,-1.9141943,0.17565796
cvg03XGFjCk.004,train,8.166683,2.788312
cvg03XGFjCk.005,train,2.821944,3.1647773
cx8IycWgMVs.003,train,32.983765,-5.4807873
cx8IycWgMVs.005,train,11.348791,-21.051407
cxJ0u6r0-pU.000,train,-13.149123,5.414062
cxJ0u6r0-pU.001,train,-12.346086,5.139936
cxJ0u6r0-pU.002,train,-8.757436,7.5791793
cxJ0u6r0-pU.003,train,-10.549413,7.22899
cxJ0u6r0-pU.005,train,-8.480774,3.2252388
cyma9Q6QF6M.001,train,-4.446792,-1.3502239
czImT1Wn1og.001,train,13.861177,-15.277021
czImT1Wn1og.002,train,-0.8764463,-0.56274813
d-cZdeTp0jo.000,train,38.60777,-20.683462
d-cZdeTp0jo.001,train,34.27654,-19.206755
d1eh3dHNi1Y.001,train,-20.058977,-3.5647156
d4cPiUXpGbc.000,train,-13.269053,-4.1734495
d4cPiUXpGbc.002,train,-8.40288,-7.414426
d4cPiUXpGbc.005,train,-17.09436,-0.3966432
d4iSwRMV0bA.002,train,43.033096,-10.258788
d5ujzxBlvwY.001,train,30.584675,12.003862
d69zeSpdyCI.000,train,32.854073,-15.287081
d8skGb2ycio.000,train,-15.282248,-1.4132191
d8skGb2ycio.003,train,-14.482259,-2.489745
d9_YDJdF-7I.000,train,-2.0296323,5.9300737
d9_YDJdF-7I.002,train,-2.7980847,1.1795563
d9_YDJdF-7I.003,train,-1.1584289,3.7291806
dB-kMg4t-V8.001,train,-17.330053,-2.6707957
dB-kMg4t-V8.002,train,-20.581951,-1.7991129
dB2XYhvqUBU.000,train,18.605167,10.575986
dB2XYhvqUBU.001,train,1.7524354,2.6126955
dB2XYhvqUBU.003,train,0.42293626,6.6453485
dB2XYhvqUBU.004,train,6.987113,9.060047
dB65He57Ki8.001,train,-2.2751176,-5.0791616
dB65He57Ki8.002,train,0.83048993,-7.76135
dB65He57Ki8.005,train,-0.88595676,-4.674745
dDi6vy-OZRg.002,train,-6.1671333,-1.3545634
dDi6vy-OZRg.003,train,-0.34722131,-4.69465
dDi6vy-OZRg.005,train,-6.6754975,-0.28166914
dIa0U29hVvU.001,train,-5.858328,8.077347
dIa0U29hVvU.003,train,-9.257536,6.1226807
dIa0U29hVvU.005,train,-7.6092834,5.352417
dJlEHhyij5k.000,train,0.66587436,-2.5376
dJlEHhyij5k.001,train,-0.47020516,-6.7621546
dLaqub4BEsA.001,train,-8.466311,-0.105880275
dLaqub4BEsA.002,train,-2.7742918,8.834672
dLaqub4BEsA.003,train,-9.428586,5.67715
dLaqub4BEsA.004,train,-2.4752326,1.1084702
dLltwqkvsNg.001,train,1.4156656,-2.9442484
dLltwqkvsNg.002,train,9.68563,3.0732515
dLltwqkvsNg.003,train,-0.8388431,1.8807626
dLltwqkvsNg.005,train,0.8994802,-0.056575026
dNXqs5HNijI.001,train,-16.541971,-2.6921554
dNXqs5HNijI.002,train,-16.139992,-1.2631686
dNXqs5HNijI.003,train,-18.981752,-1.1424048
dNXqs5HNijI.004,train,-17.64063,-2.8925753
dOFnHXRLEdM.001,train,-9.413609,-1.652593
dOFnHXRLEdM.005,train,-10.778128,0.85648245
dQOeQYWIgm8.000,train,-14.280135,0.72857624
dQOeQYWIgm8.001,train,-10.236194,-1.5113043
dQOeQYWIgm8.004,train,-12.576441,-1.3313389
dRP8ZaAryro.000,train,6.385836,-7.2661743
dRP8ZaAryro.001,train,9.8393345,-8.793809
dRP8ZaAryro.003,train,10.464812,-5.592819
dRP8ZaAryro.004,train,5.1970973,-7.0835457
dRP8ZaAryro.005,train,7.549872,-7.8710914
dRYEzqUa_Rc.000,train,16.02559,20.59858
dRr2JtdzUpU.004,train,-7.0038967,-2.1416059
dRr2JtdzUpU.005,train,-6.1092577,-3.860727
dS2XOB8kmr4.001,train,7.8109317,-4.5611324
dT5R3T-Q1kg.002,train,-7.0010643,-0.9525146
dVbo9Ftlyl0.004,train,25.59906,0.02300438
dVbo9Ftlyl0.005,train,17.263863,10.735711
dVwDf5N2NRA.001,train,14.002146,-4.3063
dVwDf5N2NRA.002,train,8.148279,-5.4082723
dVwDf5N2NRA.003,train,12.778293,-7.2646775
dVwDf5N2NRA.004,train,6.994201,-6.9728785
dVwDf5N2NRA.005,train,12.983397,-8.224532
dY7jG5gS3JE.000,train,21.963432,-15.381301
d_POf1pikX0.000,train,-18.038702,-0.96640617
d_POf1pikX0.005,train,-14.964673,-1.3494735
datcFOBWYxc.001,train,-18.07712,-6.3631
datcFOBWYxc.003,train,-13.934464,-4.837796
datcFOBWYxc.005,train,-18.497509,-1.9144914
dd0z9mErfSo.002,train,-12.315398,-5.831126
dd0z9mErfSo.003,train,-11.543191,-6.033754
dd0z9mErfSo.005,train,-14.146153,-4.4105964
dgoc29MVjfE.000,train,3.3031838,13.532115
dh6iOU2RtTA.001,train,16.968054,-7.5044403
dh6iOU2RtTA.003,train,8.619465,-11.246609
djsoQkroHpo.000,train,-11.269412,-2.1814215
djsoQkroHpo.001,train,-8.457208,-3.491596
djsoQkroHpo.003,train,-12.687445,-1.9266607
djsoQkroHpo.005,train,-7.257769,-1.5005953
dkhnv1EBvKI.000,train,-7.2995048,-0.62168425
dkhnv1EBvKI.001,train,-9.284553,-6.0054564
dkhnv1EBvKI.002,train,-10.614476,-1.0932086
dkhnv1EBvKI.003,train,-8.191361,-7.846986
dkhnv1EBvKI.004,train,-6.0261407,-2.4857497
dkhnv1EBvKI.005,train,-9.807646,-3.5352442
dmOKZLeFKCM.002,train,-6.2086587,5.1060667
dmOKZLeFKCM.004,train,-14.724733,5.619498
dmycfNpiWCE.001,train,-8.100243,-0.9935579
dmycfNpiWCE.002,train,-6.1820693,-1.9112842
dmycfNpiWCE.004,train,-9.143216,0.4053479
dmycfNpiWCE.005,train,-10.810581,-0.42933887
do8FmnQbI5I.000,train,5.308173,-8.008123
do8FmnQbI5I.001,train,3.9155653,-8.856312
do8FmnQbI5I.003,train,2.7629735,-6.5891614
do8FmnQbI5I.004,train,4.1905093,-2.0873508
dqVPzqpGX-w.000,train,-5.409033,-2.6338034
duEi37qVB7k.000,train,17.69703,-17.614285
dvCKoyBG1pE.001,train,3.5601645,8.8260765
dvCKoyBG1pE.002,train,2.5748909,13.149365
dvCKoyBG1pE.004,train,15.86048,17.093496
dvMeqVbpKW8.001,train,-11.155044,-2.3872066
dvMeqVbpKW8.002,train,-3.0801919,-3.2128787
dvMeqVbpKW8.004,train,17.91113,14.292639
dvMeqVbpKW8.005,train,1.5987542,1.0757585
dvU5jYExl0o.003,train,23.910376,2.0793176
dy9EqbKLDP0.001,train,-16.085033,1.5327213
dy9EqbKLDP0.002,train,-15.91421,2.1117852
dy9EqbKLDP0.003,train,-17.54084,1.424786
e07IozLUeKc.001,train,9.54677,0.13390587
e07IozLUeKc.002,train,2.6038594,0.1110777
e07IozLUeKc.005,train,3.5446808,2.8782961
e2EmGXRJ1K0.000,train,-18.69209,-1.6528641
e2EmGXRJ1K0.001,train,-18.191061,-4.1825523
e2pnS_nT9rA.001,train,-16.50417,-0.53552395
e2pnS_nT9rA.002,train,-16.223862,-2.7460291
e3NaBdG-ZmM.000,train,-14.265971,-4.68106
e3Y7na4SBh4.002,train,-6.085702,-1.4234813
e3Y7na4SBh4.004,train,0.7596027,-2.120985
e3Y7na4SBh4.005,train,1.8771638,8.669299
e6YTvjDXEl0.001,train,-13.474353,-7.96992
e6YTvjDXEl0.002,train,-13.726264,-6.465662
eA_JaE8X3mI.000,train,-14.056272,3.09108
eAkWSjU-JyY.001,train,-1.4071534,2.6098075
eAkWSjU-JyY.002,train,2.0449035,-3.5477679
eB6ZlBG6OeA.002,train,-13.087211,-8.552284
eD4b8sM-Tpw.000,train,21.453093,21.338406
eD4b8sM-Tpw.004,train,32.002888,11.571959
eFb7nVIBGEo.003,train,-10.836961,-6.1520596
eFzN_frNW8g.000,train,-16.861532,-1.4550698
eFzN_frNW8g.001,train,-17.325024,-1.1247486
eFzN_frNW8g.002,train,-13.697956,2.9189477
eFzN_frNW8g.003,train,-11.802498,5.4212976
eFzN_frNW8g.004,train,-16.32699,1.6775492
eFzN_frNW8g.005,train,-17.130836,0.7647854
eHcRre1YsNA.000,train,6.2384677,22.782661
eHcRre1YsNA.001,train,-7.1978774,10.984547
eHcRre1YsNA.002,train,-11.881789,3.1408021
eI_7SimPnnQ.000,train,-11.15896,-5.342895
eI_7SimPnnQ.001,train,-11.347305,-5.9273534
eI_7SimPnnQ.002,train,-9.212495,-11.195742
eI_7SimPnnQ.003,train,-9.512397,-5.381598
eI_7SimPnnQ.005,train,-9.044882,-6.2041903
eIfiusZtXzE.000,train,-14.31727,7.812659
eOUVFTqPeGk.002,train,-6.457201,-5.8725953
ePQJMluhLjQ.001,train,-19.06326,3.9711843
eRRCer7epnA.002,train,0.86656195,-3.119397
eRRCer7epnA.005,train,-1.1666038,-0.53702104
eT3BERfkCBE.001,train,-1.0157281,-11.643307
eT3BERfkCBE.003,train,0.11469512,-11.221402
eT3BERfkCBE.005,train,-1.0987624,-11.755998
eXtskPoi58A.000,train,0.64759105,5.776899
eXtskPoi58A.001,train,5.7701244,13.16651
eXtskPoi58A.003,train,-3.814768,2.132136
eXtskPoi58A.005,train,-3.118814,5.209463
eYASh3sKY3k.000,train,40.55894,-7.5835695
eZwGkhUa0TQ.000,train,21.211336,7.6919737
eZwGkhUa0TQ.004,train,-8.010638,9.316425
eZwGkhUa0TQ.005,train,11.314209,15.681797
ecIb16gJMwU.003,train,5.1254973,-2.6370912
edHTGYBFCWQ.000,train,3.0480037,2.821304
edHTGYBFCWQ.004,train,9.228851,4.9463286
ej0RpdM9kJA.000,train,-15.23346,-4.463446
ej0RpdM9kJA.001,train,-14.761098,-6.473029
ej0RpdM9kJA.002,train,-14.583564,-5.4318414
ej0RpdM9kJA.003,train,-15.901742,-6.753868
el2DOd8E5io.000,train,34.897247,-0.30046523
elSd0IyX6ys.002,train,6.610236,11.836038
elSd0IyX6ys.004,train,9.780566,10.990015
emHDoDcht44.001,train,-1.3894979,4.8636417
encC96iqr9Y.002,train,-11.412303,4.5194983
encC96iqr9Y.003,train,-9.578056,4.022965
eq1_h17oue4.000,train,14.400424,-10.950424
eq1_h17oue4.001,train,6.991219,-23.288641
eqXrUXW4yHY.003,train,-9.806798,-5.748751
erJNMcO69Eo.000,train,-1.7998339,8.606967
erJNMcO69Eo.001,train,-5.3368425,5.1113844
erJNMcO69Eo.002,train,-2.1878078,6.4218593
erJNMcO69Eo.005,train,-1.2185166,6.9535446
esjSS0xsHFA.002,train,0.17412159,8.369982
esjSS0xsHFA.003,train,-10.059455,3.362492
euRnmvd_dus.004,train,-6.6257105,1.8337777
ev42vngXERU.000,train,-2.9964645,1.8308208
ev42vngXERU.001,train,-7.6131096,4.2263813
evrzg3Pzyc0.000,train,14.021258,5.810592
evrzg3Pzyc0.001,train,7.735949,4.9490914
evrzg3Pzyc0.002,train,11.349181,1.219063
ezMO8EHKAVw.000,train,20.03577,-2.450673
ezMO8EHKAVw.004,train,19.317978,5.1581097
ezMO8EHKAVw.005,train,6.2357435,1.1862946
f0LnGz5Z6kA.000,train,-7.271851,2.9983902
f0LnGz5Z6kA.002,train,-8.906156,0.48173213
f1xAVtagIks.000,train,-13.887352,-1.6669779
f1xAVtagIks.003,train,-12.685673,-3.8016214
f39E4ct09Cc.000,train,14.563725,-25.520298
f39E4ct09Cc.001,train,13.585085,-21.235891
f39E4ct09Cc.005,train,14.112668,-24.645351
f3ZbA4UqGKE.005,train,11.414621,-4.210813
f4rQJiW6oSk.004,train,0.524657,-11.834714
f4rQJiW6oSk.005,train,2.9916387,-8.598581
f5jPfJYvihA.000,train,-16.342384,-2.4233186
f70aaYsxPHY.001,train,27.222513,-4.018231
f70aaYsxPHY.002,train,27.82538,1.1256294
f7E26XfU8rw.002,train,-5.296148,14.44335
f7E26XfU8rw.003,train,-8.281505,6.4645195
f7E26XfU8rw.005,train,-3.1887882,9.259298
f7togdqxEoo.003,train,-0.16504544,16.610973
f8eU5Pc-y0g.004,train,6.7520857,14.18745
f8f00b0IgvA.001,train,16.884933,-23.057232
f8f00b0IgvA.002,train,10.611409,-22.979374
f8f00b0IgvA.004,train,11.265908,-16.725283
f9GeYKAXgAQ.000,train,-18.71393,-0.19085202
f9GeYKAXgAQ.001,train,-20.825676,-2.4554229
f9GeYKAXgAQ.002,train,-18.73647,-1.9685626
f9GeYKAXgAQ.003,train,-22.399128,-2.3428652
f9GeYKAXgAQ.005,train,-19.95998,-3.7696671
fBMKlYUjA9E.000,train,1.8869073,-8.930709
fBMKlYUjA9E.003,train,2.9906423,-11.40665
fBcc1UMtZME.001,train,0.8150803,14.725128
fBcc1UMtZME.005,train,-8.157127,1.1297514
fDw_PAgW07o.000,train,-4.328595,4.985989
fDw_PAgW07o.001,train,-7.941125,-1.3801745
fDw_PAgW07o.002,train,0.3603603,4.84644
fDw_PAgW07o.003,train,-3.3797889,5.067024
fDw_PAgW07o.005,train,-11.025512,6.0269585
fEC3lEDxRnc.000,train,19.599833,-4.582402
fEC3lEDxRnc.001,train,24.384617,-3.031892
fEC3lEDxRnc.002,train,23.056269,-3.8204648
fEC3lEDxRnc.005,train,28.710926,-0.13968898
fEZrAGQoh_g.000,train,-6.16575,-2.735053
fEZrAGQoh_g.001,train,-9.954176,-0.49857512
fEZrAGQoh_g.002,train,-9.672664,1.0523225
fEix0DPOWtg.005,train,-3.9926567,1.4231985
fGAcEyZXFTo.000,train,-7.6415305,4.947074
fGAcEyZXFTo.003,train,-6.2235146,3.3085113
fGAcEyZXFTo.005,train,2.4101648,-9.616636
fH0jgh_VKmE.003,train,46.260513,0.34243786
fIiXuRlTPa0.000,train,-6.9042854,0.6264779
fL8VYpOTLSM.001,train,38.017086,-0.52252114
fL8VYpOTLSM.002,train,21.384266,-4.344189
fL8VYpOTLSM.004,train,16.19243,9.84126
fLRRMLTFGMQ.000,train,1.8696815,9.199821
fLRRMLTFGMQ.002,train,3.6895206,17.273262
fLRRMLTFGMQ.004,train,6.161936,18.270573
fLRRMLTFGMQ.005,train,9.252821,16.01248
fPLd_NLF43M.002,train,12.690573,-8.04475
fSDA4eEyGHk.000,train,-8.236586,3.0832546
fSDA4eEyGHk.002,train,-7.1714506,4.700209
fSDA4eEyGHk.004,train,-5.6398854,3.4569247
fSkQXqXR7D0.000,train,9.031103,-12.395358
fSkQXqXR7D0.001,train,6.624007,-9.174429
fSkQXqXR7D0.002,train,11.035983,-13.657925
fSkQXqXR7D0.004,train,2.3676205,-8.667681
fTpemcfElxI.000,train,2.665439,-0.7140032
fTpemcfElxI.001,train,-3.567122,-1.1246928
fTpemcfElxI.003,train,-3.9587004,-3.237803
fTpemcfElxI.004,train,3.1125982,-5.627942
fTpemcfElxI.005,train,0.36808068,-4.1338916
fUIWjaZCYwM.000,train,1.0933603,8.077622
fUIWjaZCYwM.001,train,9.588917,11.57829
fY4tctYZTz8.003,train,-16.8503,-0.974803
fY4tctYZTz8.005,train,-14.336888,-1.4964666
fYUcoKDyRiU.001,train,-12.112778,-2.8646398
fbjDmltKVOM.000,train,-13.353504,4.2406287
fecQUZ-ehKQ.000,train,-19.171553,-4.659663
fecQUZ-ehKQ.002,train,-20.706398,-1.9789884
feg-RNvT-t0.000,train,20.122173,23.628124
ff-3k-nzoXA.000,train,7.731182,-1.1768475
ff-3k-nzoXA.002,train,17.99109,-11.574415
ff-3k-nzoXA.004,train,14.831779,-1.563889
fgEddXirQvQ.005,train,-1.3091173,-1.6801873
fhUGU2uiS1U.001,train,-5.851191,-8.872045
fhUGU2uiS1U.004,train,-2.90846,-12.713858
fiEEjrKhlNU.001,train,2.1090531,-4.377258
fiEEjrKhlNU.002,train,-1.2163142,-2.2668254
fiVORaERbP0.002,train,-19.43317,0.34004614
fiVORaERbP0.004,train,-19.035482,-0.40841898
fiVkE3iDWY4.004,train,-11.861575,2.5393836
fipvPdFbKN4.000,train,-9.975546,6.816955
fipvPdFbKN4.004,train,0.86830735,17.84521
fkDqn2muw-A.000,train,2.700423,-11.747632
fkDqn2muw-A.002,train,5.392486,-8.393062
fkDqn2muw-A.003,train,2.7606711,-10.847583
fk_ggmC872E.000,train,-21.104855,0.28158322
fk_ggmC872E.001,train,-16.36475,-2.019773
fk_ggmC872E.003,train,-16.881676,-1.5982118
fmjILOLc3eg.001,train,-3.070733,-1.0326512
fmue_KpW9Ro.000,train,-2.0337873,11.085355
fmue_KpW9Ro.003,train,-5.032781,12.279233
fmue_KpW9Ro.004,train,0.92290264,12.185167
fmue_KpW9Ro.005,train,2.2052429,14.797825
foj4bqLSmF8.001,train,-17.482811,-3.3939683
foj4bqLSmF8.002,train,-16.32856,-3.1613264
foj4bqLSmF8.003,train,-19.0157,-2.2284467
fpyBDfh7qF0.001,train,-11.189102,-5.1023445
fpyBDfh7qF0.002,train,-10.176413,-5.232108
fpyBDfh7qF0.004,train,-9.268214,-5.3065042
frsDpQjmC5k.002,train,38.239666,-18.21438
frsDpQjmC5k.003,train,36.708496,-18.1389
fsCK8Xuzl1Y.000,train,-0.84264934,7.357465
fsCK8Xuzl1Y.003,train,-2.8175309,2.3519318
fsCK8Xuzl1Y.004,train,-3.6487443,6.870457
fsLf6Xv_Gbk.001,train,-13.475444,-2.8822005
fsaslN7xV-w.000,train,-12.955621,-2.236911
fsaslN7xV-w.002,train,-14.1716385,-2.3387122
fsaslN7xV-w.004,train,-12.421762,-6.449421
fuKtMm2WR0g.001,train,-9.353218,6.092208
fv5lLeyRdd4.001,train,-8.19993,0.14441918
fv5lLeyRdd4.002,train,-7.6686325,2.9102743
fv5lLeyRdd4.004,train,-6.0535064,6.5906787
fv5lLeyRdd4.005,train,-9.331745,-3.3624847
fwJykIyvS04.001,train,20.025719,-9.40494
fwYZP8qOtC0.005,train,-8.827728,-2.339614
fyXiORXmWHs.002,train,-3.4724057,-5.638577
fyXiORXmWHs.003,train,-3.6431754,-1.4964384
g00oS-Kt248.001,train,24.047924,-0.46217722
g0PWBzU95sI.000,train,-3.4758291,-1.8845524
g0PWBzU95sI.001,train,-5.981009,0.725114
g0PWBzU95sI.004,train,-10.388813,-0.7682503
g0Zlp-F6Z6E.001,train,2.3437262,-2.1391606
g0Zlp-F6Z6E.003,train,2.536896,-3.0083516
g0Zlp-F6Z6E.004,train,1.9967394,1.4491364
g1TMjzZH8bw.000,train,-3.0541887,2.485308
g1TMjzZH8bw.002,train,-6.308655,1.1882502
g1TMjzZH8bw.004,train,5.935401,8.92769
g24JGYuT74A.002,train,-13.309193,-3.6093338
g24JGYuT74A.003,train,-9.293402,-1.1999415
g4PQ753TDls.000,train,-6.193321,-9.33804
g7sDGH8APwk.000,train,21.734594,11.81811
g8rjtlzAQ6k.002,train,12.51897,-25.587378
g8rjtlzAQ6k.003,train,14.914252,-25.234613
g9zgIN56MnQ.001,train,-13.02297,-1.0749067
g9zgIN56MnQ.004,train,-11.02111,0.22112939
g9zgIN56MnQ.005,train,-11.679489,0.6021733
gAWA-fcIa_M.001,train,-13.48546,2.1582787
gAWA-fcIa_M.002,train,-13.013959,2.8657844
gAWA-fcIa_M.003,train,-12.756662,2.6923802
gAWA-fcIa_M.004,train,-11.749276,5.90683
gAWA-fcIa_M.005,train,-12.085405,1.8801891
gCQT7zfS7sI.001,train,-18.732105,-2.4252977
gCQT7zfS7sI.002,train,-17.3212,1.0526893
gChqk1izWkc.002,train,0.95894367,11.885231
gFEntQ_UKvk.002,train,-4.8697076,-0.15938011
gFEntQ_UKvk.003,train,-6.6092453,0.8838805
gLtvOEy7m8Q.002,train,5.9704456,0.9554089
gLtvOEy7m8Q.005,train,10.239007,-1.8615769
gM_KAA-ejJA.005,train,8.945114,-4.7714605
gOS-CneQsxI.003,train,-15.484192,-3.952724
gSCurvS_vWU.004,train,28.72838,-11.461534
gUyH1qvbOZA.000,train,-7.524088,2.2810218
gUyH1qvbOZA.004,train,-7.6319532,0.9885362
gUyH1qvbOZA.005,train,-2.6422036,2.1144574
gWCgqVn3m3k.000,train,15.33707,-14.583599
gWCgqVn3m3k.001,train,5.102175,-13.673242
gX20EUUZc9M.004,train,29.597633,6.6760473
gZblxCs4EV4.001,train,10.064602,-12.061617
gZzB49daFfA.003,train,-5.9910846,-0.21819797
gZzB49daFfA.005,train,-9.9796295,0.26683083
g_UeE-1ghtQ.001,train,9.395765,-5.6303487
ga_XczsO4eY.000,train,33.37167,3.3605318
ga_XczsO4eY.001,train,34.42625,-2.0320737
ga_XczsO4eY.004,train,26.236025,13.832598
ga_XczsO4eY.005,train,20.87461,13.613976
geXpIfaFzF4.001,train,-6.442957,0.017779307
geXpIfaFzF4.002,train,-6.4351006,0.26891363
geXpIfaFzF4.003,train,-4.6028895,-1.4555527
geXpIfaFzF4.004,train,-5.7126365,-2.7245355
geji1U2YAvg.002,train,28.287638,-18.88995
gfTTzlRNF8s.003,train,27.521912,-11.452444
gggp205gPMI.001,train,5.2365856,2.1856215
gggp205gPMI.003,train,3.9110239,7.0232267
gipWTZy9mjI.000,train,-10.82431,6.0536537
gipWTZy9mjI.002,train,-6.9695497,4.6161137
gipWTZy9mjI.003,train,-8.582839,8.007068
gipWTZy9mjI.005,train,5.949393,7.700597
gj3-xvhPeWg.003,train,-11.781551,1.3041939
gj3-xvhPeWg.005,train,-5.6763587,3.4568126
gkKHdsF6du4.000,train,9.357444,-7.4030704
gkKHdsF6du4.003,train,8.053264,-3.646254
gkKHdsF6du4.004,train,9.063494,-7.0344787
glgfB3vFewc.000,train,0.10100287,-9.211786
glgfB3vFewc.002,train,-1.9878532,-6.449932
glgfB3vFewc.003,train,-6.918766,-4.387604
gngqDNTAXnI.002,train,-1.5289611,-3.9690368
gngqDNTAXnI.004,train,-0.8681981,-4.719875
gq0yaEv6gSE.000,train,0.96637726,12.156291
gq0yaEv6gSE.002,train,2.4523354,12.753441
grhDDOLsBho.000,train,-15.106173,2.9640474
grhDDOLsBho.002,train,-15.151863,2.6623745
grhDDOLsBho.004,train,-15.000006,3.100911
grhDDOLsBho.005,train,-12.328459,4.507609
gsleSGEZHAs.000,train,26.673727,-8.153114
gsleSGEZHAs.001,train,14.965726,-6.632328
gsleSGEZHAs.002,train,13.049868,-16.074003
gsleSGEZHAs.004,train,24.525223,-8.375376
gsleSGEZHAs.005,train,7.925804,6.31829
h-jMFLm6U_Y.000,train,-5.161264,-12.00906
h-jMFLm6U_Y.004,train,-6.511072,-10.55233
h2-_bQdTZYY.004,train,-5.76183,-2.4386368
h7qbP1GS50U.003,train,-13.7700405,-0.18255709
h7qbP1GS50U.004,train,-10.165761,2.2150056
h9jIdLBaMEo.000,train,2.8873463,-14.589569
h9jIdLBaMEo.001,train,4.8231206,-7.9649134
h9jIdLBaMEo.002,train,-8.196515,-3.514333
h9jIdLBaMEo.004,train,0.78027904,-9.702288
hDqsuyVeWmw.000,train,-18.241327,-2.9215477
hDqsuyVeWmw.004,train,-16.80117,-3.5133984
hF3yR5rmga8.001,train,7.6234803,-11.745374
hF3yR5rmga8.003,train,7.135235,-4.690713
hF3yR5rmga8.004,train,9.230661,-1.4290656
hG-pwa191bw.000,train,-16.409067,1.5699126
hG-pwa191bw.002,train,-18.05764,1.1358304
hG0I7DLSSYg.001,train,0.7966612,-2.4902992
hG0I7DLSSYg.002,train,-8.943358,1.0025625
hG0I7DLSSYg.003,train,-3.9865065,0.50973177
hG0I7DLSSYg.005,train,-0.31687343,-3.5026464
hIFNZ_ycngg.001,train,22.3005,14.217067
hIFNZ_ycngg.002,train,12.810488,8.171245
hIxLNK_x_QA.002,train,19.963125,-9.934891
hIxLNK_x_QA.005,train,12.691138,-9.530695
hK5lmI9pwck.003,train,-10.632089,-1.2632978
hM96SfN5_F4.004,train,13.573104,1.430075
hOXvRgxjfik.000,train,4.13352,4.4169507
hOXvRgxjfik.001,train,1.2788612,3.4717062
hOXvRgxjfik.003,train,1.7221811,-8.07718
hOXvRgxjfik.004,train,-2.8175328,-4.6185164
hPguTv1Zvg8.001,train,-5.187143,4.8996477
hPguTv1Zvg8.002,train,-3.7393527,6.6158485
hPguTv1Zvg8.003,train,-3.996233,7.0302734
hPguTv1Zvg8.004,train,2.2706263,11.147944
hQImLccateA.002,train,-14.486585,0.4584282
hT83GkLYIFs.001,train,26.41557,-14.154353
hT83GkLYIFs.002,train,-1.461423,-6.6991315
hX2TVefa5bQ.002,train,-10.260901,-3.4370043
hX2TVefa5bQ.005,train,-11.323493,-8.042822
hZIGQXercNA.001,train,19.980923,11.542142
h_GDQ9_H1es.002,train,7.5109386,-13.1925125
h_kjgcJ_bqU.002,train,-2.2300498,-7.9531603
h_kjgcJ_bqU.003,train,0.7859021,-8.903043
h_kjgcJ_bqU.004,train,-0.32331848,-6.622421
h_kjgcJ_bqU.005,train,-0.32491863,-9.839595
haxhAfuccuE.000,train,20.180408,-0.79550636
hd2-msVu9-g.000,train,-12.602902,-5.0277133
heE4ZZXwehI.002,train,-2.1158059,16.928308
hfUH9Am-Izs.000,train,21.640572,10.735118
hhdoeK8SsiI.000,train,0.7314356,-3.4971108
hhdoeK8SsiI.001,train,10.23491,-3.332239
hhdoeK8SsiI.002,train,4.1417646,-7.2525277
hhdoeK8SsiI.003,train,25.884169,-2.93399
hhdoeK8SsiI.005,train,9.353576,-1.6248723
hhdzTOyFIo8.001,train,14.379201,0.16631518
hhdzTOyFIo8.002,train,14.233841,-0.52193296
hhdzTOyFIo8.003,train,6.8830795,-5.604089
hi8A0nUHnL8.003,train,19.22845,-14.828145
hl70w5drc_4.003,train,8.781072,10.03408
hmTY4CubpiE.002,train,6.443725,-7.061643
hmy9XEvT2v4.000,train,-3.4365814,-10.711783
hmy9XEvT2v4.004,train,-1.5092843,-5.8952804
hnMp0eX28es.001,train,-5.6503177,8.652381
hnWMsZEQWt4.001,train,-15.491883,0.27549735
hnWMsZEQWt4.003,train,-14.892963,-0.037820246
hqe-8SMJGmc.003,train,-15.01201,-0.52287704
hquzfo9MVDo.001,train,-15.715992,-6.0474052
hquzfo9MVDo.002,train,-15.063715,-5.9225674
hquzfo9MVDo.003,train,-14.538191,-6.709092
hrat_RJczFM.001,train,-8.292587,-0.24876593
hrat_RJczFM.002,train,-7.896463,-3.333041
hrat_RJczFM.004,train,-11.0907345,0.5378029
hsXn0N8bAYs.005,train,-5.736356,9.886594
hspeWl-Bip0.002,train,11.852541,6.4709744
hspeWl-Bip0.003,train,23.665228,9.29889
hspeWl-Bip0.004,train,8.363925,6.1130357
htH89DBizno.000,train,-2.6198413,1.606227
htH89DBizno.001,train,-0.62359554,1.84313
htH89DBizno.002,train,5.8149166,-1.5606695
htH89DBizno.003,train,-2.5496924,0.6848144
htH89DBizno.005,train,-6.9237957,1.4386473
huIQlWsIEvY.000,train,-11.05677,-3.0660236
huIQlWsIEvY.003,train,-14.57226,-4.1364307
huIQlWsIEvY.004,train,-14.556687,-2.0659091
huIQlWsIEvY.005,train,-13.64785,-3.948901
i1cAYtXA2Xs.002,train,7.730151,-1.3434047
i1cAYtXA2Xs.003,train,9.644063,-3.591532
i1gouUmZumY.001,train,8.524375,20.655413
i1gouUmZumY.002,train,3.0829508,21.6197
i1gouUmZumY.003,train,4.052562,11.733678
i4IVTm3uvoM.000,train,-13.580901,0.78925157
i4IVTm3uvoM.002,train,-9.397155,-1.6155492
i4IVTm3uvoM.005,train,-14.310824,0.8381298
iAgu-wDe2MQ.000,train,0.82309765,10.780619
iAgu-wDe2MQ.002,train,-0.31173587,2.2788675
iAgu-wDe2MQ.003,train,4.247393,11.14668
iFSF6v3xw_k.002,train,-1.7253639,-8.641528
iFSF6v3xw_k.005,train,3.1056194,-6.7778187
iGBVrJMr62U.000,train,32.438835,19.78282
iGBVrJMr62U.002,train,31.187511,14.957624
iGBVrJMr62U.003,train,28.07274,6.8418603
iGBVrJMr62U.005,train,-1.505371,10.847511
iGlLSkRAsJc.000,train,3.8326557,11.022996
iGlLSkRAsJc.003,train,5.608772,0.024310945
iGlLSkRAsJc.004,train,4.292375,-2.7919912
iGlLSkRAsJc.005,train,7.3560715,1.6110709
iJGHwoJKEpA.002,train,-15.871745,-0.68074936
iJGHwoJKEpA.003,train,-17.688786,-1.7412237
iL6lNdRS0ZU.000,train,8.070911,3.3571732
iOB65zCiOFM.001,train,-1.4544144,4.0065684
iOB65zCiOFM.003,train,-6.939263,7.5365605
iOv0_RdVPCM.000,train,-2.6301014,-0.4491991
iOv0_RdVPCM.003,train,-7.0951753,5.2043867
iOv0_RdVPCM.005,train,9.75502,-1.4136661
iPblZBQpafs.001,train,-18.565704,0.8864678
iPblZBQpafs.002,train,-18.366453,-0.6151791
iPblZBQpafs.003,train,-18.668278,0.17528789
iPblZBQpafs.004,train,-19.185719,0.29637557
iPblZBQpafs.005,train,-19.910133,2.0857556
iQvoDdxt06M.000,train,4.996817,-3.4269075
iQvoDdxt06M.003,train,0.3970774,-4.100314
iQvoDdxt06M.005,train,5.9397726,-3.4493446
iW1t-ZiG2rc.000,train,-6.371393,0.0832023
iW1t-ZiG2rc.001,train,-7.224969,-2.7324097
iWyAQkMVNfM.003,train,30.100937,-0.61894864
iWyAQkMVNfM.004,train,40.706074,2.561105
iXaqqRE76lI.000,train,-7.316644,-3.2861142
iXaqqRE76lI.001,train,1.0082164,5.6176515
iXaqqRE76lI.003,train,-15.89072,-1.5908953
iYVJt41_q7M.002,train,-4.666088,-6.5048532
iaCYb7um0Lw.000,train,4.360362,-3.350182
ibawV2tqKug.001,train,-14.3890505,-5.6844764
ibawV2tqKug.004,train,-13.115942,-2.32641
ibawV2tqKug.005,train,-11.767327,-3.7241895
ic_LECbCm5M.002,train,-3.04194,-5.662094
ic_LECbCm5M.004,train,-3.505409,-5.210813
idsEawKW4X8.000,train,5.4949727,-5.610811
idsEawKW4X8.004,train,3.0988927,-5.856467
idsEawKW4X8.005,train,9.648951,-5.704783
ihA8DzHWyiU.001,train,15.307202,-19.53281
ihEFzP5S57g.000,train,12.6595955,-0.4632307
ihEFzP5S57g.003,train,-4.4882956,0.24408737
iiW_nu6JITY.001,train,-0.4341686,2.2988732
iiW_nu6JITY.002,train,-0.38545728,1.9222552
iiW_nu6JITY.004,train,-1.3663166,2.6470375
iiW_nu6JITY.005,train,1.774,-0.5542069
ilOi-sQo9HI.001,train,-15.3778105,-5.8333697
ilOi-sQo9HI.005,train,-14.146222,-3.6188147
in-HuMgiDCE.001,train,-14.44814,-1.6837454
in-HuMgiDCE.002,train,-12.7899065,-3.7598
in-HuMgiDCE.003,train,-15.035081,-1.0791796
in-HuMgiDCE.004,train,-13.732362,-1.6260371
io0aNQE8En8.000,train,22.73785,35.47382
io0aNQE8En8.002,train,8.257496,17.49746
io0aNQE8En8.003,train,-2.1128511,20.98676
io0aNQE8En8.005,train,11.649172,24.281977
io8dFIfl9Go.000,train,-10.820887,0.8702824
ioaBnmfoHgo.000,train,-4.2718287,-4.656944
ipP--IqIuWU.001,train,3.2362347,-5.837027
ipP--IqIuWU.002,train,1.3728042,1.5659916
ipP--IqIuWU.003,train,30.503065,9.424625
iqs7mZbg5UI.001,train,-10.698738,-1.4508274
iqs7mZbg5UI.005,train,-5.2718315,-8.842624
isaP2l3rlBQ.001,train,-12.992078,1.8162899
isqmQc9AfBc.000,train,-18.439857,1.4148428
isqmQc9AfBc.001,train,-16.132067,1.237496
isqmQc9AfBc.003,train,-17.108437,2.4634254
isqmQc9AfBc.005,train,-17.904129,0.7179441
iuiuZuWtEH8.001,train,12.241968,-7.4238343
ivcVlDXJCDo.000,train,-2.8866675,-3.5137115
ivcVlDXJCDo.001,train,-5.905653,1.866493
ivcVlDXJCDo.002,train,1.442552,0.36964187
ivecmGb711M.001,train,20.639193,6.956169
ivpw58MIRtQ.003,train,3.0134437,3.7171934
ivpw58MIRtQ.005,train,8.959968,2.37655
ixPqs7L8oAE.003,train,1.4004222,-4.1883345
ixPqs7L8oAE.004,train,-1.1160147,-3.3511748
ixPqs7L8oAE.005,train,1.1961066,-8.449144
ixkHBIX84SE.000,train,-3.071029,-0.94658816
izq1ogkfedI.002,train,11.181623,3.9268675
izq1ogkfedI.004,train,10.609205,4.7208934
izqyworQEEM.000,train,-4.5052395,0.019134356
izqyworQEEM.001,train,-11.8232565,-1.8830334
izqyworQEEM.002,train,-3.8347301,-1.4698325
j-XUQ3Rmq6w.001,train,12.409342,17.153643
j-XUQ3Rmq6w.002,train,15.426181,18.352182
j-XUQ3Rmq6w.003,train,12.353178,18.530878
j-XUQ3Rmq6w.004,train,8.189719,15.06605
j-XUQ3Rmq6w.005,train,8.7396555,16.194553
j0dnDXTyUBA.001,train,-7.673825,11.884425
j1idNSoB7tA.000,train,-10.669755,-11.361383
j3jdT1V-DeI.000,train,-13.084818,-4.7226377
j3jdT1V-DeI.001,train,-11.199224,-7.841751
j3jdT1V-DeI.002,train,-15.785204,-5.7213135
j3jdT1V-DeI.003,train,-7.277933,-7.6332316
j3jdT1V-DeI.004,train,-7.7842016,-9.120997
j3jdT1V-DeI.005,train,-14.55623,-6.695987
j5fXaXrNPoA.000,train,18.906836,-6.799803
j5fXaXrNPoA.004,train,18.6973,-2.5010097
j5fXaXrNPoA.005,train,19.756918,-11.056409
j6d-KRDXnUI.001,train,4.182987,1.9391656
j7VLzb0qw8Q.001,train,13.3125305,6.5693054
j7VLzb0qw8Q.004,train,11.469368,-2.703383
jDdRrqRcSzM.000,train,16.86875,-6.44725
jDdRrqRcSzM.001,train,4.692433,-4.6002407
jDdRrqRcSzM.002,train,-2.4555738,-0.96303636
jFx6AEw6viQ.002,train,-12.532969,-1.665112
jFx6AEw6viQ.004,train,-14.360583,-1.2116114
jFx6AEw6viQ.005,train,-13.090679,-2.1142728
jKHaHWuaU14.001,train,-0.4204783,3.680897
jOTlJwOBSd4.002,train,-12.642796,4.095093
jOTlJwOBSd4.003,train,-10.066907,-3.1577816
jOTlJwOBSd4.004,train,-15.014626,-0.40706548
jOTlJwOBSd4.005,train,-14.860192,3.8185458
jPpZkVzQywk.000,train,29.455898,16.261406
jPpZkVzQywk.001,train,-0.70607024,10.225707
jPpZkVzQywk.003,train,-18.116648,-3.142906
jQRFHBVs0dA.004,train,28.48597,-4.890071
jQRFHBVs0dA.005,train,33.2538,-7.90145
jSw-grsJCnE.000,train,21.626596,1.77306
jSw-grsJCnE.003,train,22.54195,-4.7280793
jTkEWnuDnbA.001,train,6.896362,-4.660696
jTkEWnuDnbA.002,train,5.9125676,-6.30152
jTkEWnuDnbA.004,train,-7.1787,-1.3851576
jVGTEDAYWZ8.001,train,5.7699323,-4.316903
jVGTEDAYWZ8.003,train,13.875064,15.626298
jZDlFzVUZwY.001,train,-12.43852,-3.958701
jZDlFzVUZwY.002,train,-8.0596485,-3.3066833
jZDlFzVUZwY.003,train,-11.347322,-3.651151
jZDlFzVUZwY.005,train,-8.425911,-6.7333794
jZhlaIUFMLc.000,train,22.748932,-26.825714
jZhlaIUFMLc.001,train,20.223156,-24.022228
jZhlaIUFMLc.003,train,27.46453,-25.449406
jZhlaIUFMLc.004,train,19.220375,-21.389187
jZhlaIUFMLc.005,train,19.586014,-23.083519
jZl3Rq1MRQg.000,train,33.357643,-16.16773
jZl3Rq1MRQg.003,train,34.016518,-23.261902
jaWY130zc1U.001,train,-0.26337925,-1.6626847
jdli4DDP7XM.003,train,-7.0914826,-7.908473
jdli4DDP7XM.004,train,9.933439,-4.320173
jdli4DDP7XM.005,train,1.9836779,-7.9019394
jgyDXrhO3n4.000,train,-2.615755,11.588236
jgyDXrhO3n4.003,train,-0.09334941,13.806051
jjFzwsootdM.000,train,8.088973,-3.0186694
jjFzwsootdM.004,train,6.4625435,1.2199107
jlDYn537Pd0.001,train,17.623726,-3.2902672
jlDYn537Pd0.002,train,16.563072,4.0256147
jlDYn537Pd0.004,train,12.200307,-2.6387494
jlHKgXrxCu8.000,train,-11.826046,-3.4903212
jlHKgXrxCu8.004,train,-13.651496,-7.0365005
jmbAPNTJ3Vk.002,train,14.461987,20.745201
jmbAPNTJ3Vk.003,train,2.2284462,-6.2192307
jmbAPNTJ3Vk.005,train,1.8057599,-6.3598156
jnEHHvlBgxE.002,train,18.626211,-13.023141
joOfhNyKRjE.004,train,4.279216,3.6463027
jolhoLhAurM.001,train,4.7315288,-12.3378725
jolhoLhAurM.002,train,4.949376,-10.770607
jolhoLhAurM.004,train,-0.23543337,-6.072622
jolhoLhAurM.005,train,5.417817,-4.45036
jpPZVmzleAo.001,train,12.018502,-1.3640186
jpPZVmzleAo.002,train,7.0842996,-3.0638742
jpRnHWTLDUs.003,train,-12.128976,-5.514195
jpRnHWTLDUs.005,train,-12.547121,-3.6285424
jpbz8CA4RvI.000,train,-6.559322,-4.8288994
jpbz8CA4RvI.004,train,-1.9766331,-7.370726
jpyU48DzGTY.001,train,-16.160877,0.966575
jpyU48DzGTY.002,train,-17.287779,-0.28024417
jpyU48DzGTY.004,train,-18.924147,-0.782068
jpyU48DzGTY.005,train,-20.519487,-2.3547642
jq1dLOVUQJA.000,train,-7.5812154,0.15524174
jrhvXPaXo-0.000,train,-12.40929,-10.923267
ju7N5w4XZ4A.000,train,4.299784,10.090518
ju7N5w4XZ4A.002,train,2.9677165,7.376441
jub-AHFTH_g.000,train,-1.0743014,-7.0961266
jvHDFrgu9PA.005,train,4.7387066,-7.476103
jwPTGuWAnSI.004,train,0.57967466,-5.6302285
jwbHWwySJW8.004,train,-7.4540963,-2.6135035
jwcSbw4NDn0.002,train,-6.0087233,-4.0764165
jwcSbw4NDn0.004,train,-3.4039295,-5.011092
jwcSbw4NDn0.005,train,-8.061661,-5.442523
jxoOEkSq0uM.001,train,36.12055,-1.15798
jxt1W2WRNHQ.000,train,-11.959254,-3.7281644
jxt1W2WRNHQ.002,train,-5.734928,-7.678712
jxt1W2WRNHQ.003,train,-12.128362,-7.432373
jxt1W2WRNHQ.004,train,-6.898457,-9.787692
jxt1W2WRNHQ.005,train,-13.534292,-3.5000653
jz9kgvYbBYA.003,train,-11.733582,-5.2993016
jz9kgvYbBYA.005,train,-9.527887,-4.62419
k1eXxMAfnIY.005,train,13.681976,-19.537195
k2buv6xZ4_o.000,train,-13.783348,-2.7758763
k2buv6xZ4_o.001,train,-12.059742,-2.5068846
k2buv6xZ4_o.003,train,-11.220268,-4.612934
k2buv6xZ4_o.004,train,-12.010332,-4.1201553
k2buv6xZ4_o.005,train,-12.647836,-4.2624626
k3iu-fhIkeI.000,train,-8.273891,-2.064015
k3iu-fhIkeI.002,train,-10.430777,1.3940839
k3iu-fhIkeI.003,train,-7.0890594,-1.4499034
k4QmzZuQl9s.003,train,-4.73262,-1.8584285
k4QmzZuQl9s.004,train,-6.359613,-0.3578273
k4eeYoHtnnI.000,train,19.564949,-7.9314785
k4eeYoHtnnI.001,train,16.63188,-5.444621
k4eeYoHtnnI.004,train,20.286777,-4.0912504
k99PI3FGEj0.000,train,33.447853,-6.00911
kAbMWBsPKR4.000,train,14.763845,2.8302164
kAbMWBsPKR4.002,train,9.553867,-4.780164
kAjPHyfol4w.001,train,-6.4307866,-1.5469464
kAjPHyfol4w.004,train,-1.8703579,-3.3207648
kAjvzIWWrWA.002,train,11.712328,-6.670951
kAjvzIWWrWA.003,train,21.577002,-13.754808
kAjvzIWWrWA.005,train,16.243511,-7.275068
kDInh1O8p5w.005,train,17.206362,3.5086834
kDJigDGDJTo.000,train,-7.7105875,2.8686054
kDJigDGDJTo.001,train,-3.9362333,5.5401397
kDJigDGDJTo.003,train,-9.750842,2.51719
kDJigDGDJTo.005,train,-6.2175245,0.014065119
kDP6_hiBR0o.002,train,2.3178608,-1.3645854
kDP6_hiBR0o.003,train,7.076229,0.799209
kDP6_hiBR0o.005,train,1.1910622,-4.877736
kDXYolv-8p8.000,train,17.815844,2.9813201
kDXYolv-8p8.002,train,11.197354,3.276353
kDXYolv-8p8.003,train,14.536831,3.6307335
kDXYolv-8p8.005,train,28.269949,-4.3137183
kFak4VnRnRM.001,train,21.253798,-17.759655
kFak4VnRnRM.004,train,20.375084,-20.28921
kFak4VnRnRM.005,train,18.320961,-19.21775
kHK5PkwJS7Y.003,train,-0.377135,3.0362418
kJLeYUobR0M.001,train,-2.9638267,3.842206
kK4QL7pOrhs.002,train,24.566902,11.724933
kK4QL7pOrhs.003,train,17.820444,-0.047359787
kK534gUcRF4.004,train,19.088488,0.9960126
kKRc2aXzQyM.002,train,-13.098544,-5.970886
kKRc2aXzQyM.004,train,-13.942107,-4.9433126
kL-CeaXG9jM.000,train,-19.0078,-1.3245372
kL-CeaXG9jM.001,train,-13.98981,0.6510146
kL-CeaXG9jM.002,train,-15.528013,0.12530002
kL-CeaXG9jM.004,train,-18.6388,3.9283996
kN9cs2nFhM4.002,train,6.9159822,-1.5509319
kN9cs2nFhM4.003,train,3.7702913,-3.7328634
kN9cs2nFhM4.004,train,4.2853837,-3.6663816
kN9cs2nFhM4.005,train,-0.43981215,0.5245857
kN_bFMVnfzY.001,train,-11.972323,-2.5312123
kPJzHs5jclg.001,train,7.888326,5.5863724
kPXVZD3ac8s.005,train,-5.017536,1.5462015
kPife9TY9Pw.000,train,9.4367075,-1.5087708
kQ8HhrysfaA.003,train,7.8021965,10.874513
kQ8HhrysfaA.005,train,-3.5949252,4.23833
kSk-rf7a1Ig.000,train,5.220084,-9.611512
kSk-rf7a1Ig.001,train,5.6508465,-10.1579485
kSk-rf7a1Ig.003,train,8.839256,-10.448783
kUpkeJDcxaE.000,train,15.418362,-12.633874
kUpkeJDcxaE.002,train,15.605352,-10.389892
kUpkeJDcxaE.003,train,6.3368053,-6.464306
kUv0BJQmKq0.000,train,0.88183683,0.3192711
kUv0BJQmKq0.001,train,-0.2660882,-3.6567357
kUv0BJQmKq0.002,train,1.7103196,-7.913531
kUv0BJQmKq0.003,train,-1.7865071,-3.400469
kV7MFI2_ddo.000,train,-14.690606,-1.6204379
kV7MFI2_ddo.002,train,-11.1421,-3.198893
kV7MFI2_ddo.005,train,-12.699174,0.054813962
kX-o1qmgWvc.002,train,9.393542,16.728111
kX-o1qmgWvc.004,train,3.7908335,17.242447
kY_4WyAXxrQ.000,train,19.86241,12.042135
kY_4WyAXxrQ.003,train,27.137974,6.3489165
kY_4WyAXxrQ.004,train,19.242178,11.383875
kare8QF7vrE.000,train,5.002627,-22.786217
kcHvO5ins50.002,train,-13.262319,-0.90993553
kcHvO5ins50.003,train,-15.18974,3.0477479
kdPRPO3wgg0.000,train,-14.95208,-4.177849
kdPRPO3wgg0.001,train,-14.991076,-3.5745785
kdPRPO3wgg0.004,train,-16.549782,-4.055612
keGXYAcUXmA.001,train,-11.086228,0.02779658
keGXYAcUXmA.002,train,-12.000179,0.39084324
keGXYAcUXmA.005,train,-7.3179865,-1.7420547
keW8-eSiQ70.003,train,11.117387,-5.571768
khCsAN1Bk_I.000,train,29.391174,-16.180115
khCsAN1Bk_I.001,train,31.100586,-15.379918
khCsAN1Bk_I.002,train,31.673292,-18.68839
kmV6Qtv0amA.001,train,27.473106,-7.154743
kmV6Qtv0amA.003,train,8.268568,-6.4461827
kmV6Qtv0amA.005,train,29.550909,-11.673028
kn6I8LdQFN0.004,train,18.337868,-6.628932
knK0zyX8bS4.004,train,-0.0064362334,-5.5971966
knpgk7LAMb0.000,train,7.2136555,15.110721
knpgk7LAMb0.002,train,11.457402,15.200162
knpgk7LAMb0.005,train,9.031108,16.982206
kp3c66Igyr8.001,train,4.1282363,-13.700867
kp3c66Igyr8.002,train,12.144014,-12.275552
kp3c66Igyr8.004,train,25.655085,-17.961878
kp3c66Igyr8.005,train,24.510305,-8.791917
kppgmuWEv-A.000,train,-5.8846517,0.91155684
kppgmuWEv-A.001,train,-6.100763,2.6575549
kppgmuWEv-A.003,train,-8.647918,1.4032484
kppgmuWEv-A.004,train,-4.927213,2.4978657
kppgmuWEv-A.005,train,-7.446582,3.8999887
krTAAqQ8_A8.005,train,6.878151,12.747564
ksCoS_ghDfM.000,train,6.8701134,-11.236749
ksCoS_ghDfM.002,train,9.411505,-16.61565
kwcpINU9LLk.001,train,6.843903,3.4653919
kwcpINU9LLk.004,train,2.4031792,2.6063416
kxlqIrk0WnY.002,train,3.6376827,-16.309332
kyq-X4IFMtw.001,train,0.48901287,-0.71964866
kzDQXSGGomg.002,train,11.566177,-14.710516
kzDQXSGGomg.004,train,5.6211877,-12.909427
kzDQXSGGomg.005,train,8.747441,-10.178231
l-WgXcGLdZk.002,train,3.2650886,-0.28006583
l-WgXcGLdZk.003,train,-0.49606767,-5.0906825
l-WgXcGLdZk.004,train,4.3061223,5.2543163
l-WgXcGLdZk.005,train,-0.4425568,0.85867774
l0qApUuiDjo.005,train,-3.5018227,4.2141647
l1L61qbiV2U.001,train,-14.066638,6.659124
l1V-DuJ-WgU.000,train,35.41255,-4.6829734
l1V-DuJ-WgU.002,train,30.265217,-10.507407
l1V-DuJ-WgU.004,train,38.84293,-10.066733
l2YS_qsF7SQ.004,train,-5.3941336,7.851006
l3IoZ_QmOQo.001,train,-7.5121737,-3.6438177
l3IoZ_QmOQo.004,train,-2.93779,-1.4768798
l3MXBCviqE8.004,train,-12.38055,11.210767
l3RE0rN7oEg.001,train,4.405256,-2.0142753
l3RE0rN7oEg.003,train,3.3110754,-3.07176
l7U3YDIOE_s.000,train,15.578959,16.34236
l7U3YDIOE_s.003,train,12.862055,14.838089
l8weBJSCHbA.000,train,15.40638,-10.597492
l8weBJSCHbA.001,train,11.416145,-5.805097
l8weBJSCHbA.002,train,32.41339,-1.2126031
l8weBJSCHbA.003,train,19.293732,3.3562276
l8weBJSCHbA.005,train,3.1649156,-6.7990694
lAJWoIcgXlU.000,train,-11.350451,-3.472946
lAJWoIcgXlU.001,train,-8.678821,-3.4870155
lAy2z5PN80E.000,train,-20.078152,-2.1173322
lAy2z5PN80E.001,train,-18.108932,-6.7640142
lCWWjATDrRM.003,train,-0.38792259,-4.6243687
lErjGxBb1Bk.002,train,5.2415104,-0.3656753
lErjGxBb1Bk.004,train,9.139189,4.197089
lGIHEaCvWEA.000,train,-2.2784417,-6.392182
lK1HFH7j93c.000,train,13.573596,-17.768232
lKePJbjYiy0.000,train,-1.9614325,-3.0075257
lKePJbjYiy0.002,train,-2.3589215,-1.4216108
lLKwlPLdYig.000,train,-5.0608006,-1.9090288
lLKwlPLdYig.001,train,-4.221112,-7.0307508
lLObIVKYDUI.000,train,-10.361895,-1.9755026
lLObIVKYDUI.004,train,5.025182,-4.306616
lLObIVKYDUI.005,train,-15.118339,-5.716517
lLWOcztaIBI.000,train,-15.184385,3.1133108
lLWOcztaIBI.001,train,-17.229374,1.417474
lLWOcztaIBI.002,train,-16.460182,1.70903
lLWOcztaIBI.003,train,-16.876244,1.7285008
lLWOcztaIBI.004,train,-16.218664,5.6184716
lNY0BdE4NqY.000,train,19.094791,-2.6497128
lNY0BdE4NqY.004,train,18.82996,4.528534
lNaZ4aJaiBU.000,train,-5.9473896,8.688803
lWz3uSk1qms.000,train,-14.416781,-0.98238283
laPGbkC87us.004,train,11.728099,0.6819561
ld7mBR4v3yU.001,train,0.87473035,11.939383
ld7mBR4v3yU.002,train,6.007219,17.178596
ldq15dfuaLg.001,train,4.1827283,0.61782837
leslBYwG8kc.002,train,39.13033,-6.784497
liRQoL7SsPw.001,train,-3.684002,-5.326792
lkdQjIunxSE.000,train,5.6361623,-0.5865039
lkdQjIunxSE.002,train,5.697228,-0.53668237
lkdQjIunxSE.003,train,8.762672,-1.9949878
lkeXyB-3Gs0.001,train,-4.8757744,8.169959
ll_chn4R32Y.000,train,15.4207325,4.7299075
lmz3nj1VLzY.003,train,-10.8296175,1.1415837
lnawWqnGpMc.000,train,-11.715494,-1.0448475
lnawWqnGpMc.002,train,-8.784841,0.76817524
lnawWqnGpMc.004,train,-6.107832,1.9856063
lnawWqnGpMc.005,train,12.946102,8.227404
lsVwEApsljU.003,train,12.490792,10.008118
lsVwEApsljU.005,train,1.9699805,8.197666
lsXw8u4QXIU.001,train,-11.696082,-3.6601708
luH2RoZW-eY.001,train,4.794301,-1.1661062
luH2RoZW-eY.003,train,32.081924,-10.930464
lvae9lRUugE.000,train,-7.2744,0.2373261
lvae9lRUugE.003,train,-6.6935606,1.5529628
lvae9lRUugE.004,train,-8.389221,5.3063793
lvae9lRUugE.005,train,-5.4653277,-0.77026063
lx6A8s_Ega8.000,train,8.934483,-14.932576
lx6A8s_Ega8.003,train,12.415513,-17.756105
lxnV9X8T2Zc.000,train,-7.597332,-3.4052408
lxnV9X8T2Zc.003,train,-7.5309696,-3.697052
lxnV9X8T2Zc.004,train,-10.855082,-0.60137343
lyZZSU1ziCQ.001,train,1.9414082,4.1245
lyZZSU1ziCQ.002,train,9.308562,13.989847
lyZZSU1ziCQ.003,train,8.194932,7.2627544
lyZZSU1ziCQ.005,train,7.4073944,15.16684
ly_0m16694Q.000,train,4.9708915,18.68864
ly_0m16694Q.003,train,8.475666,18.421926
lyznxF-Pj6g.001,train,-9.892021,-8.35984
m04e9ylCoK0.000,train,-12.645748,-0.7144435
m04e9ylCoK0.003,train,-13.919592,-2.2131836
m0iznoJi8hw.001,train,-8.409016,-0.8326502
m0iznoJi8hw.002,train,-7.868886,3.04208
m0iznoJi8hw.003,train,-9.71776,-2.4383147
m0tNIKbEwHE.003,train,-10.51694,1.7734625
m0tNIKbEwHE.004,train,-6.1072154,-2.5512567
m2uxFfpb5xU.001,train,-8.623317,1.1777073
m2uxFfpb5xU.005,train,-7.8883157,1.0063571
m3z_a0l0FRk.000,train,-9.406883,-0.076451175
m3z_a0l0FRk.002,train,13.733149,8.723771
m4-vvEeWP8s.000,train,11.821991,8.116124
m4-vvEeWP8s.001,train,23.932644,4.245778
m4-vvEeWP8s.002,train,14.57054,10.509416
m4KKYcD6CZw.002,train,24.490376,-2.3370693
m4KKYcD6CZw.003,train,8.683688,-1.1268972
m4ZmRZCv6VA.005,train,8.046159,6.9251776
m536hegSuKI.002,train,30.373827,-6.3578515
m536hegSuKI.004,train,38.95819,-3.1396275
m5kTITzj1bY.001,train,-6.7638693,6.9772396
m5kTITzj1bY.005,train,-0.95900494,-0.34018412
m6JOFpKvkE0.001,train,25.594004,-12.128682
m7zdWVDT-34.001,train,-5.2240343,-2.8778389
m7zdWVDT-34.002,train,-5.3393807,-2.4888308
m7zdWVDT-34.004,train,-7.9967403,-1.7525374
m7zdWVDT-34.005,train,-3.6965303,-4.2439237
mBJTwQsDC4M.002,train,-4.386449,-7.3266096
mBJTwQsDC4M.003,train,-7.414542,-9.676153
mBdVuEXRlfQ.000,train,-3.6763139,-11.637327
mBdVuEXRlfQ.001,train,-4.7553315,-9.361726
mEQBB6XsJFk.001,train,4.150012,-9.191076
mEQBB6XsJFk.005,train,-1.6717615,-5.2770805
mFz5Fbs97QA.002,train,-7.3724656,8.113441
mFz5Fbs97QA.003,train,-6.732689,10.719383
mGWS0Akp08E.000,train,19.849064,-18.275162
mGWS0Akp08E.001,train,21.621468,-22.483912
mIQnQ8Nmj-c.001,train,8.876749,14.957869
mIQnQ8Nmj-c.005,train,28.690071,11.408946
mIcktEhNxRo.003,train,28.909933,7.81089
mIxTz3tOgmQ.000,train,-12.0343895,9.387554
mK8ebTJyrCI.002,train,-7.6442766,7.539325
mKWscEow1U8.000,train,-2.8954265,4.3942027
mKWscEow1U8.002,train,-0.49083847,2.7254372
mKsGK9nCTxw.000,train,28.729755,1.4601163
mKsGK9nCTxw.001,train,27.49644,2.1370769
mLZw7Hf8AYI.004,train,9.943541,3.9289076
mM6QbrCrdLo.000,train,-2.4196723,4.0968256
mMNjlGNWsZA.001,train,3.1712997,19.857647
mQTBqDY71dU.002,train,15.600461,-0.48441303
mQpNe8f5xA8.003,train,2.5601401,-10.3735485
mRKGI6hq4UU.003,train,-1.0086244,-5.7768545
mRKGI6hq4UU.004,train,3.714944,-9.107389
mRfkHyx__4w.000,train,4.452782,0.4465612
mXaI17Dx7u0.000,train,11.484426,7.3231015
mXaI17Dx7u0.001,train,27.62075,6.437249
mXaI17Dx7u0.003,train,21.519503,17.246397
mXgUV0o6a20.000,train,29.488235,5.253286
mXgUV0o6a20.001,train,33.019073,8.083925
mY1ZTvNVkSA.002,train,0.43856704,6.379072
mY1ZTvNVkSA.003,train,3.5011327,3.0110495
mY1ZTvNVkSA.005,train,-6.8823066,0.29059696
mZ2CHgzwDt0.000,train,7.131696,10.67192
mZ2CHgzwDt0.001,train,-2.6702995,5.0867124
mZ2CHgzwDt0.002,train,-4.44127,5.9541607
mZ2CHgzwDt0.003,train,-6.34361,4.9355555
mZ3vypXAfHg.000,train,-18.53338,-3.609952
mZ3vypXAfHg.003,train,-12.598575,-6.731406
mZQP06F94u8.003,train,23.716383,20.650661
mZQP06F94u8.004,train,12.976745,14.629988
mZzWhUI0CP0.005,train,-9.7987,-7.136432
m_2k0dL8CRM.001,train,-2.9777627,0.54143333
m_9aygJNij8.004,train,37.000412,4.838818
maDObxiOQRo.000,train,17.23274,-3.1475656
maDObxiOQRo.003,train,22.798203,0.3678124
mcxi2vtevb4.000,train,1.9496574,11.657044
me15sHPOjKo.002,train,-7.9719224,6.3807077
me15sHPOjKo.005,train,-4.331721,9.854283
me5UoRny6NU.005,train,12.853508,4.1935577
merppcmY6y0.000,train,20.633553,21.712595
merppcmY6y0.002,train,4.8762712,19.027119
merppcmY6y0.003,train,9.882316,12.451786
merppcmY6y0.004,train,16.920214,18.64047
mf0LqiLJYr0.001,train,10.609714,5.985191
mfGhtr0zy3k.001,train,-8.0657625,4.8273897
mfGhtr0zy3k.002,train,-8.048559,3.3588414
mflgXFsGU9w.000,train,-14.893066,-2.296206
mflgXFsGU9w.002,train,-16.160257,-2.5322416
mflgXFsGU9w.003,train,-14.589971,-2.398838
mflgXFsGU9w.004,train,-17.037893,-2.732382
mhF4kYTlVUE.000,train,4.277363,-1.1073656
mhF4kYTlVUE.001,train,-1.4929959,3.0950556
mhF4kYTlVUE.002,train,-0.916414,6.7010994
mhF4kYTlVUE.003,train,5.100856,5.5458703
mhF4kYTlVUE.004,train,5.026016,3.8826091
mhvkJjOAjYI.004,train,-16.099623,3.5553727
mhvkJjOAjYI.005,train,-16.790558,-0.3663559
mkJjaOADfj4.001,train,22.68428,-14.426335
mkJjaOADfj4.002,train,8.14055,-18.795012
mkJjaOADfj4.003,train,6.31053,-14.793289
mkJjaOADfj4.005,train,22.013767,-19.495413
mkWfG-4vvGc.000,train,-3.2202008,5.265296
mkWfG-4vvGc.003,train,-3.200494,4.0602684
mkWfG-4vvGc.004,train,8.087693,2.4666755
mlXZQ8dO0nQ.004,train,9.444975,-4.6182475
mlXZQ8dO0nQ.005,train,3.622904,-6.6231866
mlsiYewUwO0.002,train,22.329361,-28.365984
mlsiYewUwO0.003,train,24.972216,-31.522041
mlsiYewUwO0.005,train,19.703201,-26.549192
mmTbHy5iftA.002,train,9.278028,-5.743665
mnRuiwFx_Z8.000,train,22.018265,-10.23974
mnRuiwFx_Z8.002,train,7.4928446,-6.6703415
mnRuiwFx_Z8.005,train,10.146825,1.0356234
modNfUPt3F4.000,train,-1.7538012,1.0073217
modNfUPt3F4.005,train,1.838964,5.139579
mpXOSY5dW7c.000,train,-7.996151,-8.467654
mpXOSY5dW7c.002,train,-11.487209,-10.676624
mpXOSY5dW7c.004,train,-12.300761,-7.1747465
mpXOSY5dW7c.005,train,-9.756659,-8.319996
mpk5Ubw2fj8.000,train,-9.715102,-0.6464332
mpk5Ubw2fj8.004,train,-14.835127,-0.66929734
mq9NNKmKYdk.000,train,-11.090582,-7.2313685
mq9NNKmKYdk.003,train,-9.526374,-2.9979389
mq9NNKmKYdk.004,train,-11.098485,-2.5380425
mq9NNKmKYdk.005,train,-13.492704,-6.2587247
mqDv8688ztg.004,train,15.754609,9.802609
muKwyr-hrkc.001,train,7.1066623,21.454372
muLgzV1gGao.001,train,24.85311,9.397756
muLgzV1gGao.004,train,19.199678,10.544605
muLgzV1gGao.005,train,30.067617,10.423736
mxLRr3YqgMU.000,train,-14.991484,-2.0707154
mxLRr3YqgMU.001,train,-12.9190445,-0.33571798
mxLRr3YqgMU.004,train,-13.523859,-0.4956855
myhEW1aZRg4.000,train,-2.133972,6.893555
n0acEDmc0mA.000,train,-14.244013,-1.6048108
n2BuwHbdilY.002,train,12.898985,-13.822602
n4NkVZ1_dfk.000,train,23.472973,5.707406
n4NkVZ1_dfk.003,train,29.039776,6.400528
n4NkVZ1_dfk.004,train,23.252691,4.0549583
n4NkVZ1_dfk.005,train,30.161057,3.650225
n5Jeeqfj2_U.000,train,-14.930918,-3.8579845
n5Jeeqfj2_U.005,train,-16.047304,-4.172416
n6JNJurop2U.000,train,-17.953905,0.043538846
n6JNJurop2U.003,train,-17.476828,0.22366314
n8IiQJyqjiE.000,train,-9.809227,-3.5582728
n8IiQJyqjiE.001,train,-12.8495655,-1.3068706
n8IiQJyqjiE.003,train,-11.442434,-0.8369646
n8IiQJyqjiE.004,train,-12.2491865,-0.55913454
nB-fPmvZg3U.005,train,20.546995,18.34115
nBjBfN9SbpM.001,train,-2.0225818,15.174999
nBjBfN9SbpM.002,train,-5.6125875,16.326769
nBjBfN9SbpM.003,train,-4.882582,16.678345
nBjBfN9SbpM.004,train,-1.9598607,15.414902
nBjBfN9SbpM.005,train,-6.0818677,12.378871
nCWEEoJfjgE.000,train,-5.5418096,-0.37169883
nCWEEoJfjgE.002,train,-0.80851454,1.9883552
nCWEEoJfjgE.004,train,-1.2229226,-0.014919713
nCWEEoJfjgE.005,train,-4.409443,-0.07438272
nCc8XfmSvf8.001,train,16.527536,6.9044547
nClvfVFYzbM.000,train,-8.62722,-0.96486396
nClvfVFYzbM.003,train,-3.0007107,0.84124476
nClvfVFYzbM.005,train,-9.607779,1.3918526
nDcl8Jo2tYg.002,train,14.453421,2.7191494
nDsTSmE73M0.000,train,-7.5258284,0.7908853
nDsTSmE73M0.005,train,-9.385216,-3.426725
nEm44UpCKmA.000,train,-6.674712,-5.6077003
nFP7EEgz0Xg.002,train,1.2098459,16.555143
nGGtTu6dSJE.000,train,1.7532756,6.09893
nGe8dIc-ecc.000,train,8.650414,-9.333027
nGe8dIc-ecc.002,train,7.1527524,-10.054738
nGe8dIc-ecc.003,train,8.230791,-6.9619827
nGe8dIc-ecc.005,train,7.507702,-9.305063
nI6qUE8N8hk.000,train,-13.391142,-0.8800775
nIwFocnmRFY.000,train,-1.8983897,-2.2791023
nIwFocnmRFY.003,train,1.3532028,-0.9113689
nKLhatlbqEw.000,train,-7.0778713,-9.986215
nKLhatlbqEw.001,train,-9.950309,-6.7764926
nKLhatlbqEw.002,train,-7.0053554,-9.810285
nKLhatlbqEw.005,train,-8.403902,-10.383969
nKx64KH7Xks.001,train,-0.7568595,-2.3598533
nKx64KH7Xks.002,train,6.078525,-8.298872
nKx64KH7Xks.003,train,4.6238914,-6.223031
nKx64KH7Xks.004,train,8.790408,-4.4189563
nKx64KH7Xks.005,train,1.9223397,-7.152066
nLB29nx1Jp4.001,train,7.4831223,-13.098307
nLuAoNAOGcQ.000,train,-3.2465165,-5.585007
nOCSTnpB_F4.001,train,7.0203037,-7.5793004
nOCSTnpB_F4.002,train,0.9260587,-3.6951268
nOFHZ_s7Et4.001,train,-11.2493725,-9.789934
nOFHZ_s7Et4.005,train,-14.300683,-7.3721395
nQtiqrceBhg.001,train,15.120735,16.012495
nQtiqrceBhg.003,train,31.15856,28.684786
nQxTTYWy7pA.001,train,0.14128138,-12.572084
nQxTTYWy7pA.002,train,-10.898533,-0.7826672
nR0h3WFbPfA.000,train,-13.019472,-3.1370149
nR0h3WFbPfA.001,train,-11.853567,-3.7885802
nR0h3WFbPfA.003,train,-13.273728,-1.7635156
nR0h3WFbPfA.004,train,-12.142903,2.0699418
nUazOUcW_AM.004,train,-5.7962046,-6.0184135
nUazOUcW_AM.005,train,-5.140678,-4.920496
nUbhRInpVbA.001,train,11.639475,0.09715329
nUbhRInpVbA.004,train,13.06206,-9.23279
nUbhRInpVbA.005,train,12.246495,-2.2616289
nZC82V87Pm0.002,train,-15.997052,-2.191615
nZC82V87Pm0.004,train,-14.204169,-1.9570088
nZC82V87Pm0.005,train,-15.873452,-0.49619317
nZz1hK90gwA.002,train,22.578903,11.470046
nZz1hK90gwA.003,train,24.843817,10.18093
nZz1hK90gwA.004,train,30.840496,6.0585203
n_4vw3RKaog.002,train,11.248721,13.014701
naAGy30bnwA.000,train,20.963032,23.67501
naAGy30bnwA.005,train,28.688622,26.359352
ncmnmmmWEpU.000,train,4.094514,-3.2325115
ncmnmmmWEpU.004,train,-1.9764407,-1.0941579
ncmnmmmWEpU.005,train,-0.18896905,-2.140638
ndLtwmvPpr8.000,train,-5.2691393,-7.5916276
ndLtwmvPpr8.003,train,-7.845851,-1.7314004
nex61B854Ms.003,train,2.2948294,13.257485
nex61B854Ms.004,train,6.9980383,10.6051445
nex61B854Ms.005,train,2.0361712,9.134883
nfEhF5GBQpo.000,train,-13.316762,1.4740772
nfN9qJSVank.000,train,-1.0397084,4.715371
nfN9qJSVank.002,train,2.6776016,10.261683
nfN9qJSVank.003,train,2.4875,10.519449
nfN9qJSVank.004,train,-2.1506977,6.22708
nfN9qJSVank.005,train,10.075707,14.024992
ng42eoHytOA.001,train,-17.79301,-1.8158047
ng42eoHytOA.002,train,-14.192453,-1.5304701
ng42eoHytOA.003,train,-16.326614,0.93158
ng42eoHytOA.005,train,-16.88348,4.066673
nghDz0el8iI.000,train,-1.6614224,-0.643285
nghDz0el8iI.001,train,7.447864,1.874255
niWi1hcuSmo.005,train,26.796518,13.424387
nkmYbzMmrYw.001,train,9.714453,-8.685729
nkmYbzMmrYw.003,train,8.071846,-13.139399
nkmYbzMmrYw.004,train,3.5784004,-14.294674
nlIrqbcvqLk.001,train,-13.778932,-6.719564
nmZRXxKPPuQ.002,train,-5.774644,2.090802
nmZRXxKPPuQ.005,train,-1.2452867,-1.2853369
nndDX4RgU1w.000,train,-6.2706127,1.1380881
noepjVnUVFY.000,train,10.422791,2.6400135
noepjVnUVFY.001,train,-0.074587524,1.5108672
nskJh7v6v1U.002,train,25.208702,-13.328584
nskJh7v6v1U.004,train,6.008361,-8.207227
nskJh7v6v1U.005,train,5.560908,-7.6394787
nvlqJbHk_Lc.000,train,20.94233,12.640569
o-fNF5QVMNo.004,train,25.24003,4.2353687
o-fNF5QVMNo.005,train,20.109526,5.3118367
o0zIPrIQY4o.005,train,-10.803412,-6.2974877
o1mTIo1vPas.000,train,10.903542,14.65622
o2iolmvadac.002,train,-4.6240015,2.7366936
o2lu6rkd5-Y.001,train,18.969803,-1.6983734
o2lu6rkd5-Y.004,train,7.141784,4.4617085
o2wtRccAgjE.003,train,4.2204957,-6.550747
o5eCmKiomvo.001,train,-14.184742,-0.8113805
o5eCmKiomvo.002,train,-17.966228,-0.7661762
o6JCQlOC3oE.002,train,-2.775862,14.182955
o7J2fWIJndQ.005,train,-1.14642,-0.270606
oANKg9_grdA.004,train,9.945425,-2.1345496
oBE9f5xD9rk.000,train,-12.504754,2.142879
oBE9f5xD9rk.002,train,-7.0700874,0.17304252
oBE9f5xD9rk.004,train,-5.9584103,-1.1599119
oBE9f5xD9rk.005,train,-8.73016,-0.92046183
oC-qxnrmJws.000,train,-15.255553,-3.0909958
oC-qxnrmJws.002,train,-10.798209,-6.295987
oC-qxnrmJws.003,train,-10.423436,-6.076889
oC-qxnrmJws.005,train,-18.298199,-0.92193323
oCN_9daCssU.002,train,1.3833814,-1.0202845
oCb9DK3M1DU.000,train,5.9417515,9.52338
oCb9DK3M1DU.001,train,-7.672823,-3.730496
oCb9DK3M1DU.002,train,-10.292525,5.4142556
oCb9DK3M1DU.003,train,-8.922162,-1.0781329
oCb9DK3M1DU.004,train,-2.2014413,3.5964108
oCb9DK3M1DU.005,train,-4.3622026,1.0675808
oDOoG0vX-7U.005,train,27.179207,-3.8698642
oG84VxrGfj0.001,train,24.578707,13.55366
oGa05H9UXxU.002,train,2.4284704,6.456007
oGa05H9UXxU.004,train,7.378028,0.23301212
oHudDVcT5Lg.002,train,1.8254244,-10.128079
oHudDVcT5Lg.004,train,11.792436,-17.03962
oHudDVcT5Lg.005,train,7.956495,-3.161053
oJPdfhG4hT0.001,train,16.440361,-5.5481825
oJPdfhG4hT0.002,train,17.067045,-1.5667789
oLO05QNhhGg.000,train,8.204223,7.145493
oLO05QNhhGg.001,train,0.40184066,6.4069953
oLO05QNhhGg.002,train,8.8013735,10.326369
oLO05QNhhGg.003,train,3.943941,8.020212
oLO05QNhhGg.004,train,2.4244058,7.379177
oLO05QNhhGg.005,train,1.1634424,10.205837
oQOvtrP52As.002,train,27.987976,-19.227865
oU7zAWm_01o.000,train,-15.940627,-1.0555674
oU7zAWm_01o.002,train,-16.059301,-1.8020033
oU7zAWm_01o.003,train,-13.846688,-2.892595
oU7zAWm_01o.004,train,-15.944218,-0.7388521
oVSMxtPpQ0M.002,train,2.0294356,12.654399
oVSMxtPpQ0M.003,train,3.4186466,11.797213
oVSMxtPpQ0M.005,train,0.97641015,6.8440843
oWDh03tstic.002,train,7.7385015,-3.9394367
oXRhk1PUPcQ.002,train,-4.509644,8.65495
oYhWw97JYyU.000,train,-10.842647,2.4492612
oYhWw97JYyU.001,train,-8.29219,1.9032668
oYiWW-Qc0rs.000,train,3.2754157,-5.299914
oYiWW-Qc0rs.001,train,6.2514386,-4.393869
oYiWW-Qc0rs.002,train,5.019776,-1.7363722
oYiWW-Qc0rs.005,train,2.5222533,-6.5244517
o_kTWEEjtyw.001,train,-6.4161654,8.788915
o_kTWEEjtyw.003,train,-8.4021,9.30209
o_kTWEEjtyw.005,train,-4.5935783,10.836509
obr7ktzX8w8.001,train,42.252586,-4.9066267
obr7ktzX8w8.003,train,35.99561,0.18247396
obr7ktzX8w8.004,train,43.607918,2.7768097
odHogR_36Dc.000,train,5.9223666,0.7993078
odHogR_36Dc.002,train,7.253938,3.3434873
odHogR_36Dc.003,train,4.757266,0.66897947
odRqijkG28U.000,train,10.058682,-7.4377904
odRqijkG28U.001,train,8.140354,-6.8387055
odRqijkG28U.004,train,11.956086,-9.759694
oe1PZxExhzc.001,train,10.626488,-6.577445
oe1PZxExhzc.003,train,9.107971,-8.165766
oe6q_ZByIxQ.000,train,47.20923,-16.741762
og8vtyRh_bc.000,train,29.55936,-9.242674
og8vtyRh_bc.001,train,24.714758,-17.176416
og8vtyRh_bc.003,train,26.324198,-4.1067233
ogSLrHVeqLI.003,train,-2.5441856,-9.82559
okSmKH2k5lE.002,train,-13.748196,-0.4839322
okdZnQbLnf8.001,train,-7.414046,-3.458018
okdZnQbLnf8.002,train,-9.429007,-5.358466
okdZnQbLnf8.004,train,-6.67641,-3.3903513
okl467xvgOw.001,train,-12.432614,0.44000757
om-9kFEKJIs.000,train,-20.465244,-3.653852
om-9kFEKJIs.001,train,-20.314219,-2.775132
om-9kFEKJIs.004,train,-18.903706,-1.9524231
omQ5CGXJKS8.001,train,-12.618292,-2.5166886
omQ5CGXJKS8.002,train,-1.2304168,-0.1374199
omeHsKF7InA.000,train,11.832914,-19.879732
omeHsKF7InA.001,train,7.4597826,-12.472564
onbyz01BC_Y.003,train,-1.6322191,7.3989034
opEoJBrcmbI.001,train,-13.710381,9.938452
opEoJBrcmbI.002,train,-16.487024,0.6053104
opEoJBrcmbI.003,train,-16.759777,5.4565487
opEoJBrcmbI.005,train,-13.77985,10.570949
opqoflph5ZE.004,train,24.17589,7.167436
opyTSeVCYtE.002,train,6.1034822,-2.8855648
opyTSeVCYtE.003,train,-0.032515068,-3.524655
opyTSeVCYtE.005,train,-4.929006,-2.732518
oqXx6ipHfUE.000,train,3.378956,-6.409753
oqXx6ipHfUE.005,train,-2.915083,0.3986781
oq_v2yocx34.004,train,-11.6530285,2.8224027
orlXEgAepGo.000,train,-2.4850006,2.637429
orlXEgAepGo.002,train,-2.6137733,-2.208967
orlXEgAepGo.003,train,-0.92813784,-1.2166231
osqQpQsJNPQ.000,train,-5.4146123,-2.8486907
osqQpQsJNPQ.001,train,-5.837471,-3.9306552
osqQpQsJNPQ.004,train,-1.2101461,-3.7454433
ouYYWCY__5A.000,train,-13.130214,-1.6407441
ouYYWCY__5A.001,train,-10.113309,-4.6001673
ouYYWCY__5A.005,train,-17.019995,-3.8025079
outvbZgNX58.000,train,13.576797,12.485079
outvbZgNX58.002,train,-9.279469,10.84786
outvbZgNX58.004,train,2.827755,18.255829
owRKOW0ymCM.002,train,22.314617,-16.307009
owRKOW0ymCM.003,train,0.97090256,5.5549335
ox-qZvCLtls.005,train,0.77623516,-1.8173617
oxw3nT9LSsg.000,train,-15.691584,-9.385964
p-OcwNFQB0U.001,train,-3.8298504,3.575152
p-OcwNFQB0U.002,train,-3.843099,0.55379176
p-OcwNFQB0U.005,train,-12.981422,2.1273746
p-V78q8dtYo.001,train,-13.088297,-0.15029842
p-V78q8dtYo.005,train,-14.592664,0.48206738
p1ORMiJ0fPU.002,train,11.203651,1.53584
p1ORMiJ0fPU.003,train,16.392336,2.1394951
p1qyJ_mE-2U.002,train,-9.6964,-4.2423015
p5QXPhJS8Ks.000,train,-15.883255,5.0760245
p5QXPhJS8Ks.005,train,-8.271294,5.4827266
p5v75vAZ7F0.003,train,6.2189264,7.998373
p5v75vAZ7F0.005,train,10.384944,7.2189035
p6UMx8dwHZQ.000,train,-9.884262,-3.478052
p6UMx8dwHZQ.001,train,-14.222469,-3.2747736
p6UMx8dwHZQ.002,train,-14.273618,-2.935133
p6UMx8dwHZQ.003,train,-14.1192255,-5.6055384
p6UMx8dwHZQ.004,train,-9.284644,-3.5755892
p6jjj6jn2fM.003,train,24.59113,-24.44531
p7-JUvStF4w.000,train,1.6026336,9.964383
p7-JUvStF4w.002,train,-5.5351787,1.4601533
p7-JUvStF4w.003,train,0.42711672,12.397226
p7-JUvStF4w.004,train,8.318236,23.477064
p7-JUvStF4w.005,train,4.5938315,17.054935
p7_MVQ3uGJc.003,train,-5.7415905,-9.058923
p7aNK5GKwEc.000,train,-12.061676,4.2905726
p8ce3grr9XE.001,train,1.3650695,0.25911054
p9l1MBw-5ic.002,train,-8.207107,3.0017636
p9tAC-RqZPI.002,train,14.008466,4.4444146
pDih4zWqYQw.001,train,4.717144,-1.8663055
pDt0F4zFfBs.003,train,11.920343,-0.6186042
pDt0F4zFfBs.005,train,11.403144,5.8298254
pEYFpmjwKC0.001,train,-17.79492,-5.504571
pEYFpmjwKC0.002,train,-15.910368,-5.9081564
pEYFpmjwKC0.003,train,-15.840732,-7.559657
pEYFpmjwKC0.004,train,-16.2973,-6.3761187
pEr7WTIPW64.000,train,2.2143562,0.5842555
pEr7WTIPW64.005,train,7.2402515,7.943677
pHCPbKprJGY.001,train,25.282299,7.3886075
pHCPbKprJGY.003,train,28.15523,8.28695
pJGLxS81YBc.004,train,21.306602,31.285902
pOBn7AuGIuI.002,train,-11.4215765,-1.0393369
pOBn7AuGIuI.003,train,-14.228244,-2.3839061
pOBn7AuGIuI.005,train,-13.200529,-1.1070144
pOtWKOF07iU.000,train,-1.3349427,-2.4369414
pOtWKOF07iU.002,train,-0.6979035,-3.5869112
pOtWKOF07iU.003,train,0.2666037,0.87947375
pOtWKOF07iU.004,train,1.3093368,-1.7709962
pPtzEnf5afw.000,train,-10.298844,3.1822748
pPtzEnf5afw.003,train,-14.942664,3.2900226
pPtzEnf5afw.005,train,-11.847842,3.746586
pQy4omHIf7o.000,train,7.6564612,-1.6851004
pQy4omHIf7o.001,train,11.045012,-1.1083394
pQy4omHIf7o.002,train,11.132484,-6.9074225
pQy4omHIf7o.003,train,-4.9140635,-5.9498286
pQy4omHIf7o.004,train,-2.3791022,-6.2682977
pT8nyxks1Q4.005,train,7.108905,2.4482315
pZxqWp0e-Ik.000,train,-4.7455487,6.9462748
pZxqWp0e-Ik.004,train,-4.780058,-0.005420372
pZxqWp0e-Ik.005,train,-7.027886,1.2496455
p_Z4QGqu4Qo.001,train,-15.2749405,-1.7404126
p_Z4QGqu4Qo.004,train,-13.424135,-2.227309
p_kPnCD7WzU.002,train,25.042145,-6.8775935
phjVMKGYBKs.005,train,-14.712781,-3.1403334
pkwzo1OkEmY.002,train,-5.922703,9.076715
pkwzo1OkEmY.005,train,-11.770991,2.7528975
pljK0DEusA0.003,train,-1.3320358,12.754014
pru5ut4lxkQ.000,train,17.459032,10.61926
pru5ut4lxkQ.004,train,14.488113,9.622722
puJ_NbKzRTE.003,train,-10.428356,-5.344049
puLXzqUvm_U.000,train,1.9881321,18.537052
puLXzqUvm_U.001,train,5.2200646,17.770802
puLXzqUvm_U.003,train,15.743573,23.85022
puLXzqUvm_U.004,train,0.5614022,14.3561735
pvvff396Rqg.004,train,15.177214,22.207476
pvvff396Rqg.005,train,17.1432,17.407452
pwvQaSwgso8.000,train,-8.098917,0.443047
pwvQaSwgso8.001,train,-9.502156,0.44344985
pwvQaSwgso8.002,train,-7.48364,-0.65071505
pzG2VeUbefw.001,train,2.0276325,-7.3104706
pzG2VeUbefw.003,train,2.0996902,-4.4155765
pzG2VeUbefw.005,train,1.8791363,-6.1928806
pzfDth6nFQE.000,train,-16.798677,-5.3835635
pzfDth6nFQE.003,train,-21.029442,-2.5512948
pzfDth6nFQE.004,train,-18.288023,-5.089323
pzfDth6nFQE.005,train,-18.129509,-2.8636303
q5eIfoGdPWw.004,train,7.749685,5.405776
q6au1xn_wIE.001,train,21.091002,12.067372
qAisk1lgv2I.003,train,9.635237,22.463331
qBG1mjC7Zgg.000,train,-0.34479502,-7.0921664
qBG1mjC7Zgg.004,train,4.721128,-5.9760747
qBG1mjC7Zgg.005,train,3.4676104,-0.9789257
qCFFW1dM8V8.001,train,-14.631763,-1.5703148
qCFFW1dM8V8.002,train,-19.719984,4.8363333
qCFFW1dM8V8.003,train,-12.954545,-4.756447
qCFFW1dM8V8.004,train,-16.021357,4.875467
qCFFW1dM8V8.005,train,-18.33754,-0.024372434
qD15qWMepxU.003,train,-15.693775,3.9722664
qFYgMFMal_s.005,train,-10.697176,-2.4870472
qJ6_xSx9kCM.002,train,-2.2956045,3.444663
qLV1a_611kA.004,train,-6.384358,-3.881801
qLbOPbx33dk.001,train,28.950613,13.022631
qMARpi60Hhs.000,train,-18.805862,0.3104833
qMARpi60Hhs.004,train,-14.62833,2.8318663
qP1UtCbMaW4.003,train,-5.062978,-6.188171
qP8YzH6LT9c.001,train,3.3635926,-7.7458425
qPzzmcuf-VI.000,train,-0.92164826,4.579013
qPzzmcuf-VI.004,train,3.1286495,-2.8318636
qPzzmcuf-VI.005,train,-2.267078,-1.8306961
qRtKUGgULL8.000,train,16.447525,-16.816738
qRtKUGgULL8.002,train,7.7268457,-8.605242
qRtKUGgULL8.005,train,1.6447549,-2.2941911
qVcw5-mm31s.000,train,-11.332254,-0.8288499
qVcw5-mm31s.004,train,-9.110532,-3.241676
qVcw5-mm31s.005,train,-6.983677,-2.2443385
qVrXROy4Ais.000,train,4.362903,-12.254613
qVrXROy4Ais.001,train,4.055975,-4.850753
qVrXROy4Ais.004,train,5.078321,-13.477559
qW0TYVtzq5A.000,train,-5.443794,6.1298213
qW0TYVtzq5A.001,train,-5.710704,0.5627304
qW0TYVtzq5A.002,train,-0.7724827,2.6512406
qW0TYVtzq5A.003,train,-1.1922523,1.48491
qcq5oIRJFUI.004,train,23.207201,9.403449
qfL0ml0f84g.003,train,14.4694805,-5.835903
qfL0ml0f84g.004,train,13.641325,-2.1814795
qj-3b8snKho.002,train,13.041104,12.559259
qjU3GX3jgSY.002,train,-11.46827,-0.60226834
qjU3GX3jgSY.003,train,-9.255806,0.6812112
qjU3GX3jgSY.004,train,-11.821405,0.4549302
qjWi69HY2Fc.000,train,11.4100275,-5.29388
qkmEt0ofGq8.002,train,-3.174104,-3.9328644
qkmEt0ofGq8.003,train,-4.120535,-3.1897244
qkmEt0ofGq8.004,train,-2.023936,-7.2215776
qktahyrtrFs.000,train,-10.601855,-1.5432127
qktahyrtrFs.001,train,-11.142881,-3.638933
qmiBcHJpKR0.000,train,-12.069969,-0.61809725
qmiBcHJpKR0.003,train,-10.571055,-4.5148997
qoZwA4ESb7g.000,train,24.882402,9.051753
qoZwA4ESb7g.001,train,25.505991,9.746452
qoZwA4ESb7g.003,train,23.147974,9.894656
qoztP0w5-Vo.000,train,-9.398472,-5.688069
qoztP0w5-Vo.005,train,-10.555387,-6.288819
qpwcdPnPeFM.004,train,13.420834,10.026754
qr1C43Ylavg.001,train,-12.196949,0.36206138
qr1C43Ylavg.004,train,-11.941032,0.3119022
qr1C43Ylavg.005,train,-12.756985,1.1758494
qrjx2kxg6M4.002,train,-11.96858,-0.13468905
qsb1j9bEENs.000,train,6.5067525,-6.550864
qsb1j9bEENs.002,train,2.8751922,-10.086717
qsd4GdeN_eY.001,train,-15.5397625,-7.2240825
qtB-CogljAo.000,train,-4.3209877,-7.0073977
qtB-CogljAo.001,train,-12.510174,4.4926715
qtB-CogljAo.002,train,2.531298,-5.353307
qtB-CogljAo.003,train,-3.6321852,-4.4324827
qtB-CogljAo.005,train,-11.206749,0.9167394
qyzuaettjU8.001,train,11.158214,7.8035164
qyzuaettjU8.004,train,17.818327,9.326002
r1YAW67aevY.000,train,-10.779465,6.0586433
r1YAW67aevY.003,train,-3.0453134,14.265356
r1YAW67aevY.005,train,-11.990336,2.6636798
r1v6EmZv7-o.001,train,-11.373233,-1.6000448
r1v6EmZv7-o.002,train,-11.63946,3.5051708
r1v6EmZv7-o.004,train,-15.714668,2.3220406
r1v6EmZv7-o.005,train,-10.833566,0.8682865
r2BoxB3kgYk.000,train,3.2318172,-10.678613
r2BoxB3kgYk.001,train,20.37256,-15.724722
r2BoxB3kgYk.003,train,5.7969565,1.8087381
r2HcJYjGK5s.001,train,-13.550639,-9.447794
r2HcJYjGK5s.003,train,7.1676717,-0.4634193
r2HcJYjGK5s.004,train,-15.839322,-7.3410487
r2HcJYjGK5s.005,train,-10.727159,-9.965281
r4BGKIXrD9c.003,train,20.5983,8.968595
r4BGKIXrD9c.005,train,19.004267,2.488958
r93dLeVRk3U.002,train,16.41152,8.158247
r93dLeVRk3U.003,train,16.49625,1.9909664
r9TaaVTo8Y8.000,train,8.4372015,7.373197
r9TaaVTo8Y8.001,train,8.613733,5.463472
r9TaaVTo8Y8.002,train,9.434688,9.604091
r9TaaVTo8Y8.003,train,8.888822,11.458878
r9TaaVTo8Y8.004,train,12.351203,8.479987
rBxWZzkEncE.002,train,21.166397,-26.859896
rBxWZzkEncE.003,train,21.018822,-17.381844
rBxWZzkEncE.004,train,25.059357,-25.231283
rCxlfusNJlY.000,train,-11.350132,-3.7204454
rCxlfusNJlY.001,train,-11.299153,-2.2534094
rCxlfusNJlY.002,train,-8.802104,-1.9541898
rD6NViDdyOU.001,train,4.5886574,0.48090503
rD6NViDdyOU.002,train,-3.1007557,1.9745289
rD6NViDdyOU.005,train,-3.4709144,2.6521666
rFs0AC2qV6o.000,train,0.96766907,15.176247
rFs0AC2qV6o.001,train,-6.318019,6.5601325
rG8D-A2F8xg.003,train,-2.4639313,-3.6150508
rG8D-A2F8xg.004,train,-3.8635485,-0.07925246
rG8D-A2F8xg.005,train,-6.183645,-3.0837543
rGNeR3p1jKU.000,train,-15.111305,1.9842546
rGNeR3p1jKU.001,train,-9.024477,5.4851656
rGTn2uaCAT0.002,train,12.342393,-13.373949
rGTn2uaCAT0.003,train,7.9464664,-10.381983
rGTn2uaCAT0.004,train,9.85859,-12.327624
rGTn2uaCAT0.005,train,6.8038626,-15.819683
rIHcq2E67Nc.003,train,5.411329,-3.1305063
rIHcq2E67Nc.005,train,-3.0323763,-5.2160254
rIRBEkDhn6Q.002,train,9.6783695,-11.351127
rIRBEkDhn6Q.003,train,13.478862,-8.361098
rIRBEkDhn6Q.004,train,8.981752,-15.701802
rIRBEkDhn6Q.005,train,13.625369,-9.706595
rJgbslC72gw.001,train,-12.439651,-6.0052867
rJgbslC72gw.003,train,-11.257478,4.3690014
rMFJmA5dRFQ.000,train,-4.848008,-0.98253787
rT0TqakPrAI.000,train,-9.897808,-1.8625907
rTG9gtci67c.001,train,-3.6809392,3.972102
rTG9gtci67c.002,train,-9.411746,-1.4017198
rTG9gtci67c.004,train,-5.559957,3.791205
rTG9gtci67c.005,train,-8.375651,-0.8321863
rUGAiuYHNgE.000,train,27.683334,1.9969035
rUGAiuYHNgE.002,train,5.8147745,-1.7074106
rUGAiuYHNgE.004,train,15.774571,5.7201786
rW3hFpfGMHs.003,train,-9.59423,4.2232556
rWT8N_yjf60.005,train,-11.327832,3.4878888
rXoCKj1qwn4.001,train,14.22933,10.593086
r_cVo5qZ9n0.002,train,22.561802,-0.40363765
rhKVPhhWHko.002,train,12.789369,0.60152334
rjS0PIwS47M.001,train,1.7145001,1.9638332
rqfvIjzegpI.000,train,13.265156,-6.127632
rqfvIjzegpI.001,train,23.318043,-12.971004
rqfvIjzegpI.005,train,6.1339893,-2.9996183
rrdSLfnU2pg.000,train,-0.97235596,-15.677242
rrdSLfnU2pg.003,train,5.1843915,-0.917363
rvB9DYAKHpk.000,train,-7.430448,-3.2867513
rvB9DYAKHpk.001,train,-8.558277,-5.3720636
rvB9DYAKHpk.002,train,-11.267681,-3.7078578
rwinPicu_aw.000,train,-15.888362,-4.429498
rwinPicu_aw.001,train,-18.03629,-7.491556
rwinPicu_aw.002,train,-15.311995,-7.160841
rxYWgXYTATs.000,train,6.156894,-11.870897
rxYWgXYTATs.001,train,9.823883,-9.742188
rxYWgXYTATs.002,train,7.6005793,-7.077107
rxYWgXYTATs.003,train,5.5689344,-6.1204963
rxYWgXYTATs.005,train,8.496639,-10.135436
rzKtAeWgZH0.003,train,-2.2115743,-1.6140264
s-jZlMKQGwc.000,train,-7.828167,2.2836463
s-jZlMKQGwc.002,train,-8.765127,2.0592866
s-jZlMKQGwc.003,train,-7.144809,1.7206781
s0MKUEnyHSE.003,train,11.314233,-8.945416
s0pgZM5G6ds.003,train,5.59391,-2.854042
s0pgZM5G6ds.004,train,3.649019,1.8896353
s1DOqsQoN5s.001,train,-0.2194612,-1.0029638
s1DOqsQoN5s.002,train,-2.619704,-9.503115
s1DOqsQoN5s.003,train,-7.865191,-8.203536
s3m8DgUi6GM.000,train,-12.129689,-3.2629397
s3m8DgUi6GM.001,train,-16.895689,-4.82876
s3m8DgUi6GM.004,train,-15.776128,-3.3524487
s6N1pv5lzrU.002,train,-16.999716,-1.9596428
s6N1pv5lzrU.003,train,-19.117136,1.4983398
s6gN_358tk4.001,train,-17.842258,0.64393973
s85T4B1ONWE.005,train,-4.256464,-0.38364553
sBHv1jYmZQE.000,train,-1.4623487,16.583109
sBHv1jYmZQE.003,train,-7.262285,-2.124288
sBHv1jYmZQE.004,train,-11.014712,2.2090766
sBw7VHQ74SY.005,train,-2.6368263,-3.4084978
sDNzrM6N7wA.000,train,-16.444197,-4.282306
sDNzrM6N7wA.003,train,-18.596071,-0.57118595
sDWJMBZ1mVA.001,train,-15.049623,0.83025354
sDWJMBZ1mVA.002,train,-12.966171,2.3173022
sDWJMBZ1mVA.003,train,-14.763923,-0.41855964
sDWJMBZ1mVA.005,train,-15.216012,3.0054264
sDfU1gixDmM.000,train,-6.4982276,-6.168667
sHVXhr7_EOs.002,train,-17.044325,-0.66550237
sHVXhr7_EOs.003,train,-14.424367,-6.3415294
sIfHl2N8Hkg.004,train,-5.6217585,7.952422
sNPK8f4FSfo.001,train,-2.6189823,-5.9394794
sNs4yCA11wk.000,train,-6.166321,0.091630824
sNs4yCA11wk.001,train,0.26110363,-8.03765
sNs4yCA11wk.002,train,-4.918294,3.182424
sNs4yCA11wk.003,train,-5.2792253,-2.4502735
sNs4yCA11wk.005,train,-0.815069,-4.617826
sOkGz6gEmGk.000,train,-17.339252,-5.8335876
sOkGz6gEmGk.001,train,-22.55841,0.3555151
sOkGz6gEmGk.002,train,-16.211206,-2.9011009
sOkGz6gEmGk.003,train,-12.212122,-5.0652437
sPMNhG1Sehc.004,train,34.09717,-20.279846
sPMNhG1Sehc.005,train,32.3507,-23.729656
sRuO_Fz3eog.004,train,6.0161405,-1.8270191
sSR1a5XW7n4.001,train,-1.485593,3.1258037
sSR1a5XW7n4.002,train,5.2927055,3.3660173
sSYCMN-WHmI.000,train,-3.6437685,-6.324261
sTUJhj154Sc.002,train,-13.631449,-1.319665
sTUJhj154Sc.003,train,-15.285739,1.7966807
sTUJhj154Sc.005,train,-11.751563,-1.8249174
sY4urmZmhJA.002,train,0.94234955,-10.2019415
sa7E6SrSmEs.003,train,9.518934,-2.8350549
saTSCzI1dKo.004,train,15.309032,-13.69899
scifP1EXSdo.001,train,3.696515,-4.64245
sduFj_uaZ-w.000,train,22.137133,16.515755
sf29orxf4X0.000,train,9.539935,12.335281
sf29orxf4X0.002,train,12.313061,12.169509
sf29orxf4X0.003,train,12.276321,10.340161
sf8TXpaKnt4.001,train,44.608932,-23.794514
shAhNNV-zHA.000,train,0.17852119,-7.6643357
shAhNNV-zHA.001,train,-2.289564,-3.2027009
shAhNNV-zHA.002,train,-0.4629182,-8.864463
shAhNNV-zHA.004,train,-2.0777175,-6.5311213
shAhNNV-zHA.005,train,-2.591352,-6.0991454
shEsu57CYnA.001,train,-11.899741,-1.1927153
shEsu57CYnA.002,train,-9.563165,-6.9708853
shEsu57CYnA.003,train,-8.077971,-7.890055
shEsu57CYnA.004,train,-7.5347867,-10.091314
shEsu57CYnA.005,train,-10.720191,-5.0323396
shQmRW4CrGE.000,train,15.612617,-2.9415274
shV5Fbzn9pw.002,train,29.63971,-7.328205
shV5Fbzn9pw.003,train,30.125708,-8.091759
shtirfEzWFA.000,train,-16.96639,-1.8235178
shtirfEzWFA.001,train,-13.103197,-5.3672843
shtirfEzWFA.002,train,-14.176912,-4.8773017
siEnTktB4lQ.001,train,-18.531317,-1.5420377
siEnTktB4lQ.002,train,-17.109207,-3.198223
siEnTktB4lQ.004,train,-15.389899,-0.7787618
si_gZCrLa4A.001,train,-5.8562593,5.39017
si_gZCrLa4A.002,train,-10.619412,2.062069
si_gZCrLa4A.005,train,-5.5295196,11.915271
simc6hmrUOE.000,train,2.3138027,-10.368571
simc6hmrUOE.005,train,4.733472,-2.147168
slE2PWIwzus.002,train,29.92431,-18.516224
sntohi33U5s.000,train,-17.06543,1.2392284
sntohi33U5s.001,train,-14.433802,3.2945833
sntohi33U5s.004,train,-14.766263,1.2056708
sntohi33U5s.005,train,-14.625918,2.6699016
sqnW6xXYTKg.000,train,-16.718918,-2.493867
sqnW6xXYTKg.001,train,-16.721272,-2.0931077
sqnW6xXYTKg.002,train,-14.14188,-3.4025824
sqnW6xXYTKg.003,train,-18.12468,-3.5804358
squHxV3QXlQ.002,train,4.7461753,12.713958
ssxo35zmKWQ.001,train,-20.483429,2.7025084
ssxo35zmKWQ.002,train,-15.366351,0.16779701
ssxo35zmKWQ.003,train,-17.370504,2.8004563
ssxo35zmKWQ.004,train,-15.902623,0.40616995
ssxo35zmKWQ.005,train,-16.491116,0.4280656
struoSVUsUg.002,train,-0.07193588,-3.3090017
struoSVUsUg.005,train,-1.3799301,-1.2781512
syAUKJMQWeo.001,train,-16.163418,1.4255977
syTTeox8Yaw.002,train,-7.833592,-2.5539773
syTTeox8Yaw.003,train,-10.032029,0.03442719
t0AupkXkkZw.001,train,0.7380715,4.560739
t0AupkXkkZw.003,train,0.011580391,5.6025167
t0AupkXkkZw.004,train,20.11435,13.883823
t0AupkXkkZw.005,train,22.17182,15.854436
t0_DAgeU4nM.002,train,-14.865144,-1.0642698
t0_DAgeU4nM.003,train,-12.607155,0.08567472
t1PKNXE-IiM.000,train,-11.421424,-8.379354
t1PKNXE-IiM.001,train,-13.173095,-4.549456
t1PKNXE-IiM.005,train,-7.2087708,-7.150511
t30ERiF6b50.000,train,0.13792944,-1.9200841
t30ERiF6b50.003,train,-0.33902588,-3.6201398
t3A2UMN3JeE.000,train,10.728181,-7.633522
t3A2UMN3JeE.002,train,8.954816,-9.832685
t3A2UMN3JeE.003,train,1.360595,-0.13990095
t6-ljEWQjW8.000,train,17.593445,13.6618805
t6-ljEWQjW8.002,train,11.793643,12.500994
t6-ljEWQjW8.005,train,14.872611,14.452375
t899haDGi38.002,train,-3.5049841,5.230837
t899haDGi38.003,train,-6.0450153,2.8974605
t899haDGi38.004,train,-5.611948,3.3369417
t899haDGi38.005,train,-5.2523274,3.1029665
t9wFHk9TM-U.002,train,6.9239235,7.839326
t9wFHk9TM-U.003,train,4.189764,8.066028
tBQlU4_cIS0.000,train,-15.236136,6.214438
tCnfvBwWVKw.000,train,-9.527763,-2.1621797
tCnfvBwWVKw.002,train,-13.072601,-0.6166592
tCnfvBwWVKw.003,train,-9.616323,-3.4825294
tEQEKN07KgQ.000,train,5.570634,6.6676474
tEQEKN07KgQ.001,train,-0.2857427,15.018436
tEQEKN07KgQ.003,train,-5.4862213,4.0134373
tEQEKN07KgQ.004,train,-1.3863797,5.5119853
tEQEKN07KgQ.005,train,-6.14786,3.2709498
tGHOYmQHZUc.001,train,19.497608,-4.380217
tHYxFw-7po8.001,train,7.147471,12.20667
tNPLxKC38Xs.000,train,7.2460313,-11.518728
tNPLxKC38Xs.002,train,4.339283,-6.0562077
tNPLxKC38Xs.003,train,8.0793295,-19.747122
tNPLxKC38Xs.004,train,3.530756,-10.577623
tOifNTq8jPw.005,train,32.460224,-7.0058203
tPVSlH_VmZk.001,train,-3.7476377,6.6788955
tS6bRcIIjDc.000,train,13.664931,19.809954
tS6bRcIIjDc.001,train,-10.03777,9.61975
tS6bRcIIjDc.002,train,-1.4629029,18.70663
tS6bRcIIjDc.003,train,6.5007734,19.574612
tS6bRcIIjDc.004,train,8.922253,10.824964
tS6bRcIIjDc.005,train,-5.2635245,13.008613
tYpxPqwle5k.005,train,-10.423558,10.203626
tZiRqu8joX8.003,train,3.3673885,-2.502923
taSAaWKcmTw.000,train,29.041502,0.9112866
taSAaWKcmTw.002,train,28.217949,-3.8334131
taSAaWKcmTw.004,train,28.435673,4.626194
taSAaWKcmTw.005,train,26.548895,0.1053937
tcmYlyeqwuI.003,train,-16.981676,1.5360665
tcmYlyeqwuI.004,train,-16.902372,-1.3663459
teRgvZ63_2I.001,train,-1.5143944,0.5021947
teRgvZ63_2I.003,train,-2.1503606,-1.83263
tepWDnvIuRg.001,train,-4.205271,5.5257864
tepWDnvIuRg.002,train,-6.091375,5.1505384
tepWDnvIuRg.003,train,-6.6641417,-1.7332945
tepWDnvIuRg.004,train,-14.676195,-1.351965
tepWDnvIuRg.005,train,-2.1662347,4.939424
tg0i-zxvQXk.000,train,-5.7210274,-0.897187
tiVKJWLzmk4.000,train,-17.23614,-4.353979
tiVKJWLzmk4.001,train,-16.798737,-1.8838937
tiVKJWLzmk4.004,train,-16.702871,-2.3585064
tomb22yfjTc.001,train,-19.281197,-2.7735977
tomb22yfjTc.002,train,-17.730122,-0.438161
tutTFKP_fdg.000,train,7.594709,6.5577087
tutTFKP_fdg.005,train,11.383325,8.294441
tvKUJujTUEo.001,train,0.6825863,8.154621
tvKUJujTUEo.003,train,0.20938957,10.12506
tvKUJujTUEo.004,train,-4.360776,7.9242764
tvKUJujTUEo.005,train,1.1880704,6.843029
tw6lY2ptkvo.002,train,1.9553052,-1.6297077
twO6ceVTuII.001,train,3.8467028,2.683973
twO6ceVTuII.002,train,-3.369184,3.3078883
twO6ceVTuII.003,train,-1.5362895,3.6478586
twO6ceVTuII.005,train,-1.040024,2.6056528
twmdh5zdvfg.000,train,-7.9665227,2.3568034
txU8yE9d-4k.001,train,5.868785,10.193253
txU8yE9d-4k.003,train,8.907379,11.061115
txU8yE9d-4k.005,train,0.80597985,7.686223
u0NIAbS0mDM.001,train,13.694492,2.9757383
u2XbiBuuxyI.001,train,-12.483397,5.2235184
u50B6bIkN9g.000,train,2.236151,0.41857463
u50B6bIkN9g.002,train,-0.41956383,-2.1811407
u9vOa9GdNcM.003,train,26.052696,12.333952
uATtAHyVSMM.002,train,16.760494,20.925592
uATtAHyVSMM.003,train,30.662516,10.693521
uATtAHyVSMM.005,train,27.424961,15.711168
uCJNAX_b9mc.000,train,-17.76458,0.072518334
uCJNAX_b9mc.002,train,-5.2247725,7.105645
uE2U_Y7QrIw.000,train,-14.569549,3.405321
uE2U_Y7QrIw.002,train,21.600857,5.8303785
uE2U_Y7QrIw.003,train,-14.214936,3.6760373
uHrP02iwW1o.000,train,3.4848006,1.4312111
uHrP02iwW1o.002,train,6.053964,2.8571444
uKy7lHuMQ_o.000,train,9.428635,12.209196
uKy7lHuMQ_o.002,train,32.50883,13.494332
uMCRfie1lkc.001,train,-16.862898,0.26502022
uMCRfie1lkc.002,train,-17.314867,0.07367184
uMCRfie1lkc.003,train,-17.184843,2.137272
uMCRfie1lkc.004,train,-18.330399,1.1718303
uNJpPYo5Qp4.002,train,-18.821054,-8.617612
uRY3aJAaogw.001,train,-15.101628,-3.2914214
uRY3aJAaogw.002,train,-13.859232,-3.4154859
uRY3aJAaogw.003,train,-17.305412,-1.4207634
uRY3aJAaogw.005,train,-12.707226,-2.6918373
uStuc1OX0f0.000,train,10.767743,-12.068421
uTluOTPA7e4.001,train,-3.8301542,-5.4608974
uTluOTPA7e4.002,train,-2.0482602,-2.6155195
uTluOTPA7e4.003,train,0.7418621,-6.678684
uTluOTPA7e4.004,train,-6.0432863,-2.1076322
u_qvbRpm88k.002,train,-11.010561,-4.2865534
u_qvbRpm88k.005,train,-13.550909,-6.6650467
ua5c716lu5s.001,train,-5.775659,-6.425903
ua5c716lu5s.002,train,-1.7524593,-6.883561
ua5c716lu5s.003,train,-4.575612,-8.659711
ua5c716lu5s.004,train,-2.8086567,-7.038446
ua5c716lu5s.005,train,-2.7608871,-5.331563
udn-L92wdn8.000,train,10.045217,20.858875
uf_sIIw4zxY.001,train,-3.63926,0.55451095
uf_sIIw4zxY.002,train,-3.6763074,-2.6780605
uf_sIIw4zxY.005,train,-5.4700694,-2.5574226
uifW-cV-iQo.002,train,14.178658,24.060534
upgv7xmOb1I.001,train,-13.964223,-4.1458383
upgv7xmOb1I.002,train,-15.025839,-5.6351166
upgv7xmOb1I.003,train,-12.081335,-6.8401384
upgv7xmOb1I.004,train,-16.365927,-2.9286556
upgv7xmOb1I.005,train,-19.153929,-4.4039607
uqd_cEJMJ4o.003,train,-4.172794,2.8898604
usG6pVxbQkw.000,train,-20.192062,-2.4064798
usG6pVxbQkw.001,train,-20.727581,-2.3187363
utv9RBNcL5w.000,train,-2.7463288,-1.1685855
utv9RBNcL5w.005,train,8.791041,-12.50061
uwUkp63db18.001,train,-9.062998,13.129595
uwUkp63db18.002,train,-6.2827773,8.555466
uwUkp63db18.003,train,-8.302165,9.215045
uwUkp63db18.004,train,-2.266613,14.719394
uwUkp63db18.005,train,-6.3352976,11.260155
uwYQKM_STCw.002,train,15.08969,-9.800477
uwYQKM_STCw.005,train,13.190908,-7.958123
uxTxqewSuxg.000,train,4.1434207,12.088121
v0jtovM6Ajg.000,train,7.103043,-14.546983
v0jtovM6Ajg.003,train,8.66068,-21.444778
v68FyWS-Q9s.002,train,23.088533,18.995733
v68FyWS-Q9s.003,train,22.933207,16.990942
vAEqpUwBMJQ.001,train,0.09650805,0.17252803
vAEqpUwBMJQ.003,train,-1.3109503,-1.7927487
vAEqpUwBMJQ.004,train,-1.4000114,-1.7600518
vAEqpUwBMJQ.005,train,-2.810637,-5.498758
vAV6ovUKPDg.005,train,17.543285,-16.367867
vCV-5LypZCs.005,train,0.02482,-4.5678816
vCY4uvfrWXA.003,train,36.216496,-11.400558
vCY4uvfrWXA.005,train,30.1061,-9.084799
vE9XgQL7DGE.001,train,-4.706839,13.302705
vE9XgQL7DGE.003,train,13.227056,23.668226
vE9XgQL7DGE.004,train,-10.630838,13.438193
vHIBCKwJLEY.001,train,-11.389879,3.690676
vHIBCKwJLEY.003,train,-10.533046,-0.31442162
vHIBCKwJLEY.004,train,-12.189177,-1.6838526
vHc0pnY9BoI.002,train,-4.9654584,0.35642418
vHn6-GQAI_Y.001,train,16.539585,17.437082
vHn6-GQAI_Y.003,train,17.715137,16.819485
vHn6-GQAI_Y.004,train,16.835495,17.72633
vIW7gDmhYMk.001,train,-10.524779,2.6494737
vIW7gDmhYMk.003,train,-12.8214245,-0.17987894
vIW7gDmhYMk.004,train,-14.424256,-1.5216296
vIW7gDmhYMk.005,train,-14.730509,-0.68263173
vJDx6TCX32M.000,train,2.0078669,16.947916
vJDx6TCX32M.001,train,-10.079558,7.4985447
vJDx6TCX32M.004,train,-7.1324744,7.874089
vJnjjy5DZN4.001,train,21.732225,-10.332112
vJnjjy5DZN4.002,train,24.588243,-17.936138
vJnjjy5DZN4.003,train,21.234814,-17.938667
vLAHfIjmRMc.001,train,-17.420631,-1.129164
vLAHfIjmRMc.005,train,-14.241384,-3.293659
vMtF0akNUK4.000,train,-1.7325784,11.909102
vMtF0akNUK4.001,train,12.7914915,9.880624
vMtF0akNUK4.002,train,-8.299733,4.115624
vMtF0akNUK4.004,train,-9.621047,10.6689415
vNEs2yGe77s.000,train,39.432827,-17.421282
vNZJSHliTR4.001,train,26.231089,-5.6058416
vOEQlAMABWM.000,train,-8.577159,0.28536886
vOEQlAMABWM.001,train,-12.024825,0.10748532
vOEQlAMABWM.003,train,-10.654527,-0.27437222
vOxgWKGNEYc.000,train,5.098795,17.43554
vP6TUda99tc.005,train,13.549845,-9.341801
vQEZ5KF9I4E.003,train,-10.906756,1.0029804
vQEZ5KF9I4E.004,train,-9.401137,1.0909415
vR7YF7Zv5-Q.000,train,14.001487,2.1323993
vR7YF7Zv5-Q.003,train,17.513128,3.4564564
vUKex2msIEU.002,train,5.1392174,-6.792187
vUKex2msIEU.004,train,4.526266,-0.07697765
vUo6wnBOBpo.002,train,26.859074,-17.294851
vYVqhg_VGP8.000,train,-13.233523,14.002815
vYkHHVeNK_M.001,train,0.9368177,20.786036
vYkHHVeNK_M.002,train,-10.70775,9.340078
vYkHHVeNK_M.003,train,-15.360498,5.3883467
vYkHHVeNK_M.004,train,-13.131637,6.2187796
vZPLbzF0aSg.001,train,38.598907,-11.390945
vZpneJlniAE.005,train,-1.1792891,-0.29800707
vhugKRUnd-c.000,train,-7.3070064,7.2576923
vhugKRUnd-c.001,train,-5.206544,8.379411
vhugKRUnd-c.004,train,-10.282932,3.017138
vo-Y5kgSBa8.000,train,24.123453,-19.145247
vo-Y5kgSBa8.002,train,19.346542,-21.600475
vo-Y5kgSBa8.003,train,20.650658,-3.203714
vo-Y5kgSBa8.005,train,11.68864,-1.8472525
voSLxKtKr0Q.000,train,1.9373405,-4.9104743
voSLxKtKr0Q.002,train,1.4528356,-4.090641
voSLxKtKr0Q.003,train,2.2914581,-3.7937229
voSLxKtKr0Q.004,train,4.1098266,-6.1799865
voSLxKtKr0Q.005,train,3.542172,-5.8815813
voXr6-ykd1w.000,train,13.184623,0.33196548
voXr6-ykd1w.002,train,10.958681,5.11953
vp9p1osOaLI.002,train,-7.565834,2.525727
vp9p1osOaLI.003,train,-6.630816,-4.140137
vqF65-bFHKM.003,train,14.648687,4.294572
vqF65-bFHKM.004,train,17.480604,12.26871
vqLtOsoNPnU.002,train,-4.9169745,-1.5313606
vqLtOsoNPnU.004,train,-3.055591,-3.8819134
vr5FWHUkYRM.000,train,-14.481341,-7.566545
vr5FWHUkYRM.001,train,-14.164388,-6.28512
vrMlwwTLWIE.005,train,33.439182,-6.342616
vtOEl_Mg0Io.000,train,19.116184,11.522498
vtOEl_Mg0Io.004,train,28.908913,15.29717
vxuBHsokOX4.005,train,-1.0204922,21.410439
w0CQ55sKmck.002,train,-4.5581083,7.510005
w2FKw8IhbFw.001,train,-3.8342314,4.2337995
w4cZStXMUII.003,train,15.811284,-11.799314
w7O2QJu2Wl4.004,train,26.73043,-4.860721
w7O2QJu2Wl4.005,train,16.531107,-2.943842
w7wPDiQkiA4.001,train,0.76170707,-2.8867745
w7wPDiQkiA4.004,train,2.178395,3.8500597
w989xx44UQI.000,train,8.359178,-19.487463
w989xx44UQI.001,train,22.316727,-21.790823
w989xx44UQI.003,train,14.326048,-18.80937
w989xx44UQI.004,train,20.137714,-22.844027
wAl_Pm7xG3A.001,train,4.928784,-2.9815729
wBCSJVBr4ZE.004,train,-12.495669,0.21710524
wBCSJVBr4ZE.005,train,-13.866894,0.738197
wBSf7anTC_g.004,train,-18.454525,-2.0442512
wDvZdcb00Bg.001,train,-2.401499,0.21637975
wDvZdcb00Bg.002,train,2.2192583,-1.8157141
wDvZdcb00Bg.003,train,-5.6827803,5.461454
wDvZdcb00Bg.004,train,9.843377,-6.403711
wFZJ3gTKwwM.002,train,19.973999,15.860748
wJl7DbsbrDA.000,train,0.54092455,5.330986
wJl7DbsbrDA.001,train,3.539214,11.93037
wJl7DbsbrDA.005,train,4.53225,11.229747
wK_ExIjn5Q8.002,train,-18.279066,-3.9892378
wK_ExIjn5Q8.004,train,-19.397158,-4.0977874
wK_ExIjn5Q8.005,train,-18.99834,-3.0455475
wNH5FmWVr-M.001,train,9.467275,-11.876748
wTo1uZns2X8.000,train,-12.448823,-0.7242761
wTo1uZns2X8.001,train,-12.026145,-2.1011195
wTo1uZns2X8.003,train,-13.265833,0.09928839
wTo1uZns2X8.005,train,-16.79046,1.0918888
wTpb1CfMnVM.005,train,-3.8720279,1.199717
wVpjBxCirAQ.001,train,10.389278,12.508046
wVpjBxCirAQ.004,train,20.066914,18.947485
wVpjBxCirAQ.005,train,21.890905,13.217033
wYZJ2HXfvmQ.001,train,-9.2428055,1.5947329
wYZJ2HXfvmQ.002,train,-14.705853,1.5602145
wYZJ2HXfvmQ.003,train,-10.269744,2.9394965
wYZJ2HXfvmQ.005,train,-9.511207,2.1558828
wYixHjntI-4.001,train,-16.2938,-3.4204943
wYixHjntI-4.002,train,-15.204105,-3.6786997
wYixHjntI-4.004,train,-15.507089,-4.110912
wYixHjntI-4.005,train,-14.22248,-5.6021943
w_ExyXsnw2A.000,train,-7.2087693,-9.229827
w_ExyXsnw2A.003,train,-9.692755,-4.102741
wdeOWVDSeLE.001,train,-2.0160713,3.3242931
wdeOWVDSeLE.002,train,-6.129392,-0.54382193
wm94g-5Cg5s.000,train,-9.826328,-0.64707196
wm94g-5Cg5s.002,train,-5.104426,-3.9425902
wm94g-5Cg5s.003,train,-7.4009566,-1.4273436
wm94g-5Cg5s.004,train,-1.5816734,-3.2083032
wm94g-5Cg5s.005,train,-10.54257,0.6837202
wr4dP9MuHME.004,train,-5.680351,5.362267
wr4dP9MuHME.005,train,0.64987,7.800848
wsBrLt5coeM.000,train,-7.723642,-3.362843
wuhoIm_jPc0.002,train,-12.324123,0.4940117
wuhoIm_jPc0.003,train,-14.307579,-1.1742032
wuhoIm_jPc0.004,train,-13.104625,-0.77616274
wuhoIm_jPc0.005,train,-11.542989,-0.35395533
wxpXOLNwW1E.000,train,34.04533,5.83711
wxpXOLNwW1E.002,train,26.65974,1.5032995
wy1szFSVpEI.002,train,12.564888,-4.526471
wzCdM6Fe_4A.001,train,-3.7503028,-2.4209511
wzCdM6Fe_4A.003,train,-2.9869246,-3.6289675
wzCdM6Fe_4A.004,train,3.7395337,-7.481062
x0CZuHnJ0Hs.004,train,-14.605544,-1.7490888
x0CZuHnJ0Hs.005,train,-10.72077,-1.4274664
x57nEfACdXA.001,train,-8.704138,-6.317939
x57nEfACdXA.002,train,-6.950215,1.4913151
x57nEfACdXA.003,train,-5.635956,7.1058
x57nEfACdXA.005,train,-10.262073,-4.7077236
x6Tluj4dJTU.002,train,-15.36902,0.035192817
x6Tluj4dJTU.004,train,-12.1253605,5.7099113
xA3GCTL5o-k.000,train,-16.185753,-1.9563879
xBiI0Oo1vBw.000,train,10.327706,-8.350043
xBiI0Oo1vBw.005,train,9.180641,-2.6918945
xDjhf8wrNWQ.001,train,-18.086468,-2.220135
xDjhf8wrNWQ.003,train,-19.594797,-1.0538588
xDjhf8wrNWQ.004,train,-18.643389,-0.9650625
xDjhf8wrNWQ.005,train,-14.944901,-0.6374366
xEmwNv4OxGE.001,train,-9.945772,3.0937786
xGo_wImhwkQ.003,train,0.8749509,-6.4606643
xHb5_bc1JOA.000,train,-8.34328,0.4841278
xHb5_bc1JOA.001,train,-4.817957,-1.9758407
xHb5_bc1JOA.003,train,0.5641692,-4.185275
xHsh2Rg5ANU.000,train,-15.011197,4.872979
xLfLuyIQOJE.002,train,-8.5187845,2.3457847
xLfLuyIQOJE.003,train,-10.908699,0.6613223
xLfLuyIQOJE.004,train,-11.712098,-2.7979472
xLfLuyIQOJE.005,train,-7.344641,-0.3622153
xP6i_WO1LCM.000,train,9.280062,-4.199673
xQHmbJ_lPjY.001,train,-8.028538,-7.776449
xQHmbJ_lPjY.003,train,-9.789192,2.2973795
xQHmbJ_lPjY.005,train,-10.828799,1.7676631
xRLaEoXAsjk.001,train,1.886899,-1.1478293
xRhUBifOWiI.000,train,25.534962,-5.626711
xRhUBifOWiI.001,train,13.652992,-5.4695363
xRhUBifOWiI.003,train,24.92166,-6.840932
xRhUBifOWiI.004,train,35.131683,-2.2958179
xUdaVBK1b8w.001,train,-18.479641,1.1471201
xVJDjbiIjTo.001,train,-3.68507,-0.7292232
xX5Imr7UmaA.002,train,16.003344,15.130793
xZ9iwqHw7GY.002,train,49.192165,-24.31291
xZ9iwqHw7GY.003,train,22.266327,9.695197
xZFZ0Mvjiuo.000,train,14.457548,1.6893778
xZFZ0Mvjiuo.001,train,10.305815,1.0415726
xZFZ0Mvjiuo.003,train,24.79472,16.652288
xZFZ0Mvjiuo.005,train,6.1635923,6.507319
xbAb00tGeBQ.000,train,-16.292334,-3.3063102
xcMwMi4fdis.001,train,44.2314,13.645414
xcMwMi4fdis.002,train,45.96447,3.2006605
xcMwMi4fdis.005,train,39.289295,-4.6162763
xcVy0l2nfV0.001,train,-1.0305365,6.3520966
xe3l76e8yE4.001,train,-16.712631,-4.897437
xeE08Vn-HXI.000,train,-3.399836,0.78490376
xeE08Vn-HXI.001,train,0.669536,0.34904784
xerGtxpxW6Q.002,train,7.528815,-1.3739713
xerGtxpxW6Q.003,train,-1.4797819,5.769847
xfLVThCzEEk.000,train,-10.656623,-1.621383
xfMOELCuN94.003,train,1.5434735,-3.1372483
xfMOELCuN94.004,train,-2.2292137,-1.700606
xgRqkTXmZko.000,train,-3.980341,3.2872245
xgRqkTXmZko.001,train,-7.987872,0.4048467
xgwiqo2AsCA.000,train,41.039738,13.80288
xgwiqo2AsCA.001,train,35.95674,13.032872
xgwiqo2AsCA.002,train,25.50961,12.865406
xmD4FKMq2rk.000,train,9.843801,16.801079
xmD4FKMq2rk.001,train,-0.7485228,10.508343
xmD4FKMq2rk.005,train,2.3892705,21.645226
xmaC2XOhPaE.001,train,13.164208,-14.034938
xmaC2XOhPaE.003,train,13.513597,-5.696163
xotlPVnG05U.000,train,10.849115,-4.0356164
xpSCu7PgJts.000,train,-15.784683,1.9712136
xpSCu7PgJts.004,train,-16.69765,3.6050904
xqGyF2T3pso.000,train,1.765142,-0.7807459
xqGyF2T3pso.001,train,1.7031413,-3.5110953
xqGyF2T3pso.002,train,5.2320337,-3.3069086
xrxAyO8pKUo.002,train,-9.460023,-7.544273
xrxAyO8pKUo.003,train,-10.40678,-5.292549
xsDABUrvs6w.001,train,-15.576783,-4.3517127
xsDABUrvs6w.002,train,-17.07257,-3.077284
xsLvl2qGrxU.000,train,-1.1181152,0.92000484
xsLvl2qGrxU.001,train,-5.1292844,-5.3818746
xsLvl2qGrxU.002,train,-5.743824,-4.308427
xsLvl2qGrxU.003,train,-5.343228,-3.1790116
xtDw9TlWiww.000,train,-15.591656,-0.35497695
xtDw9TlWiww.002,train,-16.73719,0.777728
xun35caJTQI.002,train,-19.690178,-2.822164
xun35caJTQI.003,train,-13.993795,5.972271
xun35caJTQI.005,train,-16.740133,-1.8010255
xvLi31p57oA.004,train,-2.7985055,-4.331881
xyOq5SL0Evc.000,train,-1.9428217,7.830483
xyOq5SL0Evc.002,train,-2.5982082,4.4345136
xyOq5SL0Evc.003,train,3.2364948,7.6214848
xyOq5SL0Evc.004,train,-0.43542984,3.8094063
xyWpSrfFlQw.004,train,-3.541799,10.620848
xzRYaxrhne8.002,train,-19.974358,-3.2584496
xzRYaxrhne8.003,train,-17.910004,-2.6805096
xzRYaxrhne8.004,train,-17.666227,-2.0339668
xzRYaxrhne8.005,train,-19.285076,-4.282928
y--uBBy7ebM.000,train,-13.983029,-1.9775014
y--uBBy7ebM.002,train,-6.7254705,-1.0517466
y--uBBy7ebM.004,train,-10.23203,-2.648048
y--uBBy7ebM.005,train,-11.046457,-1.3081542
y0UCXXk9tlM.002,train,-8.78135,-4.163022
y0UCXXk9tlM.003,train,-6.897617,-2.732398
y0UCXXk9tlM.004,train,-4.703069,-3.4887707
y0UCXXk9tlM.005,train,-11.125649,-3.5953028
y1e8xPAaL9k.000,train,-10.600092,-1.7918382
y1e8xPAaL9k.002,train,-10.09823,1.5067965
y2UF49ddapI.001,train,4.7178793,18.772058
y2UF49ddapI.003,train,-1.0762691,16.574575
y4Ej1YSEQf0.000,train,1.0114515,-13.495148
y4Ej1YSEQf0.002,train,-6.132514,-5.8463306
y6LC5kAJmHw.004,train,0.81447756,10.281288
y6sy0HBe-Zs.000,train,-7.9595633,3.6216853
y6sy0HBe-Zs.005,train,1.327878,1.2169726
y7MEVu2nyes.000,train,1.1790996,-6.311186
y7MEVu2nyes.001,train,6.17936,-16.503283
y7MEVu2nyes.003,train,2.5783424,-14.284794
y7MEVu2nyes.004,train,9.678455,-14.960707
yAVnxsaTyuE.001,train,16.218357,3.8249404
yBMuZWldxLk.001,train,25.790258,17.853312
yBlPsPBRv5E.001,train,-9.217708,4.796666
yBlPsPBRv5E.002,train,-10.9795685,-1.5807041
yEE9FoKWdpU.005,train,-11.3221655,-1.307494
yEWy_vXTTJU.005,train,21.29361,2.184978
yFZ3eUD6Pqs.000,train,14.427763,-12.057437
yFZ3eUD6Pqs.001,train,9.046765,-8.543603
yFZ3eUD6Pqs.002,train,7.984844,-7.3373337
yFZ3eUD6Pqs.003,train,16.76061,-11.526156
yFZ3eUD6Pqs.004,train,6.5242267,-8.094449
yFZ3eUD6Pqs.005,train,6.9342613,-5.488893
yHwuRYr5lxk.003,train,-4.9411798,-4.957702
yHwuRYr5lxk.004,train,-7.034253,-6.1233063
yHwuRYr5lxk.005,train,-8.993654,-4.6527514
yIM5bal1VVs.000,train,-18.195034,-3.8632753
yIM5bal1VVs.003,train,-19.936079,-3.6676948
yIM5bal1VVs.004,train,-16.29341,-7.039507
yIM5bal1VVs.005,train,-17.342236,-4.0015836
yIe7Rp54-bU.001,train,0.9208828,2.54711
yIe7Rp54-bU.004,train,-4.6597576,5.7256246
yOzHZOg95Ug.001,train,30.566103,16.57675
yOzHZOg95Ug.003,train,33.444916,13.629305
yOzHZOg95Ug.004,train,32.71856,17.87719
yOzHZOg95Ug.005,train,29.646124,21.270967
yRVvI1x2DBI.002,train,0.41683882,-1.5931786
yRVvI1x2DBI.004,train,4.572982,3.4309015
yRVvI1x2DBI.005,train,1.9536917,0.8350379
ySEeioc339E.002,train,-4.7609487,4.9477415
ySEeioc339E.003,train,0.026358824,12.189956
ySEeioc339E.004,train,-5.2704654,3.2944038
yUESJPS0wS8.000,train,15.473742,-8.366263
yUESJPS0wS8.002,train,13.532636,-6.5716605
yUESJPS0wS8.004,train,18.30867,-2.7885387
yVSfQZGt1co.001,train,19.122663,0.62047124
yVSfQZGt1co.004,train,11.497958,19.020422
ya8Ec_yTai8.002,train,-5.027171,0.7008776
ya8Ec_yTai8.003,train,-2.5089967,1.9666232
yftfxiDNXko.000,train,-15.400717,1.246986
yftfxiDNXko.001,train,-14.005043,-1.5308479
yftfxiDNXko.002,train,-13.757957,2.3780303
yftfxiDNXko.004,train,-14.571678,-0.5964432
ygUEI08LgcM.002,train,-10.945665,-1.2038723
yj2Y1Y26rd4.001,train,-8.366046,-1.505195
yj2Y1Y26rd4.002,train,-11.71131,-0.5931156
ykm4JTvlOCQ.000,train,-1.6667695,3.7563884
ymrFbEMNBME.001,train,14.402093,6.3590493
ymrFbEMNBME.004,train,9.694322,-5.273488
yozI_jvMrTw.004,train,-17.936884,-7.553902
yozI_jvMrTw.005,train,-19.066267,-5.856872
yp-tfq1NxBk.003,train,-8.806167,3.7570255
yrToGVRf27U.003,train,-2.5183737,-7.780131
yrToGVRf27U.004,train,7.297378,-12.88516
yuE25dFTn2o.000,train,-2.0584779,8.157181
yuE25dFTn2o.001,train,-5.846708,10.231648
ywefrPdzz0U.000,train,-9.367286,-1.5163014
yzgA9oAEgI4.002,train,2.5688453,-5.1035
yzgA9oAEgI4.003,train,3.5651646,0.25886807
z-CV743owek.001,train,-9.261102,-8.612955
z-CV743owek.003,train,-11.222743,-9.773324
z-CV743owek.005,train,-9.900403,-8.211984
z3DO3tdrsnQ.000,train,17.239397,-9.137457
z3DO3tdrsnQ.001,train,9.644608,-5.9559383
z54OqeICELg.000,train,3.7843058,-6.1567388
z54OqeICELg.001,train,2.7415075,-5.237834
z54OqeICELg.004,train,4.9552226,-7.9367313
z54OqeICELg.005,train,3.0048769,-9.063657
z82YEuBU8mA.003,train,39.164623,-10.781856
zDSpbDg6WB8.002,train,28.232199,26.379103
zEyRyTnIw5I.001,train,0.83570004,10.243432
zEyRyTnIw5I.005,train,1.0433444,11.158271
zF3Uk2OAJAE.001,train,3.9225166,-9.141838
zF46tAI2PQc.004,train,44.21399,-6.7589
zF46tAI2PQc.005,train,-5.3640003,-1.5879956
zFVjcb45pjI.002,train,-12.479822,-2.4386513
zFVjcb45pjI.003,train,-4.0968285,7.299039
zH9pTx5_ZwY.003,train,-11.919797,-0.9197424
zH9pTx5_ZwY.004,train,-13.941104,0.95572984
zJEnT19uoPY.000,train,-18.207514,-1.7476104
zJEnT19uoPY.001,train,-18.362255,-1.5323373
zJEnT19uoPY.004,train,-17.310118,-4.4063573
zJEnT19uoPY.005,train,-16.963577,-2.1060898
zJR7w4DABGU.002,train,18.937553,-20.826368
zMXIf66PPhU.001,train,-14.54193,-1.738586
zMXIf66PPhU.002,train,-11.16043,-2.1847715
zMXIf66PPhU.004,train,-10.690277,-4.089869
zMXfMcqpPwQ.001,train,4.299786,-16.37745
zMXfMcqpPwQ.002,train,7.7115912,-18.004698
zMXfMcqpPwQ.005,train,9.966122,-10.220542
zNHM8iNyTO4.005,train,-1.6618187,-1.2019105
zNmuwZkaeVg.001,train,-10.425466,12.33161
zNmuwZkaeVg.002,train,-13.276437,6.283016
zRevZ94Rxjc.004,train,1.83092,1.3294232
zRiS2gIUc9s.000,train,-13.099838,-3.745951
zRiS2gIUc9s.001,train,-16.061872,-1.1832677
zT_s9X21gAE.001,train,0.092130706,-11.221593
zT_s9X21gAE.003,train,-3.6910763,-7.6422324
zT_s9X21gAE.004,train,-0.63197577,-16.68731
zT_s9X21gAE.005,train,-0.4497248,-15.784232
zY0J9qKEekE.004,train,18.42219,-12.134024
z_W8_j7CB2A.000,train,-12.030606,-3.1270313
z_W8_j7CB2A.001,train,-15.68269,-3.6479514
za14O68VN3E.001,train,41.666744,0.21160401
zeUC7e-4w1E.003,train,6.6469793,-8.315769
zeUC7e-4w1E.005,train,12.932863,-14.494222
zpLiIVF0x7U.000,train,-20.755991,-3.9752395
zqpXz9h41jg.000,train,-5.895729,0.9739487
zqpXz9h41jg.002,train,-6.4709644,-3.8124132
zqpXz9h41jg.005,train,-8.219953,1.9044389
zrbcY4TMVyc.000,train,27.478302,-23.444586
zrdxHERn628.003,train,-6.707121,-4.621321
ztyBhnjtrz0.000,train,-15.653948,-3.556265
ztyBhnjtrz0.001,train,-16.078783,-2.403945
ztyBhnjtrz0.002,train,-17.557293,-0.76200193
ztyBhnjtrz0.003,train,-18.124022,-0.32622677
ztyBhnjtrz0.004,train,-15.785771,-3.4263244
zupxsNi2er8.002,train,-12.693969,-0.1601797
zupxsNi2er8.004,train,-11.649864,-2.7989764
zupxsNi2er8.005,train,-14.008502,3.118916
zvX4fNj0uxk.001,train,7.486928,7.686531
zvX4fNj0uxk.003,train,8.398153,7.7262526
zvX4fNj0uxk.004,train,12.414106,9.949396
zwO2zBdbCb4.002,train,-18.959324,-3.618603
zxuPCshTSOs.002,train,-10.935195,4.3275394
zxuPCshTSOs.005,train,-16.724754,4.7728596
zyGz_H1UTnQ.003,train,-17.260954,-1.5167583
-6otZ7M-Mro.003,val,-1.143046,-1.5829967
-6otZ7M-Mro.005,val,-5.7956223,0.35706836
-8asrRvfJWA.001,val,15.513003,2.9534345
-9BZ8A9U7TE.002,val,-6.2033973,2.4547367
-AmMDnVl4s8.001,val,3.8540773,-2.9056406
-BDSWZIF-WY.000,val,-15.056912,-5.724324
-DOqN0d8KHw.000,val,-18.89377,-3.511874
-DOqN0d8KHw.001,val,-17.933228,-1.5074733
-N6QKrbnaDs.002,val,-12.497248,1.451148
-PF2TG2loGc.002,val,-14.743147,-4.382395
-PWjgx2czwY.000,val,-3.6185534,-2.7552383
-R2SZu3SYgM.002,val,-5.0010877,9.421343
-R2SZu3SYgM.003,val,-14.757263,0.12733397
-RhPxhfpg4U.004,val,-8.029631,6.891506
-RqxrwIxMvE.002,val,30.028715,-2.844733
-VTqcHNgH7M.001,val,-5.0603485,-3.4709275
-VTqcHNgH7M.005,val,-5.1254683,-5.5681276
-Wqk9eex6bQ.001,val,-18.631567,-5.0389194
-agCXYgb7pI.000,val,-13.17052,1.3215483
-agCXYgb7pI.001,val,-13.972768,2.3651352
-fqiCqZtgYs.000,val,12.472849,2.8599718
-wO0oBNlEvY.005,val,4.0137362,-2.3500967
-zNyDPzId4E.000,val,27.518814,-5.6056857
04oq2yrBwMg.000,val,-20.951473,4.807768
04oq2yrBwMg.003,val,-22.601864,-0.2040156
04oq2yrBwMg.005,val,-19.220535,-3.1672635
05l5bteT_qA.004,val,15.122011,-11.35226
0G9vplL8ae8.004,val,-7.4590583,5.871014
0ObEtA6Q8vU.004,val,-15.861266,-2.4923453
0QTR0WiJSNk.004,val,6.454194,3.2163377
0SS47KwVOQ4.000,val,-4.906887,5.328943
0VnZngec8sc.002,val,-16.729599,-2.9559956
0a5FOYBAIcc.001,val,14.348155,0.6820016
0axZSeaUbfs.003,val,-12.341154,-3.3843677
0iQIfGnKflc.004,val,-2.2109993,14.17821
0mym1CooiTE.002,val,-2.5712686,-1.1804775
0mym1CooiTE.005,val,-1.0945178,-2.6672943
0qtCdb23_2g.000,val,2.9160576,-11.038969
0tse0Fsy_rg.000,val,15.9947195,7.5940475
0tse0Fsy_rg.003,val,4.2491884,7.402939
0u56Q_QmxIM.001,val,-22.264254,3.358892
0u56Q_QmxIM.003,val,-20.029112,2.659064
0u56Q_QmxIM.005,val,-19.90986,2.198923
0uCqd5hZcyI.001,val,-4.707381,-4.9441476
0uCqd5hZcyI.004,val,-1.906442,-6.9509616
0zJcYnsh55g.002,val,6.2650194,0.27544886
1-GgVRmAEoo.000,val,-9.617557,-1.0732467
12lqQE6oPNE.002,val,-5.3570085,-0.4789023
176vWywoq9E.003,val,-15.615305,5.581286
19pTUX8KfYM.004,val,-6.997142,-3.1685238
19pTUX8KfYM.005,val,-5.419776,-5.2395124
1CYzbX8AaP8.000,val,-9.596964,6.107663
1CYzbX8AaP8.005,val,-12.083813,0.5863936
1S0SxmfbOus.003,val,-15.045582,-0.37580428
1TXS1Zg4wDc.001,val,0.3240813,-8.385475
1W7XLdNpEgc.002,val,7.8154583,8.546511
1XkKu4LBvog.004,val,-5.2874427,0.8105973
1XkKu4LBvog.005,val,8.844635,3.6657588
1XqMZQu_pP4.001,val,10.523614,6.191516
1XqMZQu_pP4.003,val,6.641281,4.0971704
1ajEXdEsJ-k.002,val,-10.847074,-5.195827
1dOaM7zWPo8.002,val,-3.1974723,7.8124933
1hpZ2ecWqtI.000,val,-11.521375,2.0105982
1hpZ2ecWqtI.001,val,-10.916684,1.8833354
1izSTcQI7H4.005,val,33.000866,6.265886
1jC4vsQsjwM.000,val,-11.534032,-7.579499
1m4WjLRKTwc.000,val,-9.151983,2.4870915
1m67onLoRwY.001,val,-10.862408,-0.20987254
1mHjMNZZvFo.002,val,-4.3495965,0.15974607
1mODTfLRGdI.002,val,-14.292565,-8.291486
1mdMhaq5p4w.000,val,26.119596,0.68708575
1pMNczHCXPc.000,val,-16.994379,-5.160486
1pm5uoU85FI.002,val,13.325063,0.9432449
1pm5uoU85FI.004,val,2.2184963,5.4524465
1sjXuXtx9-E.001,val,6.7530313,-9.374775
1sjXuXtx9-E.004,val,4.7219734,-10.529388
1tPH6PNeOSk.000,val,12.422541,3.6952662
1tPH6PNeOSk.001,val,12.401655,8.450607
1uC-2TZqplE.001,val,-14.81515,2.6347067
1uC-2TZqplE.002,val,-15.376057,2.7118282
1uC-2TZqplE.005,val,-14.705489,3.0271394
1yIGI42lzak.004,val,7.931863,6.983457
1zpucNpIDk8.000,val,34.72746,-17.13282
2-LDYe7OXZU.004,val,-5.2745647,6.569159
2DZb5yIc6Fg.004,val,-4.542829,19.254885
2DZb5yIc6Fg.005,val,-16.109852,4.648758
2HE6cw3HFPk.004,val,7.961105,-8.819301
2HU92Hfx8Lo.000,val,7.5885334,-12.243061
2KSBoJZMcMU.000,val,-10.229461,-1.3732324
2NNYN1ZCJhw.002,val,-4.2343273,-6.020676
2OAA4slRc5M.000,val,1.1320179,11.884931
2PSGksTyrnI.002,val,-18.007612,-0.36548808
2SzC9dm4Yy4.001,val,28.71443,-18.704824
2T3oK1Gse2g.004,val,29.785446,7.8359833
2T3oK1Gse2g.005,val,27.904827,-1.9427036
2TMl5EMrdVI.000,val,4.826008,18.95431
2TXrDZgbDHE.002,val,-0.4137318,14.994923
2UqnC_rFcRQ.005,val,-18.029518,-4.986404
2UxhlaDEPmI.000,val,5.111014,-5.9621634
2WuhWF4fAOQ.000,val,11.638995,-11.520452
2WuhWF4fAOQ.005,val,26.560091,2.2633533
2_OOIcYfLV0.000,val,19.249643,-8.473368
2c42A4Z7qPE.000,val,-5.602369,3.610393
2c42A4Z7qPE.002,val,-0.8276796,5.1780343
2d6btbaNdfo.001,val,4.278968,3.104142
2d6btbaNdfo.003,val,-3.0161085,7.163925
2d6btbaNdfo.005,val,13.305854,15.629745
2fzLibPAtvI.001,val,24.339712,-14.589425
2fzLibPAtvI.002,val,24.356157,-15.247892
2hhqEWiv4eI.003,val,-17.035492,-1.4599509
2kqPuht5jTg.001,val,-12.4321575,-0.89894474
2kqPuht5jTg.003,val,-11.058134,-1.8123825
2mfmw63l88g.002,val,0.4813365,18.024181
2oEUp9sGRGk.003,val,1.1836994,1.5240904
2oiXF5_gTyk.000,val,0.15584427,-1.7617254
2r5NVi3SZ2I.003,val,7.1202626,2.5304003
2rV3Ibtdnvs.001,val,-13.019557,-5.656868
2rV3Ibtdnvs.002,val,-12.460227,-5.4146333
2x8GZaBY6TM.000,val,-14.251283,-0.42101273
2yUnXroXyeI.000,val,-5.9168153,-11.727913
2yUnXroXyeI.001,val,-4.872093,-15.463581
300gK3CnzW0.005,val,-10.182261,5.932442
39BJkEXJpgc.000,val,1.0813745,-2.1212118
39BJkEXJpgc.004,val,-2.6206813,1.4376379
3AyjQQYmqU4.002,val,-11.258803,-0.31560954
3GylAjrajHs.005,val,-0.94552654,-3.8261828
3HA2W1s4oP8.004,val,-15.414129,-0.85091853
3J7Cl3FXs1o.003,val,-6.7324524,-2.0453858
3JzvXA-Zfbs.004,val,-10.016812,2.1239743
3K16KyiAZHw.000,val,18.34606,7.2683506
3K16KyiAZHw.003,val,17.00046,7.871498
3LAaFUSGvsU.000,val,-19.323292,-1.2402763
3OoQBXWTGfE.003,val,-17.433157,1.8591434
3Q3SB1dVAng.004,val,4.594772,-10.076046
3S72dDIm1fM.003,val,-15.955669,-0.20205733
3Sj-GZ3YXWs.003,val,-12.540821,1.7380226
3WoXkI06zGk.004,val,44.401226,-4.7808013
3ccY8jYkI5o.001,val,-3.8201115,0.96789354
3ccY8jYkI5o.003,val,-1.298402,4.394388
3gUpRQ22vUs.002,val,9.200126,-0.16675368
3hKgh9AB3tk.000,val,-17.327494,-0.576798
3lV-sr3NOUo.000,val,-10.414783,-0.7299211
3lV-sr3NOUo.002,val,-12.105842,1.6243228
3lV-sr3NOUo.005,val,-4.6194925,0.3581974
3n-QaO3EvPQ.000,val,-10.03254,-1.3699344
3orJLMVqWYw.002,val,14.372969,11.007365
3tPq9fNOXZQ.004,val,5.057712,16.987938
3taD1fEPfC8.000,val,-10.869309,0.8100458
3wRj39GKLJ0.004,val,-11.664269,5.636565
3wgZrRMosvY.000,val,-13.10924,3.2321413
3yU-7AXnFCM.004,val,-5.045132,5.029073
3zAyM2edy1g.003,val,29.165308,4.1858673
45SH4ohAH3M.004,val,-9.264423,-3.8036892
4CiR99jTzso.002,val,9.145204,0.93190855
4JYmE9a21aI.001,val,-10.073662,-2.2125294
4JjpfL4y3XM.003,val,8.464408,13.515272
4JjpfL4y3XM.005,val,4.4909325,13.643555
4KD3XCMsIBs.002,val,35.114906,-14.856599
4NzqG0XwOWg.003,val,1.9343034,4.3206787
4OKYywIqnqg.004,val,-7.064387,-6.501947
4Qr1BjZhnpg.005,val,28.612387,-26.285002
4T9UUWWRE94.001,val,-4.3612623,15.793427
4VwcU0ROy5k.000,val,7.407222,-6.4050975
4VwcU0ROy5k.005,val,1.23918,-1.9143677
4XdZDodpzac.001,val,-16.278385,-1.8784997
4XdZDodpzac.002,val,-16.275494,-1.2249124
4ZlcaXadwlo.002,val,-3.8793008,3.307227
4ZlcaXadwlo.004,val,3.5253396,10.919874
4b-LkHBGWp4.005,val,5.7128487,9.329606
4bDOetaLvZs.000,val,-20.444468,-3.686002
4fN-DKUzgWQ.000,val,-11.759562,-2.6904309
4fN-DKUzgWQ.002,val,-11.638795,-0.32575834
4kIHxR6s1L4.000,val,3.9839299,6.9516916
4lH5nLSwmoM.002,val,-9.847613,-1.1280978
4lH5nLSwmoM.004,val,-8.80402,-3.2200682
4lIbWq27O84.004,val,-16.743786,-1.4503118
4lIbWq27O84.005,val,-18.924109,6.091004
4lj66h4CXI8.001,val,12.606405,-17.30622
4lj66h4CXI8.004,val,9.628173,-8.018138
4nMstrTuXXw.000,val,-8.706684,-3.4639118
4nir0YtjHVs.003,val,15.250637,-12.144688
4nir0YtjHVs.004,val,11.938523,-14.339924
4sCa35TOxgs.003,val,14.982566,-20.79684
4vJ69g7gAH4.000,val,-20.086107,-1.5027657
4vJ69g7gAH4.003,val,-20.831991,1.1658276
4vJ69g7gAH4.005,val,-20.58151,0.25376588
4yogPbHFQ9o.000,val,-15.744529,-5.068881
5-mwIFjOWZ4.002,val,29.803375,14.029337
50gokPvvMs8.003,val,-16.540035,-0.0901727
51KRxB3g7A8.001,val,-11.001769,-4.005518
51KRxB3g7A8.004,val,16.507563,6.58989
54JawR1x0II.003,val,-14.056084,6.991729
54K75EhiTEk.001,val,37.680836,-5.8022304
59Smv7wl--w.004,val,-4.0724,13.856161
5BPGRteF64Y.000,val,-8.147611,2.119065
5CRqN54uejE.003,val,-11.066856,7.210721
5CRqN54uejE.004,val,-9.927879,2.6465683
5Eez38v8TuU.001,val,37.219097,-0.7974654
5Eez38v8TuU.002,val,24.710064,-2.0516617
5KHOpRCxnwQ.001,val,27.423826,0.17336091
5Ku4_r_Yxsk.004,val,1.1278752,3.2806652
5LT-hTT4J7s.005,val,-6.663492,1.8847995
5PsD_NFMWpQ.001,val,-17.15834,-3.6355743
5TYuLy7JLj4.003,val,-3.886623,12.278746
5VG1EgzvprE.002,val,7.417756,-6.9565268
5bi_PM3XMEQ.004,val,45.37421,-4.332732
5hFRSHAis2E.001,val,-1.9489868,8.973165
5hFRSHAis2E.004,val,-4.660966,8.041227
5kaqMZ7SB9w.004,val,-3.9965303,-6.6185384
5kwoq4EZixQ.002,val,23.464869,32.97369
5lqg3tAI9H0.002,val,17.606167,0.60155874
5lqg3tAI9H0.004,val,20.139238,0.8326824
5wpoKhbt28c.002,val,21.312225,-10.7361355
65xWDhgq1OE.002,val,-1.1973661,1.1719697
65xWDhgq1OE.003,val,-3.4584558,0.16576268
69BopbFc34U.003,val,-14.68333,5.9303794
6CRet5sD6xI.000,val,3.8840919,1.614454
6JfSPPVUgIg.001,val,37.646835,31.581854
6LKbPUX03sY.002,val,31.239218,-7.311395
6M8OQNo64Tc.000,val,-0.8838377,14.054173
6NjuNY4LfQc.001,val,0.42791727,1.608599
6NjuNY4LfQc.002,val,1.9801034,8.241126
6U2qLDZA5lQ.000,val,8.662606,-9.259997
6WSr4IW6cNI.005,val,-1.3911113,2.301316
6inqwyJPQ6k.002,val,-11.278271,-3.7765996
6l0RBbxg4fk.001,val,-1.164476,2.6495671
6nbxAP_ZKQQ.004,val,-13.093027,-5.724474
6oL9yyc9iJc.005,val,-0.55456823,-2.0431476
6tBnFWDqvJE.000,val,-2.026253,1.6851873
6uqXoPJSoPg.001,val,-12.899741,-0.01715863
6uqXoPJSoPg.002,val,-10.858706,-0.08908998
6wHQsN5g2RM.005,val,-10.622617,-0.70983213
6waL_gUxtAM.002,val,23.451021,-15.042758
6zm71IHOCZA.004,val,10.718917,22.183653
75XbCb7G8kw.005,val,-17.976822,-3.1876602
78zauTEQ-k8.003,val,0.042185117,-8.122721
7A7gav98tW4.000,val,32.614452,-5.42303
7GRC7XjGzX8.000,val,-0.64970064,6.0829477
7IegDaeNlik.001,val,25.122578,3.6097763
7IegDaeNlik.004,val,17.617474,10.712074
7LHmNEH65Pk.001,val,1.2046611,0.65715504
7P2F5Mk_Q1s.001,val,15.145302,-11.199458
7PYAn9njCHI.003,val,-1.1877061,7.644536
7T-KyMnEbJM.000,val,-8.088129,-1.1147796
7WixH0aSfqI.000,val,1.0487055,-14.957606
7WixH0aSfqI.004,val,4.373509,-8.1043415
7Y3S4nfQHeo.004,val,-14.347475,0.9818863
7Y4cUPFEt-4.001,val,-4.10868,0.006180013
7ZnijRlK5-E.001,val,24.309685,-10.108439
7b9DirXrkHo.000,val,-12.953511,-6.279378
7fOxteINSUg.002,val,-18.779215,-2.3337674
7fOxteINSUg.005,val,-18.819199,-1.5786043
7nJPNkWZDOY.001,val,15.899783,-13.532274
7nJPNkWZDOY.004,val,33.00153,-17.894806
7pLYJKO75_c.004,val,-1.2998419,-4.4616
7pLYJKO75_c.005,val,0.24792674,-4.342506
7qGYGbIg45c.000,val,4.602655,14.771538
7tlMys6MZ34.002,val,-1.1704097,-8.618379
7u0o63Z7q9E.000,val,-6.5173774,-4.767194
7vF5WLD1RxY.000,val,-9.160561,4.247548
7wsksuXYoMY.003,val,-3.6281404,-6.545191
81f9t2HMNas.000,val,-8.119381,1.7442434
836kYlEs9GI.004,val,18.545933,5.957236
84Lz5a9yRZg.000,val,5.289191,-0.939236
84emxO86qa8.004,val,15.331514,3.3802364
85isLsZHZpo.003,val,6.4614553,-12.694806
85isLsZHZpo.005,val,9.461061,-6.1141543
86upzmhvpXw.000,val,-12.20356,-4.617072
8AnIttmflwI.000,val,17.432644,4.568214
8AnIttmflwI.004,val,15.790338,10.939277
8AnIttmflwI.005,val,10.576614,2.9209747
8OGiv7FetSQ.003,val,-0.81518734,0.5683713
8OGiv7FetSQ.005,val,7.5098414,-3.5141861
8OckVmEZ8X8.001,val,11.408878,14.31468
8OckVmEZ8X8.002,val,21.599783,21.939924
8OckVmEZ8X8.004,val,4.858019,7.414917
8OckVmEZ8X8.005,val,3.951902,12.211873
8PXQ_5tUv74.003,val,6.753898,1.225585
8QtlG5ujHyc.000,val,0.47703946,-7.4666715
8QtlG5ujHyc.003,val,3.2565782,-3.59862
8RVJqjILSD0.002,val,-16.714481,1.9254835
8RVJqjILSD0.005,val,-16.233482,3.9778185
8XBprf4NyOg.003,val,-18.433947,-5.0900593
8YQKwMdiaAE.000,val,-7.1040945,-1.2213483
8Z6PrQdqffA.000,val,-0.35530847,-5.1070013
8Z6PrQdqffA.003,val,7.678183,-13.838465
8dVcA5J1Dcw.001,val,17.586857,21.251993
8e4nnel_x-M.004,val,-9.200309,-2.326644
8eeZjC_bmtc.000,val,22.433592,-24.190289
8eeZjC_bmtc.002,val,23.544905,-27.291979
8eeZjC_bmtc.004,val,33.057262,-33.35965
8gvBbE6iZNo.000,val,-11.071997,2.7797425
8gvBbE6iZNo.004,val,-9.307946,-1.2704648
8hGOOynn3ZU.004,val,-16.26559,5.9022017
8hH_eJ8qv_M.000,val,1.7316841,-8.422325
8hH_eJ8qv_M.002,val,3.4891505,-11.886939
8hH_eJ8qv_M.005,val,4.2721963,-5.2306085
8hW6WfYBP18.000,val,-15.0516405,-5.1628633
8hW6WfYBP18.002,val,-13.91299,-3.0287862
8hW6WfYBP18.003,val,-14.67945,-4.2317376
8hW6WfYBP18.004,val,-16.186945,-4.5575323
8i7H-uSCQcc.003,val,5.9215555,2.0911655
8lg8A_zFOmg.002,val,4.0769954,2.4834003
8lg8A_zFOmg.004,val,6.8591785,2.5559251
8n6G3V3-Tk8.001,val,-2.7384875,6.968653
8narByy2B5g.002,val,25.604156,7.7302365
8narByy2B5g.003,val,27.728283,-0.597424
8narByy2B5g.005,val,19.683392,0.06364284
8nt2PL_p-Io.001,val,3.0990973,-3.138557
8pM3X-xsD4s.002,val,1.203601,-5.433595
8pM3X-xsD4s.005,val,-3.1014462,-0.10205512
8py6SksNsZQ.000,val,-12.247256,-1.975774
8py6SksNsZQ.004,val,-11.246963,-3.7475245
8qG1sMihtPA.001,val,6.3170457,-10.785897
8qG1sMihtPA.002,val,4.7450852,-8.469636
8qG1sMihtPA.005,val,-0.07151744,-2.8701992
8qesctueAV0.003,val,-10.854621,-6.547649
8qesctueAV0.005,val,-15.208987,-6.4284854
8s0R8r6UsU0.001,val,7.5648975,-13.828883
8s0R8r6UsU0.002,val,8.619271,-11.848465
8voP9HTSffg.000,val,31.29622,15.543836
8w_oPolxRWQ.000,val,17.678883,-10.927775
93XyRBd_HqU.003,val,3.2032971,-10.048428
93bQfdes68U.000,val,-15.276483,4.7625303
9DKE8426js0.000,val,-0.3158342,-9.845896
9QGTbcqb2tM.004,val,-12.602046,4.8033266
9QGTbcqb2tM.005,val,-14.780536,-0.32004863
9RfE2-aTvaM.005,val,-5.907006,0.9876446
9SGTRbePKLI.000,val,4.613742,3.1156135
9UUtf0_ZR14.000,val,-19.09901,-0.61135155
9UUtf0_ZR14.003,val,-16.760014,-2.339199
9UWCHrG5mys.000,val,19.16219,-6.110981
9XqeGs2MMic.001,val,-14.518894,-3.4869783
9a-3LrB7cDI.002,val,-15.275136,0.7982705
9c66Lb7e1BQ.001,val,-8.712475,-2.019593
9cHxDnk6SUs.004,val,-8.441268,4.156174
9lA-PGQcHBc.000,val,10.238104,-5.2456093
9mM_0vrO3wc.000,val,-6.99069,0.2964848
9n8dNi-ERQ0.000,val,19.863068,-23.848017
9o10YrQykMk.005,val,-11.454333,-1.7199526
9pGJyf1MXLY.003,val,7.436563,2.2933373
9rF3BEXetOo.003,val,26.689354,-14.420887
9uMpKla2OQM.003,val,11.0444565,4.122219
9uMpKla2OQM.005,val,1.2631052,2.730214
9ydyJKZBWiA.004,val,-15.50121,2.8754735
9z5cV1ANYwE.005,val,8.408886,-5.002528
A1lbD_OCuj4.002,val,-16.157318,3.9968984
A6ZWTfKPLPE.000,val,6.3007298,-0.4582259
A7qb47cmxJo.004,val,-5.309302,-6.5547156
ADa9rkwF2uA.004,val,-16.443163,4.6860795
ADa9rkwF2uA.005,val,-17.56841,5.2474437
AFQz-qy0FkY.005,val,14.308328,10.358331
AFvUxDwJB84.005,val,-4.375089,-1.3649554
AP0aklGHino.002,val,-12.466033,3.7815986
APqMkruLkoE.001,val,-13.334679,7.620061
AR3UwbmgKuQ.000,val,-17.07287,6.4434767
AR3UwbmgKuQ.002,val,-21.01998,9.013866
AWe6ZZUmlZw.001,val,-10.817536,4.019542
AWe6ZZUmlZw.003,val,-9.018301,3.5967906
AZ2HyBOmliQ.000,val,-16.308538,-5.023272
AZj2VoCcayA.002,val,-14.980195,-4.2480555
Af_F0IzHK6o.005,val,-7.2644215,1.9221956
Agg7z10B_iY.005,val,-2.3954377,6.0630484
Ahiq4zhmYco.000,val,5.293817,23.427652
Ahiq4zhmYco.001,val,2.7159152,16.299952
Ahiq4zhmYco.003,val,-2.7501724,5.7398744
AlEqtGWa43g.003,val,-1.3161337,7.226117
AlEqtGWa43g.004,val,-2.535645,3.4898229
Alox0G4xUfM.001,val,-9.301934,-3.9784102
An7WScf0RRc.001,val,-18.834225,-3.0580797
AobPtpyKat8.003,val,14.026569,5.33693
AotbiNsU85A.005,val,-4.550371,-0.37618655
ApCq0dwH1Ak.000,val,-23.072998,-0.59975594
ApPnsnIZozw.002,val,0.9988749,4.7628913
AuaQ0rtedRk.000,val,-8.974208,5.729214
AuaQ0rtedRk.002,val,-12.201937,5.945243
AvuGsnkWjt8.000,val,-10.045174,-0.77595896
AvuGsnkWjt8.003,val,-13.381667,0.7387005
AwNVGShHjvw.003,val,10.403574,11.227058
Ay7bZ7Sgx9Q.000,val,-13.834241,1.0120506
Ay7bZ7Sgx9Q.005,val,-8.080616,-0.6322681
B-OJ_xZILLg.000,val,-18.469204,-0.13793592
B1efbNxLPe8.002,val,-16.12383,-4.377494
B2riMsP8LD8.000,val,23.04706,6.2541666
B2riMsP8LD8.002,val,27.270058,8.166567
B3zFJhrmqwg.000,val,24.971697,16.358376
B77ZCcCMrkM.001,val,26.986713,-4.2581334
B77ZCcCMrkM.002,val,21.573704,-6.6651187
BBSB9OJdb0Q.003,val,-16.035114,0.7417375
BCNZ_j_kMB4.003,val,5.745513,-10.557555
BPUFqFLZgZU.000,val,3.8411846,-0.3137697
BQ9i8qkXiVQ.001,val,9.20013,10.130011
BS0wgLXqFgc.000,val,-14.329813,-1.4471656
BS0wgLXqFgc.004,val,-14.094747,-2.046454
BStHNKV820Q.000,val,-20.892132,-5.781561
BZ3FEf_KKso.002,val,8.923291,2.9238424
BeyIfaH64xY.002,val,-6.854489,-4.8215446
BjQ95T-Dw1U.001,val,-13.030146,-6.827076
BlXViK_ltm8.001,val,-12.107215,-8.585198
BlvmREgt2C0.004,val,1.5818337,-3.7075033
BmDClgdWlH4.005,val,-8.026407,-7.6625595
Bmn4YEhgBDY.000,val,-8.799782,-2.711735
Bn5QwANp5LM.004,val,8.391089,9.135133
Bo-mrL28d8M.001,val,-11.570929,-1.8409001
Bo-mrL28d8M.005,val,-16.294336,0.8195417
BxD2uO_3RXU.001,val,-8.452928,-0.12112217
Bz3Jx4QL_6Q.002,val,-18.677633,-0.75153136
Bz3Jx4QL_6Q.005,val,-19.119364,-1.4205357
BzMLhulrt0Q.000,val,27.724556,-2.232968
C-48U5oDuvw.000,val,-11.165608,-2.3953948
C-48U5oDuvw.001,val,-12.574504,-1.684435
C0uc-2KrnnQ.003,val,-6.1075172,-0.24726589
C2MEPH7x9m0.000,val,-8.88812,9.565697
C2MEPH7x9m0.004,val,-3.1326342,8.826204
C2Y9Puk3Obk.002,val,10.675281,-18.792427
C5qRszPK9HY.002,val,-16.257444,-4.5396404
C8xZ0vhrrFE.004,val,-3.5511875,8.097148
CAuVlnNy95E.002,val,5.375386,5.1299276
CDTo7WVyf5s.003,val,3.5086977,-16.579626
CESTtNvDpww.001,val,24.128439,-14.741812
CFK8ib0aWe8.004,val,-11.914138,3.1739016
CFK8ib0aWe8.005,val,-12.976876,-0.6508022
CGfr9jl8w4Y.000,val,-8.118752,-12.153824
CHkKv9TXm0g.002,val,-15.684449,-0.5528931
CLGJCzz6tIU.000,val,-2.962521,-0.68651634
CLGJCzz6tIU.002,val,-3.5510573,3.010973
CO7vZjYF6Zk.003,val,12.772141,-21.689157
CPtaCNonKlE.001,val,-14.694578,-8.287919
CQR-eM3mTFU.000,val,-19.206362,-4.7334676
CUiG7UZ9A3k.004,val,-13.620556,0.9722021
CV930dFsubs.004,val,26.190542,13.22259
CV930dFsubs.005,val,8.990934,9.885052
ClSP2k9DFX0.001,val,-5.096543,-0.9930368
Cng72emlXAM.001,val,1.1228107,-2.1433764
CpmR-91GxmY.001,val,2.9836507,-7.2635856
CpmR-91GxmY.003,val,-2.6087122,-1.2227155
CuGuiOZ48Ig.003,val,11.341118,13.439286
Cvuu76B-bxA.004,val,-16.259459,-0.016180325
CwFH8J7smjE.000,val,2.038693,2.0162928
CwmYqA1yi0Q.004,val,-5.937736,-1.0877476
CyzKot0CNyU.002,val,-6.682989,8.383635
DCROfrHI1MU.004,val,-10.461479,-7.8157606
DChmTb-c9uM.000,val,22.044703,-19.372187
DGCGeNlA-Ww.004,val,20.837547,10.332773
DSYiLCGNDP0.000,val,-11.420212,-0.8146921
DSYiLCGNDP0.001,val,-13.855189,0.4910514
DSYiLCGNDP0.003,val,-11.917833,-2.0418007
DVh_7dO2cWY.001,val,17.748276,1.4176524
DVh_7dO2cWY.002,val,17.673124,-5.307328
DXYRJ8PReoE.005,val,-19.533842,-2.5533786
D_FGBb-1B1o.000,val,-15.71123,-5.5614667
DefePa0_6Sg.000,val,0.4248539,9.602548
DfpKVl9Zpdg.002,val,-16.330744,2.1837604
DiaibIBisuM.000,val,-6.3718677,1.3159407
DjfLWIZq3bo.000,val,-7.701017,-1.9215814
DjfLWIZq3bo.002,val,-4.0551834,-2.7844162
DmYsoYs9jyI.000,val,6.6589212,12.435836
DogbMnh5k0o.004,val,8.847368,-3.2417822
DrlC4bEYcmw.001,val,13.777974,1.4884305
DvWzedL3QCk.000,val,22.667871,-9.421643
DvWzedL3QCk.002,val,27.119883,-5.790797
DyZlhseSuec.001,val,-13.2968645,-4.871785
DzqJmiQjsZ4.001,val,-18.297361,-2.9507217
E49FxumXPnc.000,val,-13.721518,-7.7749677
EA8BEYAZqAA.005,val,0.0457248,-5.147255
EAMHqNxa9yY.005,val,44.601254,15.609293
ECuouf2tVYU.002,val,-8.349974,-4.867689
ED70UxZkohc.004,val,19.613377,5.015715
EDXQLrsZctw.001,val,-3.8630495,9.126797
EHPZNxP5mN8.003,val,-8.6250515,-1.2668349
EMqrrHHbP3s.005,val,7.1827755,6.913871
EYhvnALhXt8.002,val,-12.507864,-2.856033
EaBCJB8LXdI.003,val,-2.4466894,-1.5166273
EeI8iXLDfc0.000,val,37.21214,-6.4627304
EeI8iXLDfc0.003,val,32.41066,-0.8935661
EelHLfeSJfM.001,val,-15.088328,-2.9875665
EelHLfeSJfM.005,val,-18.206076,-2.9955652
EfQ2eU2MFEc.000,val,21.261372,9.972426
EfQUV-C-YrU.003,val,-0.6313352,-0.4952062
EffEoI1l1zE.004,val,6.77743,7.0703683
Egogv6acOd0.005,val,-14.726654,-4.7336516
EgolOPjkkg8.002,val,-3.6451812,9.527229
EiXQ9RErt6c.001,val,-15.688793,-0.30848303
EjhDyc8Oc6k.002,val,18.13071,-5.079607
EjhDyc8Oc6k.005,val,8.674568,-8.685277
EknEAPhAjdA.005,val,-8.087557,6.015537
Ep2F3e1xiPc.000,val,0.5736424,-2.2346332
Etfh8X-ECtY.005,val,9.191841,15.039912
EvZ0esZgPK4.005,val,6.2426147,8.549092
EwMMNKLjO9w.005,val,-12.550794,-5.9534354
F-Dy1EFm_Mw.003,val,-8.557284,1.8818438
F0VbEO_0Ybc.004,val,4.943108,8.875902
F0_EI_X5JVk.000,val,21.574232,10.415758
F0kidNe_RSo.003,val,25.712488,-5.475192
F1lAPYh4t3U.005,val,2.4276211,0.35710758
F2v55oUN-4w.003,val,-6.8404274,-7.6300135
F5kL7RWS_f0.001,val,-8.069858,-6.7459955
FGkS4vJYOpM.000,val,-14.761981,-0.68968076
FGkS4vJYOpM.003,val,-11.1104145,-0.45262387
FGkS4vJYOpM.005,val,-13.934103,-2.2198553
FM5UaJS-bhg.003,val,-20.8493,0.22474186
FNHMXPaHll0.000,val,-3.3786464,1.4534928
FNHMXPaHll0.002,val,-8.186067,-1.1027677
FNHMXPaHll0.003,val,-6.977819,1.3143724
FPfgwGsy8dE.003,val,-9.56208,0.8902439
FTk2SCmJI_w.000,val,21.382217,11.701074
FTk2SCmJI_w.005,val,9.67299,9.992804
FaBTYkzhuK4.002,val,3.9352145,0.2967613
FaBTYkzhuK4.004,val,14.990791,3.7479525
Fe9_SVPd_5I.002,val,-12.742875,-2.343754
Ff0WqsFl-1s.001,val,6.5816054,-4.713623
FhCOvzMrNs8.003,val,-6.032721,4.4013247
Fi1ILrwQpSY.004,val,-8.042105,-0.083537735
FkuwzJcoRVI.002,val,11.996767,25.475973
FkzVX7SQ9wE.000,val,1.0351331,5.621249
FkzVX7SQ9wE.003,val,-0.63945746,7.3017173
FlAGm93fJa0.001,val,-18.10681,-4.279757
FogaU_yB9aY.003,val,1.7278501,-4.4147296
Ft0ahViXZPc.005,val,-9.668261,-3.9354548
FvjIziLzffo.000,val,-6.622215,-4.825883
FvjIziLzffo.001,val,-2.8821466,-7.374274
FwjoTGcsFNg.004,val,-1.0373739,-9.606838
FwjoTGcsFNg.005,val,4.8827076,-9.4878
G7QTNbKbu_4.004,val,-4.04199,3.1010847
G7hYffrZ1Hc.001,val,-12.039067,1.0764562
G7hYffrZ1Hc.003,val,-11.954179,2.636745
GBp9YtOw_eQ.000,val,-9.400666,9.844364
GG9WPQLI_rg.001,val,-7.1319895,0.62181187
GO6s-qDADuU.005,val,-0.3880749,-3.123489
GS7cBLgZKgk.005,val,-15.185086,3.9357467
GTmHSF6vNWc.000,val,0.7184421,-7.966553
GWOtluILlk4.004,val,-8.368631,1.0589054
GcuoyJPO-KU.001,val,3.523973,-13.678875
GcuoyJPO-KU.003,val,7.0771275,-7.4873295
Gdv79afXNKE.000,val,8.005873,-12.977687
Gdv79afXNKE.004,val,6.9948783,-12.449726
GntxKkVigvE.001,val,35.024487,-17.604214
Gomd4Y8-D2Q.004,val,-17.283987,-5.321956
Gs-AdRcYSPo.003,val,-10.24709,-5.0373564
GsNZh1TS68g.000,val,10.024814,-7.036425
Gtq5nfRlRx8.003,val,-1.8620592,-3.2033532
Gtq5nfRlRx8.004,val,18.056484,-18.44158
Gtq5nfRlRx8.005,val,12.48282,-6.1384077
GwKmjEb3qN0.000,val,-15.254437,-1.1626862
H0_4dZMjUow.000,val,-18.832243,2.3827984
H523MhINmbA.000,val,32.718918,3.4624426
H6s9aFAQP3M.003,val,-7.2083106,-0.5339794
H8h4fAGgV18.004,val,-5.323108,-6.2376175
HCkDd0UnUgo.001,val,-4.2926803,-2.2857568
HCkDd0UnUgo.005,val,-6.9453216,1.982063
HH03EXo0TB0.000,val,-7.888048,1.7275916
HH03EXo0TB0.003,val,-6.7751803,6.507055
HH14jGFGuL0.001,val,31.439953,-1.1137128
HKSgsi7HWWI.000,val,-11.485103,-7.844687
HPEemWelY1E.003,val,-1.815978,8.619602
HQDkoaHULbw.005,val,4.5226674,-1.0874369
HQZD4j8_FR8.004,val,-7.1723166,-2.1224887
HT_8WpgGqjk.002,val,-12.606149,-1.1669084
HT_8WpgGqjk.005,val,-13.360866,-1.9905968
HWuh0biZQ_c.004,val,-7.974724,-1.6453651
HX-3jJdK7HM.005,val,5.512397,-5.194878
HbGeoKBULAA.000,val,-17.797585,4.628537
HekcZ0Em60E.003,val,-8.0904,2.2246304
HhC2cGFFZeY.002,val,16.693817,18.420689
Hklc55y7vUI.002,val,3.4455993,7.3073792
Hm5K_K0v718.005,val,-9.598172,-0.99509835
HrddpXxWFns.001,val,24.443068,-6.1254835
HrddpXxWFns.004,val,25.915987,-11.526684
HrddpXxWFns.005,val,21.272867,-10.9411955
HwZlfygV2eU.004,val,-9.761258,-7.3616242
I01_ubtktEQ.000,val,1.2300595,7.2810225
I53JQFtiQxM.001,val,-10.117216,-1.1442701
I53JQFtiQxM.003,val,-7.54518,-1.2726986
I5x9T9ftW18.002,val,0.89114183,1.6905816
IFF47jVKMj8.001,val,-8.548798,0.65012646
IGjI8aP14gg.003,val,-5.45149,4.9583964
IMCEXoAkZv4.003,val,-13.055814,9.237353
IMCEXoAkZv4.004,val,-11.85505,6.8384113
IQNNEfYYYiw.003,val,9.646859,4.926121
IQdz0Pd-L2Y.000,val,-17.771616,-1.5711083
IQdz0Pd-L2Y.002,val,-17.53612,-2.4776518
IV01x2GS61g.002,val,4.2764297,15.391931
IV01x2GS61g.005,val,4.8538895,10.795621
Ie2y_yOeKpo.001,val,4.388757,8.631681
Ie2y_yOeKpo.003,val,3.6903183,10.464516
Ie2y_yOeKpo.005,val,0.4535222,6.1285386
If96Xniy6Go.002,val,-14.561347,-2.990536
Isa3WdmciZQ.005,val,32.46059,8.867382
It0-yCwOc5k.004,val,-4.1424494,4.4202867
It0-yCwOc5k.005,val,-0.13255844,0.5262879
IyBCZySg-c4.005,val,-14.17894,-3.4880097
J30sMEMrKjA.004,val,0.2275847,-8.979607
J5Q9cutAmY8.001,val,2.1305385,7.259226
J6RHl6U6Jcw.001,val,-3.9749744,-10.665375
J9WyswA0vow.004,val,16.260872,6.519722
JBiq9X_-r84.001,val,-9.605757,-0.6110394
JBiq9X_-r84.003,val,-6.3652005,0.03610497
JBiq9X_-r84.005,val,-7.7245727,0.7323005
JEhC58vobs4.000,val,5.0880666,-0.7411827
JEualxMkaE4.001,val,-10.338384,-3.4780555
JKDEEwxZwrw.000,val,-13.718262,-2.596498
JKDEEwxZwrw.004,val,-10.0993,-5.1494946
JTmq4k4uQCY.004,val,14.376986,5.1594834
JU_XfoyZIVM.000,val,5.4565635,-9.380991
JciLbidX1Q8.001,val,39.998203,1.8732611
Jcw9NZkMn6I.001,val,-16.33802,0.113176316
Jcw9NZkMn6I.002,val,-16.236597,0.9043924
Jf8lqSpAjZ8.000,val,-16.006676,0.45927626
Jf8lqSpAjZ8.003,val,-12.609498,0.4716488
Jh8yMyNZkuo.002,val,-6.9295363,7.9384017
Jhz5ssCKaug.000,val,7.073395,19.1021
Jhz5ssCKaug.004,val,3.756882,9.011304
JiXJeI5_jGM.001,val,-15.677536,3.0326173
Jn76eAPxjNA.000,val,-12.010035,-3.2451167
Jp-Hu7yxqR8.002,val,-9.395329,0.83500475
Jr6GmDtvTK0.001,val,38.413677,-1.7006284
JxxF9y61ujA.001,val,-11.48171,0.7274862
Jy716zClCKs.001,val,-13.010971,-0.6787022
JzXnxQDnwWE.005,val,1.1416861,2.5273364
K-Z_mLE8nlo.000,val,-17.33964,-7.291735
K-Z_mLE8nlo.001,val,-15.626439,-6.310074
K3-YXXLR0Ho.001,val,-17.124979,-1.8870267
K9ZTOb6PbfQ.002,val,-16.750595,-0.9997788
K9ZTOb6PbfQ.003,val,-18.894152,-0.6727104
K9h_wA30XgM.000,val,-5.152536,-5.581611
K9h_wA30XgM.001,val,4.8790097,10.594056
KB09jENVJ_0.001,val,11.396239,5.0497584
KB09jENVJ_0.003,val,4.398599,13.171524
KHQJhOzdrYo.005,val,10.1176815,-5.5898066
KIhpjwf5uAA.004,val,-21.235647,-0.8975034
KJP4SKS2vtY.001,val,-11.620322,1.4948425
KJP4SKS2vtY.005,val,-11.45268,-1.0033426
KM6Nc_VipyQ.003,val,7.1383395,3.8002865
KVepk_9iPEU.003,val,-4.1802998,3.016026
KVepk_9iPEU.004,val,-3.944965,1.9544688
KYkfjIZEScM.004,val,-12.948479,-3.8049037
KYvMsMLNGvY.000,val,-11.652322,-4.7543774
KYvMsMLNGvY.003,val,-13.65149,-1.1339598
KYvbRwTCtaU.004,val,4.0164323,6.023094
Kbcvurfuvhk.001,val,-16.89135,-2.8475206
Kbcvurfuvhk.003,val,-16.693848,-3.1826806
KfurkMyjD-c.000,val,-8.342251,-1.9838085
KfurkMyjD-c.005,val,-8.759362,-1.327861
KhMsmtSC5Lg.004,val,39.325916,10.115451
KmHe8urs3LI.000,val,-7.6764636,2.653972
Kmrd1MsZKmQ.004,val,0.102209955,-0.91529995
KnbEca4Ibwk.001,val,-13.116753,0.44053543
Kpto8K_B-5A.001,val,-14.624776,-5.2577295
KskDPaLfZNQ.001,val,-6.918386,5.351581
Kv0kZgqZEM0.000,val,-9.254548,5.6152267
Kv0kZgqZEM0.002,val,-7.3564506,0.25935915
L-C1blPD_ec.002,val,2.7188828,9.730473
L4Jlm0vGsvc.001,val,6.595292,-6.244137
L4uFD6434Pc.004,val,-5.7919946,8.415892
L5PkZA1ErYY.000,val,-7.507874,-6.1864085
L5PkZA1ErYY.001,val,-4.7068057,-9.951911
L5kpy0SA7os.002,val,-11.63704,-1.9420046
L9sG80PI1Gw.002,val,-12.41547,-7.5885463
LBKbubsgpE8.005,val,4.5054593,6.708553
LCafv-LfC3Y.002,val,-12.856282,-8.33177
LGPm8ok6kVo.005,val,-0.85720503,-1.2067237
LGdzP-r_G3U.003,val,-11.84525,2.0865555
LGgx7RVdL2Y.001,val,8.942929,12.009073
LHV4HNK35pM.002,val,0.04134658,0.040747333
LKBoLbWHJYI.001,val,27.435162,5.121006
LKc69Et2Jg8.001,val,-10.809237,0.93388134
LKqO2BhfAvM.003,val,4.8421326,4.9334564
LKvxVEI8uVA.000,val,20.95319,-13.843048
LNM1i-a9q_A.005,val,0.18464614,5.7065682
LRU4jLhKaak.001,val,-12.228861,3.8492053
LRU4jLhKaak.004,val,-4.2743645,2.130603
LRU4jLhKaak.005,val,-5.2840185,3.4416986
LRczShwIVbM.002,val,27.529428,-10.719621
L_gmlaz-0s4.002,val,-8.668166,4.0779176
LeQKH1vAVpg.000,val,-1.5230216,15.093895
LeuT6NgJ6N8.003,val,18.972113,5.2678633
LeuT6NgJ6N8.005,val,16.357548,3.4090943
LfvTKoMYLEE.001,val,17.219893,-16.99907
Lq4uvcHNiy8.005,val,31.688923,14.507735
Lt89YrQHF_w.000,val,-17.41675,1.4935246
Lt89YrQHF_w.001,val,-17.806011,0.97609603
LtTR6elruhU.000,val,23.281048,10.021897
Lu9UNCSpQZM.001,val,30.170525,19.602715
Lu9UNCSpQZM.002,val,16.92323,9.768178
LvpUVPQKWcQ.004,val,6.564273,-6.3105264
M0O87_LiyMw.003,val,1.6886303,-15.127427
M56UFrEgXnI.000,val,15.139982,4.6420608
M56UFrEgXnI.002,val,4.3673563,1.7650856
M9nVAfSPOZ8.000,val,20.020298,15.244429
MCqC9VBT4q4.001,val,29.197638,0.21958031
MCr6FmFAhak.002,val,16.700924,3.2086906
MCr6FmFAhak.003,val,18.07857,6.1541195
MD9yyz-OSRs.001,val,4.133881,8.344383
MDTC4y4ZrSM.000,val,-12.631724,-5.4011307
MDoZUDTSayc.001,val,15.279727,-6.7209716
MDoZUDTSayc.002,val,15.752252,-23.22367
MI_GQLbnoew.005,val,-2.3834543,-5.040114
MLCIfM5jYlI.003,val,5.3974767,9.326363
MLCIfM5jYlI.005,val,7.5131516,15.009552
MOXPVzRBDPo.000,val,7.6918044,-8.8705845
MOobNUpfWiY.003,val,17.020115,-3.408612
MRquWhqw4Jw.001,val,-11.440759,3.314867
MSlMVMM8obY.000,val,-5.8439665,3.631482
MZkDsB04kt8.005,val,32.287846,-22.138357
MajYvFTkKnk.001,val,-21.844072,2.3636336
MbufNmC0JL0.001,val,-3.6396196,-6.048949
MbunPsukPnQ.004,val,8.028525,-3.037112
Me22JENkhJA.001,val,-15.306844,1.9621629
Me22JENkhJA.002,val,-7.9046965,1.5115191
MnARi5OWW9Q.003,val,-11.525453,-10.909331
MrYEK0nvnAo.005,val,-2.005452,12.832328
MrfJ1qDJAwo.000,val,-16.368078,-0.34268162
MsGTYOOp4hE.001,val,17.003584,-13.307777
MswJxdf-3Fc.003,val,4.831575,-5.7684174
MuYYY3XaJ7Q.000,val,0.66054344,-3.7544029
MvWDky9ZaWU.001,val,-0.74368644,6.488898
MvWDky9ZaWU.002,val,-11.858713,4.2772837
MvWDky9ZaWU.004,val,-10.318921,2.7296176
N0s2M3bJkUk.004,val,0.3526158,-1.4994788
N5YT0FFd3-s.001,val,-8.402328,0.2608406
N5YT0FFd3-s.002,val,-7.844989,6.296136
N5YT0FFd3-s.003,val,-8.394263,2.088856
N5YT0FFd3-s.005,val,-3.3072233,-2.1659257
N5nIQZMW_ig.004,val,11.759063,-0.7953192
N7oR6_oMBFk.001,val,3.8647895,-8.024494
N7oR6_oMBFk.002,val,0.20269595,-4.8700175
NDC375coN1o.000,val,15.224355,2.2773793
NDC375coN1o.003,val,4.094821,1.6642169
NDC375coN1o.004,val,4.1523404,0.773139
NFAlff6GUpA.001,val,-15.385914,-0.6792043
NFAlff6GUpA.002,val,-8.914278,-3.577103
NOrjfF0-pQ4.000,val,-5.097489,6.152709
NPOSIyDF-Sg.002,val,29.235474,-3.227558
NTATNIs2sSc.002,val,-16.851585,-6.0783567
NTSMogqhvBg.003,val,0.33361515,-1.3198419
NVvKBE5FTMk.001,val,4.8267922,-2.4668689
NYlFsljF0VM.004,val,-17.123442,-4.6500216
NhyVkwcZbTA.000,val,5.70005,4.2624717
NoHext7JXYU.004,val,-3.358999,11.35153
NpiglwrZzsA.000,val,-9.043113,15.403173
NpiglwrZzsA.003,val,-1.4621276,18.20121
NpkHOa4uIn4.000,val,5.2026086,0.5183312
NyQ2K2J3N0s.001,val,-12.065743,-1.3472127
O2wMPdp2-Is.003,val,15.307744,-13.596609
O2wMPdp2-Is.005,val,11.953174,-9.14371
O3_j0d7mq7k.003,val,25.871569,12.890682
O7h-kf7hPIU.003,val,-0.7757293,-7.061466
O7ke1Wjb1ZM.000,val,-1.5309919,6.151057
O8L2pHEIcuo.000,val,-11.294244,-0.25453877
OEKg-Tvwcbk.002,val,8.221198,6.939862
OIRq4d8IyKc.000,val,-4.518016,7.42512
OIRq4d8IyKc.001,val,-7.0092115,5.7242203
OLFhKCgexRU.003,val,-14.100308,-2.1021018
OSDlyk5ZgAk.000,val,-13.296766,5.2252417
OSDlyk5ZgAk.002,val,-13.74677,1.4711185
OSDlyk5ZgAk.003,val,-15.593121,3.706153
OTeEvhxpoYE.004,val,25.615965,-14.158868
OXkDmd3nA94.001,val,32.07533,-11.441546
OZlpENU9h28.001,val,-19.450783,0.92760324
OcS4H_dFeOc.000,val,8.651399,3.074286
OcS4H_dFeOc.004,val,17.341404,9.853011
OdwK_oMdfSU.001,val,-9.830317,-1.5163857
Oe7ItP7gS4w.001,val,-16.052822,-3.7274384
Oe7ItP7gS4w.003,val,-15.467387,-4.84973
Oe7ItP7gS4w.005,val,-17.319452,-3.5138075
OeGMd58Wgsk.001,val,-4.879407,3.5221853
OgPC4wnLJR0.000,val,-13.4493,-3.6171672
OhHg1lyxe4I.005,val,-17.03072,-1.0339876
OiDyfO2zB7s.004,val,-8.007878,9.066667
OiDyfO2zB7s.005,val,-13.669679,1.0002372
OmXuhT4yJpo.003,val,-11.249584,-7.1563883
On2c_8sU8Vw.003,val,4.5062375,3.4340084
OovRk5U9_GY.002,val,22.856478,1.1625692
OoxYhDbzWwg.000,val,14.280146,5.7200313
OoxYhDbzWwg.004,val,-5.1962585,11.391985
Or2_bP4lWYI.003,val,-8.620308,3.7690372
Os7L5C-i9Fw.002,val,-14.224759,-2.8451831
OuE91U_n04E.003,val,0.13940924,-5.9799933
OuE91U_n04E.005,val,4.8039947,-9.731131
OwI3Q-qUqDw.003,val,-12.970945,-2.5394785
OxaBanUE6KE.000,val,7.285096,-5.194996
P0ZzjnS8E24.001,val,-8.459763,-3.800962
P0ZzjnS8E24.004,val,-8.823902,-2.7786171
P0a209IS614.003,val,-12.552575,7.376188
P2B2K7DvUC8.003,val,-7.6507745,7.79495
P2B2K7DvUC8.004,val,-8.107799,-0.5227692
P5HWmGQ1sbw.005,val,16.645933,-6.4157376
P63CUj9KnSw.000,val,-5.061215,1.292777
P63CUj9KnSw.002,val,-7.6865077,1.7641215
P6CH9Q2wH24.002,val,2.8147633,-8.512921
P6g1mZ3f76U.000,val,-1.4239283,15.842873
P6g1mZ3f76U.005,val,2.8616526,18.517654
P7poMmhYnM0.003,val,-6.5934157,4.6132526
P9WDAY-MFzk.001,val,-14.055596,-0.6271084
P9WDAY-MFzk.005,val,-12.506299,-0.4374583
PEjFZNkbQos.000,val,25.288973,12.815031
PHUlL5ZzX5U.003,val,22.93991,20.139013
PHUlL5ZzX5U.004,val,23.128325,24.019753
PHmkN1cPl10.001,val,-16.852953,4.4688096
PHmkN1cPl10.002,val,-16.239096,2.8643312
PHoVRr0MQ5c.001,val,-16.755716,0.8914206
PJxgOFaaUZM.005,val,6.712845,-5.9485393
PK0EPT3k4RM.003,val,9.472878,-4.9221015
PKtzsEqLGx4.002,val,-4.836388,-13.525192
PKtzsEqLGx4.004,val,-4.3841667,-11.789732
PQBGDxYGaXU.000,val,-13.445689,-0.11454366
PQBGDxYGaXU.003,val,-13.23488,-0.9457458
PReOtefm17s.001,val,1.0225099,-3.6148562
PRplbrM70sg.000,val,-1.6045676,-7.233453
PSFLaQYVg1I.000,val,-12.170284,-0.54274386
PTV5TBVRHxo.001,val,-1.3500282,5.461244
PVm7Om88BSw.004,val,-12.908127,-5.5577874
PWAe9M2SxT8.000,val,-11.114674,-8.548159
PWM-bKcs2p8.000,val,-4.1987514,5.379197
PWM-bKcs2p8.003,val,2.766627,7.78041
PXJfSp2WvVY.001,val,-8.107771,5.0916224
PXJfSp2WvVY.004,val,-1.4313788,0.9500996
PYL8BGJKu20.000,val,-17.06857,-3.9520895
PYYC0Jiwfdg.001,val,-1.1878871,-1.7406657
P_wDFLJnW-o.003,val,-6.276512,8.651289
Pb7aNc6Kd40.004,val,-18.040108,0.0044393083
Pc-oQQwkIv8.005,val,25.483585,26.676006
PdE7qRRCz2c.000,val,-5.265795,2.8406446
Pkgi4--hwfo.003,val,-1.7932143,-0.43523443
Po4UGCJbCbw.001,val,-4.524203,8.231612
Po4UGCJbCbw.003,val,-7.9324694,13.01825
Po4UGCJbCbw.004,val,-11.342134,4.6594872
PooFvZH6fK0.000,val,-4.3976707,1.6124917
PooFvZH6fK0.002,val,-6.2449083,0.68389285
PpJ4S8ZM8mQ.003,val,26.138344,3.9813092
PpK8b_LrAfQ.002,val,-0.699997,1.0330577
Pqy0NgxSvU0.004,val,3.3932776,-17.976229
PsHb4YHooKM.001,val,-6.853395,11.591122
PsqpkFKX8co.000,val,4.958552,-3.7311816
PsqpkFKX8co.004,val,11.314726,-8.007194
PtA7yAu9-VE.003,val,9.259526,-12.179099
PxpbeM9VavA.002,val,-6.8142223,6.762104
PyPFJWirPjs.002,val,21.940596,20.632446
Q4z4GRUtccE.001,val,-16.857456,-2.8089347
Q4z4GRUtccE.003,val,-14.134328,-3.0018487
Q6We7dJplls.003,val,-4.6891556,-4.6497345
Q8Hfg0odW2k.000,val,8.447348,2.96183
Q8bdpKNp698.000,val,2.6698284,3.2290323
Q9B3SJkH2Q8.000,val,-16.102821,5.779873
QJcc95Y0XPw.003,val,12.233772,-23.615952
QKcx5msA7iA.001,val,-5.9724617,-8.739631
QKcx5msA7iA.002,val,-9.077941,-6.3145866
QNVsr2mGwGs.000,val,21.964195,-28.86689
QOIP8pV85D8.003,val,-3.7417736,2.938605
QQzeQOoqO20.002,val,-4.4709024,12.919692
QTtTAFqT-no.000,val,13.913496,-9.117614
QTtTAFqT-no.001,val,7.618323,1.4197501
QV4TV3aHxfE.004,val,-17.753082,-0.17790772
QXFRE_pjrAE.004,val,4.5160313,4.4716463
Qa-yF-tByDM.003,val,2.6321075,-1.4746766
QdafN9Y_j-Y.000,val,-5.5012074,-10.409347
QdafN9Y_j-Y.005,val,-7.180095,-0.075191006
QfU5JsVMjfI.002,val,3.3247814,-6.0081587
QiPb8vlGDFo.005,val,8.554374,17.755535
QiR6yJbFCfM.003,val,-2.9354234,3.8930604
QqTw0lnrtBo.005,val,-9.371083,9.143204
Qqc1539E6rs.000,val,-2.009108,-2.267241
Qu81v9Aybv4.001,val,-10.867827,-6.1537294
Qz_cjgCtDcM.000,val,5.6293364,-7.7420917
Qzu9b49qvKo.000,val,24.092575,12.662599
Qzu9b49qvKo.004,val,14.968896,8.517901
R-qB2FX7ZbE.002,val,-8.65265,12.331919
R-vly7LKotQ.000,val,1.6663913,10.465412
R42dmIPCXwo.005,val,-1.1828735,6.635273
R5uXsQsO6Uo.004,val,7.3917384,-13.024138
R6NTuhZtOks.000,val,-14.445844,1.980889
RB9vu-0Y_Fk.000,val,-5.9280434,5.866562
RCr48dXuZYE.003,val,9.922779,5.6565733
RDdB2AqJpog.000,val,36.838478,-1.1183335
RGuHfwIRKpA.002,val,-11.790435,-8.776974
RGuHfwIRKpA.005,val,-16.90189,-8.114603
RJe5yobV8n4.003,val,-14.27143,5.339624
RQdZHLGGR_E.002,val,-3.9623053,-5.067542
RQeoo3idUJc.002,val,19.983385,-9.726066
RQeoo3idUJc.003,val,23.556587,0.98820215
RQeoo3idUJc.005,val,29.800436,-4.675203
RW4a2ERzTO8.002,val,-12.366508,7.038858
RWhyKkFI3zw.002,val,-5.6292114,6.9181304
RYG6XhdmPY0.003,val,19.04354,2.930237
RZgTERiRDjA.000,val,-12.152072,4.246478
RZgTERiRDjA.002,val,-13.962913,2.054517
RgZTZIf8K8g.005,val,-13.688588,1.9419149
RhFPotjd0hM.005,val,-12.856749,4.510508
Rops7WYMCCY.004,val,-6.018183,3.6497192
Rp_gyvKE4hI.003,val,-3.0087116,11.268263
RsYSOFRFszk.003,val,-0.59060925,4.633143
RtbBc9kI6tE.000,val,9.111879,10.943366
RuRn2t7iPSc.001,val,-3.9471805,2.9295685
RuRn2t7iPSc.003,val,-0.8152338,7.061971
Rwsss8y1bf0.001,val,-16.924955,4.978614
Rwsss8y1bf0.003,val,-10.887708,-1.5824873
Rwsss8y1bf0.005,val,-13.534668,-0.029560462
S-e9-bW4seo.003,val,-14.827556,3.098819
S-e9-bW4seo.005,val,-10.860563,-2.264791
S1AEj1kO5dc.001,val,28.330212,0.61324084
S8GxCRs1SbQ.000,val,-10.229925,-5.3199143
SBPcIiyUHhE.000,val,17.641659,8.990691
SFHklR7lWCA.001,val,28.387548,-11.5787115
SFRis1tTZWk.005,val,1.1475904,-1.8177214
SFxiMxHvJuo.002,val,-12.479838,-5.3865094
SGnhyxlbqaE.005,val,-10.623819,0.41779515
SIpQm4G4DDg.002,val,-12.1981,9.073147
SNEoE1c-k64.001,val,-10.688898,4.235304
SPD5fXHVyIk.000,val,33.225697,14.0360365
SPD5fXHVyIk.005,val,36.31634,22.349705
SR1Q5M2urxY.005,val,33.292946,6.393294
SRjhmQTPOmA.000,val,-2.7324317,3.3251257
SRjhmQTPOmA.003,val,-0.90953565,7.9105453
SUI6WNryjqw.001,val,-6.198417,-6.7336454
SUI6WNryjqw.004,val,-9.233139,-7.1462474
SUI6WNryjqw.005,val,-8.511667,-6.641872
SYlV95nPTPs.002,val,-16.346792,7.99413
Sb1b8JMVhLs.001,val,-9.379943,2.9608285
Sb1b8JMVhLs.003,val,-9.755824,0.972858
Sdqg-jn_tBk.003,val,3.9280617,14.028214
Se3Gts4u1vs.001,val,-9.991049,-0.63226455
Se3Gts4u1vs.003,val,-10.250179,0.23864532
SfldZBPyPFo.000,val,-11.7236595,8.020767
SgWtBK48AjE.000,val,2.4846456,6.3413224
SkNO4x-LSgE.000,val,-12.495582,4.2735233
SsoZjq7x4MA.003,val,6.58046,1.5705395
Ssy7T1T0yKg.003,val,35.05155,-8.893532
T-mK85acIOc.000,val,38.42502,-19.66993
T1--98_78ns.000,val,-9.446446,-2.4973292
T3v3-2tvV0s.001,val,-19.229078,-5.3133307
T3v3-2tvV0s.002,val,-18.267332,-6.29891
T3v3-2tvV0s.005,val,-17.038246,-6.940763
T4eZ81aJwJI.002,val,0.20320815,-4.3423314
T6CMGXdPUTA.003,val,12.486708,-10.300144
T8ibN-b3h7Y.004,val,-9.878863,-4.968859
TD2jIXMD-SM.004,val,0.43908444,7.0030837
TEGJrmNFvXY.005,val,-8.527153,-0.29984084
TIRrlL71dEQ.003,val,-13.845881,-3.1595654
TJJJfJfj46M.003,val,6.3009777,-0.12362038
TK6hBCARiHI.001,val,7.4614086,-17.515076
TK6hBCARiHI.005,val,6.2697535,-13.528285
TNtcyfM9jak.004,val,15.261045,-18.251522
TPRQyuiNYmI.000,val,-10.143566,-3.9814746
TPRQyuiNYmI.003,val,-18.815397,-1.8899046
TPRQyuiNYmI.004,val,-19.82483,-3.4562128
TQHzCznQ14Y.001,val,-18.5669,-6.688747
TQHzCznQ14Y.002,val,-18.941462,-6.820496
TSGpD2NBeCQ.000,val,-13.273954,3.61341
TSGpD2NBeCQ.001,val,-16.934692,3.158613
TSGpD2NBeCQ.003,val,-10.405517,10.454279
TTx4lC7LLcI.002,val,23.52049,11.966209
T_X16g5ExgE.003,val,21.483906,-11.153051
TaTMtWvSmu4.002,val,-6.216551,0.7892411
Tg8a_iNEamM.003,val,10.815151,-0.5614101
TjdXLXsOnkw.001,val,8.074414,-7.321967
TkCDs7NlXyU.002,val,-14.991,0.053179957
TmpP2fXeVtk.001,val,-5.78878,-3.0871913
TmpP2fXeVtk.004,val,-9.252876,-1.2426996
TyE0bVJZZto.001,val,43.94033,14.459998
TzW_VxrCR30.001,val,-14.674587,-2.5913296
U-XrzfFzMkg.000,val,23.854311,0.2407899
U-XrzfFzMkg.003,val,28.171032,-3.2442968
U22Jy0m5xSQ.002,val,2.4421916,3.2848003
U2RemWUyjts.001,val,-13.167934,-2.6322286
U3UaF1aFek4.000,val,6.00773,-1.8158342
U3UaF1aFek4.004,val,-5.277321,-0.6059496
U4tSfXq-neQ.005,val,-5.770392,0.1688464
UA6UY69EVSI.003,val,-0.7547153,19.797077
UCKiPkp4ZkA.002,val,-3.860861,-5.8360305
UGp1GNK0GWg.001,val,10.3566265,24.242014
UGp1GNK0GWg.002,val,0.5247006,15.992363
UGsr6Vnqf7I.000,val,-6.75012,-3.603304
UMMhvyjgRnM.005,val,-13.665299,-1.9436762
UQeuBvZNusI.005,val,-14.789416,-1.7670951
US4PxgfKDeA.001,val,29.031412,15.811855
US4PxgfKDeA.005,val,16.110962,9.410074
UWVOT3YPQH4.000,val,-3.291711,-0.438732
UhNyHUwo1SY.002,val,-16.811241,-3.3382018
Ui1ajQU5Ib8.002,val,19.480434,-4.8047643
Ui1ajQU5Ib8.004,val,20.83267,-0.22827114
UipoC_HLOP0.000,val,-12.050641,-5.232588
UzgW75Fd4jU.000,val,19.711592,1.9288256
V1TjmLtgNm0.003,val,-4.0837193,-7.450782
V1TjmLtgNm0.004,val,-7.150438,-6.317945
V2nvyZB-JNM.000,val,-17.55134,-3.3177137
V7_h3URfSFY.001,val,-13.851947,-8.685416
V8w2Lo5wxl8.005,val,-16.577847,-3.0541403
V9roK_mLM-w.001,val,-2.541518,2.183822
VForU0EmBr0.002,val,-10.214283,6.750562
VJf0lkXcy2A.000,val,-14.585826,-0.96617705
VJuVsi6G96s.005,val,24.99274,17.802322
VNK6LQHh25w.003,val,4.0772605,-14.435624
VPFrKx72gvo.000,val,-5.8849344,8.924913
VQMizni7nY0.002,val,-12.022214,-4.4374084
VQMizni7nY0.004,val,-13.644262,-4.1924095
VQMizni7nY0.005,val,-11.633957,-2.9388156
VUgKH9DIs-8.004,val,-2.3557842,6.547314
VZ6jhnbk-5g.000,val,-11.331467,-6.4898777
VbiUhNAdzus.001,val,1.7391123,-2.2386916
VbiUhNAdzus.004,val,-1.4612323,-1.866557
VhHnmeRABJw.001,val,-14.531985,-1.605457
Vimaz7NzPIg.000,val,-4.6287727,0.67271817
Vj-Cmtqv_qY.000,val,-15.648987,-7.003185
Vk3scj5vhd4.002,val,4.6138697,14.5274105
VmXZ2jMWuvk.000,val,-16.676535,-1.9281715
VmXZ2jMWuvk.002,val,-16.191969,-3.694264
VmXZ2jMWuvk.003,val,-17.901794,-4.39265
VmyIItgMzpE.000,val,-16.865065,-2.2597
VnUkBYQkJms.001,val,18.611523,10.566493
VqKQeFMo0pI.001,val,1.707495,0.7491897
VuadgOz6T7s.003,val,-18.897167,-3.1320279
VugKq4gOi50.001,val,-13.814903,0.8891231
VugKq4gOi50.002,val,-9.3322315,1.2158412
VugKq4gOi50.003,val,-11.942224,7.1768346
VvVigAr4hZc.001,val,-9.719195,1.5913056
VxtZDXM0cuQ.004,val,-17.787918,-2.4374604
Vyktsh14Kww.003,val,5.955533,-10.059616
W0Ay5uul8j0.005,val,-12.27927,-4.687183
W0FCCk0a0tg.002,val,-5.4844537,9.205917
W0LRjSS9pVM.005,val,-16.188911,-3.1527348
W7BbL3NZvrU.003,val,12.17765,13.3460045
WATt9OOVZh8.005,val,-10.581029,-1.7395861
WD1WsbooU2w.000,val,-15.104964,3.4056556
WD1WsbooU2w.003,val,-14.572908,2.0726285
WD1WsbooU2w.005,val,-10.880766,1.7846828
WER4ww680QQ.000,val,42.926174,-4.6340346
WER4ww680QQ.002,val,19.334831,3.711972
WER4ww680QQ.004,val,34.20182,15.85077
WFY3xwXQ0Zw.003,val,-8.021093,-0.30351335
WMp0lsXbOqM.001,val,22.979706,-21.791763
WRz1F6DqmRQ.001,val,-7.7121186,3.3103716
WT1YjeADatU.004,val,-4.3300357,2.867949
WTzDOt2GO1M.000,val,23.972809,14.40427
WTzDOt2GO1M.001,val,25.210678,12.889988
WTzDOt2GO1M.003,val,24.86759,17.636108
WUNXs4r_xCU.005,val,5.213064,-11.765681
WZnLayQeIZ0.001,val,-16.8708,-4.037574
WZnLayQeIZ0.002,val,-2.0704215,-14.712213
WZnLayQeIZ0.003,val,-7.2108135,-10.390787
WfCSCxADlrg.000,val,27.846205,12.127068
WfCSCxADlrg.001,val,30.856932,7.93262
WfCSCxADlrg.003,val,23.673304,10.473783
WuHLxhCSnGs.000,val,9.139343,3.8009937
WuIKjBb7s4Q.001,val,-3.3313258,-1.5076455
WuoQDp7pU24.000,val,-4.957953,4.98372
WuoQDp7pU24.004,val,2.176069,9.107147
WwGca41TJVU.001,val,3.7223763,1.2043293
WwmWN63mkT4.000,val,-14.438556,-6.6385703
Wx_oe0SxD9w.004,val,-19.15044,-2.1998167
Wx_oe0SxD9w.005,val,-16.092007,-2.2664373
WyLqK6wzYLU.004,val,-0.99734443,-2.2904847
X1EjfXX3NTk.001,val,-4.803094,5.806414
X1EjfXX3NTk.002,val,-0.59996873,6.895497
X1kqn3XDFRw.000,val,3.1806474,-0.8936769
X5aKCrWf6a4.004,val,-11.10246,-5.764559
X9AEEGzWSU8.004,val,-16.27339,-1.051538
XAO4l8Ej-J8.001,val,5.119192,-10.644719
XB81sertsYU.004,val,32.23953,-9.58241
XDwSKV_-Rhc.000,val,1.9281949,-5.2041597
XFpzukISe6s.001,val,-10.923948,-5.2843847
XH4rem3vS9w.003,val,-15.340472,-3.2405562
XLKNGnpTO9k.004,val,-7.1007895,-5.943883
XNWN7ScxVIA.000,val,7.819451,7.1595106
XPV4pavXh94.000,val,3.2490273,4.896476
XQ3do4LDFv8.002,val,-10.641597,-3.3465867
XQZ5M9oLkXw.000,val,-15.674997,-2.1646388
XQZ5M9oLkXw.004,val,-19.039383,0.017173868
XRoSKIIFp9c.000,val,-8.893273,0.3769541
XRoSKIIFp9c.001,val,-4.046652,1.5661156
Xauhek9-iKA.000,val,-4.289545,5.0410914
Xauhek9-iKA.005,val,11.330264,7.6802588
XbsA_lCKQLs.000,val,-18.371252,0.13979228
XbsA_lCKQLs.005,val,-17.621284,0.95527285
XfK7WZ3skUM.002,val,13.518393,2.062655
XfUqFt2amrM.001,val,2.7690787,5.1154933
XhgDsQlEnuU.005,val,5.7250257,3.1578104
XndWJ1ieKwY.000,val,-17.035906,-1.1902074
XoyQKsK7OtA.001,val,2.6103709,-4.1004176
XpY-cxkbYdo.005,val,19.840372,-3.8145254
XtI2ju2a8iM.003,val,-6.4959397,-5.6829967
XuXhY_SCkNI.005,val,-10.994522,-8.391235
XvV4YdhpC2w.000,val,8.358317,3.4923284
XvV4YdhpC2w.003,val,4.5569077,5.018816
XvV4YdhpC2w.005,val,3.9559639,4.3102674
Y-YdRocu0os.002,val,3.4565098,7.339906
Y-_JeJoCjUo.004,val,-5.4581037,4.717452
Y1LrgyCJtpU.004,val,-14.7537985,1.5502652
Y6iogSmj6FQ.000,val,-0.5360612,4.9885335
Y6iogSmj6FQ.004,val,0.42985737,4.4310846
Y8gv_ZK3w4A.001,val,4.34427,10.762637
Y9wnqLKhNNI.002,val,-2.4303575,4.102195
YGrCXe2-fVk.005,val,-6.476637,4.048729
YHpEi96AY9w.005,val,31.228783,-17.908762
YN0Xd70SqEo.000,val,18.869852,-8.2553625
YNlhBpVk1tw.003,val,20.542753,17.708273
YOdKAtXbOoQ.000,val,-18.257256,-4.003178
YP7N98ECZaI.000,val,28.237041,4.174296
YPMffqhP0C8.003,val,1.9080676,0.7595184
YPnuq0tDDqk.001,val,-8.891704,4.9040737
YPnuq0tDDqk.005,val,-13.153909,5.7222023
YSqiT8g7SYM.002,val,-8.671457,-2.7776423
YZp79VcnY0w.005,val,9.8563175,6.709838
YbdJd16c3eo.002,val,9.661193,3.7743726
YbxdeEd7wq4.000,val,1.1202244,-14.343837
YdxS3f4HXaA.001,val,-11.026583,7.558654
YdxS3f4HXaA.002,val,5.729404,16.921202
YdxS3f4HXaA.003,val,3.8354704,15.9665165
YdxS3f4HXaA.004,val,9.61342,10.5204315
Yj36y7ELRZE.003,val,7.0664096,18.898672
YjXUMygVw7U.004,val,4.7953634,12.120301
YocrYFLm4CM.005,val,-10.624628,-2.5769222
YqgiL3iN2ak.000,val,16.256018,-20.672016
YryBLVZgJj0.004,val,-19.36796,-2.3786702
YuoLr4xDvbE.001,val,4.848465,-13.311574
YuoLr4xDvbE.003,val,-9.21718,0.4552956
Ywfun1LIwOE.000,val,21.754404,-5.019808
Ywfun1LIwOE.001,val,12.299706,-8.824934
YygvfVxOWP8.001,val,-9.094884,-9.22306
YygvfVxOWP8.002,val,-11.559664,-6.93916
YygvfVxOWP8.004,val,-10.8872175,-3.9371455
Z3E1jkaNRKs.004,val,-17.026442,-2.2451425
Z3E1jkaNRKs.005,val,-16.437225,-4.5595765
Z3FdUfZLHyw.003,val,25.902115,26.873077
Z5S5uGXkNuc.000,val,-14.027681,-1.1506917
Z6Yb7xE4Jb4.001,val,21.663733,-11.228733
Z6vQQvro86Y.000,val,33.52267,-13.90842
ZGox7tevC6A.001,val,-1.4491704,5.2597284
ZNRfeL8nPfw.002,val,-3.1542041,-13.0192175
ZNymNgd5EuQ.002,val,-0.39719996,-0.6954044
ZNymNgd5EuQ.005,val,3.7063425,-0.9319688
ZRl_k6DzTeI.002,val,-5.069334,3.739884
ZRrduU1CXqU.000,val,-10.630506,-7.1401997
ZYrFfvp7_Mo.001,val,-8.864197,-0.22493267
Z_STuUHKQTg.000,val,12.687051,2.853575
ZaihsIQZCx8.000,val,-14.622508,6.528988
ZaihsIQZCx8.001,val,-12.558159,0.6358741
ZaihsIQZCx8.005,val,-11.0919075,4.4571266
Zb5BstGpJ48.001,val,0.023464782,8.582475
Zcw2LevK-EY.004,val,-15.748539,5.8545046
Zdz0TqboSNI.001,val,-7.9738407,3.928775
Zdz0TqboSNI.002,val,-0.591481,17.858059
ZeGT9pSG734.005,val,-14.5078945,-1.3208171
ZhPQrqxo2mw.001,val,16.675138,-11.615316
Zi7QHI_5ipU.002,val,25.332457,-26.984919
ZoHY-rWJsyw.002,val,-9.00119,-5.320346
ZqbJIM7rmO8.004,val,-13.589226,2.9265225
ZvxUUh2wN7s.000,val,4.1771193,8.963113
Zwu5Y5r3Lrs.000,val,5.126828,2.7238643
Zwu5Y5r3Lrs.002,val,4.500691,5.343407
Zwu5Y5r3Lrs.004,val,5.6456385,-0.5380726
Zwu5Y5r3Lrs.005,val,6.7227507,2.0466306
ZxxRJRz2hf0.001,val,10.402043,-9.99669
ZxxRJRz2hf0.005,val,11.670159,-15.367437
_01AyUz9J9I.000,val,-0.7616241,14.016616
_01AyUz9J9I.003,val,-3.3478844,6.0239034
_0bg1TLPP-I.003,val,-18.893225,-2.9183931
_2DSmy36OEM.000,val,24.76571,-0.17146051
_2DSmy36OEM.005,val,30.638733,11.325325
_5ltHlmGvq8.000,val,-0.025650801,-3.8852088
_65KGQpiabs.000,val,-9.641918,-0.8581081
_7s27dUoYVg.004,val,-11.726616,-1.5598216
_G3kw9HwCqY.001,val,-15.67302,2.3888495
_GFregyrwfo.000,val,-6.6569147,10.186455
_IQX3zjINy4.003,val,8.714332,4.001998
_IS6GFmQYj4.001,val,-10.815066,1.1713773
_IS6GFmQYj4.005,val,-12.067043,1.1714708
_Q4wOgixh7E.003,val,-15.212373,-3.4771638
_QXI4n_FRN4.000,val,5.146826,6.0259953
_QXI4n_FRN4.002,val,9.558848,2.4184263
_QXI4n_FRN4.003,val,8.761516,3.3996906
_RfHkyf68Zs.000,val,-10.935596,-5.5247674
_TbRQa4InvM.004,val,-2.028875,2.171957
_UnoRkHkYB8.004,val,9.986079,0.74588275
_VsE38xSmdM.003,val,1.2329739,1.3772444
_ZAqTHlu2ts.000,val,-11.445375,-6.92684
_ZAqTHlu2ts.002,val,-10.901154,-7.835243
_ZAqTHlu2ts.003,val,-9.311154,-10.104204
_fFmEyvWgfA.001,val,-5.2874527,3.8908916
_fJcW5234bY.001,val,-12.475546,-6.4861617
_fJcW5234bY.003,val,-12.981787,-8.404732
_g3M_MoFIvA.000,val,16.211926,-5.8025703
_g3M_MoFIvA.002,val,2.1518936,-4.8843327
_hR9AD-eIy8.001,val,-4.914492,-2.4717052
_hR9AD-eIy8.002,val,-5.984948,-2.668393
_kK9tGN883Y.001,val,-17.567987,-1.0292789
_kK9tGN883Y.003,val,-16.674908,-4.215596
_mvqVnzddCw.001,val,13.192331,-4.7126083
_uNup91ZYw0.000,val,-2.8215141,-6.230503
_zI6qgTJOSA.003,val,8.3003435,1.6295236
_ztmNiy8D3c.002,val,-9.419245,4.1435947
a-nUsP7oETI.004,val,-1.2160308,8.497587
a38rz5AIslE.000,val,-1.6306664,2.2396462
a38rz5AIslE.002,val,-1.4212224,5.038436
a84s1DYag-I.000,val,11.9161,6.950865
a84s1DYag-I.003,val,14.704385,6.933644
a97PXgrKSxo.001,val,-9.259035,-6.9676785
aFVFvJNnFt0.002,val,-11.306437,-0.5288533
aIwWcLojoh0.000,val,-6.204494,6.678196
aL0oPOOeoB8.000,val,-9.774123,7.2902827
aLAqJkRWKuk.001,val,0.21166527,9.373113
aLAqJkRWKuk.003,val,-5.446668,6.359431
aLvpOYqzErk.001,val,14.355613,19.334307
aLvpOYqzErk.002,val,13.458387,19.988829
aLvpOYqzErk.005,val,10.815423,6.748137
aPTNxA43WHY.001,val,-12.072935,-1.829801
a_HpQgY5vb4.000,val,-15.816635,-0.75092673
aaDlp62qn60.000,val,-10.385986,3.44702
adBtc3XrSsg.003,val,-10.087125,3.5406907
aenedH_X3Us.000,val,37.018936,-6.6530466
ahqyOhg6D7c.001,val,-5.2006235,7.4006886
alucqviYJFE.000,val,-12.278159,3.9666722
alucqviYJFE.005,val,-11.753175,2.3850017
aptKaxP81xA.001,val,12.490642,-6.411936
aptKaxP81xA.003,val,2.1655252,0.21621516
aptKaxP81xA.005,val,12.966715,4.755504
ax1Fck6zMzk.001,val,-17.598902,-6.408592
ax8wm9K41og.002,val,-2.1090066,-2.9223957
ay4cdKr1I0o.002,val,-9.973928,1.1150879
b-qfeGqPd04.003,val,-8.258669,6.052322
b2Y41GrCrPs.004,val,27.017153,-14.197416
b2Y41GrCrPs.005,val,41.595028,-15.465356
bAxlTgobVHE.003,val,-1.9984808,0.5208716
bBqZyG-9ksM.000,val,34.94039,9.878545
bBqZyG-9ksM.003,val,24.503857,14.273796
bBqZyG-9ksM.004,val,23.751274,8.897706
bDjqDn6susQ.002,val,-11.379138,1.5441533
bFwtVtZodIg.001,val,10.884903,7.4704385
bFwtVtZodIg.003,val,5.7222877,-2.4694731
bJktioZ5Yxk.001,val,-11.116056,-1.1411568
bJktioZ5Yxk.005,val,-3.2650619,-3.8275821
bLOSPQ8MAC8.000,val,-14.139066,-3.132216
bN2IM-rqZlc.001,val,32.56723,32.63042
bN2IM-rqZlc.005,val,24.886238,27.312794
bPLhV0PGR50.000,val,9.7363,13.367695
bSeTNdOtK7I.002,val,-18.138456,-0.7570378
bSeTNdOtK7I.003,val,-20.440672,-0.9006115
bTLTLzXehPE.000,val,-14.723709,-6.268321
bTLTLzXehPE.005,val,-14.497592,-3.1767755
bYXRyimxh7A.005,val,-3.8368587,4.6632566
bcRPLKygrNk.002,val,18.900143,-1.1283158
bcRPLKygrNk.005,val,8.759782,-2.091382
bcx6xr9Ja-8.002,val,-3.7167697,11.362672
bej-DbxTkWA.001,val,-11.442558,3.465609
bkzgccBFztM.002,val,2.6848607,-6.475104
blAjqQ0ja8Q.001,val,-14.066717,2.4837363
blAjqQ0ja8Q.002,val,-16.57338,2.233852
blAjqQ0ja8Q.004,val,-15.368819,2.1926973
bnoPmV0_aIc.001,val,0.34695294,1.5352112
bt-ev53zZWE.005,val,17.985245,-3.7926023
bviHajVIie0.001,val,-17.016312,-7.6804423
bzaOB8BoWPU.001,val,-1.8676105,13.53264
c2LeNguVNrI.000,val,-16.411102,-5.0248613
c2LeNguVNrI.005,val,-16.718355,-5.9525456
c3esnCQDoKc.000,val,-3.6610904,6.489679
c4XnKouozXU.002,val,-16.469349,-3.3966627
c4XnKouozXU.005,val,-15.322666,-2.055259
c5ZnKbaNCE8.001,val,16.280691,10.919762
c5ZnKbaNCE8.002,val,3.754298,8.69539
c70zW-HoZUA.001,val,-13.6860075,-1.7345891
cA3KzjBNr4M.001,val,14.90179,-22.208694
cA3KzjBNr4M.004,val,27.086382,-21.782728
cFGjJg-2zOk.004,val,9.259249,7.3588123
cJs_LosR-u8.001,val,-13.011903,0.33846602
cJs_LosR-u8.003,val,-13.38019,4.8785043
cJs_LosR-u8.005,val,-14.429169,4.567653
cMLkNVKkaOQ.001,val,-7.826653,-6.8283234
cNXnowQb7rs.001,val,1.1717066,-2.9806108
cOo5N1qblyw.000,val,-1.4550794,16.416636
cOossY5pTrU.005,val,3.0444002,-10.003241
cQRFb-xa4Vc.000,val,-14.739588,-3.6485379
cRDYrvxRJ6U.004,val,-7.1390963,-7.030603
cT3oyHhUznw.000,val,28.687786,1.6224728
cY3nHc5fDYE.004,val,8.074094,-4.7512393
cZ6xhB5yhfY.005,val,-16.508583,-3.9851122
cdtZKwM5NIM.002,val,34.15576,-10.692604
cdtZKwM5NIM.003,val,24.945625,-6.3163347
cgGCyBMdGrA.004,val,4.996538,1.5811212
cgT-3CHBmKs.001,val,-5.9429827,10.258428
ciWUq6iQTIE.001,val,20.142868,12.206679
cjbh1lfr43c.001,val,-15.789312,5.228363
clMg72MI8rw.000,val,-9.540768,-2.622597
clMg72MI8rw.001,val,-9.030281,0.77315027
cpzY1b6wJqs.000,val,18.845446,-5.6889253
cvHqtadNJDo.002,val,-13.716664,-0.503467
cx8IycWgMVs.000,val,29.448828,-2.6860654
cx8IycWgMVs.002,val,14.477965,11.941877
cxJ0u6r0-pU.004,val,-10.982568,5.585878
d4cPiUXpGbc.001,val,-15.276149,-3.3693912
d4cPiUXpGbc.003,val,-5.418858,-5.210924
d4cPiUXpGbc.004,val,-9.474504,-9.691788
d4iSwRMV0bA.001,val,44.811913,-20.084503
d5ujzxBlvwY.000,val,28.995995,11.339297
d8skGb2ycio.004,val,-12.317487,-3.142169
d8skGb2ycio.005,val,-12.245246,-1.1436005
d9_YDJdF-7I.004,val,-2.668015,0.2826677
d9_YDJdF-7I.005,val,-3.912363,3.8605907
d9ekvXz64Mc.001,val,2.3582373,8.673617
dB-kMg4t-V8.000,val,-18.979244,-1.9156257
dB2XYhvqUBU.005,val,9.842116,5.5999928
dB65He57Ki8.003,val,0.68158203,-8.956908
dB65He57Ki8.004,val,-3.2614398,-6.50171
dDi6vy-OZRg.001,val,-0.39903972,-3.7161477
dLaqub4BEsA.000,val,-10.629603,1.3236231
dLltwqkvsNg.004,val,9.415293,4.6117473
dNXqs5HNijI.000,val,-16.34055,-2.5994036
dOFnHXRLEdM.002,val,-10.928885,1.0827367
dOFnHXRLEdM.004,val,-8.552334,-2.2588406
dQOeQYWIgm8.003,val,-8.302622,0.13237678
d_POf1pikX0.004,val,-16.086748,0.3513252
datcFOBWYxc.000,val,-16.599203,-5.143308
datcFOBWYxc.002,val,-14.978015,-2.285254
datcFOBWYxc.004,val,-16.642132,-4.1937766
dh6iOU2RtTA.000,val,15.314405,-6.0162525
dl9IT3OvI0o.005,val,26.107656,-11.170079
dmOKZLeFKCM.001,val,-15.521462,2.5202632
dmycfNpiWCE.000,val,-5.594483,0.45206124
dmycfNpiWCE.003,val,-4.184819,-3.3873773
do8FmnQbI5I.002,val,8.334669,-5.0165915
do8FmnQbI5I.005,val,1.8112885,1.4215848
dvCKoyBG1pE.000,val,9.124203,15.215917
dvCKoyBG1pE.003,val,8.665728,20.119394
dvMeqVbpKW8.000,val,4.944301,0.7095741
dvU5jYExl0o.000,val,13.367873,9.96625
dvU5jYExl0o.002,val,17.56779,4.1346583
e07IozLUeKc.004,val,3.7304893,2.6448298
e3Y7na4SBh4.003,val,-1.7077473,-3.1641855
e5gDLMLOE9U.000,val,-14.050595,-3.1348622
e6YTvjDXEl0.000,val,-13.237181,-8.427458
eAkWSjU-JyY.003,val,-1.3199903,0.7345577
eI_7SimPnnQ.004,val,-8.44255,-8.175741
ej0RpdM9kJA.004,val,-16.528822,-2.6404366
encC96iqr9Y.000,val,-8.462405,8.454862
eqXrUXW4yHY.000,val,-8.683819,-2.5250938
erjlIt61pUk.001,val,-2.6754017,-3.1799903
esk_mav4MRk.004,val,1.3281035,6.0864067
euRnmvd_dus.000,val,-7.384343,2.4929893
evrzg3Pzyc0.004,val,15.605031,7.800822
f0LnGz5Z6kA.003,val,-4.264888,7.6570077
f7E26XfU8rw.001,val,6.3512645,19.871925
f7togdqxEoo.001,val,-11.126856,8.796767
f7togdqxEoo.002,val,0.3607602,18.132069
f7togdqxEoo.004,val,0.038487628,12.263611
f7togdqxEoo.005,val,-6.0966797,14.075051
f83xK4chMJs.001,val,-5.4237905,4.5385485
fBMKlYUjA9E.004,val,-1.1690091,-6.6996717
fBMKlYUjA9E.005,val,0.6244611,-12.516247
fBcc1UMtZME.000,val,-2.9943135,-6.5015645
fBcc1UMtZME.002,val,-9.325376,3.1830378
fDBpO2TyB-Y.001,val,-12.707089,-2.120045
fDw_PAgW07o.004,val,-7.8447886,2.3435795
fEC3lEDxRnc.003,val,14.718153,-1.1016719
fG-hvGTHoec.000,val,3.8749404,-6.1234593
fKrX-KXgXYM.001,val,2.5681155,-0.60059243
fSDA4eEyGHk.001,val,-7.1795554,3.132998
fSkQXqXR7D0.003,val,9.690516,-7.8927245
fUIWjaZCYwM.002,val,5.917501,6.5313015
fUf2XzWpSVo.003,val,-9.646128,-7.449788
fUf2XzWpSVo.004,val,-10.835709,-10.4411
fY4gU5NiV_I.001,val,1.4043634,1.1406583
fY4tctYZTz8.000,val,-14.967019,-1.8770761
fY4tctYZTz8.001,val,-14.118147,-1.1246369
fY4tctYZTz8.004,val,-18.81112,0.23159476
f_mEEFFeh-0.002,val,-10.872791,-2.218129
fczufbliJfQ.000,val,30.763056,-10.972812
feg-RNvT-t0.002,val,-3.0809731,4.2155786
feg-RNvT-t0.003,val,8.2924,19.175594
fiVORaERbP0.001,val,-20.182615,-1.2201055
fiVORaERbP0.003,val,-20.319082,-1.2361547
fipvPdFbKN4.001,val,-4.045109,0.44638816
fipvPdFbKN4.005,val,-2.967182,11.548652
fkDqn2muw-A.004,val,3.1613207,-13.702096
fk_ggmC872E.004,val,-12.958565,-3.9601355
fk_ggmC872E.005,val,-21.105846,-1.3933105
foj4bqLSmF8.000,val,-14.808015,-4.307667
frEf7Kz1Usk.000,val,-13.402372,-4.0586624
fsCK8Xuzl1Y.002,val,-7.023675,2.6797857
fsLf6Xv_Gbk.004,val,-15.320146,-3.071738
fsaslN7xV-w.003,val,-7.456608,-11.014218
fwJykIyvS04.005,val,23.1277,-10.913964
g0PWBzU95sI.002,val,-9.078104,1.2530855
g0Zlp-F6Z6E.005,val,0.07237207,-2.9457693
g9zgIN56MnQ.002,val,-13.998817,2.4089518
g9zgIN56MnQ.003,val,-10.39859,-0.656443
gCLfduV3Phw.001,val,-10.595569,-3.372671
gCLfduV3Phw.002,val,-12.321129,-3.6182406
gCQT7zfS7sI.000,val,-17.993584,0.1853225
gCQT7zfS7sI.005,val,-18.000513,1.123219
gCd5bIDNAbI.003,val,-20.24485,-1.7930535
gChqk1izWkc.001,val,21.157967,7.300286
gIWZPg1BxlU.000,val,-8.144421,-11.377114
gJMH7pfz-14.005,val,-5.3623095,6.225041
gKxJl7pIYMo.001,val,16.346926,-8.670735
gM_KAA-ejJA.000,val,11.655517,-8.348719
gZblxCs4EV4.002,val,20.405046,-5.6630926
gZzB49daFfA.000,val,-9.265741,-1.4059318
ga_XczsO4eY.002,val,27.92215,20.378094
geji1U2YAvg.003,val,46.22567,-18.17788
gfTTzlRNF8s.002,val,9.056249,-9.168247
gggp205gPMI.000,val,-8.915854,3.6846473
gipWTZy9mjI.004,val,-5.509593,3.3546188
gj3-xvhPeWg.000,val,-7.744646,6.1444917
glgfB3vFewc.001,val,-3.2222624,-8.055106
gq0yaEv6gSE.001,val,1.9304883,14.018266
grhDDOLsBho.001,val,-14.374129,4.734903
grhDDOLsBho.003,val,-14.458474,2.0571232
gsleSGEZHAs.003,val,5.6531143,0.9071985
guthEFaGEiA.001,val,40.789143,-2.815158
h2-_bQdTZYY.005,val,-3.155483,-3.6749306
h6LOjpCRXtY.003,val,-1.1522146,6.0516553
h6LOjpCRXtY.005,val,-8.722771,-1.5326355
h7qbP1GS50U.000,val,-10.805367,3.3439212
hDqsuyVeWmw.002,val,-17.351757,-3.115791
hDqsuyVeWmw.005,val,-14.009507,-5.475207
hG0I7DLSSYg.000,val,0.70872736,4.000247
hG0I7DLSSYg.004,val,-3.8612952,3.9404416
hIxLNK_x_QA.004,val,17.349434,-13.662302
hK5lmI9pwck.001,val,-10.821938,-4.137528
h_GDQ9_H1es.000,val,3.0917706,-8.514841
heE4ZZXwehI.000,val,-7.157897,15.066918
heE4ZZXwehI.004,val,0.9775114,10.09998
hjQpiGBO1Ao.000,val,-10.300064,0.7341598
hnMp0eX28es.002,val,-6.0828466,4.1790724
hnWMsZEQWt4.000,val,-17.73842,1.1544166
hqe-8SMJGmc.000,val,-9.9388075,-5.8218493
hqe-8SMJGmc.002,val,-9.655383,-6.0222692
hqe-8SMJGmc.004,val,-14.943891,-2.8252726
hqe-8SMJGmc.005,val,-12.198824,-5.266799
hquzfo9MVDo.004,val,-13.96678,-6.9007373
hrat_RJczFM.000,val,-8.775544,-1.5930685
hspeWl-Bip0.000,val,19.78491,14.366379
huIQlWsIEvY.001,val,-13.075173,-4.129994
huIQlWsIEvY.002,val,-15.499451,-4.9004984
hvGLlMhj7iE.002,val,-15.493837,-2.8430774
i3s5XtbhSrE.004,val,20.881027,-15.694906
i4IVTm3uvoM.003,val,-12.170301,-1.6101978
i4IVTm3uvoM.004,val,-13.184015,0.7759592
iFSF6v3xw_k.000,val,-2.2872746,-4.251104
iGBVrJMr62U.004,val,8.625036,6.6407757
iJGHwoJKEpA.000,val,-17.462173,-2.7521896
iOB65zCiOFM.000,val,3.1438272,11.899606
iOB65zCiOFM.005,val,-11.425312,-1.7786965
iOv0_RdVPCM.004,val,-9.128323,3.2627618
iQvoDdxt06M.004,val,5.2597036,-2.5520806
iW1t-ZiG2rc.002,val,-3.7520907,-2.479144
ibawV2tqKug.002,val,-16.273756,-5.7463393
ibawV2tqKug.003,val,-14.671947,-0.4554957
ic_LECbCm5M.005,val,-5.0985703,-1.6007411
iiW_nu6JITY.000,val,-0.6822526,2.2864823
iiW_nu6JITY.003,val,-3.681115,4.953108
ikCqtEGQbrg.000,val,-3.5157244,-0.96717983
ikCqtEGQbrg.003,val,-3.8656461,-5.72821
ilOi-sQo9HI.003,val,-16.253178,-6.209861
in-HuMgiDCE.000,val,-11.1012,1.5036147
ins5QQc2dR0.000,val,19.317007,-0.5914398
ins5QQc2dR0.002,val,21.925886,4.3008866
io0aNQE8En8.004,val,17.981733,23.29972
ipP--IqIuWU.000,val,-10.270315,2.3880322
iqs7mZbg5UI.002,val,-9.574643,-6.1823826
iqs7mZbg5UI.003,val,-7.2961483,-10.9564
iqs7mZbg5UI.004,val,-10.670664,-7.760238
itQ2wSlXqCw.002,val,7.45851,-7.631301
itQ2wSlXqCw.004,val,13.109733,-1.1989836
ivcVlDXJCDo.004,val,7.07905,8.441514
ivpw58MIRtQ.004,val,23.016386,-6.124561
iz_eT0DXx3s.001,val,-6.843758,6.2643933
j-F-t4BS0yM.002,val,17.1874,-0.049860217
j08b_trEQrU.001,val,-14.3689785,3.6277232
j5fXaXrNPoA.003,val,25.134525,-3.0511098
j6Rvmjjp7pU.003,val,11.084778,-11.697864
j7VLzb0qw8Q.003,val,13.460299,5.4093947
jFx6AEw6viQ.000,val,-9.995722,-4.064398
jKHaHWuaU14.000,val,1.2701792,16.467001
jKHaHWuaU14.002,val,-6.729811,8.965152
jKHaHWuaU14.003,val,-4.957808,7.448633
jKHaHWuaU14.005,val,18.492664,15.21327
jPpZkVzQywk.002,val,17.899118,18.90155
jPpZkVzQywk.004,val,17.287334,15.91691
jTkEWnuDnbA.005,val,1.0772756,2.8818734
jVGTEDAYWZ8.002,val,5.9735036,-2.9807897
jZDlFzVUZwY.004,val,-11.133682,-6.8346343
jZl3Rq1MRQg.001,val,38.426964,-23.432516
jd9_8OPxM3A.001,val,-14.263155,1.6313947
jd9_8OPxM3A.002,val,-12.794903,4.0415187
jd9_8OPxM3A.003,val,-14.964623,3.3781226
jd9_8OPxM3A.004,val,-14.864948,1.502459
jdli4DDP7XM.000,val,3.9194703,-10.411223
jlHKgXrxCu8.002,val,-13.876253,-2.51536
jlHKgXrxCu8.003,val,-14.313759,-5.6713624
jmuVZ3HBiWA.005,val,-3.7154982,-1.7033532
jnEHHvlBgxE.001,val,27.983358,-7.9428115
jolhoLhAurM.000,val,3.449733,-2.9595335
jpPZVmzleAo.003,val,9.2622385,4.7214293
jpPZVmzleAo.005,val,10.957651,-4.1091895
jpRnHWTLDUs.001,val,-9.417813,-7.995965
jpRnHWTLDUs.002,val,-8.035918,-7.2001257
jq1dLOVUQJA.003,val,-7.744827,-1.1687857
jrhvXPaXo-0.001,val,-13.657356,-9.136473
jrhvXPaXo-0.002,val,-15.774697,-7.7715807
jrhvXPaXo-0.005,val,-14.272987,-7.6247315
jwcSbw4NDn0.000,val,-7.5623746,-6.6053867
k2buv6xZ4_o.002,val,-12.488392,-4.570921
k4QmzZuQl9s.002,val,-4.850369,-5.813321
k4eeYoHtnnI.002,val,16.835575,0.21431191
k4eeYoHtnnI.003,val,16.04714,6.781526
k4eeYoHtnnI.005,val,11.647774,-0.90134865
kAjvzIWWrWA.001,val,19.893347,-13.266411
kDJigDGDJTo.004,val,-6.604074,4.091702
kFak4VnRnRM.002,val,12.996222,-17.322872
kJLeYUobR0M.000,val,-1.7421397,-3.1881676
kK4QL7pOrhs.005,val,19.205696,4.8336353
kK534gUcRF4.003,val,6.8847017,-4.693471
kKRc2aXzQyM.003,val,-13.827289,-6.33784
kPXVZD3ac8s.000,val,-0.91331893,2.7834032
kPXVZD3ac8s.002,val,-3.492754,7.121564
kSk-rf7a1Ig.002,val,4.139897,-9.177075
kSk-rf7a1Ig.004,val,10.284722,-12.284276
kUpkeJDcxaE.001,val,17.111567,-8.450783
kUpkeJDcxaE.004,val,7.646459,-14.037664
kV7MFI2_ddo.001,val,-14.603516,-1.5064511
kV7MFI2_ddo.004,val,-12.804043,-3.431062
kY_4WyAXxrQ.005,val,27.038956,9.326457
kco35S1k5Ks.001,val,10.115097,13.074614
kdPRPO3wgg0.003,val,-13.064475,-5.3662357
keW8-eSiQ70.002,val,-11.505284,7.0411816
keW8-eSiQ70.005,val,-6.377228,-0.22704402
khCsAN1Bk_I.004,val,28.791367,-10.8605175
knpgk7LAMb0.001,val,31.1781,16.940004
kppgmuWEv-A.002,val,-10.818421,-1.8226851
kvNiQ7LVQnY.000,val,-12.322085,2.7188952
kxJVM1-pYxc.005,val,0.7115168,-5.811892
kxlqIrk0WnY.000,val,2.303928,-11.196631
kyq-X4IFMtw.004,val,2.8164105,4.4872084
l-WgXcGLdZk.000,val,1.78204,4.8418593
l1V-DuJ-WgU.003,val,38.061993,-8.081234
l3IoZ_QmOQo.002,val,-1.336083,3.300883
l3RE0rN7oEg.004,val,5.98745,-3.0655794
l8weBJSCHbA.004,val,20.979,2.0696776
lAJWoIcgXlU.003,val,-6.684505,-3.7937386
lErjGxBb1Bk.000,val,4.682794,1.2134473
lErjGxBb1Bk.003,val,-4.574905,2.7530313
lErjGxBb1Bk.005,val,13.302679,-3.436481
lK1HFH7j93c.002,val,10.239178,-12.030613
lK8qOASUwFE.005,val,0.11465694,6.705112
lKePJbjYiy0.004,val,3.8954527,0.06851023
lLObIVKYDUI.001,val,-10.930834,2.736667
lLWOcztaIBI.005,val,-11.986643,3.3392463
lNG_XdqMf0g.001,val,1.3553469,-6.62376
liRQoL7SsPw.003,val,-9.639309,-3.8386421
lkdQjIunxSE.005,val,8.07754,-1.1823518
lnawWqnGpMc.001,val,-5.3876286,5.341378
lnawWqnGpMc.003,val,-10.571435,-1.1845589
lsVwEApsljU.001,val,5.330304,11.10764
lsXw8u4QXIU.005,val,-13.279997,-1.5819899
luH2RoZW-eY.002,val,17.092707,-5.2028575
lx6A8s_Ega8.005,val,12.163985,-14.586761
lxnV9X8T2Zc.005,val,-8.674073,-1.37888
lyZZSU1ziCQ.000,val,5.0458527,5.9283075
lyznxF-Pj6g.000,val,0.7914614,-10.680936
m04e9ylCoK0.002,val,-14.836426,-0.2258394
m04e9ylCoK0.004,val,-7.5872045,5.3221965
m0tNIKbEwHE.005,val,-4.8775797,-4.0574584
m2uxFfpb5xU.000,val,-5.490764,1.4219323
m5kTITzj1bY.000,val,-7.228593,-0.74835086
m6JOFpKvkE0.002,val,0.16015401,-10.892927
m6JOFpKvkE0.005,val,-0.91214764,-9.087125
m7zdWVDT-34.000,val,-3.8863158,1.1930212
m7zdWVDT-34.003,val,-2.3427951,-4.122535
mAjagYWuT7A.003,val,27.45107,-15.8040695
mAjagYWuT7A.005,val,29.94086,-17.427212
mBdVuEXRlfQ.002,val,-2.6059506,-9.425682
mDRMCwSD3Ms.001,val,-3.8646789,-1.9858578
mDRMCwSD3Ms.004,val,-0.71773404,5.830999
mEQBB6XsJFk.000,val,-0.5958616,-1.1077759
mEQBB6XsJFk.004,val,0.60806197,-7.7633367
mFz5Fbs97QA.001,val,-4.715839,3.1423767
mIQnQ8Nmj-c.000,val,28.260216,10.553206
mIQnQ8Nmj-c.003,val,27.160618,8.348799
mKWscEow1U8.001,val,-5.6561446,1.0978703
mKWscEow1U8.004,val,-7.78974,-1.3858674
mKsGK9nCTxw.004,val,28.686945,1.0662959
mLZw7Hf8AYI.000,val,7.965485,6.4614224
mLZw7Hf8AYI.001,val,11.629611,3.981287
mQpNe8f5xA8.001,val,-2.798737,-8.747336
mXaI17Dx7u0.002,val,28.82918,4.7445884
mY1ZTvNVkSA.000,val,-5.245164,8.470554
mZ2CHgzwDt0.004,val,-10.652475,1.8850573
mZ3vypXAfHg.001,val,-16.25195,-3.0751529
mZ3vypXAfHg.004,val,-11.537762,-2.6812272
mZQP06F94u8.005,val,18.197342,22.297258
mZzWhUI0CP0.001,val,-13.348581,-5.3771663
mZzWhUI0CP0.002,val,-10.752762,-3.926761
mZzWhUI0CP0.003,val,-12.118436,-3.2826571
mZzWhUI0CP0.004,val,-11.704833,-3.405338
m_2k0dL8CRM.000,val,-6.8176513,2.5080774
m_9aygJNij8.000,val,-12.4324045,4.548875
me15sHPOjKo.001,val,-8.745876,2.9254677
me5UoRny6NU.000,val,14.220698,-4.906312
mfGhtr0zy3k.000,val,-12.296157,7.9215703
mfGhtr0zy3k.005,val,-7.9351454,6.605958
mfcs3Ta49K8.000,val,6.2191644,-1.0508078
mhvkJjOAjYI.001,val,-12.399097,-3.5242574
mlXZQ8dO0nQ.001,val,0.34631523,-4.823836
mlXZQ8dO0nQ.002,val,5.970868,-6.475621
modNfUPt3F4.002,val,0.37258118,2.7544007
modNfUPt3F4.003,val,0.47119397,2.0796616
mpXOSY5dW7c.003,val,-8.422998,-8.594809
mpk5Ubw2fj8.001,val,-14.368426,0.73651075
mq9NNKmKYdk.002,val,-11.771681,-7.4473023
mqDv8688ztg.000,val,17.175304,12.920566
mrMp9EorOxE.000,val,4.6257224,-21.723766
muLgzV1gGao.002,val,26.576414,4.8096566
mwjoabuP-GM.000,val,1.3391707,11.125527
mwjoabuP-GM.005,val,0.10028289,14.518401
mxLRr3YqgMU.002,val,-18.922506,0.32978496
mxLRr3YqgMU.003,val,-17.532394,1.343751
mxLRr3YqgMU.005,val,-10.755178,-1.2653128
n0acEDmc0mA.001,val,-13.649833,-0.65481824
n0acEDmc0mA.004,val,-12.4298315,-1.7543529
n2BuwHbdilY.000,val,12.586964,-12.18272
n6JNJurop2U.005,val,-13.083007,-0.4639603
nB-fPmvZg3U.004,val,27.191866,18.607347
nBjBfN9SbpM.000,val,-8.418597,10.736927
nCWEEoJfjgE.001,val,-2.5227385,-0.098608844
nDsTSmE73M0.001,val,-8.188392,-6.3407965
nEm44UpCKmA.001,val,-4.245008,-7.9380217
nEm44UpCKmA.003,val,-5.635177,-6.771487
nFP7EEgz0Xg.000,val,-7.9374514,9.202293
nHdhGsdsKPI.000,val,34.148926,-7.607415
nKLhatlbqEw.003,val,-4.390893,-14.52845
nKx64KH7Xks.000,val,0.1999876,-4.3786287
nLy7x9kXURM.001,val,-4.684677,3.2530913
nOCSTnpB_F4.000,val,1.7083311,-3.336834
nOFHZ_s7Et4.004,val,-14.567516,-5.0475993
nUazOUcW_AM.002,val,-8.31794,-2.710251
nUbhRInpVbA.002,val,14.475776,-4.6583195
nZC82V87Pm0.001,val,-15.0394125,-3.1150086
nZC82V87Pm0.003,val,-15.895733,-0.10996507
nZz1hK90gwA.001,val,29.841925,3.3846486
nex61B854Ms.000,val,4.0430026,10.813152
nfEhF5GBQpo.001,val,-8.529246,-1.718532
ng42eoHytOA.000,val,-17.449797,3.3029401
ng42eoHytOA.004,val,-11.793883,0.6110676
ngB_cSxOjx0.005,val,21.793446,-7.811087
nlIrqbcvqLk.002,val,-13.189887,-7.0898457
nlIrqbcvqLk.004,val,-14.466084,-8.276877
nmZRXxKPPuQ.000,val,-4.264752,-0.40547302
nndDX4RgU1w.002,val,-8.703885,2.6657157
nndDX4RgU1w.004,val,-3.9785092,-2.8091302
nndDX4RgU1w.005,val,-9.731341,1.0118059
noepjVnUVFY.002,val,-1.6363618,2.5726876
noepjVnUVFY.004,val,-0.1921475,3.481541
o1mTIo1vPas.003,val,9.832384,9.881948
o2wtRccAgjE.000,val,-3.286667,-2.3460107
o2wtRccAgjE.001,val,2.8956845,-4.777798
o2wtRccAgjE.004,val,2.2113547,-3.6830387
o2wtRccAgjE.005,val,0.00073313504,-6.5807586
o5eCmKiomvo.000,val,-14.42381,-1.33015
o5eCmKiomvo.003,val,-15.319182,-1.8357469
o6JCQlOC3oE.001,val,-3.125666,10.778435
o6JCQlOC3oE.004,val,-4.8712173,11.130691
o6xswp0D8tc.000,val,-0.9902519,11.367227
o6xswp0D8tc.003,val,-2.5502377,9.359336
o7J2fWIJndQ.001,val,-5.4627585,-3.5971265
o7J2fWIJndQ.002,val,-0.9900598,-1.2710941
o7rFDFvW300.000,val,2.8167467,0.5770696
o7rFDFvW300.001,val,6.661905,-0.52878284
oG84VxrGfj0.004,val,5.8423553,2.3096266
oGa05H9UXxU.000,val,20.050108,-2.6832554
oJPdfhG4hT0.000,val,14.741094,-1.9055976
oU7zAWm_01o.005,val,-15.300748,2.270677
oVSMxtPpQ0M.004,val,-1.5166804,5.6443133
oYiWW-Qc0rs.003,val,0.39927748,-4.464481
o_kTWEEjtyw.000,val,-12.116158,9.026314
o_kTWEEjtyw.002,val,-10.887045,4.7914085
obr7ktzX8w8.005,val,41.645603,8.941998
odRqijkG28U.002,val,9.620281,-8.818766
okSmKH2k5lE.000,val,-12.124377,-2.7572207
okSmKH2k5lE.003,val,-9.557416,-4.743072
okSmKH2k5lE.004,val,-12.672461,-0.8582607
okdZnQbLnf8.003,val,-10.1838,-2.2301652
omeHsKF7InA.002,val,9.27141,-14.35907
onbyz01BC_Y.002,val,-7.311616,3.1749136
opEoJBrcmbI.000,val,-15.449706,7.839397
osqQpQsJNPQ.002,val,-4.507983,-0.18183547
outvbZgNX58.005,val,-3.4118261,12.4989
owRKOW0ymCM.005,val,-3.0505035,-3.5188348
p-OcwNFQB0U.000,val,-9.582382,4.8402605
p-OcwNFQB0U.003,val,-10.048596,6.2102447
p-OcwNFQB0U.004,val,-10.684985,-1.5494006
p-V78q8dtYo.003,val,-8.740224,6.370678
p1ORMiJ0fPU.000,val,7.5440245,0.97708905
p5QXPhJS8Ks.004,val,-14.224304,7.4093556
p7-JUvStF4w.001,val,-0.6671505,7.012149
p9tAC-RqZPI.005,val,18.433079,10.901593
pEYFpmjwKC0.005,val,-18.32084,-5.7962837
pEr7WTIPW64.003,val,-0.4897693,5.8796434
pHCPbKprJGY.004,val,25.931086,7.7553134
pPtzEnf5afw.004,val,-11.148074,3.1182604
pT8nyxks1Q4.000,val,-8.769045,1.2284181
pT8nyxks1Q4.004,val,-8.913632,-0.67418677
pZxqWp0e-Ik.002,val,-9.359135,3.7283587
pZxqWp0e-Ik.003,val,-6.8281765,6.2584834
p_mu11crx-s.000,val,-11.148004,-3.3624523
p_mu11crx-s.002,val,-8.222517,-1.419636
phjVMKGYBKs.000,val,-11.442441,-3.3734126
phjVMKGYBKs.003,val,-12.355334,-2.8188565
pkwzo1OkEmY.004,val,-7.016471,6.031421
pzG2VeUbefw.002,val,0.79284066,-3.319818
pzfDth6nFQE.002,val,-18.53376,-0.24288394
q6au1xn_wIE.000,val,18.010069,8.377116
qAisk1lgv2I.001,val,-1.8305483,14.422579
qAisk1lgv2I.002,val,8.169637,15.001911
qBG1mjC7Zgg.002,val,-2.66736,-4.7346582
qCFFW1dM8V8.000,val,-14.743741,5.205497
qD15qWMepxU.002,val,-18.02664,0.97274077
qFYgMFMal_s.001,val,-10.413783,-0.20734005
qFYgMFMal_s.002,val,-11.682986,1.6437253
qJ6_xSx9kCM.004,val,3.613278,6.9409647
qLV1a_611kA.000,val,-1.5407968,-2.54681
qLV1a_611kA.005,val,1.5591962,-2.2928696
qMARpi60Hhs.002,val,-16.865282,0.6168073
qMARpi60Hhs.003,val,-16.217236,1.877191
qMARpi60Hhs.005,val,-17.08061,5.038461
qP1UtCbMaW4.000,val,-4.5778456,-7.3004913
qP1UtCbMaW4.002,val,-8.763267,-2.9220324
qP8YzH6LT9c.000,val,0.92115015,-7.467084
qP8YzH6LT9c.004,val,8.37977,-13.751662
qVcw5-mm31s.001,val,-10.9573965,-3.8144329
qVcw5-mm31s.002,val,-9.742638,-2.805788
qYxxTubipSs.004,val,24.198036,-7.967351
qfL0ml0f84g.000,val,7.8871913,-9.088253
qjU3GX3jgSY.000,val,-9.436863,1.3234576
qjU3GX3jgSY.005,val,-11.550038,-4.659766
qjWi69HY2Fc.001,val,23.419926,-17.16453
qjWi69HY2Fc.002,val,16.447878,-14.945409
qkmEt0ofGq8.001,val,-4.8238697,-7.6421795
qkx4lCA1iZo.000,val,-8.97142,-3.5117643
qmiBcHJpKR0.001,val,-11.66513,-2.812734
qmiBcHJpKR0.002,val,-10.6215,-6.8904524
qmiBcHJpKR0.004,val,-14.481664,-1.3826703
qoztP0w5-Vo.001,val,-13.006809,-3.0112772
qoztP0w5-Vo.003,val,-12.189389,-3.9503329
qpwcdPnPeFM.000,val,12.452875,12.704086
qssXr_Fg96o.001,val,-13.326238,-0.29597855
qyHn_jrNL48.001,val,19.819645,-10.803649
qzwUad9KICA.000,val,18.972837,-24.811586
r1YAW67aevY.004,val,-5.4358025,13.124577
r1v6EmZv7-o.000,val,-9.946721,0.36794415
r2HcJYjGK5s.002,val,-7.509711,-10.647579
r4BGKIXrD9c.002,val,19.563435,3.0116963
r93dLeVRk3U.001,val,12.145428,2.0816257
r93dLeVRk3U.005,val,15.090828,7.449221
rBxWZzkEncE.001,val,22.554077,-28.264553
rCxlfusNJlY.004,val,-12.286125,0.9033631
rD6NViDdyOU.000,val,-6.106681,-2.1552794
rFs0AC2qV6o.004,val,-0.21502607,17.48782
rGNeR3p1jKU.004,val,-4.8947372,12.158036
rJgbslC72gw.002,val,-17.023273,-5.7072034
rLEfJzLcVdg.001,val,-8.295199,-1.3420106
rMFJmA5dRFQ.001,val,-4.6133475,-1.7675751
rNDxXRvuSDg.000,val,25.454824,-17.698101
rTG9gtci67c.000,val,0.95258665,6.6598077
rTG9gtci67c.003,val,0.56959206,5.9100595
rUGAiuYHNgE.005,val,14.947725,-4.3893466
rV6Vdn-JrTA.004,val,0.9219877,-3.4760609
rW7b48Dy_80.000,val,-12.686781,0.26384065
r_cVo5qZ9n0.000,val,23.994886,-3.654707
rag7X1kTyBc.000,val,10.845347,11.350717
rjS0PIwS47M.003,val,14.7739105,2.0619438
rrdSLfnU2pg.004,val,2.7436655,-2.39138
rwinPicu_aw.003,val,-11.808348,-9.485324
rwinPicu_aw.004,val,-13.184991,-7.5248733
s-jZlMKQGwc.005,val,-4.311371,4.470664
s0MKUEnyHSE.005,val,10.284255,-5.2420177
s1DOqsQoN5s.000,val,-1.3231275,-8.086001
s1DOqsQoN5s.004,val,5.6150374,0.74795485
s1DOqsQoN5s.005,val,-2.1313746,-3.2496068
s6N1pv5lzrU.005,val,-13.66297,-1.8729329
s6gN_358tk4.002,val,-18.071924,-1.3524733
s6gN_358tk4.004,val,-18.204618,-1.4226271
sC2k2CD1jC0.002,val,-8.023896,-2.0856044
sDWJMBZ1mVA.000,val,-14.921864,5.245136
sHVXhr7_EOs.000,val,-15.075098,-7.285801
sHVXhr7_EOs.004,val,-16.58347,-4.279658
sHafPWyXs6k.001,val,-4.2905235,-3.7548156
sHafPWyXs6k.002,val,-6.7498264,1.3693348
sNs4yCA11wk.004,val,0.7403487,-4.9687357
sPMNhG1Sehc.001,val,41.34972,-16.099325
sSR1a5XW7n4.005,val,3.9180627,4.7697515
scifP1EXSdo.004,val,10.506456,-4.7775626
shEsu57CYnA.000,val,-9.958577,-6.904122
shtirfEzWFA.003,val,-11.799454,-4.1761928
shtirfEzWFA.005,val,-15.931925,-2.3034346
siEnTktB4lQ.003,val,-17.19902,-1.6521003
siEnTktB4lQ.005,val,-18.471643,-3.8073213
si_gZCrLa4A.003,val,-14.147596,1.0810564
si_gZCrLa4A.004,val,-5.5609226,9.036507
simc6hmrUOE.003,val,12.591582,15.465998
slE2PWIwzus.003,val,31.838375,-18.957014
slE2PWIwzus.005,val,24.226099,-17.857674
spodWGLGBiw.001,val,-4.2959747,9.288272
sqnW6xXYTKg.005,val,-17.652948,-1.2505007
squHxV3QXlQ.000,val,9.39408,12.44079
squHxV3QXlQ.005,val,-2.3122094,7.4412584
ssexxLJLuhU.001,val,-1.2137903,0.37153947
sx57p5HyekI.001,val,12.231457,3.834088
t0AupkXkkZw.000,val,1.9793017,10.083632
t0AupkXkkZw.002,val,1.2858061,8.735636
t0_DAgeU4nM.001,val,-13.14687,0.29508272
t0_DAgeU4nM.005,val,-10.700985,0.36255056
t30ERiF6b50.001,val,-4.0180387,3.8202097
t9wFHk9TM-U.000,val,4.4854846,-4.427089
t9wFHk9TM-U.001,val,3.7999594,-2.0677936
tASMzbFSxsQ.004,val,19.98711,-29.54862
tCnfvBwWVKw.001,val,-14.640762,-0.0045510046
tEQEKN07KgQ.002,val,-0.38214678,1.1607454
tYpxPqwle5k.001,val,-11.4069805,-0.8628935
tYpxPqwle5k.003,val,-11.0838995,3.2347493
tYpxPqwle5k.004,val,-3.514667,6.9541326
tZiRqu8joX8.004,val,1.4613385,-6.5915413
taSAaWKcmTw.001,val,29.363813,-2.500355
tcmYlyeqwuI.001,val,-17.83668,-2.0033958
tcmYlyeqwuI.002,val,-17.664549,-2.1189175
teRgvZ63_2I.002,val,1.7969413,-3.432856
tiVKJWLzmk4.002,val,-16.82943,-2.1075525
tiVKJWLzmk4.003,val,-13.61099,-5.0582843
tiVKJWLzmk4.005,val,-16.85762,-2.4972687
tomb22yfjTc.000,val,-16.84627,-1.5126884
tvKUJujTUEo.002,val,0.1196913,11.197604
twO6ceVTuII.004,val,0.65617466,1.7011709
twmdh5zdvfg.001,val,-7.7866397,3.083855
twmdh5zdvfg.003,val,-5.1716843,-2.0051723
txU8yE9d-4k.002,val,-1.6347255,9.696939
u0ge93spFvY.000,val,17.711777,7.821185
u50B6bIkN9g.001,val,-0.910729,1.2863153
u50B6bIkN9g.003,val,-2.958746,-0.11047731
u50B6bIkN9g.004,val,0.26785275,1.4548885
u5mRlNCQ0BQ.001,val,13.119458,-5.4998693
uCJNAX_b9mc.001,val,-1.4526103,7.395038
uDm7iZuX5DQ.001,val,-15.779561,3.5375757
uDm7iZuX5DQ.002,val,-14.175972,-0.38770247
uDm7iZuX5DQ.003,val,-16.722551,1.0283806
uE2U_Y7QrIw.004,val,-14.745127,3.5646179
uEBTnI1zqhs.001,val,29.621363,27.933178
uRY3aJAaogw.000,val,-15.951142,-5.360181
u_qvbRpm88k.003,val,-12.037812,-5.27137
ua5c716lu5s.000,val,-4.858502,-6.600683
uf_sIIw4zxY.004,val,-4.1155963,-1.1653154
ukcUhZbkVBI.002,val,22.21426,13.649712
uoLDJJMK5Gw.001,val,-11.458074,-7.8686705
uqd_cEJMJ4o.002,val,6.3812094,2.5216272
usG6pVxbQkw.004,val,-20.433409,-0.869191
usG6pVxbQkw.005,val,-20.275942,-2.8738067
utv9RBNcL5w.001,val,-3.5496273,-4.4096456
uwYQKM_STCw.001,val,15.421783,-4.028815
uwYQKM_STCw.003,val,10.633094,-4.82997
v1ScttBOQc8.001,val,-19.46362,-0.27937225
v5hZeuRW6m0.003,val,-16.485043,-0.67796767
v68FyWS-Q9s.000,val,24.50158,20.063477
vAV6ovUKPDg.000,val,23.224028,-24.612427
vCCRvatOFLA.002,val,-15.088456,-2.6058986
vCV-5LypZCs.002,val,-0.24942215,2.5748217
vCY4uvfrWXA.001,val,26.0692,-15.657325
vHIBCKwJLEY.000,val,-6.472685,10.387013
vHc0pnY9BoI.000,val,-0.10171098,8.089076
vHn6-GQAI_Y.002,val,23.032152,21.190182
vIW7gDmhYMk.002,val,-14.945704,1.4643669
vLAHfIjmRMc.003,val,-14.75924,-4.139817
vLAHfIjmRMc.004,val,-17.64909,-4.4175997
vNEs2yGe77s.005,val,18.451567,4.6814284
vOEQlAMABWM.002,val,-8.9048815,-1.2434225
vOEQlAMABWM.005,val,-12.267466,0.65326947
vUKex2msIEU.000,val,16.173742,-13.637882
vUo6wnBOBpo.000,val,25.80586,-13.991772
vUo6wnBOBpo.003,val,24.163757,-11.330439
vfqYI2QmfeU.003,val,23.532774,5.065819
vhugKRUnd-c.002,val,-10.528753,2.163799
vhugKRUnd-c.003,val,-8.499082,1.7190379
vo-Y5kgSBa8.004,val,21.7776,-10.550149
voB6O-ky9cA.000,val,7.6651907,7.3356786
voB6O-ky9cA.003,val,4.2220616,7.0634494
voB6O-ky9cA.005,val,6.2348847,7.1194506
voXr6-ykd1w.001,val,11.326875,10.444918
vp9p1osOaLI.005,val,-3.213261,9.129383
vqLtOsoNPnU.001,val,-10.003587,-0.55586827
vqLtOsoNPnU.003,val,-8.937999,-1.133425
vtOEl_Mg0Io.002,val,27.64038,13.724686
vxuBHsokOX4.001,val,-15.676384,4.855874
w7O2QJu2Wl4.000,val,24.856499,-17.350016
w7wPDiQkiA4.000,val,1.6292462,-4.208529
w989xx44UQI.005,val,2.9098992,-11.834205
wBCSJVBr4ZE.002,val,-18.916859,0.59868675
wBCSJVBr4ZE.003,val,-16.531841,2.3259046
wDvZdcb00Bg.000,val,11.367053,-1.5765071
wFZJ3gTKwwM.000,val,13.235313,14.053364
wVpjBxCirAQ.000,val,15.784933,13.103584
wYZJ2HXfvmQ.004,val,-10.150687,5.493474
weggLuKPv0M.000,val,-10.978839,-0.3855795
wm94g-5Cg5s.001,val,-10.673099,2.800801
wr4dP9MuHME.000,val,-2.1009321,8.775606
wr4dP9MuHME.002,val,-10.549046,6.2600894
wuTgJGTEK-0.000,val,20.64099,-6.5524354
wuhoIm_jPc0.000,val,-11.172587,-0.5646676
wuhoIm_jPc0.001,val,-12.412426,-2.8891323
wy1szFSVpEI.003,val,16.384054,-8.755141
x0CZuHnJ0Hs.001,val,-9.806729,-1.2732686
x0mD5kr2hu4.000,val,-2.8800447,5.135617
x0mD5kr2hu4.001,val,0.1762483,8.016605
x57nEfACdXA.000,val,-10.545777,-0.7890187
x57nEfACdXA.004,val,-8.9085655,-0.88258743
x6Tluj4dJTU.000,val,-13.802972,0.60089076
x9FAFeaizu0.005,val,2.6372275,10.575855
xA2OJtxFoeg.002,val,30.811232,-10.604733
xDjhf8wrNWQ.000,val,-21.528585,0.37259057
xEmwNv4OxGE.000,val,-8.161796,1.1704742
xEmwNv4OxGE.002,val,-11.697449,6.416005
xHb5_bc1JOA.002,val,-7.1632733,-1.7424957
xHb5_bc1JOA.004,val,-8.015427,-1.272789
xHb5_bc1JOA.005,val,-2.3318627,-1.4019797
xLfLuyIQOJE.000,val,-11.535258,-0.9146471
xLfLuyIQOJE.001,val,-8.432214,0.07837397
xQHmbJ_lPjY.002,val,-13.954792,0.33461586
xRhUBifOWiI.002,val,34.279137,2.219516
xVJDjbiIjTo.000,val,-5.917052,-3.8821256
xVJDjbiIjTo.002,val,-10.164635,-4.609762
xVJDjbiIjTo.003,val,-7.746398,0.3867822
xYXVkQOmSfk.001,val,-9.671958,-0.7862586
xYXVkQOmSfk.002,val,-10.16087,1.88861
xZ9iwqHw7GY.001,val,47.850224,-23.465605
xfLVThCzEEk.001,val,-13.076002,1.2666523
xmD4FKMq2rk.003,val,1.1032327,14.09136
xpSCu7PgJts.001,val,-14.978055,0.8670839
xq0-QVHxp-Q.001,val,20.922253,5.4213037
xqGyF2T3pso.003,val,8.505105,-1.8474838
xrxAyO8pKUo.000,val,-10.185186,-6.363007
xrxAyO8pKUo.001,val,-10.080057,-4.452544
xrxAyO8pKUo.004,val,-15.981971,-4.9126883
xsDABUrvs6w.000,val,-17.827028,-0.6785667
xsLvl2qGrxU.004,val,-5.460644,-3.8511589
xsLvl2qGrxU.005,val,-1.0809275,-6.620997
xtDw9TlWiww.001,val,-17.06863,3.6517725
xtDw9TlWiww.004,val,-17.27179,3.903896
xyOq5SL0Evc.005,val,-0.9885476,6.7012553
y--uBBy7ebM.001,val,-17.293648,-2.8063989
y-0p6fGXLD0.001,val,-2.9568782,-2.8685658
y-0p6fGXLD0.003,val,-1.7612208,-4.569023
y-0p6fGXLD0.005,val,-3.727869,-4.617302
y3_71Wpt9eA.001,val,-5.0195017,16.769978
y3_71Wpt9eA.005,val,0.5110451,12.69887
y4Ej1YSEQf0.004,val,-2.6892898,-4.206056
y4w-PiVPfjI.001,val,17.753548,-15.639561
y6LC5kAJmHw.001,val,10.704996,17.9671
yEE9FoKWdpU.004,val,-9.042685,-7.721039
yEY_2BYZhnQ.003,val,1.6271199,-0.4250509
yIe7Rp54-bU.005,val,-0.7382637,2.158014
yOzHZOg95Ug.002,val,30.519815,22.74042
yRVvI1x2DBI.000,val,-0.20150237,8.904794
yRVvI1x2DBI.003,val,4.286624,2.7371166
yUESJPS0wS8.003,val,18.41373,-7.8413205
yVSfQZGt1co.002,val,17.611294,-0.8790856
yVSfQZGt1co.005,val,19.826748,-2.3130074
ygUEI08LgcM.000,val,-8.675073,-0.7060803
ygUEI08LgcM.003,val,-6.802624,4.1325808
ymrFbEMNBME.000,val,12.542457,-1.7047899
ymrFbEMNBME.002,val,13.811468,0.33845395
yp-tfq1NxBk.005,val,-1.7973446,-0.64826715
yyqXzlF8Fgc.003,val,-12.798078,0.046824362
z-CV743owek.002,val,-13.132531,-7.570053
z-CV743owek.004,val,-11.113176,-6.5181527
z0v9LukQRHU.000,val,4.7532163,1.3854623
z0v9LukQRHU.004,val,-1.0672282,3.2673228
z1q3ktuRdII.005,val,1.4152659,1.3853881
z3DO3tdrsnQ.004,val,26.85309,3.519896
z3DO3tdrsnQ.005,val,14.084285,-3.3949587
z6E5hLYhaZk.001,val,9.381849,-13.489782
z6E5hLYhaZk.005,val,4.581894,-11.468622
zDRQAU7MtjA.002,val,17.271812,-1.3035516
zEyRyTnIw5I.004,val,12.561741,10.840022
zFVjcb45pjI.004,val,-8.021981,0.7360217
zFVjcb45pjI.005,val,-8.595993,2.8004427
zH9pTx5_ZwY.001,val,-12.9384365,1.9108553
zMXIf66PPhU.000,val,-14.4717045,-0.9103704
zRevZ94Rxjc.003,val,6.3119316,0.3103784
zT_s9X21gAE.000,val,-0.8732131,-14.304553
zqpXz9h41jg.003,val,-9.634112,-1.1727356
zrbcY4TMVyc.001,val,25.72919,-25.691515
zupxsNi2er8.000,val,-15.043726,-2.4686873
zupxsNi2er8.003,val,-13.0076685,-3.1027594
zvX4fNj0uxk.002,val,10.130405,9.850401
zwO2zBdbCb4.001,val,-12.965123,-6.482052
zxuPCshTSOs.000,val,-14.801515,4.870827
zyGz_H1UTnQ.002,val,-16.486063,-2.0408845
zyGz_H1UTnQ.004,val,-16.676622,0.9090574
zyGz_H1UTnQ.005,val,-17.660028,2.620487
--Ymqszjv54.000,test,-0.7659347,8.897392
-10-QQDO_ME.001,test,24.948854,21.293457
-10-QQDO_ME.002,test,25.207417,23.333097
-10-QQDO_ME.005,test,27.821604,13.185193
-4J4xkfN5cI.000,test,33.81454,-7.5524426
-4J4xkfN5cI.002,test,34.442715,-8.301585
-6otZ7M-Mro.002,test,-2.4907565,0.27747357
-6otZ7M-Mro.004,test,-6.970221,4.099894
-8asrRvfJWA.002,test,9.464185,-1.7890735
-DOqN0d8KHw.004,test,-18.892656,2.0222087
-DOqN0d8KHw.005,test,-15.755803,-2.935617
-Gl98Jn45Fs.004,test,-2.9375474,-0.714457
-KtFfRqPFXA.003,test,-9.666247,1.7737439
-N6QKrbnaDs.000,test,-13.554941,0.010085951
-N6QKrbnaDs.001,test,-12.654389,5.4043283
-N6QKrbnaDs.003,test,-14.1958275,2.220625
-N6QKrbnaDs.004,test,-14.448182,1.2036906
-NwfYYf5xLo.002,test,1.0434698,2.0899122
-PWjgx2czwY.001,test,-4.954317,-0.5932232
-R2SZu3SYgM.001,test,-10.459531,-3.1209862
-RqxrwIxMvE.004,test,0.84484315,5.4149537
-VTqcHNgH7M.000,test,-0.5286995,-5.2183824
-Wqk9eex6bQ.000,test,-20.122278,-4.028138
-ZP25UpJeJ4.000,test,-14.558931,1.4338127
-aU2FN5pkWA.000,test,-6.923137,-12.219254
-agCXYgb7pI.002,test,-13.593707,1.1073875
-awAu11kBZ0.001,test,13.530637,-12.664829
-fqiCqZtgYs.005,test,18.709085,1.0700098
-lSBwF052u0.005,test,-4.2964797,-8.227848
-m5QCnnp-vI.000,test,-7.681121,-3.6564374
-mt-IKgGhuY.002,test,-9.438157,-8.333423
-rxiLMvlZqM.002,test,16.240656,5.352918
04oq2yrBwMg.002,test,-17.910385,-1.1317188
05l5bteT_qA.003,test,-2.116172,-10.714797
0G2o3fik36I.000,test,-19.54475,0.39495814
0G2o3fik36I.001,test,-5.3989606,-6.05243
0G2o3fik36I.002,test,-7.231025,0.17499955
0MB91ku0eEw.000,test,-11.095607,3.2377334
0MB91ku0eEw.001,test,-12.421182,3.456894
0MB91ku0eEw.002,test,-11.413936,8.025272
0MB91ku0eEw.004,test,-13.240375,4.1089406
0MB91ku0eEw.005,test,-13.662415,3.9509041
0ObEtA6Q8vU.001,test,-8.09579,-3.8379552
0QTR0WiJSNk.005,test,9.222566,3.784514
0SS47KwVOQ4.001,test,-1.6165113,5.882581
0_xOGmydDN0.005,test,-20.556698,2.629233
0axZSeaUbfs.000,test,-14.367372,-3.6840832
0iQIfGnKflc.000,test,-4.580871,5.9735537
0iQIfGnKflc.003,test,6.089309,13.8323345
0kg6pmbSN6A.003,test,16.92702,21.17621
0kg6pmbSN6A.004,test,21.484968,15.323678
0u56Q_QmxIM.000,test,-19.927544,1.3806131
0uCqd5hZcyI.002,test,-0.6006991,-7.475738
0uCqd5hZcyI.003,test,-2.2195807,-8.680703
1-GgVRmAEoo.001,test,-4.3953075,-2.7682073
12Ezy1y1cWY.000,test,7.4303527,10.544765
12lqQE6oPNE.003,test,8.146889,-6.018303
13KtmgntgQw.004,test,-10.197926,2.455079
13kjwEtSyXc.003,test,-3.3206382,-2.0489843
19cplBTXyoY.001,test,0.8093279,-5.829696
19pTUX8KfYM.001,test,-11.7357855,-2.722499
19pTUX8KfYM.002,test,-0.52824545,-9.449125
19pTUX8KfYM.003,test,-4.138166,-7.036052
1DCnIad1Y0w.001,test,24.175245,-11.104906
1Kb5d-w3YJ8.001,test,-7.7925982,-4.4749866
1Lv72Si4GnY.000,test,27.021873,-6.119479
1Wh2mIFrGvk.000,test,33.550022,-0.04609546
1XqMZQu_pP4.004,test,10.649217,-0.44404334
1hpZ2ecWqtI.004,test,-8.359457,2.8836586
1mHjMNZZvFo.001,test,-0.765041,-2.7027009
1mReUxIEuw0.004,test,12.01426,1.0891798
1mdMhaq5p4w.003,test,26.171154,-3.2854037
1q-N_zbsAg0.002,test,-12.397738,-5.214697
1q-N_zbsAg0.005,test,-6.9507203,-3.9423661
1tPH6PNeOSk.005,test,11.746848,8.5701275
1uC-2TZqplE.003,test,-13.710556,1.2905917
1yIGI42lzak.000,test,11.667682,12.36564
2-LDYe7OXZU.002,test,-3.0767834,5.32394
26CMYJn3u6Y.000,test,-1.0090168,-6.1302657
26CMYJn3u6Y.001,test,5.7016325,-4.4297557
26ZnknvfdNM.000,test,-0.824302,-0.9307318
29UCGJldICw.000,test,23.62059,2.2542899
2AV8m02PjdU.001,test,30.78701,2.1921027
2AV8m02PjdU.004,test,20.157505,-2.0748532
2AV8m02PjdU.005,test,6.8958497,3.1012654
2AYq7CdNXNo.005,test,1.1197131,-4.1751256
2DZb5yIc6Fg.000,test,-1.5810417,15.3380785
2Fgn78rYjPM.004,test,-11.097144,-1.5081201
2GHz8LYflE0.001,test,27.747028,-14.869433
2GHz8LYflE0.003,test,29.13325,-21.722929
2HE6cw3HFPk.000,test,9.1515465,-12.908308
2NNYN1ZCJhw.001,test,-6.0205855,-4.375862
2PSGksTyrnI.000,test,-13.335906,1.8398484
2SzC9dm4Yy4.000,test,47.329124,-22.814232
2SzC9dm4Yy4.004,test,17.299128,-18.111195
2SzC9dm4Yy4.005,test,42.178905,-16.578547
2TMl5EMrdVI.001,test,11.631472,8.569599
2TXrDZgbDHE.000,test,-1.6755817,8.726691
2TXrDZgbDHE.004,test,-3.2199104,8.350579
2TbU3Eg2i4A.000,test,-4.416286,-9.322793
2TbU3Eg2i4A.002,test,-10.097218,-5.4268136
2UxhlaDEPmI.001,test,25.500187,-17.810637
2Z8Xi_DTlpI.000,test,27.656723,-24.985876
2Z8Xi_DTlpI.005,test,21.382923,-25.903898
2bAsXLQjlt8.000,test,-18.989525,-6.571629
2bAsXLQjlt8.003,test,-17.153164,-6.6982126
2c42A4Z7qPE.001,test,-6.919605,8.039575
2d6btbaNdfo.000,test,-1.5940621,5.3657727
2d6btbaNdfo.002,test,-5.2374372,6.971765
2f7rLXwzP3s.005,test,16.67219,-16.466349
2fzLibPAtvI.003,test,10.150342,-0.7924175
2hhqEWiv4eI.005,test,-16.742645,-4.263032
2kqPuht5jTg.000,test,-20.327879,0.7265217
2mfmw63l88g.000,test,-2.4250603,6.461697
2oEUp9sGRGk.002,test,3.2156668,2.9861777
2q8orkMs2Jg.004,test,23.995884,-1.4315445
2uAJJH7B5aw.002,test,-11.120694,2.671454
300gK3CnzW0.001,test,-8.675389,3.0759163
300gK3CnzW0.003,test,-2.940051,18.991022
36sZ__mv_KY.000,test,-4.4893603,1.8518037
383HhOtOBwg.005,test,24.483492,-14.484677
38fE5B4ghw0.001,test,14.649656,-15.970833
39o1zJFeM7E.000,test,0.37795305,-0.22282511
3CyIOM2izmI.000,test,48.336426,-6.855421
3DURnr95fMg.001,test,-2.6804304,8.396383
3DURnr95fMg.003,test,-2.6736743,8.541196
3DURnr95fMg.005,test,-3.2144475,11.964506
3J7Cl3FXs1o.005,test,-5.2628093,-4.577864
3JAFkk42zPs.000,test,-12.133444,6.9233136
3JAFkk42zPs.003,test,-13.989405,4.1295433
3LAaFUSGvsU.005,test,-21.210114,-1.3291159
3P_D_bd-_NM.004,test,3.9225123,1.0304134
3S72dDIm1fM.002,test,-13.146159,-0.45472166
3S72dDIm1fM.004,test,-13.275965,0.13536379
3S72dDIm1fM.005,test,-13.626385,-2.8839998
3VTL2kFt17M.003,test,29.438847,0.8122272
3Vr5-zedeWk.001,test,-17.963457,0.3846437
3VyriB3isO8.005,test,-2.3981805,8.3300295
3WmWJ1lNy-U.002,test,-6.1520205,4.3765345
3WoXkI06zGk.000,test,-8.514039,-2.4485664
3b9fhd-EDaY.000,test,-0.5990953,12.835781
3b9fhd-EDaY.002,test,-5.1408625,6.582216
3df_Uk9EmwU.002,test,32.294567,-28.372126
3g6Ab-BIbR4.004,test,-2.4592674,-0.084930725
3gmc2kLV4Bo.003,test,6.352016,-3.4107993
3hKgh9AB3tk.003,test,-9.500264,-2.830184
3hKgh9AB3tk.004,test,-9.409744,-1.8339312
3tPq9fNOXZQ.000,test,-0.1263929,11.797679
3taD1fEPfC8.005,test,-7.614987,-0.042036686
3wRj39GKLJ0.000,test,-9.300153,2.105229
3wRj39GKLJ0.002,test,-10.340108,2.6130726
3wRj39GKLJ0.003,test,-13.083116,6.9457035
3wgZrRMosvY.001,test,-12.901215,3.3227472
3wgZrRMosvY.004,test,-6.03991,7.1400356
3ySH8eJQRCI.000,test,-16.745934,-3.9072049
3zAyM2edy1g.002,test,17.118418,7.79275
3zAyM2edy1g.005,test,26.632515,6.7092977
40rn4A64Bdk.004,test,-5.2003827,-3.166317
41NNb7cucVo.004,test,16.936253,2.1624546
43tayteIFRk.001,test,-20.324774,-2.8624828
43tayteIFRk.003,test,-18.10544,-1.6543591
48S9_KZvzVw.002,test,-15.037363,-0.90566003
4CSV8L7aVik.003,test,37.4614,-10.110198
4CSV8L7aVik.004,test,41.364223,2.5504
4FS7wEOOBNk.004,test,7.1403174,0.12607144
4JjpfL4y3XM.002,test,12.574448,16.888159
4JjpfL4y3XM.004,test,7.1688905,15.659717
4OKYywIqnqg.000,test,-4.26465,-6.8831177
4Qr1BjZhnpg.001,test,12.853809,-7.5815487
4RKQGZzPClk.000,test,-16.795223,0.029422086
4XdZDodpzac.004,test,-17.35611,-0.8283164
4a6-tNo-NDM.001,test,-11.476989,-2.2358963
4bDOetaLvZs.002,test,-17.45266,-4.2179
4bDOetaLvZs.003,test,-20.32659,-2.3027267
4fN-DKUzgWQ.004,test,-12.7279005,-2.061155
4kIHxR6s1L4.003,test,1.0609683,10.6233015
4kYaYIcuLpM.000,test,8.917937,11.874445
4lIbWq27O84.003,test,-19.657768,-1.3094826
4lj66h4CXI8.000,test,8.1599455,-12.900564
4nJLbAKgwfw.003,test,-9.080011,1.5247806
4vJ69g7gAH4.002,test,-21.057833,-0.036671657
4vdJGgZpj4k.000,test,1.1661311,3.7515123
4vdJGgZpj4k.003,test,7.698918,3.1407332
4yogPbHFQ9o.001,test,-15.032259,-4.885908
50gokPvvMs8.001,test,-11.773183,0.9262751
50gokPvvMs8.004,test,-14.52024,0.74017096
50gokPvvMs8.005,test,-14.626404,0.6539438
51KRxB3g7A8.002,test,-0.23633519,3.044847
51z2rCqPqPE.004,test,13.501181,-7.1582236
53QFyec0uN0.000,test,-2.9901514,-4.902395
53QFyec0uN0.001,test,1.269347,-3.9087098
53gtUkC7IZM.000,test,18.128094,-5.3908453
53gtUkC7IZM.002,test,20.610167,-4.376758
54JawR1x0II.000,test,-16.793238,-1.3009417
54JawR1x0II.004,test,-15.967094,8.352054
57o4odfqTs8.000,test,-16.336185,-1.9794259
5BPGRteF64Y.003,test,-12.730553,1.6327903
5BPGRteF64Y.004,test,-10.57803,2.6043828
5CRqN54uejE.001,test,-5.9297547,3.8964942
5Eez38v8TuU.004,test,31.755505,-2.5048661
5IqtX-uq28E.004,test,-3.5059507,0.4836718
5Ku4_r_Yxsk.003,test,-2.5529795,6.0201206
5QUDu-PC7N4.000,test,14.484521,-17.9152
5T2PhH-OMds.002,test,6.45897,3.4958546
5VG1EgzvprE.004,test,10.768803,-8.37928
5Wmlo8Z5yVA.000,test,1.8851053,-2.6235769
5bYq8LXMRaw.004,test,-9.872365,2.1798112
5bi_PM3XMEQ.001,test,26.030521,-6.550648
5ghk5950BhU.000,test,-11.6804495,-7.8108816
5ghk5950BhU.003,test,-14.475038,-3.9405432
5kwoq4EZixQ.000,test,1.5336426,20.13259
5xA5iKk4v6w.000,test,-3.9885237,8.29205
5xA8-Y5qgT0.002,test,-22.050005,0.034935348
5xA8-Y5qgT0.005,test,-20.272112,-1.4695002
5z4G0biL9B4.005,test,-19.84948,-3.0456667
6-_1-vBNl_0.000,test,15.315498,-23.713871
69BopbFc34U.002,test,-16.998127,4.8286567
69BopbFc34U.005,test,-14.894802,6.941835
69EsTnCVCp0.000,test,-15.018315,-0.93752545
69EsTnCVCp0.002,test,-16.624075,-0.66987956
69EsTnCVCp0.004,test,-16.263763,-0.49053276
69EsTnCVCp0.005,test,-13.958903,-1.7188773
6EMgu2djYrU.000,test,27.321522,8.095631
6JfSPPVUgIg.000,test,1.2534608,18.242311
6M8OQNo64Tc.001,test,-8.046288,11.695559
6N02tjYPLh8.003,test,-0.51472986,7.511586
6N02tjYPLh8.004,test,-5.2430935,0.85665715
6NjuNY4LfQc.000,test,-1.5255818,-10.601058
6NjuNY4LfQc.003,test,-4.3399916,-0.9236568
6NjuNY4LfQc.005,test,-6.1570477,-7.9011116
6RwVJK3husE.001,test,23.813932,-1.2303296
6RwVJK3husE.002,test,29.465744,16.126606
6RwVJK3husE.003,test,13.412671,4.291207
6SoFnys6mf0.000,test,-12.838292,2.600456
6V807Mf_gHM.003,test,13.253067,1.531933
6V807Mf_gHM.004,test,17.492716,-1.546303
6WSr4IW6cNI.002,test,-4.844533,1.4262581
6WSr4IW6cNI.004,test,-2.4149456,2.964928
6l0RBbxg4fk.000,test,-1.3812559,5.141361
6oL9yyc9iJc.004,test,0.14309728,-2.9854243
6tiGdvduOaA.000,test,-7.617003,4.3995194
6wHQsN5g2RM.001,test,-9.443036,0.028878389
6wIEiqmuHOM.002,test,6.085236,-5.347131
6waL_gUxtAM.003,test,21.043852,-11.162103
6waL_gUxtAM.005,test,16.099264,-9.64226
6zm71IHOCZA.003,test,10.715338,19.318928
6zm71IHOCZA.005,test,15.26116,21.63849
7-7qX0heWkg.002,test,-19.801836,-4.9940047
75XbCb7G8kw.003,test,-15.130194,-5.876735
78zauTEQ-k8.002,test,-1.0725703,-5.4172487
7BgScfRre5M.000,test,-8.718624,7.862321
7FXs86Z98E0.003,test,4.70065,5.0555015
7GRC7XjGzX8.002,test,1.0756532,5.265095
7Kn5VT9bB4I.000,test,-12.036151,1.8245993
7MwZm3mhSA8.003,test,-9.153864,-1.9437642
7PYAn9njCHI.000,test,-16.187803,-3.5028524
7PYAn9njCHI.005,test,-16.990454,-1.4530151
7QpoDA8t6yQ.004,test,-5.7354894,6.919535
7WixH0aSfqI.003,test,6.2675323,-18.431965
7Y3S4nfQHeo.000,test,-19.200684,2.451587
7Y3S4nfQHeo.003,test,-16.858194,3.3971891
7Y4cUPFEt-4.003,test,-4.8990583,1.842216
7ZnijRlK5-E.000,test,34.52378,-18.481234
7ZnijRlK5-E.004,test,29.489761,-7.437829
7ZnijRlK5-E.005,test,31.841743,-12.284899
7b9DirXrkHo.005,test,-11.886067,5.563003
7gXF3MVPXPU.005,test,-14.760252,-3.4709408
7kO7jYYUVWg.001,test,18.526226,-5.528158
7knYNR1tAig.001,test,39.26797,-11.52397
7knYNR1tAig.003,test,39.926254,-16.436424
7knYNR1tAig.005,test,44.036594,-21.170128
7qGYGbIg45c.001,test,16.961565,20.566942
7qGYGbIg45c.003,test,4.5740056,9.343293
7tB2Rtm4XeU.002,test,-8.868815,-1.5123887
7tB2Rtm4XeU.003,test,-10.400222,-0.40019277
7u0o63Z7q9E.002,test,-6.332226,-5.048988
836kYlEs9GI.005,test,7.729486,7.6851993
83cmR2fkyy8.000,test,-18.7376,-3.464064
84Lz5a9yRZg.003,test,4.9276133,-2.3587961
85isLsZHZpo.000,test,8.42189,-15.205125
85isLsZHZpo.002,test,9.244171,-6.5295367
86upzmhvpXw.003,test,-14.841546,-3.33357
87r3cLkrw4A.003,test,-7.224211,-6.3341165
87r3cLkrw4A.004,test,-7.687044,-4.5131817
8Bt-vEroq6M.005,test,-17.514462,0.38920835
8KyS0FKbKfI.004,test,0.6637787,0.4744623
8KyS0FKbKfI.005,test,-2.6266108,6.242307
8OckVmEZ8X8.000,test,7.872907,12.519304
8OckVmEZ8X8.003,test,3.730627,10.969079
8PXQ_5tUv74.002,test,3.410956,11.537171
8QtlG5ujHyc.002,test,7.1318145,-8.719596
8RObWRnyuG0.000,test,8.620733,-11.374005
8RVJqjILSD0.004,test,-18.22203,0.8120379
8WXW8ODj44k.003,test,-12.878378,-0.66635203
8XBprf4NyOg.000,test,-13.604105,-1.4543862
8YQKwMdiaAE.003,test,-7.667545,-2.611704
8YQKwMdiaAE.004,test,-4.6392856,-4.233921
8ZHpqRJ39HA.000,test,-14.714554,-7.123672
8aPfoJiDeBY.001,test,-16.934235,5.5688834
8bn3HZY76xU.005,test,-4.1211143,1.6319368
8cIuBkFoh0s.003,test,7.6350117,-3.7607145
8e4nnel_x-M.002,test,-6.803072,-1.6336302
8e4nnel_x-M.003,test,-10.506909,-0.72032905
8g5jPiQ6XdA.000,test,-17.718744,-0.6447935
8g5jPiQ6XdA.005,test,-14.911636,-4.5021243
8gvBbE6iZNo.002,test,-6.7514935,-1.9023682
8hGOOynn3ZU.000,test,-13.836541,8.662744
8hGOOynn3ZU.002,test,-18.148983,2.4666042
8hfhLOXpCNM.003,test,6.441577,-16.860157
8i7H-uSCQcc.000,test,6.2381516,-1.5919623
8mZZlnbmOYE.005,test,-16.22218,3.084211
8n6G3V3-Tk8.000,test,3.2135928,12.733636
8qDKGnABATw.000,test,2.3218088,2.2760706
8qDKGnABATw.005,test,8.741673,0.064231634
8yFYvQ_kxW8.004,test,32.357746,-29.278065
9-lptN92A68.002,test,-16.626173,-0.57229507
9-lptN92A68.003,test,-12.392379,5.116948
9-lptN92A68.004,test,-14.30246,-1.1581169
99OBSlFjLXI.005,test,14.865952,-5.2634597
9CPKW0sqR3E.004,test,-13.696116,-1.84986
9Crw2RtrBcY.005,test,-11.335628,1.1733928
9DF_-PXbpkg.000,test,-11.451575,-2.5201478
9J-KIPMQmqk.002,test,-13.5388155,-1.3773085
9KAqOrdiZ4I.003,test,45.96014,-17.817337
9Lbj3wpwk-c.005,test,-9.321492,4.62109
9NS6CgxJCGM.002,test,4.770722,-3.7461882
9NS6CgxJCGM.005,test,-3.8953004,-3.734028
9RfE2-aTvaM.002,test,1.9883338,0.5447385
9RfE2-aTvaM.004,test,-4.9526153,-1.6523163
9UEBU_yiTPs.000,test,7.0498843,2.161164
9UWCHrG5mys.002,test,6.7007666,-5.2500005
9XqeGs2MMic.002,test,-15.217299,-6.0518627
9ZMIYSBYIh8.005,test,32.022747,9.44265
9_6auSk_wkY.002,test,-10.682542,10.725752
9_yDcQcapu0.000,test,-18.41967,2.8384662
9_yDcQcapu0.004,test,-13.711589,2.3489769
9a-3LrB7cDI.001,test,-17.705956,0.7775732
9cHxDnk6SUs.003,test,-8.210203,2.6244233
9cj8rrj1wSk.001,test,23.367556,4.456454
9cj8rrj1wSk.003,test,20.184483,2.5010376
9cxghgS9upg.004,test,-5.613149,4.0983973
9eNHxfOV2Kg.005,test,19.55668,-6.227941
9lA-PGQcHBc.001,test,9.190754,-2.5488846
9mM_0vrO3wc.004,test,-8.297212,-3.6011946
9n8dNi-ERQ0.001,test,8.499792,-7.7116404
9n8dNi-ERQ0.002,test,32.674015,-9.654123
9uMpKla2OQM.002,test,13.930713,3.4827228
9xJ0rFCU-OM.000,test,29.40647,-6.0677567
9yZEb6bdxNY.002,test,0.17998526,-10.98275
9yZEb6bdxNY.005,test,0.796606,-7.5437536
9z5cV1ANYwE.000,test,3.2047718,-1.0252103
9z5cV1ANYwE.004,test,8.570957,-3.8527565
A0braVJH3Pw.005,test,15.651838,11.711725
A1lbD_OCuj4.001,test,-15.507842,6.0205474
A1lbD_OCuj4.004,test,-15.788268,6.0362134
A29hMesGCEI.000,test,-7.9806705,-0.43951485
A29hMesGCEI.001,test,-4.2027392,4.241604
A3StIKMjn4k.000,test,-14.455405,-0.103262074
A3StIKMjn4k.003,test,-13.223729,2.0354433
A4zSLp-1gps.001,test,31.416643,-2.2368212
A7ZNwKJzGpk.000,test,-6.1557217,3.420175
A7exx3pEPkE.001,test,-9.883244,-8.117988
A7qb47cmxJo.003,test,-5.187904,-6.485786
ABWFQuPG1LA.001,test,14.869617,4.104473
ADBzMIo1jd8.000,test,7.7791224,5.8125067
AEqpMdMeMZA.001,test,37.084194,4.9406185
AFvUxDwJB84.004,test,-11.245889,-1.4757884
AJIphVRpYrg.000,test,16.039602,-1.9792694
AJIphVRpYrg.001,test,16.351677,2.1616876
APqMkruLkoE.002,test,-10.163621,4.6898675
AQz6_ZpzGIE.001,test,-7.540013,-0.018894717
ASDpn9yOYAo.001,test,-16.213099,1.3090606
ASDpn9yOYAo.004,test,-12.9391575,8.045802
AT9kY7tP710.000,test,18.56729,2.7349262
AT9kY7tP710.002,test,5.934025,-3.0013292
AWe6ZZUmlZw.002,test,-8.269231,1.6844053
Af_F0IzHK6o.002,test,-4.2887597,11.179656
Agg7z10B_iY.003,test,-11.77352,0.33737734
Ah5PEPT4xbo.000,test,18.484684,-3.6661003
Ahiq4zhmYco.004,test,-1.743405,16.057022
AjCI_w9Szks.004,test,-4.1527715,-9.035274
AlEqtGWa43g.001,test,-0.65717554,9.623325
AlEqtGWa43g.002,test,-1.2304769,9.639967
AotbiNsU85A.003,test,0.92160463,6.9842906
AotbiNsU85A.004,test,-4.6956897,2.784077
ApPnsnIZozw.000,test,3.0156093,9.260008
ApPnsnIZozw.003,test,-3.0059729,2.3785746
As93GgkTdt4.002,test,-0.302904,-6.555967
As93GgkTdt4.005,test,0.23260184,-7.117359
AvuWv3LLmrA.000,test,0.6328382,19.407707
Ay7bZ7Sgx9Q.002,test,-11.081706,-2.867583
B-OJ_xZILLg.004,test,-12.824361,-3.2506304
B3VQeeev0r0.003,test,32.291157,-1.6171957
B4ducm9sydg.004,test,5.81126,15.64936
B77ZCcCMrkM.000,test,13.459429,0.26727456
B8kzwm6ZaUo.003,test,19.769342,8.655988
B9NSU6gQdRw.000,test,1.4885336,8.100154
BBSB9OJdb0Q.000,test,-14.405177,0.49695972
BJpWi1qGp1A.003,test,-3.728041,7.827959
BLKXsX7-WIg.002,test,-17.231247,-1.8775795
BLc_GvsbI1U.001,test,-16.131054,-6.07442
BLc_GvsbI1U.004,test,-14.847409,-5.80586
BLc_GvsbI1U.005,test,-18.886847,-4.6087112
BLwgxAWf7cg.002,test,3.87949,14.041358
BS0wgLXqFgc.002,test,-16.435274,3.7178013
BSfClgoqf00.001,test,23.460054,-5.220604
BStHNKV820Q.002,test,-19.719952,-3.432203
BStHNKV820Q.005,test,-22.708307,-4.7828193
BV6Pqy4fSwc.002,test,32.38918,-21.875189
BWAEpai6FK0.004,test,8.410406,1.2733121
B_DeKthR_V0.000,test,3.3806832,-6.798176
Bbx88iJwZ5Q.000,test,18.087608,-12.892985
BeyIfaH64xY.005,test,-6.527548,-6.632512
BfTaDQvantk.000,test,-8.918629,-2.8264158
BgfYyUAoNPs.002,test,-2.968108,-3.339923
Bije9nsMl7M.002,test,-13.429841,-3.8837302
BlvmREgt2C0.001,test,6.112646,2.2207851
BmDClgdWlH4.001,test,-10.271733,-4.74171
Bmn4YEhgBDY.002,test,-8.847722,-6.2022743
Bo-mrL28d8M.000,test,-14.447277,3.4532583
BuKzIqR4eBU.003,test,11.234016,7.865158
BuKzIqR4eBU.004,test,10.315887,8.205612
BxdFQhBNZys.001,test,1.0107256,8.174785
Bz3Jx4QL_6Q.000,test,-19.282661,-0.4801026
C-48U5oDuvw.002,test,-12.82438,-2.3909664
C-48U5oDuvw.005,test,-11.795202,-4.953684
C0UMWrEJ2x0.002,test,-7.8379993,-3.358816
C23rns4ZCy8.002,test,23.851645,-4.5020666
C2Y9Puk3Obk.004,test,8.723635,-10.248202
C3knX70mzxQ.002,test,31.57028,8.079818
C47tB5JmEqQ.001,test,-1.4389578,-9.215351
C47tB5JmEqQ.005,test,2.4496796,-14.7336035
C5qRszPK9HY.000,test,-14.660191,-8.393781
C5qRszPK9HY.004,test,-18.482676,-5.819618
C9W-AEBcQzo.000,test,27.069174,27.951042
C9W-AEBcQzo.001,test,31.115034,28.493748
CESTtNvDpww.002,test,16.238958,-2.135303
CFK8ib0aWe8.002,test,-13.474218,-0.8869153
CFk4v2Kd5Ns.000,test,0.48025954,1.8623896
CGfr9jl8w4Y.002,test,-9.816025,-6.605152
CGfr9jl8w4Y.003,test,-6.1965733,-10.465673
CO7vZjYF6Zk.004,test,3.821206,-13.775032
CO7vZjYF6Zk.005,test,11.833999,-20.851433
CPtaCNonKlE.005,test,-15.432795,-3.8416038
CQMH9Qguuao.001,test,-14.941477,8.06959
CRLsCyMfskE.005,test,-0.25948822,-3.1630142
C_NtwmmF2Ys.001,test,47.264793,-4.299509
C_NtwmmF2Ys.005,test,42.9938,-1.0708653
CbNAOLHByZQ.003,test,34.0947,-25.792131
CdUYBux3Vn8.001,test,9.853,-10.832059
Cdh_OCMZ4U8.004,test,-0.22446959,3.3838072
Cl5jhuLQ9Dg.000,test,-11.030059,-3.2350187
Cng72emlXAM.002,test,1.6461583,-3.0752213
Cv_QK9bPagQ.004,test,-14.163707,-4.8239903
CwmjP27fivQ.002,test,-1.2948033,-3.1096315
D4TU65xbF4g.003,test,-0.737315,6.1068463
D4hPHPp1W-Q.003,test,20.034197,-14.503429
DChmTb-c9uM.002,test,28.51771,-7.154581
DChmTb-c9uM.003,test,14.743541,-23.20919
DZfcVxy2ceI.002,test,0.70500356,5.88542
DZfcVxy2ceI.004,test,5.207627,11.731622
DcVwxxbKGF4.000,test,-4.7326546,1.1448818
DcVwxxbKGF4.004,test,-2.7924273,5.2036595
DctPau1p7JM.000,test,-12.055805,1.2365868
De4i7-FX9Og.002,test,-0.15123637,-17.89944
De4i7-FX9Og.005,test,-4.0406795,-15.914923
DegRGUG4Wi0.004,test,5.0018353,8.905292
DegRGUG4Wi0.005,test,22.976408,12.50354
DfpKVl9Zpdg.000,test,-16.752272,1.3003696
DfpKVl9Zpdg.005,test,-14.266662,1.4422135
Dhbva5oGE7g.004,test,-7.04161,6.4300203
DhqfB9chceo.004,test,15.219469,-1.652438
DnTtbAR_Qyw.003,test,-14.301308,-4.953085
DrlC4bEYcmw.003,test,23.253557,2.5011017
DvWzedL3QCk.003,test,21.764273,-4.8114247
DvWzedL3QCk.005,test,22.69461,-16.813292
DvmzcQI5cnM.002,test,-12.008124,6.0253773
DyZlhseSuec.000,test,-12.722985,-5.768861
DzqJmiQjsZ4.003,test,-10.039886,-1.7170149
E3z1D7CKoOA.004,test,-14.704261,-2.90425
EAMHqNxa9yY.000,test,9.938203,23.843168
EL1Q7x_1a74.004,test,-16.419611,-1.3413916
EX3i4IMY1Pw.004,test,-3.98236,-11.194369
EYbPGTIcnjs.004,test,27.802946,-15.929519
E_xAcdGpPCI.000,test,-14.711315,-1.709736
E_xAcdGpPCI.002,test,-11.488273,0.11960508
Ea0UKBPCm3Q.003,test,-1.0180078,8.653755
EcOC7ZVRSg4.005,test,-1.4475516,-1.3994983
EelHLfeSJfM.000,test,-13.951182,-4.826464
EelHLfeSJfM.003,test,-14.479973,-4.1000314
EiXQ9RErt6c.000,test,-13.527632,-4.5589066
EmGTj1DRMbo.001,test,0.9705275,7.6527314
EoakbXJmcto.001,test,-0.4008788,-16.367342
Etw3iulV5Eg.002,test,4.05726,-8.983919
EwMMNKLjO9w.003,test,-2.6937263,-5.3689423
EwMMNKLjO9w.004,test,-14.566713,-1.5577288
EyX8QI5nPTY.003,test,0.61301917,-18.049763
F4yC1_n6ApY.000,test,6.556278,-0.93702507
F5iykLTSCJc.002,test,-2.5064046,13.695029
F5kL7RWS_f0.005,test,-11.661804,-4.998975
F9mZ6De_6Ko.003,test,13.458408,-16.412909
FGkS4vJYOpM.001,test,-10.930108,-3.2537098
FNHMXPaHll0.001,test,4.9513707,6.2368717
FPfgwGsy8dE.005,test,-10.247054,0.795734
FSBBbxNi0iU.000,test,-8.78759,5.4153724
FSBBbxNi0iU.003,test,-3.8039463,0.17998981
FTk2SCmJI_w.002,test,19.222603,13.42163
FU1ak530DDo.002,test,15.903446,-14.378116
FU1ak530DDo.005,test,15.4812155,-8.978272
FaBTYkzhuK4.003,test,-8.495022,4.752159
FcR9VhCxBb0.003,test,-6.095479,2.555035
FcR9VhCxBb0.005,test,-8.659719,0.7489245
Fco1CMgOadI.004,test,13.853812,1.3095654
Fe9_SVPd_5I.000,test,-14.53479,-1.2030839
Fe9_SVPd_5I.001,test,-12.737277,-2.228213
Fe9_SVPd_5I.003,test,-13.1757965,-1.7768685
FksSYDfLH04.000,test,6.5790515,-2.143285
FkzVX7SQ9wE.005,test,-5.5284123,6.564364
FlAGm93fJa0.003,test,-16.477306,-3.095859
Ft0ahViXZPc.004,test,-12.12621,-2.9241238
FxVUG2R1y0Q.002,test,5.890279,-11.255554
FxVUG2R1y0Q.005,test,2.3051512,-8.011946
G-25EWOIGNs.003,test,5.511335,-16.477268
G2D3qU6R_YA.000,test,5.5614586,2.1265285
G2D3qU6R_YA.003,test,-0.29195628,2.6886723
G7hYffrZ1Hc.002,test,-11.447496,2.0924616
GG9WPQLI_rg.002,test,-13.500888,2.1113813
GG9WPQLI_rg.003,test,-6.985689,-0.9948029
GHetseJP358.000,test,8.153388,6.0221953
GJ0uTtD3kSg.000,test,16.547981,-1.522732
GO6s-qDADuU.001,test,3.2066054,-6.397471
GQczMGrVgbc.004,test,4.8010845,0.3736579
GR-P1m_Yvm0.003,test,-10.333218,8.183029
GR-P1m_Yvm0.004,test,23.824879,19.524096
GaUs3UUUtmw.003,test,-1.7222804,0.78152275
GaUs3UUUtmw.004,test,-5.5742736,-1.0843227
GcuoyJPO-KU.000,test,6.492364,-14.856675
GcuoyJPO-KU.005,test,5.656763,-11.186462
Gdrgw7Z6tLg.001,test,-11.44342,2.2595901
GiILhJbj5JI.004,test,-4.252232,-4.5024276
GiILhJbj5JI.005,test,-8.121769,-2.5873206
Gk94xrcmFts.001,test,-16.489235,-1.8559614
GkPz3-y6Les.000,test,-15.959378,0.93749154
Gl93Hw1A2kY.000,test,26.611704,3.662863
Gl93Hw1A2kY.001,test,10.188967,-1.4236479
GqFpXstFUZI.001,test,-12.468007,0.96263075
GquB5W7bzFo.004,test,19.703306,-0.13543484
Gtq5nfRlRx8.002,test,27.62158,-18.39077
Gvdh94z-SoM.000,test,7.826981,5.2928886
Gvdh94z-SoM.001,test,10.798512,16.277233
Gvdh94z-SoM.003,test,4.912055,-2.7938704
Gvdh94z-SoM.005,test,4.503633,13.113695
GyLjVOVPGKQ.000,test,1.828239,-5.0281034
GyLjVOVPGKQ.002,test,2.9645896,0.66709715
H6yu96w7tUc.001,test,-5.400629,6.519164
H6yu96w7tUc.003,test,-5.5004525,7.4961386
H6yu96w7tUc.004,test,-4.537969,9.10683
HEHMW0uiFa4.001,test,5.915717,7.8502946
HH03EXo0TB0.005,test,-7.010471,4.677753
HJkoeB_F4c4.004,test,13.2637,-17.111305
HL-K_PZXFR4.003,test,-6.6284704,-4.107637
HPEemWelY1E.005,test,6.322779,8.528285
HTF8k56_Oxo.000,test,-5.875118,7.755563
HUHFlCs3YJ8.002,test,-3.0959134,0.68472224
HWuh0biZQ_c.005,test,-12.73359,-0.7850486
HekcZ0Em60E.001,test,-12.8567505,1.2409371
HhC2cGFFZeY.003,test,18.502106,16.054571
Hklc55y7vUI.003,test,-3.756678,7.8475604
HkqPfxphZsE.000,test,-4.398474,-0.57704365
Hm5K_K0v718.002,test,-10.846437,-1.3969885
HoJXPFp9hYo.001,test,-9.475293,0.47842962
HoJXPFp9hYo.002,test,-1.2753693,-3.3589473
I5x9T9ftW18.001,test,4.4290466,4.2997947
I5x9T9ftW18.003,test,-0.9429112,-3.1274695
IFF47jVKMj8.005,test,-17.230007,0.6944734
IFXaH_E54iA.000,test,2.3789384,-1.9859582
IFXaH_E54iA.003,test,8.588088,-6.2557793
IGjI8aP14gg.000,test,2.3427393,12.416361
IL5VgGakSNw.001,test,-13.929375,0.21653096
IL5VgGakSNw.002,test,-14.858628,-0.44609103
IL5VgGakSNw.004,test,-16.722843,0.79097176
IP_Smb0hVSw.002,test,-8.846366,-8.523657
IP_Smb0hVSw.004,test,-4.0381694,-16.23135
IQNNEfYYYiw.000,test,9.774868,7.74542
IQNNEfYYYiw.001,test,17.22891,10.460149
IQNNEfYYYiw.004,test,6.150515,3.314004
IV01x2GS61g.001,test,5.7536263,11.101349
IV01x2GS61g.004,test,2.3667912,7.4724417
Ie2y_yOeKpo.000,test,5.1178284,10.817714
Ie2y_yOeKpo.002,test,1.6228976,-0.01623853
It0-yCwOc5k.001,test,0.8519728,9.391334
ItkIHtgVhIk.002,test,8.602158,12.9462
ItkIHtgVhIk.003,test,-6.6997113,4.7969165
IveGfOJ86wY.003,test,13.044191,10.235853
IveGfOJ86wY.005,test,0.2665199,-0.7002832
Iy7rcTk7KsQ.000,test,-13.8992405,6.1341376
IyBCZySg-c4.004,test,-7.139568,-2.0165186
IzsP0TRzFbo.000,test,10.941801,16.263865
IzsP0TRzFbo.001,test,21.320711,9.308062
J0JrzUmZGcA.000,test,-10.877217,-6.075608
J28DwJsK8Do.001,test,-6.3117247,-2.6349695
J30sMEMrKjA.003,test,1.6309755,-12.948394
J4GQm9j0JZ0.004,test,-1.3996117,-0.08413675
J6RHl6U6Jcw.002,test,-8.216526,-8.81538
J6RHl6U6Jcw.003,test,9.078557,-13.644759
J8N2OCqM6N0.002,test,-17.793877,-4.6621237
J8N2OCqM6N0.003,test,-17.832209,-6.0749846
J8N2OCqM6N0.004,test,-11.114288,-8.8912525
J8YpOUmN_aI.002,test,-9.479433,-0.5931314
J8YpOUmN_aI.004,test,-9.820455,-0.22398794
J9MfhPoJOaw.000,test,10.2028,-24.584244
J9WyswA0vow.000,test,-4.3214946,1.2871884
J9WyswA0vow.005,test,8.698077,6.3615756
JJs_HTelie4.000,test,11.705124,-4.770838
JJxLsbLQlIE.001,test,-2.6553824,-1.7178149
JJxLsbLQlIE.002,test,-3.0759025,-2.4899776
JJxLsbLQlIE.003,test,-3.8903503,-3.600268
JO44XCaQGVY.001,test,-6.431316,1.9011678
JRqhE9jsamU.000,test,-13.296232,-3.26905
JSEx8RqGcPs.003,test,30.758095,-28.022015
JSmYRIDgryI.001,test,-1.4734194,4.0176797
JZNMxa3OKHY.000,test,16.25981,-2.8817246
JbXgnjVWEoM.000,test,-10.953994,2.536028
JbXgnjVWEoM.003,test,-10.725217,3.5926046
Jcw9NZkMn6I.000,test,-14.346722,1.3683053
Jcw9NZkMn6I.003,test,-11.66133,5.602566
JduPstuHv5A.002,test,-11.245345,-1.3010194
Jf8lqSpAjZ8.005,test,-13.004052,0.53689384
Jh8yMyNZkuo.000,test,3.2726953,12.223998
JmAQlC-FEV8.002,test,13.284446,26.667276
Jn76eAPxjNA.001,test,-12.129199,0.22796983
JoQRNgGQCgY.001,test,-13.893412,-5.294694
Jog1-pYOSD0.004,test,19.221952,-8.753605
Jy716zClCKs.004,test,-16.640955,-1.4478723
JzS1ZJGBd5A.000,test,1.9323962,-16.048107
K-iwJMxjyx4.002,test,-7.291773,-3.234474
K9ZTOb6PbfQ.001,test,-17.595207,-1.915888
K9h_wA30XgM.003,test,-6.298397,0.8187802
K9h_wA30XgM.004,test,25.6135,-17.040943
KDwpjQiIfjY.004,test,9.432,0.3278491
KGRUaRe3r7I.004,test,-10.862191,-1.1388015
KH1PIMlztec.000,test,-8.041457,1.3035678
KHQJhOzdrYo.001,test,0.7443007,0.8928361
KIJ9IYETe38.004,test,-7.996462,5.144599
KJ643kfjqLY.000,test,21.542683,-1.2682061
KLY518hfGhU.002,test,-11.879647,9.849462
KLY518hfGhU.003,test,-14.682335,8.681677
KM6Nc_VipyQ.000,test,5.4333014,6.8914733
KNOHhnRMpSw.004,test,-0.31928775,22.496977
KNx7_ajRwDI.002,test,3.6506972,-3.9628994
KNx7_ajRwDI.004,test,0.6683644,-2.2112918
KNx7_ajRwDI.005,test,-2.2267964,3.2927709
KTdbKiGFzJY.001,test,-16.149323,4.690786
KVepk_9iPEU.000,test,-3.0908837,5.2986975
KVepk_9iPEU.001,test,-1.5005319,8.056249
KYkfjIZEScM.000,test,-12.55402,-5.4587545
KYkfjIZEScM.002,test,-7.833,-2.545675
KYvMsMLNGvY.001,test,-12.268086,-1.6864544
KYvMsMLNGvY.002,test,-12.815399,-3.359569
KYvMsMLNGvY.004,test,-12.919865,-3.7521198
KafUbLs_Fl8.000,test,-16.581266,0.15049887
Kga18VO9VwY.004,test,23.63738,-3.0658944
KhMsmtSC5Lg.002,test,32.013977,10.421422
KmHe8urs3LI.001,test,5.4637094,4.8593264
KmHe8urs3LI.004,test,-3.2582905,-2.1629174
KnbEca4Ibwk.003,test,-15.276367,0.74091315
KnbEca4Ibwk.004,test,-14.703039,0.29982117
KpTHRBaYny8.003,test,2.3974814,6.534275
KpTHRBaYny8.004,test,4.9248586,0.939048
KsToJAKi7xQ.001,test,-2.917518,-5.1532235
KtY6C83o2rs.002,test,34.685257,5.364804
KueRj0rDWIE.004,test,-13.240187,5.3485384
Kv0kZgqZEM0.005,test,-6.5881834,3.0905526
L-C1blPD_ec.003,test,5.371607,3.9436076
L4uFD6434Pc.000,test,-4.698147,8.472521
L5PkZA1ErYY.003,test,-6.442228,-10.197743
L5kpy0SA7os.001,test,-10.626359,-2.973226
L5kpy0SA7os.004,test,-8.2841215,4.3122845
L9sG80PI1Gw.000,test,-17.253004,-4.6235228
LBKbubsgpE8.000,test,3.8452287,-0.9504936
LBKbubsgpE8.002,test,6.303723,-1.5393455
LBKbubsgpE8.004,test,6.0625916,1.0152724
LBrmHHzyIiY.004,test,14.088975,16.750109
LGPm8ok6kVo.000,test,-11.2649555,-1.3145442
LGdzP-r_G3U.000,test,-12.950353,-1.2655532
LGgx7RVdL2Y.003,test,0.5619055,8.295043
LKBoLbWHJYI.000,test,18.998308,0.55825335
LKc69Et2Jg8.002,test,-9.195691,1.3159175
LKc69Et2Jg8.003,test,-10.160334,0.3484294
LKqN07ryM5I.000,test,-12.914649,0.64422995
LKqN07ryM5I.002,test,-10.346285,0.6998896
LNiiKncirQA.001,test,8.8693075,6.957559
LP5N5uPfTdA.003,test,7.212562,-3.5368385
LRczShwIVbM.003,test,27.619457,-19.18457
LSqijVxP0EM.003,test,-7.6205316,7.132211
LWO2ZhalAEY.002,test,16.991537,-22.655867
L_gmlaz-0s4.000,test,-13.459885,3.7911763
L_gmlaz-0s4.004,test,-16.125788,0.14648044
Ld8ouPJpdDU.000,test,9.672006,24.935894
LeQKH1vAVpg.002,test,-3.2566962,5.681225
Lj1WuMXFa-4.003,test,28.360897,-14.63734
Lj1WuMXFa-4.005,test,41.458397,-19.68813
LmA23EIaXqg.004,test,9.353049,-3.4450173
Lt89YrQHF_w.003,test,-18.336397,2.3855424
M17x1DCxFj4.000,test,-1.0546137,5.1402984
M20gRMBy-4I.005,test,-10.995109,0.7939507
M39PNQ8Omhc.002,test,14.702194,1.320731
M5_x5J-H2I0.002,test,17.569462,-7.4246373
MCr6FmFAhak.000,test,13.752299,-2.8029134
MDoZUDTSayc.004,test,21.625048,-18.860065
MI_GQLbnoew.002,test,-1.6622136,-4.438818
MI_GQLbnoew.003,test,-3.5761943,-3.2215786
MK7KveAeb6Y.001,test,-3.556422,-2.4278028
MLCIfM5jYlI.002,test,-1.1243405,10.522057
MOobNUpfWiY.001,test,4.2635226,2.3377619
MZkDsB04kt8.001,test,29.164036,-11.458213
MZkDsB04kt8.002,test,29.860235,-19.28063
MZkDsB04kt8.003,test,26.769657,-7.461484
M_OpMKBEOyU.005,test,-9.215594,-1.462421
MkVsl0hdphE.005,test,-2.0059686,5.9541936
MlBwEhjftAw.004,test,-8.361617,0.5164698
MsGTYOOp4hE.000,test,13.767573,-10.686764
MuYYY3XaJ7Q.001,test,-0.6239547,-0.6892106
N0UweTwwQqQ.002,test,0.61549044,1.1430249
N0UweTwwQqQ.005,test,-3.8000827,-3.4942667
N4tuu9aCXkw.002,test,-14.9395895,3.9166634
N7oR6_oMBFk.003,test,8.992008,-10.902547
NF8nb3SQPNg.004,test,2.9726512,4.832394
NFAlff6GUpA.004,test,-10.275883,-5.207896
NG8qWulkRM4.003,test,-7.8901534,-9.385661
NG8qWulkRM4.004,test,-9.574967,-5.1019826
NVvKBE5FTMk.002,test,7.2052464,-6.8995895
NVvKBE5FTMk.003,test,2.8865128,-0.94252455
NVvKBE5FTMk.004,test,2.2032971,-5.5749273
NXG4n1pr4Ok.000,test,-13.932634,0.8228964
NXG4n1pr4Ok.003,test,-13.897587,-6.2616553
NXG4n1pr4Ok.005,test,-9.431278,-1.4918025
NYlFsljF0VM.001,test,-19.128881,-1.9168634
NZXtEENlWL4.002,test,15.742558,-3.8620179
NdAJGXf8aos.000,test,20.25897,-17.212751
NhyVkwcZbTA.001,test,15.371058,-10.719742
NoHext7JXYU.002,test,-1.284832,14.724754
NoHext7JXYU.005,test,-3.1695604,7.9902563
NpMRzuRmeDQ.002,test,6.041088,4.1034184
Nv0-x4K9YFI.003,test,4.6646,9.409673
NyQ2K2J3N0s.002,test,30.098026,12.281492
NzCflfxgvwo.001,test,-10.875076,7.0460095
O2J_3ScUCUQ.001,test,9.924938,0.6105908
O2wMPdp2-Is.000,test,14.157902,-16.296083
OACoHiwOdXQ.000,test,-2.3840222,9.179127
OACoHiwOdXQ.001,test,-4.217613,9.98844
OD3cfWeJaOY.000,test,21.44824,-24.261965
OD3cfWeJaOY.002,test,35.8482,-24.975122
ODDGS0hTcUc.002,test,-6.8782477,7.2801785
ODDGS0hTcUc.003,test,-3.8289554,-3.8877873
OLFhKCgexRU.005,test,-14.425066,-3.4591057
OMHlfDF99Mw.001,test,-15.774428,-2.9430773
OMHlfDF99Mw.002,test,-16.131023,-2.5214307
OMHlfDF99Mw.005,test,-19.949179,-2.8183384
OMTlpgrJYFk.004,test,-4.926565,-4.2773504
OSDlyk5ZgAk.001,test,-14.9415,2.2959592
OSDlyk5ZgAk.005,test,-13.103772,2.2368917
OTXGM3Guxy4.002,test,1.050744,11.474107
OXkDmd3nA94.005,test,37.759266,-22.927809
OZlpENU9h28.004,test,-12.946127,8.559431
OdwK_oMdfSU.004,test,-9.339455,-3.0410976
OhHg1lyxe4I.003,test,-16.597477,0.4574287
OiDyfO2zB7s.003,test,-8.747756,7.797934
OmXuhT4yJpo.001,test,-7.8321037,-11.178443
OmXuhT4yJpo.004,test,-12.873044,-7.155009
On2c_8sU8Vw.000,test,-1.4233483,1.6438301
On2c_8sU8Vw.005,test,2.7624063,-2.5456762
OovRk5U9_GY.001,test,18.174551,-5.4045663
OovRk5U9_GY.003,test,21.095144,1.3201658
OovRk5U9_GY.005,test,15.202468,-6.163683
OoxYhDbzWwg.001,test,-10.6562395,8.527238
OoxYhDbzWwg.003,test,-11.073745,3.557763
OtGJDbI9qkM.001,test,-18.687874,2.2830322
OuE91U_n04E.002,test,5.2838883,-0.5987213
OuE91U_n04E.004,test,1.434224,-6.8451056
OugdInDyt9s.004,test,13.990369,-6.4293413
P0ZzjnS8E24.002,test,-8.924255,-3.1308634
P0ZzjnS8E24.003,test,-9.501624,-0.3335608
P0ZzjnS8E24.005,test,-6.978637,-3.8838434
P0a209IS614.000,test,-11.206217,5.4091187
P0a209IS614.001,test,-10.282794,8.763435
P2T93mqAsWk.000,test,7.6877675,2.7642496
P7poMmhYnM0.000,test,5.213943,-3.5248785
P7poMmhYnM0.002,test,1.9446378,-2.4399686
P7poMmhYnM0.004,test,7.6966677,12.321046
P9WDAY-MFzk.004,test,-12.132041,-0.40590635
PEjFZNkbQos.002,test,32.622566,5.9883327
PHUlL5ZzX5U.002,test,29.323885,26.516466
PHv6CzBIC5E.003,test,-9.914715,-8.36445
PKe86w7jSGE.000,test,3.0589395,5.85985
PKe86w7jSGE.004,test,16.816578,16.702822
PKtzsEqLGx4.003,test,-4.7483015,-8.655626
PQBGDxYGaXU.002,test,-12.463566,-0.3150114
PReOtefm17s.000,test,-1.5375229,-1.4283816
PReOtefm17s.003,test,-1.69235,-4.096621
PReOtefm17s.004,test,-0.88323385,-10.13226
PRplbrM70sg.002,test,7.9865046,-7.796456
PTV5TBVRHxo.004,test,2.0764954,-4.213402
PTV5TBVRHxo.005,test,-5.7381954,-0.5249167
PVm7Om88BSw.000,test,-11.567981,-3.8899264
PVm7Om88BSw.002,test,-14.367358,-4.013814
PVm7Om88BSw.005,test,-10.861991,-6.171853
PWAe9M2SxT8.002,test,-11.192992,-7.5729175
PWAe9M2SxT8.005,test,-10.096145,-7.15414
PWM-bKcs2p8.002,test,-4.3168406,4.5850925
PWM-bKcs2p8.005,test,0.03695474,5.5493937
P_wDFLJnW-o.002,test,-2.355993,8.955283
Pb7aNc6Kd40.000,test,-16.615595,-2.1493788
Pc-oQQwkIv8.002,test,26.836739,19.123415
PgpMUHH8lEI.001,test,25.963478,10.632614
Pmhjv20yOl4.003,test,-17.822083,-2.3272972
Po4UGCJbCbw.005,test,-5.717947,10.385893
PpJ4S8ZM8mQ.001,test,13.772915,11.5644245
PpJ4S8ZM8mQ.004,test,6.23778,0.74243873
Pr-RpZ4gYCM.003,test,12.837619,2.46682
Pr-RpZ4gYCM.004,test,10.6302185,-12.959238
Pr-RpZ4gYCM.005,test,8.330959,-8.72156
Prb5j6jLKBs.005,test,12.356182,-6.423499
PsHb4YHooKM.000,test,-8.316838,9.397054
PsHb4YHooKM.002,test,-5.835203,7.547604
PsHb4YHooKM.004,test,-4.367025,7.513897
Psahy1Vju4A.001,test,-16.964222,-1.7515423
Psahy1Vju4A.004,test,-13.206118,-3.050294
PsqpkFKX8co.003,test,4.6198325,-4.2116838
PtBXYDPakZo.001,test,21.440592,-13.183708
PxkMDzORBPE.002,test,5.213685,11.567496
Q0C0OU-j4DA.000,test,1.0975363,10.700832
Q4z4GRUtccE.004,test,-17.8794,-3.717619
Q8Hfg0odW2k.001,test,-11.809014,-1.1536932
Q9B3SJkH2Q8.001,test,-16.711842,5.829905
Q9B3SJkH2Q8.002,test,-17.846195,3.613587
QBZieJiOl1w.000,test,14.6808,-8.191069
QBZieJiOl1w.002,test,21.350872,-10.044633
QBZieJiOl1w.005,test,20.464516,-10.542941
QKcx5msA7iA.005,test,-2.3473635,-6.4184613
QMRAbwZCTfI.001,test,-7.638382,4.6558614
QNVsr2mGwGs.002,test,20.001284,-29.556564
QS7TwjzkYiU.001,test,-6.7362547,-1.5817688
QS7TwjzkYiU.005,test,-3.3156006,-4.5881286
QTtTAFqT-no.005,test,6.9906635,-6.208684
QXFRE_pjrAE.002,test,-6.888189,-8.574934
QXFRE_pjrAE.005,test,11.647186,12.548944
QXc2qhIHfAA.002,test,-15.9370775,-2.9906142
Qa-yF-tByDM.001,test,14.733983,5.5040674
Qa-yF-tByDM.004,test,3.4494538,3.1084714
QdafN9Y_j-Y.003,test,-4.137859,-13.162899
QipgesEKSNA.003,test,17.234163,10.03225
QipgesEKSNA.005,test,7.4236035,11.179069
QovE6L-C9VY.005,test,-0.17838708,0.9332557
QpA0gj1y6KE.002,test,-0.48896846,-1.6762596
QqTw0lnrtBo.000,test,-5.5646706,14.407803
QqTw0lnrtBo.003,test,-11.80444,13.516441
Qqc1539E6rs.001,test,4.2179923,-9.231834
Qz_cjgCtDcM.002,test,11.147305,-8.097014
R-vly7LKotQ.002,test,-3.2013059,5.7895336
R0RURVpmU9M.001,test,22.12205,-7.570476
R0RURVpmU9M.003,test,5.4599304,-1.9117473
R2LlBNLDOeg.000,test,8.793998,-8.391939
R42dmIPCXwo.000,test,20.969666,2.5703368
R6NTuhZtOks.004,test,-10.227876,-0.5835541
R8Gpa-rRywc.000,test,0.78951573,2.2023313
R8Gpa-rRywc.002,test,-4.4585805,3.9293432
R9JcmvLBbTs.001,test,0.9904147,-1.4660726
REAxeTWo1QM.001,test,22.333645,3.138621
REAxeTWo1QM.004,test,39.246666,-0.24926843
RF3JnDmv8WY.005,test,32.338516,-7.576474
RGuHfwIRKpA.004,test,-14.361454,-5.6590486
RQeoo3idUJc.000,test,31.27919,-14.59784
RQeoo3idUJc.001,test,15.632407,-11.003858
RVEO1QNRAOU.001,test,-6.6560946,0.19959141
RVEO1QNRAOU.005,test,-7.015255,0.6495351
RWfY3Xk0XPQ.001,test,-1.3214022,-0.7114557
RWfY3Xk0XPQ.004,test,-0.33464375,-3.3801868
RWhyKkFI3zw.000,test,-9.050556,1.7702463
RWhyKkFI3zw.003,test,-4.987687,3.4933999
RYG6XhdmPY0.000,test,34.119556,-0.18981078
RZOimXPTG0s.004,test,-11.43232,-4.9924393
R_6hhFo7M3o.005,test,-7.116639,-1.1624346
Ra7BFLFFDv8.001,test,-14.039434,-4.9342775
RbX4q4KceVk.001,test,-14.70915,-2.8947937
RgZTZIf8K8g.004,test,-17.221357,3.4010603
RhFPotjd0hM.001,test,-14.790245,7.6729703
RlUuWWWFrhM.002,test,-14.605733,-7.8858666
RlaaCqle7tY.004,test,10.508409,-17.226273
RmEwRYfDn-4.000,test,-2.8987365,3.4617927
Rops7WYMCCY.005,test,1.7811546,8.637897
RpJkD_vCi0A.001,test,2.5370297,1.1824944
RsYSOFRFszk.000,test,-5.3708434,4.507911
Rsz-26AaL2o.002,test,11.145385,12.611862
Rw_ZLT9vZTI.001,test,-14.6225605,-4.1417575
Ry5JJvTfP-8.000,test,25.876944,9.524935
S-e9-bW4seo.000,test,-16.150955,3.6221907
S-e9-bW4seo.002,test,-15.157126,2.6582203
S-jhg6Y5OrE.000,test,23.660923,-18.692163
S1AEj1kO5dc.000,test,37.116333,8.33907
S1AEj1kO5dc.003,test,24.337894,5.4828863
S4H50iotXF0.000,test,25.521685,-10.144246
SCnQFpdklMg.003,test,17.94049,-20.338953
SGnhyxlbqaE.000,test,-9.957417,0.68203104
SI93csgHMTk.000,test,18.359173,-3.2353659
SI93csgHMTk.003,test,14.216408,-5.533129
SIpQm4G4DDg.003,test,-9.607451,8.674846
SIpQm4G4DDg.005,test,-13.049143,3.393209
SPD5fXHVyIk.001,test,41.093685,14.548498
SPMDX6qt4I4.000,test,11.538528,3.6012256
SPpox8EGQqU.004,test,4.7580547,-14.737822
SR1Q5M2urxY.001,test,32.40942,12.852074
SRjhmQTPOmA.001,test,0.23658937,3.4269073
SSBC6EsBCro.000,test,21.791891,3.2182674
SYlV95nPTPs.000,test,-13.819149,5.342769
SYlV95nPTPs.003,test,-13.126702,6.567321
Sb1b8JMVhLs.004,test,-11.42266,2.995413
Sdqg-jn_tBk.002,test,-3.544127,9.652071
Sdqg-jn_tBk.005,test,-1.7970299,18.136547
Se3Gts4u1vs.002,test,-12.122024,0.60098135
Se3Gts4u1vs.004,test,-8.252669,3.66977
SfldZBPyPFo.004,test,-13.53152,10.09944
SfldZBPyPFo.005,test,-14.279932,11.776898
SgWtBK48AjE.005,test,-6.2691607,-1.8132604
SkNO4x-LSgE.001,test,-7.8754535,5.167348
SkNO4x-LSgE.003,test,-12.033868,5.4041624
SwXvcwQcqgk.001,test,-14.880942,2.523334
SxKLweLx_ZE.001,test,-3.05484,5.856641
T-mK85acIOc.001,test,37.83103,-14.058962
T1--98_78ns.002,test,-6.065159,-0.014525405
T1--98_78ns.004,test,-6.509129,-2.9795341
T1_6sVNHG70.002,test,-9.757034,-0.65920496
T1_6sVNHG70.003,test,-12.89978,-2.062128
T1_6sVNHG70.004,test,-11.980453,-1.4132665
T1tJTwlGqOM.003,test,26.51738,16.217947
T3v3-2tvV0s.003,test,-20.010548,-5.6090956
T3v3-2tvV0s.004,test,-18.633936,-7.2232285
T4eZ81aJwJI.001,test,1.3258904,-1.0779023
T6CMGXdPUTA.005,test,5.890074,-8.881138
T9xSEBSaL7Q.000,test,16.946388,-0.6511988
TD2jIXMD-SM.000,test,19.387695,-7.1756034
TD2jIXMD-SM.003,test,15.456858,6.498573
TEGJrmNFvXY.000,test,-4.727841,-2.1760015
THO-md3eEkA.001,test,2.6054022,-13.595698
TIRrlL71dEQ.001,test,16.97164,7.5282726
TJD__22fOr0.002,test,13.717626,4.601474
TK6hBCARiHI.003,test,3.672281,-11.898233
TNjEJGdqmH0.004,test,-14.557684,2.8651567
TOdvDQQWlCA.001,test,-10.35838,-4.6343665
TPRQyuiNYmI.001,test,-11.629944,-2.9681854
TSGpD2NBeCQ.005,test,-15.224489,6.1789184
TUaOp5eIU2c.004,test,-16.2482,-0.11381372
TeNC9wOhlXM.001,test,28.07781,-9.178029
Tg8a_iNEamM.002,test,2.3528826,5.2937846
TkCDs7NlXyU.003,test,-11.27797,2.5182061
Tm44tg1zPwU.002,test,13.730146,11.969592
TmpP2fXeVtk.005,test,-6.280993,-2.0111096
Tr3A7WODEuM.004,test,8.901067,-8.871717
TwWDFpN3occ.000,test,0.44971746,0.66225773
TyE0bVJZZto.003,test,38.439205,12.011874
U-XrzfFzMkg.001,test,31.689735,-5.142458
U-XrzfFzMkg.002,test,23.48036,-4.9359384
U2RemWUyjts.002,test,-10.28684,-1.4268332
U2RemWUyjts.004,test,-8.421282,-3.1820438
U2RemWUyjts.005,test,-8.44014,-4.2940626
U3UaF1aFek4.003,test,-6.1107407,2.8350534
U9cidDFDTQE.002,test,0.7002787,8.08741
U9cidDFDTQE.005,test,-9.028809,7.3159885
UA6UY69EVSI.001,test,-0.8342706,16.720018
UANQntvIqVk.001,test,18.883255,-11.1453905
UANQntvIqVk.005,test,9.743876,-15.007906
UD-8YYU7GZs.002,test,-19.292627,0.59134835
UEYKBC_SuzU.002,test,-1.7075272,16.255552
UEYKBC_SuzU.003,test,-6.351674,16.96228
UEYKBC_SuzU.005,test,-7.9177566,5.019773
UHXueLgWoOw.002,test,14.960095,-16.517942
UMMhvyjgRnM.002,test,-10.407071,-3.1677125
UQeuBvZNusI.002,test,-12.340823,-0.93954957
UQeuBvZNusI.004,test,-13.387404,-1.3215518
US4PxgfKDeA.002,test,15.136439,16.588257
USicjVA1trA.000,test,21.587458,17.275475
UUQQf9N2ce0.000,test,15.154396,-4.1967483
UUxEpR5Jgt0.000,test,-8.557107,6.7185903
UVMEzA3yHsM.004,test,12.175275,9.550918
UWG7Jyqc1CY.000,test,6.2802587,13.906483
UWVOT3YPQH4.003,test,8.250853,8.4456215
U_QQ8EuuWPg.004,test,0.39833668,3.801234
UhNyHUwo1SY.004,test,-15.237345,-3.8218956
UipoC_HLOP0.002,test,-14.056491,-3.8844168
UoC_4qi_m9c.004,test,-4.4850764,18.898455
UrOamWOcOwQ.001,test,-14.6381035,-3.1790175
UtVo107m5lg.000,test,-19.3456,0.2930937
UtVo107m5lg.004,test,-11.718721,-3.9594727
Uu-NbXUPr-A.003,test,12.227546,-17.395643
Uu-NbXUPr-A.004,test,9.101099,-18.67157
UvX6ctu2ObM.000,test,18.403032,12.281392
UvX6ctu2ObM.003,test,13.592509,13.361495
UvaGeSNcw8I.000,test,-12.040842,6.762321
V1I40vVRk78.000,test,-14.432962,-8.63141
V2nvyZB-JNM.005,test,-16.878199,-3.8133488
V4ibYU1O-YI.003,test,-14.220753,-0.7224397
V7_h3URfSFY.004,test,-14.331565,-8.651444
V8w2Lo5wxl8.003,test,-17.397753,-3.7030792
V9roK_mLM-w.004,test,1.6005964,1.5843146
V9roK_mLM-w.005,test,-2.6959057,2.900096
VAZLQqJa9rQ.000,test,25.71078,-2.3898878
VForU0EmBr0.004,test,-10.5648365,2.3352013
VIKk25Ozx40.001,test,18.164642,9.376533
VIhStXxpAr0.002,test,-0.4928663,16.946901
VJuVsi6G96s.004,test,25.040354,15.480657
VNK6LQHh25w.002,test,-5.658198,-10.940001
VNK6LQHh25w.005,test,-7.0897427,-3.0718281
VPFrKx72gvo.003,test,-7.149412,0.25862685
VPFrKx72gvo.005,test,-7.0392833,13.472422
VQMizni7nY0.000,test,-12.166949,-2.8649795
VTrqCDYHVqU.000,test,-14.955137,-0.8191356
VTrqCDYHVqU.005,test,-10.602212,-2.6573272
VTv4BAYgJpk.000,test,-13.213887,2.6649802
VTv4BAYgJpk.004,test,-15.041504,0.6878739
VUGWfw5PVLY.001,test,-6.4725785,3.575062
VXcccqr-IAU.000,test,-15.168424,-0.95305014
VZ6jhnbk-5g.005,test,-9.346418,-8.491489
VbiUhNAdzus.005,test,0.6506859,0.8761773
VhHnmeRABJw.002,test,-11.01024,-4.411801
Vj-Cmtqv_qY.004,test,-17.780415,-3.7818806
Vk3scj5vhd4.003,test,2.1478343,13.161146
VmXZ2jMWuvk.005,test,-12.491105,2.2782474
VnUkBYQkJms.000,test,6.030426,6.989548
VoPuhcQc_mg.001,test,-13.638371,-8.734593
VoPuhcQc_mg.002,test,-15.944982,-7.1619406
VoPuhcQc_mg.003,test,-19.382008,-2.8709655
VoPuhcQc_mg.004,test,-14.823225,-4.3284383
VoPuhcQc_mg.005,test,-15.087147,-4.627607
VuadgOz6T7s.004,test,-17.75348,-4.4575596
VuadgOz6T7s.005,test,-16.585533,-5.5410776
VvSk5m90xOs.001,test,10.652324,1.705337
VvVigAr4hZc.000,test,-6.894506,-3.3979526
Vwdi8vyTAUg.001,test,20.346745,-16.287457
VxtZDXM0cuQ.000,test,-17.072363,-2.968712
VxtZDXM0cuQ.003,test,-17.614408,-1.3652134
Vyktsh14Kww.001,test,10.891381,-9.239251
Vyktsh14Kww.002,test,10.555035,-13.686889
W0Ay5uul8j0.000,test,-9.492807,-4.197264
W0Ay5uul8j0.003,test,-3.2728436,-9.295584
W0LRjSS9pVM.002,test,-12.353839,-1.9661034
W48yW9XTI4c.000,test,11.420589,-19.013327
W4tz3plvvKI.001,test,-2.4379046,7.8533764
W4tz3plvvKI.002,test,-4.882147,4.8775134
W4tz3plvvKI.005,test,-11.161651,1.6135163
W7BbL3NZvrU.002,test,14.885621,17.271692
WATt9OOVZh8.000,test,-16.843903,-1.300857
WD1WsbooU2w.004,test,-14.248307,0.93616074
WFY3xwXQ0Zw.000,test,-10.261701,-4.1183233
WGP2HLnoma0.000,test,-11.307506,-4.023442
WTzDOt2GO1M.004,test,24.640928,13.652988
WYXRdYT4F0Q.001,test,19.57345,-8.23842
WZnLayQeIZ0.004,test,-5.0382385,-9.11786
WeyuzDseGg4.002,test,-12.91022,-4.069319
WfZodMIIGR0.001,test,-5.636339,-1.2330477
WfZodMIIGR0.004,test,-8.771487,-0.3773597
Wj8ZY5d1lbs.001,test,-4.4117227,-3.44961
WkbvQZU475o.002,test,6.6254497,-0.29794782
WnmPDmb00Mc.000,test,-0.1463217,6.6040916
WnmPDmb00Mc.001,test,12.269067,6.9514112
WnmPDmb00Mc.002,test,5.4681077,8.605016
WosLI6krxUg.004,test,20.895224,13.275687
WosLI6krxUg.005,test,11.792481,12.39299
WpEZOSrENL0.000,test,-14.420795,-4.5286913
WpEZOSrENL0.001,test,-15.050149,-3.4247482
WpEZOSrENL0.003,test,-15.909574,-3.440019
WpEZOSrENL0.005,test,-16.32634,-3.7230694
WwGca41TJVU.000,test,15.905843,3.8667629
WwmWN63mkT4.005,test,-15.525573,-5.444052
Wx3BaKp74Ig.001,test,-18.591938,-4.3085103
Wy4hWbeibhU.001,test,-11.716959,-3.6543763
X-GXO_urMow.000,test,3.4165175,14.670491
X-i_eQ48DBw.002,test,-7.4299335,6.706181
X-i_eQ48DBw.003,test,-3.8126152,6.056853
X1EjfXX3NTk.005,test,-13.470016,2.3866537
X5aKCrWf6a4.002,test,-10.983833,-4.6756797
XEpdSMQfEOs.001,test,20.945635,-2.993904
XFpzukISe6s.002,test,-12.830197,-5.157915
XJj34u5IzU0.005,test,2.1972551,9.9992695
XN5vpJU3ifw.002,test,48.89743,17.221575
XNWN7ScxVIA.004,test,2.6035125,6.620873
XNWN7ScxVIA.005,test,5.0144243,5.779673
XOioICna1hc.002,test,-11.81816,-6.9031835
XQZ5M9oLkXw.002,test,-19.460352,-0.3694103
XT4rTk6-Etc.002,test,-17.156021,1.3766913
XT4rTk6-Etc.003,test,-13.342888,-0.16425656
XT4rTk6-Etc.004,test,-16.873856,2.082598
XfK7WZ3skUM.004,test,2.4805677,4.201194
Xfmu-7JuDGg.005,test,-17.433798,0.6730879
XhgDsQlEnuU.004,test,11.221503,-5.7788076
XmWA7zTJj-c.005,test,-1.4052855,-5.4840546
XnSbc0tEzQ0.005,test,26.06871,17.26041
XtI2ju2a8iM.002,test,4.9738927,-8.143875
Y1LXjxAQihQ.000,test,-19.720806,-0.76728165
Y1LXjxAQihQ.002,test,-19.477978,-1.6299254
Y6iogSmj6FQ.001,test,2.7713408,3.2759926
Y98eRPs-78E.000,test,3.2969599,-0.5852086
Y9WX7ucPP-o.003,test,6.878703,-0.7657148
Y9WX7ucPP-o.004,test,6.698861,0.07230907
Y9WX7ucPP-o.005,test,8.317002,2.5068972
Y9wnqLKhNNI.000,test,-4.432574,-4.853449
YBsKLg3GMrE.001,test,5.4771543,-0.24974903
YFm-8VGsUGg.004,test,-6.9139066,-2.6023293
YGJ33FXzJO8.001,test,6.783908,1.6444595
YGrCXe2-fVk.000,test,-9.491829,-0.9101993
YGrCXe2-fVk.002,test,-3.838068,6.479181
YJ5CINQ8v_E.002,test,11.091683,4.795748
YLKPVl-M3Ck.002,test,28.716764,-8.510669
YPMffqhP0C8.005,test,-3.2751539,4.369535
YPnuq0tDDqk.002,test,-13.785629,8.504851
YPnuq0tDDqk.004,test,-10.118676,8.092274
YQwkdwB9Sxo.000,test,10.741209,23.762234
YZp79VcnY0w.000,test,-4.242876,2.4932084
YiX6thczM1w.000,test,-13.000345,-3.993288
YiX6thczM1w.004,test,-17.780926,0.06553275
Yj36y7ELRZE.002,test,20.150837,14.8145075
YliKljQIX2o.005,test,-9.622386,-0.30976158
YocrYFLm4CM.001,test,-10.710555,-2.2649193
YocrYFLm4CM.004,test,-10.915549,-1.1762886
YryBLVZgJj0.002,test,-16.891615,-2.785785
YucC--PknOo.000,test,23.014406,-2.589856
YwsVpkumbJc.001,test,-16.486881,-6.063063
YyHOKFYDZ5Y.001,test,-12.957459,-4.3793554
YygvfVxOWP8.003,test,-10.458272,-6.414434
Z3E1jkaNRKs.002,test,-17.376759,-5.489526
Z5S5uGXkNuc.005,test,-14.6853695,0.38000208
Z9GzSxQHKSI.003,test,-6.9535165,0.1970014
Z9GzSxQHKSI.005,test,-7.6917815,-2.6279519
ZCLfVue6xAg.000,test,3.9680328,11.504673
ZGox7tevC6A.000,test,-13.123098,0.5039228
ZGox7tevC6A.002,test,-1.1736835,4.763839
ZGox7tevC6A.003,test,9.540914,9.413925
ZHya-p83XPQ.000,test,25.630056,-3.3374486
ZIyfXdCxN9E.001,test,-16.907778,1.6799047
ZMOcuCj-86c.001,test,10.037183,-0.81467426
ZNymNgd5EuQ.001,test,-1.2489623,-3.4914653
ZNymNgd5EuQ.003,test,-0.35944727,5.2676973
ZO5JoyVTat8.003,test,-16.080772,2.1499271
ZRl_k6DzTeI.005,test,-2.8760843,8.828309
ZT7cEiaYGp8.002,test,2.087155,-0.7696359
ZT7cEiaYGp8.005,test,2.0605311,-6.508268
ZYmZ6fOnEVg.000,test,-6.7893147,1.587297
Z_STuUHKQTg.001,test,13.652989,1.3500018
ZaihsIQZCx8.004,test,-9.927535,-2.2120283
ZeGT9pSG734.000,test,-15.969458,0.00813644
ZeGT9pSG734.001,test,-13.252192,0.1803495
ZgFh3JPMs3Q.005,test,1.8053854,-10.197549
ZhPQrqxo2mw.003,test,15.947915,-10.420018
ZkypeQdzgvQ.001,test,-12.367547,-2.1891794
ZlcINjtdkQQ.002,test,-11.9305525,-3.8450673
Znixev2a1AI.005,test,2.0577064,-4.915016
ZoHY-rWJsyw.003,test,-8.606704,-3.5117962
ZoHY-rWJsyw.005,test,-10.847084,-5.015818
ZqbJIM7rmO8.000,test,-15.777506,5.8944726
ZqbJIM7rmO8.002,test,-13.033944,6.186075
ZxxRJRz2hf0.000,test,11.6556,-11.286326
_01AyUz9J9I.001,test,-0.5705499,14.438003
_01AyUz9J9I.004,test,-5.0143642,8.215926
_0bg1TLPP-I.000,test,-17.06078,-5.825176
_65KGQpiabs.002,test,-8.667366,-1.2254542
_7hGh6VU4IU.001,test,-6.9582224,1.7360617
_7hGh6VU4IU.002,test,-0.6466879,7.2829633
_7s27dUoYVg.002,test,-13.185958,-1.6752154
_GFregyrwfo.001,test,-2.7574403,16.16192
_Q4wOgixh7E.001,test,-12.407481,-5.2550607
_Q4wOgixh7E.002,test,-13.278365,-6.4135904
_Q4wOgixh7E.004,test,-10.389696,-6.0908523
_Q4wOgixh7E.005,test,-17.143826,-3.5108476
_TbRQa4InvM.001,test,16.174944,-2.2551422
_UnoRkHkYB8.001,test,14.765537,8.941221
_X6_C_Oy9VA.002,test,-10.9300375,-1.3482085
_ZjEr8ybbFM.005,test,-2.9014254,6.870039
_bOOlidEWgY.000,test,2.3628845,11.239672
_fJcW5234bY.005,test,-12.383298,-6.7039986
_g3M_MoFIvA.003,test,10.471315,0.9502177
_kK9tGN883Y.002,test,-14.7426815,-2.7164555
_kK9tGN883Y.005,test,-15.82832,-1.7080923
_lQinJGE7Qs.005,test,-12.81736,2.5031683
_mtiuHyOFXg.004,test,-13.067796,-2.6432905
_mvqVnzddCw.003,test,23.180428,2.6842504
_mvqVnzddCw.005,test,18.510698,-6.828181
_plk5k7PBEg.003,test,-6.19928,1.2118647
_plk5k7PBEg.004,test,-9.616553,0.49249035
_tq-VgoXGMo.004,test,34.25252,-15.590647
a38rz5AIslE.004,test,1.4158821,4.4253745
a38rz5AIslE.005,test,4.0348134,9.413015
a5NTqK367wo.004,test,-2.8162622,-0.36006203
a5NTqK367wo.005,test,5.265481,-8.766621
a5tVPpLsaGc.004,test,-6.3732924,-1.5432755
a84s1DYag-I.002,test,9.308519,6.2089095
a84s1DYag-I.005,test,12.260034,5.609849
a97PXgrKSxo.002,test,-17.873127,-2.0662935
a97PXgrKSxo.004,test,-11.144888,-6.6025577
aIh8DTa3RVg.004,test,-17.965088,-0.926206
aIh8DTa3RVg.005,test,-15.44858,0.25573346
aJjAtOC8AQU.000,test,2.4802306,-3.7393556
aJjAtOC8AQU.001,test,0.6626261,-1.7618871
aLvpOYqzErk.003,test,13.838682,15.007065
aQVGVhcMBtE.002,test,19.523705,3.2184694
aQVGVhcMBtE.005,test,15.958998,6.118077
aaylz9A9K80.000,test,-6.2539406,-0.5401932
aaylz9A9K80.002,test,-6.200924,0.48722073
ai-RZb0ZpKI.000,test,-6.9963818,-2.343196
ai-RZb0ZpKI.001,test,-4.6571665,-3.6106482
ai-RZb0ZpKI.005,test,-2.0126665,-3.4768198
aqd4_4ga1fQ.002,test,39.65755,-1.3609538
ask-ZFRztf8.000,test,-7.9034843,9.577289
ask-ZFRztf8.003,test,30.602978,-5.8690734
auhe41Tf50M.005,test,2.5166032,8.537807
ax8wm9K41og.001,test,-2.308599,-3.394393
b-qfeGqPd04.002,test,-9.4927025,7.1073794
b5uTy9czllM.002,test,-1.1995018,-8.574632
b6eoqD1J_qU.000,test,-12.011295,0.6020606
b6eoqD1J_qU.001,test,-13.406071,0.9338505
b8GPFr11adA.000,test,18.76046,-6.7331233
b8GPFr11adA.003,test,20.424583,-19.724216
b9nbAAe8F7o.001,test,-10.18752,-0.07945936
bAxlTgobVHE.005,test,6.930522,0.41261348
bBqZyG-9ksM.001,test,25.570738,13.196131
bBqZyG-9ksM.002,test,30.868109,9.842525
bDjqDn6susQ.001,test,-9.2914915,2.6811163
bEXDNfLBy1I.000,test,23.037813,5.9629436
bEXDNfLBy1I.001,test,14.869133,4.0477223
bEXDNfLBy1I.005,test,18.980518,-19.27259
bGLwxQ1lonQ.000,test,-9.154807,-17.265701
bLOSPQ8MAC8.003,test,-14.764356,-1.6013252
bLOSPQ8MAC8.005,test,-14.570578,-1.5427864
bN2IM-rqZlc.000,test,25.51544,26.931486
bN2IM-rqZlc.003,test,37.218838,35.736248
bN2IM-rqZlc.004,test,34.716022,26.693117
bPLhV0PGR50.001,test,8.73093,12.049358
bPTYw89PzLM.001,test,10.471325,-9.115374
bSeTNdOtK7I.005,test,-14.089946,-1.5672882
bYXRyimxh7A.001,test,-0.05070349,5.1070795
bZAKBS9q0ZI.000,test,-2.3345513,-9.140745
bcRPLKygrNk.004,test,21.0819,0.8514177
bcx6xr9Ja-8.000,test,-10.53856,1.1307608
bcx6xr9Ja-8.003,test,-4.5925093,1.8703682
be0DQawtVkE.002,test,-6.0660357,4.3723426
bj9kSmBeQRg.000,test,-15.300215,-4.636435
bj9kSmBeQRg.002,test,-20.161673,-4.513045
bkzgccBFztM.005,test,1.9931996,-6.581217
bmj4khBLUOs.000,test,-0.15198566,-5.1132374
bnM9Ow52x3o.003,test,-6.317708,-0.42166317
bnoPmV0_aIc.003,test,-5.054942,2.4111755
bt-ev53zZWE.000,test,20.187191,9.032658
btcCanysQsw.002,test,6.785486,16.605927
bzaOB8BoWPU.004,test,9.186104,19.447308
c-c6xhtIq84.003,test,-9.739541,5.4507003
c2LeNguVNrI.001,test,-18.700792,-4.2369294
c3SQSM9OIsA.002,test,-12.521081,2.6970212
c3esnCQDoKc.001,test,-3.54362,2.5656202
c3esnCQDoKc.002,test,-1.0298961,7.321494
c672aEuUa-g.000,test,2.2165592,16.47401
c672aEuUa-g.003,test,5.8050547,11.8590765
c672aEuUa-g.005,test,-2.8937294,5.7502003
c70zW-HoZUA.000,test,-16.912085,-0.78244245
c7tczvW3_dQ.001,test,-10.9509535,3.8238935
c7tczvW3_dQ.003,test,-5.4777575,5.685164
c7tczvW3_dQ.004,test,-9.814983,3.6253657
c8idT3lRnQ8.004,test,-4.7394276,-1.9383177
cA3KzjBNr4M.005,test,8.795739,7.477666
cA43Gfcg0QA.005,test,11.0328,12.288531
cJs_LosR-u8.002,test,-15.078819,1.0179623
cJs_LosR-u8.004,test,-9.341167,4.6193914
cLaZxEf1nE4.000,test,26.190079,-15.492114
cLaZxEf1nE4.004,test,19.52168,-18.817898
cMLkNVKkaOQ.002,test,-10.861393,-8.805149
cMLkNVKkaOQ.004,test,-9.60498,-6.9541063
cNGvJfbdI1o.001,test,-15.928708,3.063794
cNXnowQb7rs.000,test,-2.891857,-0.9893274
cQRFb-xa4Vc.001,test,-12.193192,-3.872978
cQRFb-xa4Vc.004,test,-13.85818,-5.5057135
cRDYrvxRJ6U.000,test,-10.567386,-9.927314
cT3oyHhUznw.002,test,18.752619,2.9057424
cWZudzeJVXg.001,test,-2.8724518,2.6195424
cWvZnl5XjwI.000,test,-14.763522,-2.5668218
cWvZnl5XjwI.001,test,-11.381934,-3.6200335
cWvZnl5XjwI.002,test,-12.3710785,-4.408227
cXqH7_dYM_k.001,test,17.763268,7.630765
cY3nHc5fDYE.001,test,8.164552,-7.421039
cY3nHc5fDYE.002,test,12.968409,-3.4638636
cY3nHc5fDYE.005,test,12.4675255,-2.4043868
cZ6xhB5yhfY.000,test,-16.395264,-1.9688905
cgGCyBMdGrA.005,test,-7.0368705,-0.38427177
cgT-3CHBmKs.002,test,5.6678605,20.573488
cgp1OzTOq1o.001,test,26.488346,10.620905
cgp1OzTOq1o.003,test,26.720734,-0.7369356
ch2BcBv4SdQ.003,test,-8.4883995,-3.8375957
cjbh1lfr43c.003,test,-9.662647,-2.5188115
cjbh1lfr43c.004,test,-8.761236,3.244639
clMg72MI8rw.005,test,-9.56418,-3.6805098
cnsvc0alWOA.005,test,8.035236,-9.823127
cpch8WDydcM.004,test,2.2510085,9.076614
cpzY1b6wJqs.001,test,16.4579,-5.187661
cvg03XGFjCk.003,test,-1.8239746,-6.072949
cx8IycWgMVs.001,test,35.99447,8.981985
cx8IycWgMVs.004,test,25.403475,4.071142
d1eh3dHNi1Y.005,test,-19.592773,-7.276834
d69zeSpdyCI.004,test,33.99467,-13.674173
d8skGb2ycio.001,test,-14.344524,-3.7429633
d8skGb2ycio.002,test,-14.185914,-1.5060314
d9_YDJdF-7I.001,test,-1.834914,0.29527974
d9ekvXz64Mc.004,test,-9.786114,-0.22951712
dB2XYhvqUBU.002,test,10.493513,1.5812737
dB65He57Ki8.000,test,-2.5234337,-2.2495704
dJlEHhyij5k.002,test,-3.0167985,-4.465969
dLltwqkvsNg.000,test,3.5175796,2.511377
dNXqs5HNijI.005,test,-17.599464,2.3767495
dQOeQYWIgm8.005,test,-11.123013,-1.5215554
dRP8ZaAryro.002,test,11.420712,-5.9423842
d_POf1pikX0.001,test,-15.105774,-2.4424734
d_POf1pikX0.003,test,-18.248938,-1.116581
dd0z9mErfSo.000,test,-12.885155,-6.567071
dl9IT3OvI0o.000,test,24.622402,-12.993896
dl9IT3OvI0o.003,test,28.166498,-5.3116016
dqVPzqpGX-w.001,test,-6.171103,-0.52425057
dvMeqVbpKW8.003,test,-3.2839355,4.158838
dy9EqbKLDP0.000,test,-16.939613,1.0298687
e07IozLUeKc.003,test,7.2412157,1.9837347
e3Y7na4SBh4.001,test,0.2636438,-4.0014663
eAkWSjU-JyY.005,test,-3.3642788,-2.2753963
eCoEQ_R5C3U.001,test,-9.56227,4.9145985
eXtskPoi58A.004,test,-1.6725876,4.6405687
eZwGkhUa0TQ.002,test,2.5385725,13.011582
ej0RpdM9kJA.005,test,-14.738943,-5.741369
el2DOd8E5io.003,test,32.381573,6.8419533
encC96iqr9Y.001,test,-9.429565,5.1171117
encC96iqr9Y.005,test,-9.55561,5.7271976
eq1_h17oue4.004,test,3.3722165,-5.820362
eq1_h17oue4.005,test,16.226871,-12.818484
eqXrUXW4yHY.001,test,-6.5967903,-4.0004897
ev42vngXERU.003,test,-8.169905,0.51793164
evQsOFQju08.000,test,-2.3106143,15.046893
evrzg3Pzyc0.003,test,8.253951,4.455921
evrzg3Pzyc0.005,test,9.256847,4.25596
ezMO8EHKAVw.002,test,-8.388179,-1.8026332
f39E4ct09Cc.003,test,18.274885,-22.563631
f4rQJiW6oSk.002,test,-3.381375,-5.7843275
f7togdqxEoo.000,test,-7.0628104,10.964938
f9GeYKAXgAQ.004,test,-20.27418,-1.0861835
fBMKlYUjA9E.001,test,2.4455652,-9.121832
fBMKlYUjA9E.002,test,2.9643354,-11.179049
fBcc1UMtZME.004,test,-6.1370597,0.82149345
fEZrAGQoh_g.003,test,-11.653748,-0.9845135
fEZrAGQoh_g.004,test,-8.113968,0.7253091
fEix0DPOWtg.004,test,-4.2131095,1.9930111
fG-hvGTHoec.001,test,9.132835,-11.15618
fG-hvGTHoec.003,test,4.640298,-8.682517
fGAcEyZXFTo.001,test,14.179732,7.8983927
fGAcEyZXFTo.004,test,0.5871305,-6.969741
fKrX-KXgXYM.005,test,9.916746,-0.2419631
fL8VYpOTLSM.000,test,27.52419,14.914451
fL8VYpOTLSM.003,test,12.850906,10.006884
fSDA4eEyGHk.005,test,-6.2812815,4.953025
fSkQXqXR7D0.005,test,7.8248315,-7.8669095
fTpemcfElxI.002,test,24.536688,12.000659
fUf2XzWpSVo.002,test,-13.389142,-6.858722
fY4tctYZTz8.002,test,-13.156171,-1.766361
f_mEEFFeh-0.004,test,-9.586017,-3.792023
feg-RNvT-t0.004,test,-3.0407526,9.793506
ff-3k-nzoXA.003,test,30.034513,-16.515642
fgEddXirQvQ.000,test,0.54548174,-1.6023839
fhUGU2uiS1U.002,test,-8.702937,-7.927748
fiEEjrKhlNU.000,test,-3.3069367,-3.067721
fiEEjrKhlNU.003,test,-4.4661207,-4.8146505
fiVORaERbP0.000,test,-20.18777,-1.5265187
fiVORaERbP0.005,test,-20.469915,-1.4517977
fiVkE3iDWY4.001,test,-9.367153,0.4050244
fiVkE3iDWY4.005,test,-11.202978,1.6232201
fipvPdFbKN4.003,test,-1.5961263,7.354001
fmjILOLc3eg.004,test,-1.1569761,1.1218785
fsLf6Xv_Gbk.000,test,-15.971403,-4.468283
fsLf6Xv_Gbk.003,test,-14.004786,-5.295441
fsaslN7xV-w.001,test,-9.976771,-5.9934306
fsaslN7xV-w.005,test,-14.331021,-3.5673943
fv5lLeyRdd4.003,test,-7.441901,-1.5119237
fwJykIyvS04.003,test,32.925182,-12.527028
fwJykIyvS04.004,test,25.226131,-4.9928765
fyXiORXmWHs.000,test,-6.62491,-0.22433482
fyXiORXmWHs.001,test,-6.005428,-0.26582363
fyXiORXmWHs.005,test,-5.5985026,1.1774502
g0PWBzU95sI.003,test,-9.961098,-4.156735
g1TMjzZH8bw.003,test,-1.7346759,6.526127
g1TMjzZH8bw.005,test,-7.4221435,0.82167673
g24JGYuT74A.004,test,-12.589511,-2.1522522
g9zgIN56MnQ.000,test,-14.458891,-0.3732281
gAWA-fcIa_M.000,test,-12.904371,3.0095873
gCLfduV3Phw.000,test,-13.396016,-3.3751552
gCQT7zfS7sI.004,test,-17.955185,0.5163336
gFEntQ_UKvk.004,test,0.9920858,-0.5406268
gGyV-rc-sKE.003,test,-9.432693,0.08343822
gJPlOShvaoI.002,test,14.232182,-8.654728
gOS-CneQsxI.001,test,-17.776693,-2.8869252
gWCgqVn3m3k.003,test,19.187437,-12.813648
gX20EUUZc9M.003,test,24.49388,-13.508469
gZzB49daFfA.001,test,-12.154372,0.7279993
gZzB49daFfA.004,test,-8.520662,-1.9664044
g_UeE-1ghtQ.000,test,5.995299,-7.056587
gj3-xvhPeWg.004,test,-4.761334,1.9619669
gkhbUDIK-YM.001,test,-9.469873,-0.076311484
gkhbUDIK-YM.002,test,-9.16757,-3.6460762
glgfB3vFewc.004,test,3.2246246,-0.8350109
gngqDNTAXnI.001,test,24.77969,6.574809
h6LOjpCRXtY.000,test,-8.90987,0.161683
h6LOjpCRXtY.002,test,-12.977715,4.8116326
h9jIdLBaMEo.003,test,-2.6514916,-1.1657205
hDqsuyVeWmw.001,test,-16.40117,-1.2996572
hI-wCYzV8xs.002,test,-9.604669,2.3704646
hIFNZ_ycngg.000,test,26.243645,3.295571
hIxLNK_x_QA.001,test,17.781576,-11.852634
hIxLNK_x_QA.003,test,11.325463,-4.8632936
hM96SfN5_F4.001,test,13.576704,2.717305
hPguTv1Zvg8.000,test,-5.628916,7.0653048
hPguTv1Zvg8.005,test,-10.037914,2.7315617
hX2TVefa5bQ.003,test,-11.178193,-5.74348
hX2TVefa5bQ.004,test,-14.956115,-4.0664773
h_kjgcJ_bqU.001,test,4.661916,-11.930904
heE4ZZXwehI.001,test,-5.738329,9.215644
heE4ZZXwehI.003,test,-4.552435,14.298739
heE4ZZXwehI.005,test,-6.775239,11.856347
hhdoeK8SsiI.004,test,8.751247,-6.5767584
hl70w5drc_4.005,test,2.5318947,-1.556174
hmTY4CubpiE.005,test,-0.6865512,-1.5751331
hmcLIjG-hS8.000,test,30.402435,-14.504791
hmy9XEvT2v4.002,test,-2.1354637,-10.125888
hmy9XEvT2v4.003,test,2.4270358,-10.141628
hnWMsZEQWt4.004,test,-17.571157,1.0936275
hnWMsZEQWt4.005,test,-16.575594,1.235146
hqe-8SMJGmc.001,test,-13.110004,-5.6197333
hquzfo9MVDo.000,test,-16.381832,-7.6488156
hquzfo9MVDo.005,test,-18.250937,-7.1686096
hrat_RJczFM.003,test,-10.572733,2.7748692
hrat_RJczFM.005,test,-10.03509,0.13729744
hsXn0N8bAYs.000,test,-6.5028687,0.4405917
hspeWl-Bip0.001,test,1.4511654,6.1218743
htH89DBizno.004,test,-4.061609,1.6436532
i1gouUmZumY.000,test,10.834736,12.331963
iEgV9E3xm90.004,test,2.9212818,-14.374115
iFSF6v3xw_k.003,test,-4.7995234,-13.134176
iL6lNdRS0ZU.003,test,6.3868814,2.2720897
iL6lNdRS0ZU.005,test,5.1657104,2.0006542
iQvoDdxt06M.002,test,1.3515972,-3.6160908
iVtaXNWqFac.001,test,-22.148716,-2.9984546
iWyAQkMVNfM.005,test,17.102043,8.731054
ibawV2tqKug.000,test,-13.384786,-1.5920914
idsEawKW4X8.002,test,7.854212,0.40996987
ihA8DzHWyiU.000,test,10.363471,-14.789632
ihEFzP5S57g.002,test,14.662345,-6.063159
ihmTGSMvQM4.001,test,9.420864,7.600053
ihmTGSMvQM4.003,test,10.796298,3.5432937
ikCqtEGQbrg.002,test,-3.6481597,-5.2025557
ilOi-sQo9HI.002,test,-17.404167,-2.6726453
ilOi-sQo9HI.004,test,-13.800505,-4.3409076
in-HuMgiDCE.005,test,-13.724729,0.5564604
io0aNQE8En8.001,test,24.121052,32.105743
ioaBnmfoHgo.005,test,-0.72831774,-0.88778967
ipP--IqIuWU.004,test,22.02033,6.496747
iqs7mZbg5UI.000,test,-8.410605,-9.623557
isaP2l3rlBQ.002,test,-17.427176,0.5471188
isaP2l3rlBQ.003,test,-17.842539,2.654156
isaP2l3rlBQ.004,test,-15.337543,3.6734197
isqmQc9AfBc.002,test,-17.778688,2.969607
isqmQc9AfBc.004,test,-18.421213,2.3411722
itQ2wSlXqCw.003,test,7.4211836,-3.0656338
ixPqs7L8oAE.001,test,-2.142415,-7.273952
j-9NUiMYbos.001,test,32.03682,3.2351594
j1idNSoB7tA.005,test,-12.167257,-11.5552845
j5fXaXrNPoA.002,test,17.781271,-8.141178
j6Rvmjjp7pU.001,test,4.0837755,-13.7765045
j6d-KRDXnUI.002,test,5.087235,2.3730202
j6d-KRDXnUI.004,test,-5.7687354,-10.033726
j6d-KRDXnUI.005,test,-8.894,-3.2110248
j7VLzb0qw8Q.000,test,9.096099,-3.9824688
j7VLzb0qw8Q.005,test,4.319171,-0.6437512
jFx6AEw6viQ.001,test,-14.297939,-2.1800027
jFx6AEw6viQ.003,test,-12.733369,-4.17926
jOTlJwOBSd4.001,test,-14.125785,-3.0736556
jQRFHBVs0dA.002,test,29.381573,-4.84088
jSw-grsJCnE.002,test,16.180937,-7.923971
jVSnAbEGKLM.000,test,26.517813,-18.241955
jVSnAbEGKLM.001,test,21.61401,-17.29767
jVSnAbEGKLM.002,test,31.21636,-13.643691
jd9_8OPxM3A.000,test,-15.619989,1.6832622
jd9_8OPxM3A.005,test,-12.827042,0.29653326
jlDYn537Pd0.000,test,12.176753,-5.310686
jlDYn537Pd0.003,test,13.385581,0.7853458
jlDYn537Pd0.005,test,18.924791,4.582051
jlHKgXrxCu8.005,test,-16.32978,-5.5264173
jmbAPNTJ3Vk.004,test,2.5629013,-7.598831
jpPZVmzleAo.000,test,10.580921,-8.477828
jrH_Pj-X0fs.004,test,3.0807142,-15.629827
jrhvXPaXo-0.003,test,-12.964567,-7.938299
jrhvXPaXo-0.004,test,-16.18207,-7.8043284
jub-AHFTH_g.001,test,-0.23462991,0.50207615
jvHDFrgu9PA.002,test,11.475925,-10.425723
jwbHWwySJW8.005,test,-3.6181462,-3.0607703
jwcSbw4NDn0.001,test,-9.237576,-1.7060084
jxoOEkSq0uM.002,test,33.320118,-6.499324
jxt1W2WRNHQ.001,test,-12.127484,-3.7966413
k4QmzZuQl9s.001,test,-4.0572567,-1.5996577
k7-dMNJDc-w.001,test,-14.396145,0.63009274
k99PI3FGEj0.001,test,24.942894,6.990008
kAjvzIWWrWA.000,test,22.66924,-5.6914363
kAjvzIWWrWA.004,test,7.5441566,-9.84775
kDJigDGDJTo.002,test,-4.588628,4.299435
kFak4VnRnRM.000,test,2.0780246,-0.30048713
kJLeYUobR0M.003,test,-5.4953175,-0.5134451
kK4QL7pOrhs.001,test,21.646458,-2.4750776
kK534gUcRF4.000,test,2.5735896,1.4964277
kKRc2aXzQyM.001,test,-12.029354,-7.113015
kL-CeaXG9jM.005,test,-19.215252,0.21042742
kN9cs2nFhM4.001,test,5.8390346,-1.0239002
kPXVZD3ac8s.001,test,-4.2264833,-0.45771763
kPife9TY9Pw.004,test,-3.750659,0.12653118
kQ8HhrysfaA.002,test,5.82478,13.026785
kSk-rf7a1Ig.005,test,11.214425,-14.075029
kUpkeJDcxaE.005,test,16.574364,-8.428243
kV7MFI2_ddo.003,test,-10.47366,-0.9845981
kX-o1qmgWvc.003,test,3.706723,11.51139
kY_4WyAXxrQ.001,test,18.582499,14.343565
kY_4WyAXxrQ.002,test,23.747183,15.449809
kdPRPO3wgg0.005,test,-13.490531,-1.9570637
keW8-eSiQ70.000,test,-11.16812,4.0939703
knK0zyX8bS4.001,test,-1.4842958,-3.8963535
knpgk7LAMb0.003,test,6.9724402,8.49267
knpgk7LAMb0.004,test,5.565451,13.794957
l-WgXcGLdZk.001,test,5.7116256,2.36047
l0qApUuiDjo.000,test,-7.917077,10.465262
l3IoZ_QmOQo.003,test,-8.887367,-1.2801665
l3IoZ_QmOQo.005,test,1.276084,-6.1198945
l7U3YDIOE_s.004,test,14.916719,21.26187
l7U3YDIOE_s.005,test,10.7287,16.22477
lErjGxBb1Bk.001,test,5.7774305,6.5205283
lFzrVSbp254.001,test,-4.668198,4.6567326
lLObIVKYDUI.002,test,-11.980462,-3.8957984
lLObIVKYDUI.003,test,-1.9575213,-7.261569
lLhd1Cs3XDU.001,test,-13.59485,-2.9395425
lNG_XdqMf0g.004,test,6.791325,2.4618065
lShOveDL2dw.003,test,-10.355238,3.6840308
ld7mBR4v3yU.004,test,0.67847306,14.773551
leslBYwG8kc.001,test,27.596676,1.052434
liRQoL7SsPw.005,test,-4.8134527,-5.9011536
lkdQjIunxSE.004,test,1.7871133,0.4033073
lkeXyB-3Gs0.000,test,7.8805323,11.0161495
lsXw8u4QXIU.002,test,-16.654247,-0.40464905
lsXw8u4QXIU.004,test,-12.768638,-1.7258445
luH2RoZW-eY.005,test,11.188136,-12.571862
lxnV9X8T2Zc.002,test,-7.7089257,0.46080533
lyZZSU1ziCQ.004,test,9.996732,8.587856
ly_0m16694Q.001,test,5.6446056,21.298594
ly_0m16694Q.002,test,9.080494,23.497446
lyznxF-Pj6g.003,test,-9.270194,-8.138877
m-GLU7qAR28.001,test,20.735912,-21.019527
m-GLU7qAR28.004,test,11.114851,-16.045273
m0iznoJi8hw.000,test,-8.049003,4.3590446
m0iznoJi8hw.005,test,-9.550644,1.882652
m0tNIKbEwHE.001,test,-10.171616,2.478169
m2uxFfpb5xU.002,test,-4.583851,3.5472655
m2uxFfpb5xU.003,test,-7.8053617,4.022514
m2uxFfpb5xU.004,test,-7.935279,4.5354314
m5kTITzj1bY.003,test,-10.003157,-2.2187586
m5kTITzj1bY.004,test,-7.514043,9.528664
mBJTwQsDC4M.005,test,-6.261605,-6.3592687
mBdVuEXRlfQ.005,test,-1.3795891,-14.813107
mEQBB6XsJFk.002,test,0.70275265,-4.3880963
mEQBB6XsJFk.003,test,-4.1910067,-0.72922426
mFz5Fbs97QA.000,test,-1.9385775,12.119079
mFz5Fbs97QA.004,test,-7.037334,4.1142454
mFz5Fbs97QA.005,test,4.1242647,13.056978
mK8ebTJyrCI.001,test,-16.500944,-1.4632866
mK8ebTJyrCI.004,test,-10.340878,1.689968
mK8ebTJyrCI.005,test,-8.940603,2.7120054
mKWscEow1U8.003,test,1.4963228,0.07050556
mMNjlGNWsZA.000,test,8.329391,21.71849
mQpNe8f5xA8.000,test,5.311892,-7.451788
mQpNe8f5xA8.005,test,0.28439832,-13.171779
mXaI17Dx7u0.004,test,19.52395,1.6602997
mZQP06F94u8.000,test,12.225243,16.159592
maDObxiOQRo.002,test,25.238213,1.7400919
maDObxiOQRo.004,test,26.525755,-6.6901083
me15sHPOjKo.003,test,-8.263085,6.908856
me15sHPOjKo.004,test,-9.835765,-1.0007765
me9kzWYVEoI.001,test,8.578834,-2.5782866
mfGhtr0zy3k.003,test,-7.804061,6.017944
mhF4kYTlVUE.005,test,2.1994536,-1.3907048
mkJjaOADfj4.000,test,15.073816,-14.156679
mkWfG-4vvGc.002,test,-7.9701667,6.2185025
mlXZQ8dO0nQ.000,test,1.6361111,-4.866141
modNfUPt3F4.001,test,-1.5693662,4.0131917
mpXOSY5dW7c.001,test,-13.263961,-8.029645
mpk5Ubw2fj8.002,test,-9.437674,1.1626922
mpk5Ubw2fj8.003,test,-10.80381,-0.20931512
mpk5Ubw2fj8.005,test,-10.114294,0.6095064
muLgzV1gGao.000,test,11.392211,7.0120063
muLgzV1gGao.003,test,23.817389,6.122369
mwjoabuP-GM.001,test,-3.3330362,9.595533
mwjoabuP-GM.002,test,3.2409658,11.233642
n1nVCG0zqOI.001,test,-2.1193416,-16.143124
n2BuwHbdilY.005,test,15.515472,-7.9608145
n4NkVZ1_dfk.001,test,30.888107,4.4814334
n5Jeeqfj2_U.001,test,-15.043274,-2.342562
n6JNJurop2U.001,test,10.025112,13.320326
n877YOU6Qy0.000,test,5.516855,3.408989
n8IiQJyqjiE.002,test,-14.949705,-0.62190336
n8IiQJyqjiE.005,test,-12.926463,-1.989677
n9eruV15f3o.003,test,-13.954259,6.000748
nB-fPmvZg3U.003,test,18.193045,4.866064
nCWEEoJfjgE.003,test,-5.7475615,-0.06872259
nClvfVFYzbM.002,test,-12.205405,2.6948397
nEm44UpCKmA.002,test,-6.6576066,-4.746808
nEm44UpCKmA.004,test,-7.0842857,-7.3832154
nGe8dIc-ecc.001,test,8.867407,-9.431655
nGe8dIc-ecc.004,test,8.34962,-10.599476
nIwFocnmRFY.005,test,-2.1691446,-0.34740224
nKLhatlbqEw.004,test,-4.854522,-10.688843
nLB29nx1Jp4.000,test,1.4804901,-10.282762
nLB29nx1Jp4.002,test,1.1741369,-3.3162377
nLB29nx1Jp4.004,test,5.8726463,-18.347725
nLuAoNAOGcQ.001,test,-4.8930564,-1.6502222
nLuAoNAOGcQ.005,test,-5.9557433,-1.9568641
nOCSTnpB_F4.004,test,0.9304169,2.9827433
nOFHZ_s7Et4.000,test,-13.703467,-6.569637
nQtiqrceBhg.000,test,18.179398,19.391514
nQtiqrceBhg.004,test,25.616545,21.822098
nR0h3WFbPfA.002,test,-12.602323,-3.1669414
nR0h3WFbPfA.005,test,-15.134658,-1.6844779
nUbhRInpVbA.003,test,13.734294,-2.7390964
nYCuMoC5ibQ.002,test,1.4168932,1.6570355
nYCuMoC5ibQ.003,test,7.610974,-5.8450875
nZz1hK90gwA.005,test,26.347097,8.361002
naAGy30bnwA.001,test,10.626841,15.556688
naAGy30bnwA.004,test,23.573063,21.116879
ncmnmmmWEpU.002,test,0.01786869,-1.8994417
ndLtwmvPpr8.001,test,-8.895178,-1.3614944
nex61B854Ms.001,test,-4.305727,6.3825793
nfEhF5GBQpo.002,test,-14.051619,-2.0636253
nghDz0el8iI.002,test,-0.47457197,2.6787348
nghDz0el8iI.003,test,-0.45651987,-3.212527
nghDz0el8iI.004,test,7.024243,-0.08569979
niWi1hcuSmo.000,test,9.443896,7.29793
niWi1hcuSmo.004,test,32.849216,12.217353
nkmYbzMmrYw.005,test,0.06197852,-8.445923
nmZRXxKPPuQ.001,test,-4.5667477,-0.20992842
nmZRXxKPPuQ.004,test,-7.2956963,0.78446203
nndDX4RgU1w.001,test,-8.356788,-0.08360062
nndDX4RgU1w.003,test,-11.731517,1.8330889
nvlqJbHk_Lc.001,test,23.150469,6.5336194
nvlqJbHk_Lc.003,test,20.670414,2.8784416
nvlqJbHk_Lc.005,test,22.647367,6.745853
o-fNF5QVMNo.001,test,26.26044,5.1676717
o2lu6rkd5-Y.003,test,18.648497,-0.8263835
o6JCQlOC3oE.000,test,-2.1039715,10.00981
o6JCQlOC3oE.003,test,0.050269637,12.208759
oANKg9_grdA.001,test,39.327114,-19.418148
oC-qxnrmJws.001,test,-9.032141,6.382244
oC-qxnrmJws.004,test,-9.5122795,-3.683837
oG84VxrGfj0.005,test,12.393813,15.807664
oU7zAWm_01o.001,test,-16.425146,0.3445009
oXRhk1PUPcQ.001,test,7.909346,17.631592
oYhWw97JYyU.005,test,-10.64351,3.0147402
oYiWW-Qc0rs.004,test,2.9999502,-2.5892663
oe1PZxExhzc.000,test,0.43637067,-4.4403553
oe1PZxExhzc.002,test,14.4840765,-10.878815
oe1PZxExhzc.004,test,6.238879,-12.254358
oe1PZxExhzc.005,test,10.018349,-8.260755
og8vtyRh_bc.004,test,28.753376,-7.7805767
ogSLrHVeqLI.002,test,-3.2348833,-5.7806354
omeHsKF7InA.003,test,11.7153225,-10.45231
omeHsKF7InA.004,test,12.526816,-10.79739
oontew1LiUU.000,test,-4.4150896,11.505223
oontew1LiUU.002,test,-5.6459036,10.079646
oontew1LiUU.003,test,1.8781692,15.31887
oontew1LiUU.004,test,-2.2182145,11.044781
oontew1LiUU.005,test,0.6903686,15.072058
opqoflph5ZE.002,test,12.610457,13.480392
opqoflph5ZE.005,test,30.553112,21.46383
oqXx6ipHfUE.004,test,0.33000076,-1.0260446
oq_v2yocx34.000,test,-13.576075,-0.02945429
orlXEgAepGo.001,test,-2.3883615,-0.8681135
orlXEgAepGo.004,test,-6.7237644,-0.13282882
osqQpQsJNPQ.005,test,-2.356794,-1.4377528
ouYYWCY__5A.002,test,-8.470469,-5.5478773
ouYYWCY__5A.003,test,-14.032365,-2.3110588
ouYYWCY__5A.004,test,-13.612153,-4.018453
outvbZgNX58.003,test,-8.153399,7.656453
owRKOW0ymCM.001,test,-0.52513224,2.0523539
owRKOW0ymCM.004,test,14.625729,-11.064727
p-V78q8dtYo.000,test,-9.081197,4.279982
p-V78q8dtYo.004,test,-12.278084,6.101846
p5QXPhJS8Ks.002,test,-11.645484,12.18646
p5v75vAZ7F0.000,test,26.39349,14.636365
p6UMx8dwHZQ.005,test,-7.3549247,-5.815924
p9tAC-RqZPI.000,test,13.265511,9.389661
pDt0F4zFfBs.002,test,9.927763,-2.2138073
pDt0F4zFfBs.004,test,2.3421693,1.2309161
pEYFpmjwKC0.000,test,-18.176321,-5.352029
pKm9lxa4cmg.000,test,-10.9649935,-7.622664
pOtWKOF07iU.005,test,7.574217,1.2181339
pPtzEnf5afw.001,test,2.7594082,13.9362335
pPtzEnf5afw.002,test,-10.313283,6.21861
pQy4omHIf7o.005,test,2.027966,-4.3718715
pT8nyxks1Q4.001,test,-14.042659,-0.5735156
pT8nyxks1Q4.002,test,-11.812065,-1.4084265
pT8nyxks1Q4.003,test,-13.4842825,1.1603051
pZxqWp0e-Ik.001,test,-0.9852786,7.050208
p_kPnCD7WzU.003,test,42.926334,-4.7256804
p_kPnCD7WzU.004,test,41.85426,-11.817517
p_wf-KszNlk.001,test,-1.3261385,1.9865483
phjVMKGYBKs.001,test,-11.819659,-4.3118443
phjVMKGYBKs.002,test,-17.890692,-1.7223414
phjVMKGYBKs.004,test,-7.2262716,-6.9219327
piNQPNAKzyU.004,test,40.951424,-10.493702
plNPzKp2DFw.003,test,8.18789,1.0159203
pnY7YOgdl54.001,test,4.756845,-8.215451
pru5ut4lxkQ.001,test,3.7127128,-3.5773344
pslp6X3OWy0.000,test,-11.429214,-3.3763583
puLXzqUvm_U.002,test,10.739724,20.92497
puLXzqUvm_U.005,test,-6.570219,11.517294
pvvff396Rqg.000,test,26.232883,17.367771
pvvff396Rqg.001,test,26.06423,16.136677
pvvff396Rqg.002,test,12.675696,24.076809
pzfDth6nFQE.001,test,-17.762028,-3.957439
qAisk1lgv2I.000,test,7.145283,20.795351
qAisk1lgv2I.005,test,8.41891,14.658795
qBpv0BfiGQk.000,test,23.42127,0.9699732
qFYgMFMal_s.000,test,-14.576626,-1.1441581
qFYgMFMal_s.003,test,-11.70258,-3.565529
qFYgMFMal_s.004,test,-13.463818,0.28848398
qLV1a_611kA.003,test,-0.65523785,-9.086464
qLbOPbx33dk.000,test,22.556154,8.629103
qP8YzH6LT9c.002,test,5.542605,-13.367662
qRtKUGgULL8.003,test,13.9290905,-18.809195
qVcw5-mm31s.003,test,-12.271482,-0.87278384
qVrXROy4Ais.002,test,8.114079,-8.629607
qVrXROy4Ais.005,test,6.0868444,-6.6520405
qW0TYVtzq5A.004,test,-1.2453601,2.932263
qkmEt0ofGq8.000,test,-2.6634867,-0.19244088
qoZwA4ESb7g.002,test,25.789509,12.885158
qoztP0w5-Vo.002,test,-10.219866,-6.267902
qoztP0w5-Vo.004,test,-9.262288,-4.2002225
qssXr_Fg96o.004,test,-11.525042,0.74021614
qtB-CogljAo.004,test,-10.964059,-0.099325456
qyzuaettjU8.000,test,31.650202,5.9970837
r1YAW67aevY.001,test,-8.765727,6.4212537
r1YAW67aevY.002,test,-13.030338,4.029358
r2BoxB3kgYk.002,test,-9.053339,-0.6713367
r2BoxB3kgYk.005,test,18.420258,-0.7349638
r2HcJYjGK5s.000,test,-13.506868,-9.401054
r4BGKIXrD9c.004,test,11.431695,5.230988
r93dLeVRk3U.000,test,17.812857,7.936055
r9TaaVTo8Y8.005,test,9.39701,8.731848
rCxlfusNJlY.003,test,-12.945827,0.7082455
rIHcq2E67Nc.001,test,-3.4147065,-2.2732546
rIRBEkDhn6Q.000,test,16.551758,-14.776427
rJgbslC72gw.000,test,-17.337769,-4.5346913
rMFJmA5dRFQ.002,test,-9.011108,5.455945
rMFJmA5dRFQ.003,test,-4.09141,-3.2234344
rT0TqakPrAI.001,test,-13.132508,-5.00384
rUGAiuYHNgE.003,test,15.321485,6.509711
rW3hFpfGMHs.002,test,-15.412646,8.051916
rWT8N_yjf60.000,test,-0.032321025,10.309879
rY_bqkNUp9I.005,test,8.325811,9.822534
rjS0PIwS47M.002,test,24.073647,-2.096012
rqfvIjzegpI.004,test,20.504595,-14.045997
s-jZlMKQGwc.001,test,-6.9086847,14.69735
s-jZlMKQGwc.004,test,-2.8802462,2.323924
s0pgZM5G6ds.000,test,6.920497,6.2570133
s0pgZM5G6ds.002,test,5.8126554,-2.437698
s6N1pv5lzrU.001,test,-12.582497,0.78539056
sDNzrM6N7wA.004,test,-18.022837,-1.0765308
sDWJMBZ1mVA.004,test,-11.91805,-0.35577223
sHVXhr7_EOs.001,test,-12.214337,-7.803076
sHVXhr7_EOs.005,test,-15.000201,-4.8543935
sOkGz6gEmGk.004,test,-22.755442,-2.6996624
sPMNhG1Sehc.000,test,38.332718,-16.888842
sR6UEGk-_mE.000,test,36.119984,-1.6860095
sSR1a5XW7n4.000,test,-5.524214,-1.6558828
sSR1a5XW7n4.003,test,5.5016694,2.2340343
sSR1a5XW7n4.004,test,8.66562,4.7800612
sa1ZACqr15U.001,test,-7.1528544,-13.344867
scifP1EXSdo.000,test,8.747181,-4.0555444
scifP1EXSdo.005,test,5.1508617,-5.238984
sf29orxf4X0.001,test,6.5588045,11.748085
sf29orxf4X0.004,test,17.781187,18.106636
sf29orxf4X0.005,test,14.790258,14.954362
sf8TXpaKnt4.004,test,46.178146,-26.832207
shQmRW4CrGE.003,test,16.336737,-10.883862
shtirfEzWFA.004,test,-12.091323,-4.720451
siEnTktB4lQ.000,test,-16.948065,-3.7595527
si_gZCrLa4A.000,test,-7.3191066,6.1767964
simc6hmrUOE.001,test,3.2537901,6.498801
simc6hmrUOE.002,test,0.34655532,-5.6244745
simc6hmrUOE.004,test,4.7750134,-0.12209461
sntohi33U5s.002,test,-15.410766,2.6369884
sntohi33U5s.003,test,-12.305414,1.2541326
sqnW6xXYTKg.004,test,-12.474076,-3.8137317
ssexxLJLuhU.002,test,-2.8673244,1.572705
struoSVUsUg.000,test,3.492395,-0.38524547
struoSVUsUg.003,test,-7.3149076,-2.3560548
struoSVUsUg.004,test,5.3998747,4.3134933
syJo_sm8IqQ.001,test,-1.3294007,-0.060861677
syTTeox8Yaw.000,test,-8.668362,-1.9858322
syTTeox8Yaw.001,test,-7.285493,-0.48982462
t1PKNXE-IiM.003,test,-5.887251,-9.7644415
t30ERiF6b50.002,test,-0.5576681,-2.9735973
t30ERiF6b50.005,test,0.25769067,3.6455843
t6-ljEWQjW8.001,test,12.340343,13.769914
t6-ljEWQjW8.004,test,7.656303,15.425765
tCnfvBwWVKw.005,test,-11.313586,1.1957302
tPVSlH_VmZk.000,test,3.4357476,7.3635664
tTBRJznaNi0.003,test,9.188962,-6.5425954
tYpxPqwle5k.000,test,-10.675548,-1.0512887
taSAaWKcmTw.003,test,29.381937,0.93973434
tcmYlyeqwuI.005,test,-18.855495,-1.323675
tg0i-zxvQXk.001,test,-6.717688,4.11641
thl4HwoqyrI.005,test,-2.270013,-5.539745
tt-EaApaHx4.003,test,-16.208073,-2.5496504
tt-EaApaHx4.005,test,36.22574,19.36657
tuuQmKxW3iU.000,test,8.445478,-12.948738
tvKUJujTUEo.000,test,-0.3114589,3.9884222
txU8yE9d-4k.000,test,-0.11507195,8.285117
txU8yE9d-4k.004,test,-3.3444166,6.200486
uDm7iZuX5DQ.000,test,-12.865661,6.391062
uDm7iZuX5DQ.004,test,-14.035407,5.0542727
uE2U_Y7QrIw.001,test,-13.210651,1.2322497
uHrP02iwW1o.003,test,4.3561454,0.98693705
uKy7lHuMQ_o.003,test,18.728765,4.4221325
uMCRfie1lkc.000,test,-15.712463,-2.1677248
uRY3aJAaogw.004,test,-15.766232,-3.3532112
uStuc1OX0f0.001,test,6.4615455,-5.4405375
uStuc1OX0f0.002,test,9.18552,-11.163866
uStuc1OX0f0.005,test,8.077181,-6.1143026
uT-y9m7_-E0.000,test,-5.3735585,2.8044932
uTluOTPA7e4.005,test,-5.6310925,2.6277888
uYvDMWWq2Jw.003,test,27.73641,-9.60189
u_OwN18tbCI.001,test,-7.2695804,2.0960262
u_qvbRpm88k.000,test,-12.798508,-6.291728
u_qvbRpm88k.004,test,-14.806332,-5.7252426
uf_sIIw4zxY.000,test,-2.2279994,1.5732667
uf_sIIw4zxY.003,test,-1.8246425,5.5147514
uifW-cV-iQo.000,test,7.434923,12.702126
ujC_Fik6sBE.000,test,15.455715,-8.7691765
unfkD5YNaDg.003,test,9.538759,-6.5819707
uoLDJJMK5Gw.003,test,-16.801796,-6.3722835
upgv7xmOb1I.000,test,-14.687421,-5.734423
urCVAp964Tc.004,test,48.459274,-4.7754855
usG6pVxbQkw.002,test,-21.949629,-2.7400546
usG6pVxbQkw.003,test,-18.524523,-2.116677
utv9RBNcL5w.003,test,-0.7799289,-2.6881688
v1ScttBOQc8.000,test,-18.023218,-0.7330593
v1ScttBOQc8.003,test,-17.052048,-2.6582742
vA1ytZ6QR5c.002,test,-3.5007715,2.1071067
vAEqpUwBMJQ.002,test,-0.88563657,1.3289601
vCV-5LypZCs.000,test,1.7505313,2.562425
vCY4uvfrWXA.000,test,22.490202,-11.915057
vE9XgQL7DGE.000,test,-18.465425,4.1453896
vIW7gDmhYMk.000,test,-14.161183,2.708189
vJDx6TCX32M.005,test,-0.07898087,9.454102
vLAHfIjmRMc.000,test,-12.503799,-3.5264642
vLAHfIjmRMc.002,test,-16.227747,-1.1381328
vNEs2yGe77s.001,test,38.162197,-16.525986
vOEQlAMABWM.004,test,-23.775923,4.960516
vQEZ5KF9I4E.000,test,-13.864104,1.505185
vQEZ5KF9I4E.001,test,-10.427542,1.0584582
vYkHHVeNK_M.000,test,1.4073874,20.838371
vYkHHVeNK_M.005,test,-11.799612,5.84415
vZPLbzF0aSg.002,test,39.594017,-11.434582
vhugKRUnd-c.005,test,-11.211389,3.2173326
voB6O-ky9cA.001,test,9.220928,10.325146
voB6O-ky9cA.002,test,2.2009175,4.20284
voSLxKtKr0Q.001,test,4.274818,-7.220377
vp9p1osOaLI.000,test,-11.720049,1.7863593
vp9p1osOaLI.001,test,-15.382611,-1.3257529
vp9p1osOaLI.004,test,-8.195993,-2.4020927
vqLtOsoNPnU.000,test,-7.832274,-2.6852055
vqLtOsoNPnU.005,test,-10.181376,0.29408413
vr5FWHUkYRM.002,test,17.041954,5.2557616
vr5FWHUkYRM.004,test,-14.069498,-7.594198
vwY6OhjDjOA.003,test,25.086641,22.452885
vzttwG7SKZ8.001,test,2.473734,-12.5842
vzttwG7SKZ8.002,test,7.102994,-9.816244
w0CQ55sKmck.000,test,-2.6751926,7.6769395
w2FKw8IhbFw.004,test,-0.9099164,5.8449674
w4cZStXMUII.004,test,-1.0650502,-0.7962892
w4cZStXMUII.005,test,-4.189692,-0.12610395
w7O2QJu2Wl4.003,test,27.838354,-11.931963
wBCSJVBr4ZE.000,test,-17.475601,1.6953685
wBCSJVBr4ZE.001,test,-16.374182,-0.14362627
wBSf7anTC_g.002,test,-18.436287,-2.7777183
wJl7DbsbrDA.002,test,12.434514,8.799121
wJl7DbsbrDA.003,test,11.366488,14.186511
wKBObhJXCSQ.000,test,25.486454,10.095169
wK_ExIjn5Q8.000,test,-12.06372,-2.1149933
wK_ExIjn5Q8.003,test,-17.526148,-3.4326937
wTo1uZns2X8.002,test,-5.2329574,-0.076715946
wTo1uZns2X8.004,test,-14.053982,-0.8649141
wUkdpuWq_Q0.004,test,-2.843709,-6.247553
wVpjBxCirAQ.002,test,21.483677,15.67084
wVpjBxCirAQ.003,test,13.666964,14.147612
wXLL0teBlvs.002,test,10.094742,-4.6473737
wYixHjntI-4.000,test,-13.054769,-4.918195
wYixHjntI-4.003,test,-15.19394,-4.3059435
w_ExyXsnw2A.005,test,-10.312925,-6.6342645
wp59eOvygp0.000,test,-15.83201,0.085823745
wy1szFSVpEI.000,test,16.502645,-11.837681
wyq_eWJClSY.001,test,-15.025232,-5.3045473
wyq_eWJClSY.005,test,-18.230518,-4.5423093
wzCdM6Fe_4A.000,test,-3.1131303,-1.771956
wzCdM6Fe_4A.002,test,-1.7859607,0.59432685
x0mD5kr2hu4.003,test,-6.5622907,7.984169
x0mD5kr2hu4.005,test,-8.172896,4.395533
x6Tluj4dJTU.003,test,-14.045421,0.86336225
x9FAFeaizu0.002,test,-1.1853292,11.646436
xA2OJtxFoeg.005,test,22.398546,-22.00365
xEmwNv4OxGE.003,test,-8.035296,5.336871
xGo_wImhwkQ.004,test,1.8867401,-6.7959337
xQHmbJ_lPjY.004,test,-13.467008,-6.376209
xRhUBifOWiI.005,test,6.787716,5.6785784
xVJDjbiIjTo.005,test,-12.862107,2.1921694
xYXVkQOmSfk.004,test,-10.821323,-0.047381047
xcMwMi4fdis.000,test,35.160572,1.9504948
xcMwMi4fdis.003,test,38.730873,2.1589987
xeE08Vn-HXI.003,test,-4.784565,-3.7385998
xfMOELCuN94.005,test,15.862126,-10.252644
xgwiqo2AsCA.003,test,38.377617,18.21445
xgwiqo2AsCA.004,test,38.285595,9.673802
xgwiqo2AsCA.005,test,42.68038,15.473348
xmD4FKMq2rk.002,test,-1.4183415,17.256798
xmD4FKMq2rk.004,test,7.4569645,16.157547
xmaC2XOhPaE.000,test,19.727219,-8.919022
xmaC2XOhPaE.002,test,19.704203,-11.546061
xmaC2XOhPaE.004,test,16.148243,-12.653142
xq0-QVHxp-Q.002,test,24.53176,14.874222
xq0-QVHxp-Q.003,test,27.695097,5.1277575
xq0-QVHxp-Q.005,test,34.73833,5.7525024
xqGyF2T3pso.004,test,-4.3890305,-0.103435196
xsDABUrvs6w.003,test,-16.716757,-3.3160832
xsDABUrvs6w.004,test,-16.328918,-1.9469168
xsDABUrvs6w.005,test,-14.706478,-2.9535801
xtDw9TlWiww.003,test,-15.9276,3.9645526
xun35caJTQI.001,test,-19.562716,-2.0885742
xun35caJTQI.004,test,-18.259153,-4.2438745
y2UF49ddapI.000,test,-0.098790556,18.196247
y3_71Wpt9eA.003,test,6.8045797,21.827198
y6LC5kAJmHw.005,test,8.394015,12.747432
y9nS5DkAInI.001,test,29.632257,10.672447
yBlPsPBRv5E.003,test,-8.186534,3.1701362
yBlPsPBRv5E.005,test,-12.108941,2.5595305
yEY_2BYZhnQ.001,test,-3.5101721,-2.1745212
yHwuRYr5lxk.000,test,-3.5477862,-5.2552147
yHwuRYr5lxk.001,test,-7.0975466,-1.7941464
yHwuRYr5lxk.002,test,-2.9137034,-7.5489726
yIM5bal1VVs.001,test,-18.225277,-5.192465
yIM5bal1VVs.002,test,-18.86203,-7.2895203
yIe7Rp54-bU.003,test,-1.9451767,5.8791003
yOzHZOg95Ug.000,test,25.560104,18.004751
yRVvI1x2DBI.001,test,1.1615672,3.473146
ySEeioc339E.000,test,0.20915762,6.4800725
ySEeioc339E.001,test,-5.204788,1.2559918
yUESJPS0wS8.001,test,18.166687,-3.837061
ya8Ec_yTai8.000,test,-2.4784765,4.1353807
yftfxiDNXko.003,test,-14.5558405,-0.72037023
yftfxiDNXko.005,test,-17.440125,0.768889
ygUEI08LgcM.005,test,-4.1331935,5.6486807
yj2Y1Y26rd4.003,test,-7.8483586,0.62328655
yp-tfq1NxBk.001,test,-8.94863,2.8357508
ytSIdQkw3gc.001,test,4.675615,2.995625
yw-2AGeAjFc.000,test,-8.760666,-4.527394
yyqXzlF8Fgc.002,test,-10.438298,-3.3691897
yyqXzlF8Fgc.004,test,-11.720644,-1.0662469
yzKfXFT5KYU.001,test,-3.0374975,2.0857549
z0v9LukQRHU.002,test,-3.6832256,4.147559
z0v9LukQRHU.003,test,-0.91242874,3.4917576
z1q3ktuRdII.004,test,2.9754837,2.268625
z54OqeICELg.002,test,4.7508335,-8.026885
z6E5hLYhaZk.000,test,2.2055159,-3.94864
zF3Uk2OAJAE.003,test,1.6574457,-4.2459598
zFVjcb45pjI.000,test,-5.028182,4.637739
zJEnT19uoPY.003,test,-17.663492,-2.7972364
zMXfMcqpPwQ.003,test,6.3590117,-16.573832
zMXfMcqpPwQ.004,test,2.6867867,-16.102526
zNmuwZkaeVg.004,test,-10.112983,7.6910367
zWetcoNHgrQ.001,test,-11.113149,-2.345104
zeUC7e-4w1E.001,test,14.975021,-15.17434
zwO2zBdbCb4.004,test,-13.495196,-5.780887
zyGz_H1UTnQ.000,test,-18.118963,-1.2793491
zyGz_H1UTnQ.001,test,-14.584793,-2.1238055
