clip_id,split,pc1,pc2
--Ymqszjv54.001,train,-2.7379842,3.6146696
--Ymqszjv54.003,train,2.7368932,4.696057
--Ymqszjv54.004,train,3.989781,8.468014
--Ymqszjv54.005,train,5.4618893,9.628705
-2qsCrkXdWs.001,train,-1.5096697,-1.6587936
-55DRRMTppE.000,train,12.973473,-6.6799726
-55DRRMTppE.005,train,12.862242,-8.173167
-5riMLK-PgU.001,train,6.2629514,0.7531939
-6otZ7M-Mro.000,train,-5.0836563,-3.2515326
-6otZ7M-Mro.001,train,-7.205082,-0.5299135
-8asrRvfJWA.003,train,2.0440104,-6.090495
-8asrRvfJWA.004,train,7.639634,-2.915751
-9BZ8A9U7TE.000,train,-0.56449586,-4.0190325
-9BZ8A9U7TE.003,train,2.126143,-2.253656
-9BZ8A9U7TE.004,train,-0.09711002,-2.3470623
-AmMDnVl4s8.003,train,8.826271,-6.245082
-C5M9g4Quzc.002,train,2.8598363,-5.0707083
-DOqN0d8KHw.002,train,-4.6098332,2.0800264
-DOqN0d8KHw.003,train,-4.022223,3.151664
-Gl98Jn45Fs.000,train,4.5898514,6.9124107
-Gl98Jn45Fs.001,train,-2.660235,-1.6019789
-Gl98Jn45Fs.003,train,-1.7260981,-2.812774
-IK--4uz5ZY.000,train,-1.981948,-1.5388592
-IK--4uz5ZY.002,train,-1.1763272,-0.7759323
-IK--4uz5ZY.003,train,-1.0616865,-3.297395
-IK--4uz5ZY.004,train,-1.3234563,0.4184204
-N6QKrbnaDs.005,train,29.30284,80.33469
-NwfYYf5xLo.005,train,1.4709533,-5.070121
-OXMbG7ZwRk.000,train,-7.6738386,1.88096
-OXMbG7ZwRk.003,train,-11.197867,1.6787606
-OXMbG7ZwRk.004,train,-6.9254966,1.8159599
-OXMbG7ZwRk.005,train,-8.903516,1.0747645
-Osv5l1vrNU.001,train,8.8535185,-8.459656
-Osv5l1vrNU.004,train,7.097297,-8.004037
-R2SZu3SYgM.000,train,-10.471613,4.034603
-R2SZu3SYgM.004,train,-6.87354,1.4782968
-RhPxhfpg4U.001,train,-1.682788,5.4006767
-RhPxhfpg4U.003,train,-6.1809916,1.0247968
-RhPxhfpg4U.005,train,-2.4914713,3.5316045
-VTqcHNgH7M.002,train,-7.12132,-5.342506
-VTqcHNgH7M.003,train,-6.0397744,-3.9098501
-VTqcHNgH7M.004,train,-5.011904,-5.222782
-Wqk9eex6bQ.002,train,-7.718875,6.99291
-Wqk9eex6bQ.003,train,-5.1028543,7.352957
-Wqk9eex6bQ.004,train,-7.5527744,2.474296
-Wqk9eex6bQ.005,train,-5.4983597,3.37438
-aU2FN5pkWA.001,train,-5.2951164,-1.5755711
-aU2FN5pkWA.004,train,-7.364377,8.318726
-agCXYgb7pI.004,train,0.65272856,-1.8061323
-awAu11kBZ0.000,train,-3.1921628,-9.129976
-c2HtptBFxY.002,train,-8.692114,-0.8749535
-c_tyGzShwk.004,train,3.2150264,-6.574262
-fXqnCljdm0.000,train,-6.222044,0.30263016
-fXqnCljdm0.003,train,-3.7779596,2.5635846
-fqiCqZtgYs.001,train,8.999676,-7.2763824
-fqiCqZtgYs.002,train,0.87736046,-3.9976268
-fqiCqZtgYs.003,train,1.7067258,-4.40522
-mt-IKgGhuY.004,train,-9.898117,1.9523058
-utrsarZeIY.001,train,13.804964,-7.8881874
-utrsarZeIY.004,train,11.292193,-6.6505966
-zNyDPzId4E.001,train,8.129538,-8.330527
-zNyDPzId4E.003,train,15.465195,-10.294593
01qN-BqJXRM.005,train,-2.0362825,-1.9402821
04oq2yrBwMg.001,train,-7.6437016,3.5095847
04oq2yrBwMg.004,train,6.745369,33.575996
05l5bteT_qA.000,train,1.9232178,-3.3153267
05l5bteT_qA.001,train,2.6108644,-5.9508557
0C6i34q2-f8.000,train,7.8235126,15.6199465
0C6i34q2-f8.001,train,-3.4656975,6.2607923
0C6i34q2-f8.003,train,0.49823698,-1.5175166
0D7W2pR4RpQ.004,train,9.964728,-7.7287207
0FVu7VKIg2s.000,train,3.5692935,0.07777288
0G9vplL8ae8.001,train,-7.502823,-0.50729007
0G9vplL8ae8.003,train,-7.539715,0.29449794
0LqfKzp11kg.000,train,3.772284,3.7080333
0MB91ku0eEw.003,train,-8.662687,2.0720532
0ObEtA6Q8vU.002,train,-8.192215,-0.047366478
0ObEtA6Q8vU.003,train,-3.3316145,0.6060094
0ObEtA6Q8vU.005,train,-3.344059,-0.054098744
0QTR0WiJSNk.001,train,5.0734987,-4.5176244
0RLFM1ehSFM.000,train,-6.2313423,0.30555987
0VnZngec8sc.001,train,-10.745596,0.6427316
0VnZngec8sc.003,train,-11.578856,1.9171283
0VnZngec8sc.004,train,-9.745224,0.25732723
0Wr69VD_oXI.004,train,-3.2044888,-3.423255
0ZK5jQAvhFo.004,train,-3.4607959,1.8341275
0_xOGmydDN0.001,train,-9.937492,3.342761
0_xOGmydDN0.002,train,-11.004806,3.870764
0_xOGmydDN0.003,train,-10.46313,2.872279
0_xOGmydDN0.004,train,-7.5417047,3.2958412
0axZSeaUbfs.002,train,-8.929939,-1.9137825
0axZSeaUbfs.004,train,-5.7696576,-0.20222318
0axZSeaUbfs.005,train,-7.880355,1.797112
0dIqLMMn4jY.000,train,9.581738,-4.5447545
0fMw9o1v2tY.001,train,16.671783,-5.5984116
0fMw9o1v2tY.002,train,13.27823,-9.064771
0fMw9o1v2tY.003,train,11.625181,-7.0197773
0gv5Z0qt2jc.000,train,-4.6281724,3.41784
0gv5Z0qt2jc.001,train,-4.36942,8.543053
0gv5Z0qt2jc.002,train,-2.59191,8.695873
0gv5Z0qt2jc.003,train,-5.9318876,1.8241484
0gv5Z0qt2jc.004,train,-1.6539484,9.348634
0gv5Z0qt2jc.005,train,-4.6890674,0.7045878
0hWbtuRVUgM.001,train,-3.7664688,-2.7231712
0hWbtuRVUgM.005,train,-6.6515875,-0.48056287
0iQIfGnKflc.001,train,3.695456,9.959454
0iQIfGnKflc.002,train,-4.394654,3.1819053
0iXXdsO95O0.000,train,1.6230135,-0.99383134
0kg6pmbSN6A.000,train,-0.4197886,1.1716186
0kg6pmbSN6A.001,train,1.6800401,3.7455053
0kg6pmbSN6A.002,train,0.17674896,2.3952904
0kg6pmbSN6A.005,train,2.4584303,0.16006789
0mym1CooiTE.000,train,-7.791479,-1.8877436
0mym1CooiTE.001,train,-4.646758,-1.7546005
0mym1CooiTE.003,train,-4.0011663,-5.225535
0mym1CooiTE.004,train,-0.8024192,3.65216
0n2vWTs6XwA.001,train,12.725726,-8.944001
0tse0Fsy_rg.001,train,18.732985,8.465471
0tse0Fsy_rg.002,train,12.399643,-3.718709
0tse0Fsy_rg.004,train,27.742826,6.8650956
0u56Q_QmxIM.002,train,-1.0971767,11.430228
0u56Q_QmxIM.004,train,0.3899948,8.31322
0uCqd5hZcyI.000,train,2.0234535,8.243419
0uCqd5hZcyI.005,train,2.6124394,-4.1028433
0zJcYnsh55g.003,train,19.030155,-11.317854
1-GgVRmAEoo.002,train,-2.892115,-0.1478306
1-GgVRmAEoo.003,train,7.6396146,11.347331
1-GgVRmAEoo.004,train,-2.5500274,8.510698
117jrwvl2Nc.000,train,-4.5114465,-2.0878694
117jrwvl2Nc.004,train,-4.6422386,-3.290123
12Ezy1y1cWY.001,train,18.699926,15.591427
12Ezy1y1cWY.005,train,6.4363127,7.2935686
12Hbl_oZF9c.001,train,-6.584725,-3.5963967
12Hbl_oZF9c.003,train,-4.4141026,-5.292794
12lqQE6oPNE.001,train,6.2865663,-0.7919535
13KtmgntgQw.002,train,-6.7373443,3.4765208
13XlKeC_p3U.000,train,-1.6617612,-2.3720245
13XlKeC_p3U.001,train,-4.3579316,-3.5049279
13kjwEtSyXc.000,train,-9.498055,-0.6285819
13kjwEtSyXc.002,train,-2.3758364,1.61738
13kjwEtSyXc.004,train,-5.4880996,1.111526
15yOT2ZolPE.002,train,-3.925384,3.3732243
176vWywoq9E.000,train,-1.3404292,1.5935247
176vWywoq9E.001,train,-6.21987,4.097246
176vWywoq9E.002,train,-0.055006422,1.262766
176vWywoq9E.004,train,-8.750371,0.050128814
184MlJCcboQ.000,train,2.130091,-7.3015814
186c7kCyCHQ.005,train,-3.3586564,1.8520138
19cplBTXyoY.002,train,12.895641,-5.220718
19pTUX8KfYM.000,train,-8.882617,-1.8323317
1AMp8Y_0UGc.000,train,-0.12568766,-5.560777
1AMp8Y_0UGc.002,train,5.624411,-2.5951245
1AMp8Y_0UGc.004,train,6.5437193,-2.409191
1CYzbX8AaP8.001,train,2.3391693,0.23794563
1CYzbX8AaP8.003,train,-7.4664335,2.5519114
1DCnIad1Y0w.002,train,5.2447,-7.4208283
1Gn4GX8miWQ.000,train,-6.4528794,-1.8294771
1Gn4GX8miWQ.001,train,-8.180918,-2.6026745
1Gn4GX8miWQ.002,train,-6.7425046,-0.46422848
1Gn4GX8miWQ.003,train,-7.5379133,-3.009289
1Gn4GX8miWQ.004,train,-8.453855,-1.3138602
1Gn4GX8miWQ.005,train,-5.5532823,0.55344063
1Kb5d-w3YJ8.002,train,-1.7500538,8.053969
1Lv72Si4GnY.001,train,14.71942,-4.210758
1OGu_7IljCo.004,train,-1.5862571,-4.0728855
1RMdiCbNNh4.003,train,3.3499808,-5.0807533
1RMdiCbNNh4.005,train,0.56879944,-4.678015
1S0SxmfbOus.002,train,-2.4599254,-2.5007353
1UaqZEUUk9I.000,train,-3.4155707,-1.8610268
1UaqZEUUk9I.002,train,-5.65428,0.09635645
1W7XLdNpEgc.001,train,3.2267344,-1.1096562
1W7XLdNpEgc.005,train,7.6534777,-2.4131162
1Wh2mIFrGvk.001,train,9.806127,-7.0272965
1XqMZQu_pP4.002,train,-2.1731153,-7.5933676
1YsZ4GPpyBA.004,train,-3.0368192,-4.492491
1YsZ4GPpyBA.005,train,-2.5270197,-4.8539104
1ZqHFoxLz54.000,train,3.5751314,-3.1261175
1cqwKxx6GF8.001,train,-5.8697467,-0.4063957
1cqwKxx6GF8.004,train,-0.9381414,-0.1991819
1cqwKxx6GF8.005,train,-5.6920485,-2.2953238
1dOaM7zWPo8.000,train,-4.961995,0.3015946
1eOvtoZCie8.000,train,-3.3911326,-2.8016276
1eOvtoZCie8.002,train,-3.939294,-2.35313
1eOvtoZCie8.004,train,-6.751304,-3.678775
1eOvtoZCie8.005,train,-0.44065607,-0.19519976
1fsFL_qNYlQ.001,train,-3.9766164,-3.2687316
1fsFL_qNYlQ.005,train,-1.1539526,-3.021585
1hpZ2ecWqtI.002,train,-4.992187,-0.037834194
1hpZ2ecWqtI.003,train,-2.8070362,0.44996476
1hpZ2ecWqtI.005,train,-2.8809354,-0.15001607
1izSTcQI7H4.000,train,-7.705975,2.9625168
1izSTcQI7H4.004,train,-8.136834,5.241583
1jC4vsQsjwM.002,train,-6.5516253,4.826628
1jC4vsQsjwM.004,train,-7.03056,1.5165285
1jC4vsQsjwM.005,train,-7.195841,-0.30130088
1m67onLoRwY.000,train,-9.567275,0.8633965
1m67onLoRwY.003,train,-8.193917,-0.45727265
1mHjMNZZvFo.000,train,-2.5381117,-2.5798318
1mHjMNZZvFo.003,train,-6.6542225,-1.7980523
1mHjMNZZvFo.004,train,-5.5286417,-1.7320747
1mHjMNZZvFo.005,train,-4.184128,-2.4887285
1mODTfLRGdI.000,train,-2.4870472,-5.705552
1mODTfLRGdI.001,train,-1.1449184,-1.1709527
1mODTfLRGdI.003,train,-4.414441,-4.3301415
1mReUxIEuw0.000,train,10.595551,-1.9096965
1mReUxIEuw0.005,train,13.901305,-0.06832122
1mdMhaq5p4w.001,train,2.5113373,-8.620346
1mdMhaq5p4w.002,train,3.528347,-8.313372
1mdMhaq5p4w.004,train,7.2014666,-4.4107785
1mdMhaq5p4w.005,train,10.966838,-7.602369
1mfrM-FT-5E.000,train,0.5986855,4.976771
1pm5uoU85FI.000,train,-2.4916146,-4.4613748
1pm5uoU85FI.001,train,-1.4710953,-4.204885
1pm5uoU85FI.003,train,-4.576211,-3.340045
1q-N_zbsAg0.000,train,-2.8938076,4.148699
1q-N_zbsAg0.001,train,9.03257,19.153868
1q-N_zbsAg0.003,train,-1.6599978,2.184372
1q-N_zbsAg0.004,train,-3.4198148,4.792245
1sjXuXtx9-E.000,train,-1.5818573,-6.3293886
1tPH6PNeOSk.002,train,-0.5367503,-2.1665924
1tPH6PNeOSk.004,train,-0.13938658,-3.1172166
1uCO2d0pFg0.000,train,-2.6255774,0.8344504
1wWMWbl6ILg.004,train,7.449597,-3.6866431
1yIGI42lzak.001,train,-1.4017924,0.9346787
1yIGI42lzak.002,train,-3.196027,1.339057
1yIGI42lzak.003,train,-2.7191024,1.8377278
1yIGI42lzak.005,train,-1.7965333,1.4919121
1yjRBwUiYxs.005,train,-9.806558,3.215886
2-LDYe7OXZU.000,train,-1.7866708,-0.29340088
2-LDYe7OXZU.001,train,-4.3288083,0.08162431
2-LDYe7OXZU.003,train,-1.5729351,4.8466334
2-LDYe7OXZU.005,train,-2.7854812,2.780692
26ZnknvfdNM.001,train,-7.564158,-0.818582
26ZnknvfdNM.002,train,-3.7492936,0.45828706
26ZnknvfdNM.003,train,-2.975429,-1.990135
26ZnknvfdNM.004,train,-2.6827652,-0.889286
29UCGJldICw.005,train,13.011495,-12.792805
2AV8m02PjdU.000,train,21.727459,-8.6246805
2AV8m02PjdU.002,train,21.949627,-6.0435414
2AV8m02PjdU.003,train,13.606471,-6.3254576
2AYq7CdNXNo.000,train,-4.119183,-5.092908
2AYq7CdNXNo.001,train,-1.7886881,-5.8482776
2AYq7CdNXNo.003,train,-4.111104,-7.2810783
2AYq7CdNXNo.004,train,-2.4463458,-6.109232
2DZb5yIc6Fg.001,train,1.4516346,8.496373
2DZb5yIc6Fg.002,train,-8.017854,3.9751213
2DZb5yIc6Fg.003,train,8.132616,18.432194
2Fgn78rYjPM.005,train,3.2847216,15.169092
2GHz8LYflE0.000,train,12.056696,-9.2939
2HE6cw3HFPk.001,train,-1.5135626,-5.9881363
2HE6cw3HFPk.003,train,-2.0700576,-1.8397605
2IwWILRuuNU.003,train,-4.259759,-1.2142712
2IwWILRuuNU.004,train,-5.9335423,-2.762996
2IwWILRuuNU.005,train,-3.6836658,-1.1900539
2KSBoJZMcMU.003,train,-4.2775946,0.4925474
2KSBoJZMcMU.004,train,1.4389858,2.1293647
2KSBoJZMcMU.005,train,-6.274046,-2.481255
2Lgd2Ye-1L8.000,train,-2.9201186,-1.748868
2NNYN1ZCJhw.003,train,-4.681635,-2.772015
2OAA4slRc5M.004,train,-5.4597263,1.3006129
2P1FbMJLUAs.000,train,8.132663,-6.6921473
2P1FbMJLUAs.003,train,9.039984,-7.972476
2P1FbMJLUAs.005,train,17.803093,-9.766527
2PSGksTyrnI.001,train,-3.550396,3.4613197
2PSGksTyrnI.003,train,1.0522859,11.613993
2PSGksTyrnI.004,train,8.535727,19.176203
2PSGksTyrnI.005,train,-3.8085217,-0.8982356
2RQGNwx_nlI.000,train,-0.004680121,-8.153867
2SzC9dm4Yy4.002,train,22.398584,-7.1040087
2T3oK1Gse2g.000,train,0.6594978,-2.3213167
2T3oK1Gse2g.002,train,7.90189,-5.758907
2TMl5EMrdVI.002,train,3.1733477,0.0040202173
2TMl5EMrdVI.003,train,-1.2430586,4.412864
2TMl5EMrdVI.004,train,5.888002,6.459512
2TMl5EMrdVI.005,train,2.9582837,5.1440554
2TXrDZgbDHE.001,train,15.830655,13.074258
2TXrDZgbDHE.005,train,57.520767,46.373447
2TbU3Eg2i4A.003,train,-3.63883,-0.42110014
2TbU3Eg2i4A.004,train,1.2964612,21.80328
2TbU3Eg2i4A.005,train,11.035047,26.461517
2UqnC_rFcRQ.001,train,0.246287,6.775385
2UqnC_rFcRQ.002,train,-0.474579,7.8194375
2UqnC_rFcRQ.003,train,3.4275975,10.228273
2WuhWF4fAOQ.001,train,12.440648,-9.011491
2WuhWF4fAOQ.002,train,4.1950407,-6.279795
2WuhWF4fAOQ.003,train,4.3029313,8.7099
2WuhWF4fAOQ.004,train,3.3660684,-6.8704014
2_OOIcYfLV0.003,train,14.358512,-10.324286
2bAsXLQjlt8.001,train,-10.651269,-1.2330146
2bAsXLQjlt8.002,train,-8.771632,-0.8352999
2bAsXLQjlt8.004,train,-9.636261,2.6441448
2bAsXLQjlt8.005,train,-9.91989,0.3832757
2ceHmUmguzk.000,train,0.0713863,-0.4867632
2ceHmUmguzk.001,train,-0.45425743,-2.426929
2ceHmUmguzk.002,train,1.0450219,0.83117217
2ceHmUmguzk.005,train,-2.5613818,-4.061547
2d6btbaNdfo.004,train,-0.8910278,-3.1386976
2f7rLXwzP3s.000,train,9.178327,-11.811912
2f7rLXwzP3s.002,train,4.277346,-12.626369
2fzLibPAtvI.004,train,3.322018,-3.6232564
2fzLibPAtvI.005,train,5.352271,-3.989171
2hhqEWiv4eI.000,train,-8.052718,3.0079865
2hhqEWiv4eI.001,train,-9.534511,2.4117365
2hhqEWiv4eI.002,train,-3.281263,1.8175437
2hhqEWiv4eI.004,train,-4.946675,10.8929405
2kqPuht5jTg.002,train,-5.434506,-3.5110345
2kqPuht5jTg.004,train,-7.5177455,1.2468003
2kqPuht5jTg.005,train,-8.251507,-1.2980585
2mfmw63l88g.001,train,-3.3626544,2.514911
2mfmw63l88g.003,train,-4.491004,1.8299985
2mfmw63l88g.004,train,-4.0182433,2.320162
2mfmw63l88g.005,train,-2.9162061,3.6854472
2mgj9ncREyA.000,train,-0.12493277,-5.435373
2mgj9ncREyA.005,train,3.1932268,-6.8792872
2oEUp9sGRGk.000,train,-2.6694822,4.4442797
2oEUp9sGRGk.001,train,-3.8204627,2.8385305
2oiXF5_gTyk.001,train,-4.0062637,-3.6943793
2oiXF5_gTyk.002,train,11.160814,-1.646223
2oiXF5_gTyk.003,train,-4.130187,-1.3972086
2pNKs0i3YkY.002,train,18.526476,-10.138271
2q7ZwMoPvok.000,train,9.898092,-5.0709963
2q8orkMs2Jg.000,train,3.4991713,-6.791173
2q8orkMs2Jg.003,train,19.49889,-6.7368493
2q8orkMs2Jg.005,train,9.882554,-8.007556
2r5NVi3SZ2I.000,train,-2.1411545,-5.143558
2rV3Ibtdnvs.000,train,-8.302748,2.9033818
2uAJJH7B5aw.000,train,-8.51928,-0.16033675
2uAJJH7B5aw.001,train,-6.6282897,-1.392642
2uAJJH7B5aw.003,train,-6.0972943,-0.82716066
2x8GZaBY6TM.001,train,-10.341992,4.993579
2x8GZaBY6TM.002,train,-3.550653,7.8915787
2x8GZaBY6TM.003,train,-5.651504,7.3287854
2yUnXroXyeI.003,train,-4.3830614,0.15476371
300gK3CnzW0.000,train,-3.9558342,5.6788363
300gK3CnzW0.002,train,-0.86665916,0.07866341
300gK3CnzW0.004,train,-3.0472364,2.1578805
32XmVytuwQc.001,train,-1.7918211,0.87188095
35-2f1y0guA.000,train,-4.891129,-2.56263
36NZ0sHWQFg.001,train,15.747737,25.52034
36sZ__mv_KY.003,train,-2.3083663,0.6238891
38fE5B4ghw0.000,train,1.6008329,-9.979895
38fE5B4ghw0.002,train,2.6349587,-8.014653
38fE5B4ghw0.003,train,-0.47384578,-8.777785
38fE5B4ghw0.004,train,5.662342,-8.951858
38fE5B4ghw0.005,train,6.4050403,-10.597383
39BJkEXJpgc.001,train,-5.7123547,-1.404245
39BJkEXJpgc.003,train,-5.2820654,-4.733267
39BJkEXJpgc.005,train,-5.3754673,-4.997747
39o1zJFeM7E.001,train,-3.7315068,-2.9303114
39o1zJFeM7E.002,train,-4.4158254,-2.6728497
39o1zJFeM7E.003,train,-4.008796,-0.51866466
39o1zJFeM7E.004,train,53.751423,121.59641
3AyjQQYmqU4.000,train,-7.6995215,-2.6883624
3AyjQQYmqU4.001,train,-9.85756,-1.9311932
3AyjQQYmqU4.003,train,-7.3971457,0.3242463
3DURnr95fMg.000,train,-4.861405,1.5141494
3DURnr95fMg.002,train,6.944181,11.547809
3DURnr95fMg.004,train,-2.6559408,2.165922
3GylAjrajHs.003,train,-3.2609525,-0.7844875
3GylAjrajHs.004,train,1.5597798,0.6094893
3HA2W1s4oP8.000,train,-6.220026,-0.38898113
3HA2W1s4oP8.001,train,-8.831839,1.4071916
3HA2W1s4oP8.002,train,-6.6509624,0.5388128
3HA2W1s4oP8.003,train,-9.066847,0.22597434
3J7Cl3FXs1o.001,train,0.5881185,1.5826509
3J7Cl3FXs1o.004,train,-3.2589679,-0.35756096
3JAFkk42zPs.004,train,-3.1194136,4.0303593
3JAFkk42zPs.005,train,-3.7628796,2.2833407
3JzvXA-Zfbs.000,train,-4.917776,-1.7579111
3JzvXA-Zfbs.001,train,-4.390078,1.9025118
3JzvXA-Zfbs.002,train,-3.6411443,0.91940814
3JzvXA-Zfbs.003,train,-5.5109816,-2.6674893
3K16KyiAZHw.004,train,4.786847,-7.5402317
3LAaFUSGvsU.001,train,-10.756399,6.240669
3LAaFUSGvsU.003,train,-13.468985,2.4147727
3LAaFUSGvsU.004,train,-12.594625,1.746852
3OoQBXWTGfE.000,train,-5.9561105,2.2544482
3OoQBXWTGfE.001,train,-3.1759162,5.8863325
3OoQBXWTGfE.002,train,-7.8149343,2.047107
3OoQBXWTGfE.004,train,-7.22426,1.5281769
3P_D_bd-_NM.000,train,-0.49496478,-1.4664006
3P_D_bd-_NM.001,train,1.0192121,-5.8106318
3P_D_bd-_NM.003,train,-0.94017416,-2.3684175
3P_D_bd-_NM.005,train,-1.6386952,-2.7081094
3Q3SB1dVAng.000,train,1.5069468,-5.022126
3Q3SB1dVAng.001,train,3.1999505,-5.5986814
3Q3SB1dVAng.002,train,2.6398635,-4.4356
3Q3SB1dVAng.003,train,1.4452605,-10.085796
3Q3SB1dVAng.005,train,-1.3446289,-6.293051
3R2LrAKCWr8.001,train,-7.6958575,-0.87084997
3R2LrAKCWr8.002,train,-9.063183,-2.3782156
3RhBqNzCMG8.001,train,-5.083971,-3.9771862
3S72dDIm1fM.000,train,-5.548636,0.62035376
3S72dDIm1fM.001,train,-5.9161634,4.2555003
3S8QUGYVf_w.000,train,-9.243454,-0.8891916
3S8QUGYVf_w.001,train,-10.359237,2.6505237
3S8QUGYVf_w.003,train,-10.387676,0.36176485
3S8QUGYVf_w.004,train,-6.3532977,0.74596786
3Sj-GZ3YXWs.000,train,-5.8946514,3.6785784
3Sj-GZ3YXWs.001,train,-4.839714,2.670414
3Sj-GZ3YXWs.002,train,-2.7478485,2.1083698
3Sj-GZ3YXWs.004,train,-7.5945845,0.03691289
3Sj-GZ3YXWs.005,train,-5.761563,2.9213774
3VTL2kFt17M.000,train,-3.434939,-0.56144434
3VTL2kFt17M.002,train,16.60351,-2.905135
3VTL2kFt17M.004,train,5.0160584,-0.9256272
3VTL2kFt17M.005,train,4.1216545,-5.2937975
3Vr5-zedeWk.000,train,-5.8038216,3.9244368
3Vr5-zedeWk.002,train,15.831793,34.498356
3Vr5-zedeWk.003,train,-8.554827,0.7588876
3Vr5-zedeWk.004,train,-6.446921,0.958964
3Vr5-zedeWk.005,train,-5.5183277,-0.7674264
3VyriB3isO8.001,train,18.605885,-5.2445345
3VyriB3isO8.004,train,20.404537,4.3296556
3WPXm_5f4Lw.002,train,33.90746,-9.997637
3WmWJ1lNy-U.000,train,-2.3330495,-0.7066757
3WmWJ1lNy-U.001,train,-0.2151744,-0.9329537
3WoXkI06zGk.001,train,27.431503,-6.4362535
3WoXkI06zGk.002,train,21.441988,-7.898955
3WoXkI06zGk.003,train,25.275208,-6.315218
3ZwXifihvtA.000,train,4.4917326,-4.368786
3b9fhd-EDaY.001,train,-3.4421794,-0.14426951
3ccY8jYkI5o.000,train,-2.588782,-5.751428
3ccY8jYkI5o.002,train,-2.8930068,-5.6368403
3ccY8jYkI5o.004,train,-0.29665446,-4.0256033
3ccY8jYkI5o.005,train,-3.2897234,-4.120623
3df_Uk9EmwU.000,train,18.855045,-13.443528
3df_Uk9EmwU.001,train,19.292833,-12.978777
3df_Uk9EmwU.004,train,18.481113,-13.045213
3df_Uk9EmwU.005,train,20.178648,-13.106666
3g6Ab-BIbR4.001,train,-4.390449,-2.366155
3gKpBq-1yG4.000,train,2.0150323,-2.0974548
3gKpBq-1yG4.001,train,-3.8205857,0.7390285
3gKpBq-1yG4.002,train,3.4393685,-1.4733547
3gKpBq-1yG4.003,train,1.28915,-2.515139
3gKpBq-1yG4.004,train,-1.2451503,0.31432974
3gKpBq-1yG4.005,train,3.3129632,-1.746153
3gmc2kLV4Bo.002,train,-1.4739723,-5.460028
3hKgh9AB3tk.001,train,-5.513176,-1.8545982
3hKgh9AB3tk.002,train,1.1724676,12.996328
3hKgh9AB3tk.005,train,1.8501127,11.912637
3lV-sr3NOUo.003,train,-3.1427763,-0.06565543
3lV-sr3NOUo.004,train,-2.8697605,0.495165
3nxH1f6IQjQ.000,train,-5.619903,-3.4124312
3orJLMVqWYw.000,train,6.918509,-3.6352623
3orJLMVqWYw.004,train,-0.98770016,-1.3292148
3pJZOCtAzYE.001,train,0.040660433,-7.103833
3tPq9fNOXZQ.001,train,5.209059,-0.78334856
3tPq9fNOXZQ.002,train,4.2229433,-4.3744326
3tPq9fNOXZQ.003,train,-1.6855303,-2.2658455
3tPq9fNOXZQ.005,train,4.4131746,1.5900127
3taD1fEPfC8.001,train,-2.4327774,0.009353479
3taD1fEPfC8.002,train,-2.526052,4.092569
3taD1fEPfC8.003,train,-5.630718,4.6717424
3taD1fEPfC8.004,train,-2.7591953,1.3485693
3wRj39GKLJ0.001,train,-0.9223796,1.8204297
3wgZrRMosvY.002,train,0.08514918,-3.0251827
3wgZrRMosvY.003,train,7.8725376,6.60274
3y3au0hVfm8.001,train,-2.8923318,-4.08203
3ySH8eJQRCI.001,train,-7.3270245,3.3909745
3ySH8eJQRCI.002,train,-2.5805125,12.388915
3ySH8eJQRCI.003,train,-8.414656,2.4068167
3ySH8eJQRCI.004,train,-10.42188,0.41459686
3ySH8eJQRCI.005,train,-5.8002815,4.0425286
3yU-7AXnFCM.002,train,21.150084,24.061102
3yU-7AXnFCM.003,train,-2.408426,-3.3035407
3zAyM2edy1g.000,train,6.0952272,0.5765291
3zAyM2edy1g.001,train,11.244835,-0.6447388
3zAyM2edy1g.004,train,1.0540811,-0.4819248
40rn4A64Bdk.001,train,-4.0568733,-2.6824017
40rn4A64Bdk.003,train,-1.5648135,-2.778177
41NNb7cucVo.000,train,9.620823,-8.77385
41NNb7cucVo.001,train,2.2914343,-6.0679007
41NNb7cucVo.002,train,2.7246294,-4.80661
41NNb7cucVo.003,train,5.3335824,-5.8069606
43tayteIFRk.005,train,-8.484473,6.3077173
44rxmXiga90.001,train,-5.452703,3.9906597
44rxmXiga90.002,train,-1.1839821,1.0040298
44rxmXiga90.003,train,-1.64388,6.1168776
44rxmXiga90.004,train,-5.810039,0.3994668
44rxmXiga90.005,train,0.45026568,4.736531
45SH4ohAH3M.000,train,-2.7965178,0.52165604
45SH4ohAH3M.001,train,-1.7539105,1.5017885
45SH4ohAH3M.005,train,-3.089877,-1.2406077
48S9_KZvzVw.001,train,-13.436989,1.542467
48S9_KZvzVw.003,train,-12.727366,0.884762
48S9_KZvzVw.004,train,-6.720473,14.919952
48S9_KZvzVw.005,train,-11.334562,1.0057796
495hLlCEW64.001,train,4.502406,-2.4558005
495hLlCEW64.002,train,10.642591,-6.413989
495hLlCEW64.003,train,2.2674706,-2.3432822
4CSV8L7aVik.000,train,20.699509,-12.947191
4CiR99jTzso.000,train,22.771133,-6.9360237
4F-WBGPXiqQ.001,train,-1.8808856,3.0503945
4ICb270oLpE.000,train,-4.8448424,1.2174923
4ICb270oLpE.002,train,-6.495239,-2.2023096
4JYmE9a21aI.002,train,-6.247831,-1.287355
4JYmE9a21aI.004,train,-7.402145,-1.5127372
4JjpfL4y3XM.000,train,0.9777921,0.41076133
4JjpfL4y3XM.001,train,3.439589,-0.9171478
4KD3XCMsIBs.004,train,4.7882547,-6.853426
4LZJvOecyM8.001,train,2.0990667,-0.92965865
4LZJvOecyM8.002,train,7.630351,-3.8022604
4LZJvOecyM8.005,train,21.827913,0.88426
4NzqG0XwOWg.002,train,-1.8003057,-3.0329373
4NzqG0XwOWg.004,train,-4.808325,-1.862221
4QUgf0dHnKk.004,train,-5.7662616,-1.3252262
4QUgf0dHnKk.005,train,-5.4368963,0.21194537
4Qr1BjZhnpg.003,train,-0.2785513,-9.466537
4RoZPrjRQZE.000,train,-3.9387822,13.019303
4T9UUWWRE94.000,train,0.14532496,1.5177907
4T9UUWWRE94.003,train,2.602145,7.831378
4TpJ1FT2w6Y.001,train,-6.565786,-0.18688904
4TpJ1FT2w6Y.003,train,-2.102994,-4.3883567
4TpJ1FT2w6Y.004,train,-6.35749,-0.16249514
4TpJ1FT2w6Y.005,train,-8.096877,-0.96656036
4V7doeEKsus.001,train,-5.38754,-5.565234
4V7doeEKsus.002,train,0.49028757,-3.4461818
4VwcU0ROy5k.001,train,3.1977043,-7.845181
4VwcU0ROy5k.002,train,-0.31517786,-9.263544
4VwcU0ROy5k.004,train,0.1434592,-6.019971
4XdZDodpzac.000,train,-0.780297,9.786696
4XdZDodpzac.003,train,-2.494619,14.008093
4ZlcaXadwlo.000,train,-2.4167662,-1.4739548
4ZlcaXadwlo.001,train,-1.4683567,0.04220862
4ZlcaXadwlo.003,train,5.2149353,-1.5805753
4ZlcaXadwlo.005,train,26.577332,51.41035
4a6-tNo-NDM.000,train,-3.6488028,2.9472854
4bDOetaLvZs.001,train,23.931952,61.48238
4bDOetaLvZs.004,train,-8.834755,5.505254
4bDOetaLvZs.005,train,-9.450178,2.6193147
4fN-DKUzgWQ.001,train,-2.1360471,18.823065
4fN-DKUzgWQ.005,train,-3.8488867,16.987215
4kIHxR6s1L4.001,train,-2.717927,-0.96685416
4kIHxR6s1L4.004,train,-4.606038,0.89452064
4kIHxR6s1L4.005,train,-6.392739,-0.053130727
4lH5nLSwmoM.001,train,-5.230889,-1.3928609
4lH5nLSwmoM.003,train,-7.111078,1.9617268
4lIbWq27O84.000,train,-8.635406,1.5292194
4lIbWq27O84.001,train,-4.5762706,1.7254012
4lIbWq27O84.002,train,-5.2212114,4.5960655
4lj66h4CXI8.002,train,3.7376728,-9.621858
4lj66h4CXI8.003,train,3.7393682,-5.20722
4lj66h4CXI8.005,train,4.9340315,-8.889838
4lyKh2_xCDQ.003,train,19.827267,-10.270991
4lyKh2_xCDQ.004,train,26.46713,-14.093744
4nJLbAKgwfw.005,train,-3.2695286,-0.7168853
4nir0YtjHVs.001,train,3.9321558,-8.140743
4nir0YtjHVs.002,train,1.0377016,-7.0836687
4sCa35TOxgs.001,train,11.771694,-13.184415
4vJ69g7gAH4.001,train,-11.556172,3.997522
4vdJGgZpj4k.004,train,-3.5414765,1.9764502
4vdJGgZpj4k.005,train,-5.1068087,1.222799
4xdT0Uedsro.000,train,1.4478499,5.6762404
4xdT0Uedsro.002,train,1.3502825,1.3572007
4yogPbHFQ9o.002,train,-1.0879413,6.064657
4yogPbHFQ9o.003,train,3.4892924,14.36759
4yogPbHFQ9o.004,train,8.023973,20.519424
4yogPbHFQ9o.005,train,-2.3781617,4.1585264
4zkY1SG-7xc.003,train,-7.9083233,0.74595994
5-mwIFjOWZ4.000,train,5.125045,-1.3357774
50gokPvvMs8.000,train,-4.0131984,1.805515
50gokPvvMs8.002,train,-6.1583996,1.9336214
51KRxB3g7A8.000,train,12.008559,-4.647486
51hGkzvYP00.001,train,-3.1609652,0.029555125
51z2rCqPqPE.003,train,3.1160533,-9.402769
51z2rCqPqPE.005,train,6.208738,-11.101884
521sm7CTyfg.001,train,-1.9913406,-3.74663
521sm7CTyfg.003,train,3.215532,3.3801303
521sm7CTyfg.004,train,-5.0879097,-2.6764424
521sm7CTyfg.005,train,19.702223,19.275671
53QFyec0uN0.002,train,-3.7025254,-5.2590027
53QFyec0uN0.003,train,-1.240769,-0.6028506
53gtUkC7IZM.001,train,15.321607,-4.362009
53srfuqv9LM.001,train,-0.0154893715,1.3541116
53srfuqv9LM.002,train,-1.4973522,-7.013461
54JawR1x0II.001,train,5.761382,17.098589
54JawR1x0II.002,train,-4.944195,7.8647366
54K75EhiTEk.000,train,13.853361,-9.2093
54K75EhiTEk.002,train,9.503954,-7.4730573
54K75EhiTEk.003,train,2.6539152,-5.4183354
54K75EhiTEk.005,train,10.308957,-8.204847
54TGLGvIm_8.001,train,-5.744424,-0.7546262
54TGLGvIm_8.002,train,-3.5853653,-0.48365855
54TGLGvIm_8.003,train,-6.253423,-0.20280555
54TGLGvIm_8.004,train,-7.62922,-0.6053821
57RdMTGegww.000,train,12.187496,-1.3633091
57o4odfqTs8.001,train,-10.987304,0.17252392
57o4odfqTs8.003,train,-12.19333,2.0345986
59Smv7wl--w.001,train,-6.9853253,-1.5668693
59Smv7wl--w.002,train,-8.899001,0.6405932
59Smv7wl--w.003,train,-8.184872,2.2647142
59Smv7wl--w.005,train,-8.16362,-0.3085323
5BPGRteF64Y.001,train,-12.26241,1.2293855
5BPGRteF64Y.002,train,-5.9455776,1.5228298
5BPGRteF64Y.005,train,-5.9487777,4.5084643
5Bgd2zgiT0Q.004,train,-1.788116,-4.350006
5CRqN54uejE.000,train,-5.626005,1.1115224
5CRqN54uejE.002,train,27.930897,56.678497
5CRqN54uejE.005,train,-4.22633,-0.3181173
5Eez38v8TuU.000,train,15.126805,-6.1927595
5Eez38v8TuU.003,train,15.832627,-5.5909157
5Eez38v8TuU.005,train,13.197892,-1.6878633
5IqtX-uq28E.001,train,-7.9464097,-0.6782609
5IqtX-uq28E.002,train,-6.017267,-0.6748524
5KHOpRCxnwQ.005,train,15.237832,-4.0344973
5Ku4_r_Yxsk.000,train,-4.552854,-1.290504
5Ku4_r_Yxsk.001,train,-8.3138895,-2.8733928
5Mc-mjLvvGU.000,train,17.222973,-0.6635493
5Mc-mjLvvGU.003,train,8.483283,-5.1196876
5PsD_NFMWpQ.000,train,-9.378129,1.6339704
5T2PhH-OMds.000,train,0.23761792,6.936406
5T2PhH-OMds.001,train,-0.8091019,4.6118355
5T2PhH-OMds.003,train,-2.9245691,7.567176
5TYuLy7JLj4.000,train,-2.0189848,-0.07648975
5U0xeSXEZOU.000,train,18.142181,-14.6237755
5U0xeSXEZOU.001,train,15.88914,-11.511934
5U0xeSXEZOU.004,train,17.70437,-12.307016
5U0xeSXEZOU.005,train,15.395839,-9.501416
5VG1EgzvprE.000,train,13.915356,-5.1408195
5VG1EgzvprE.005,train,16.041653,-10.883662
5Wfa94_5Psg.002,train,3.1189198,1.2773058
5Wfa94_5Psg.003,train,8.719743,7.9605026
5Wfa94_5Psg.004,train,5.3919873,2.8085256
5Wmlo8Z5yVA.003,train,1.0528334,-3.6734824
5bi_PM3XMEQ.005,train,31.06841,-8.364398
5f6s8cwA7WQ.001,train,-8.877284,1.9502363
5f6s8cwA7WQ.002,train,-10.209497,-1.0057833
5f6s8cwA7WQ.004,train,-12.144974,0.68489814
5f6s8cwA7WQ.005,train,-8.303806,-1.046104
5gJsrcXQvrk.002,train,11.556527,6.137745
5ghk5950BhU.002,train,-4.3407993,-4.098715
5ghk5950BhU.004,train,-6.241857,2.820728
5ghk5950BhU.005,train,-6.7618876,0.20769945
5h5Pajjc_xM.001,train,6.3089256,-6.918255
5hFRSHAis2E.003,train,0.053900026,-0.9218215
5hFRSHAis2E.005,train,-1.1936235,-1.0277861
5kY-Iv6UkeU.003,train,0.9221833,-5.152739
5kaqMZ7SB9w.002,train,-1.1423097,-5.535331
5kwoq4EZixQ.001,train,-2.1234431,4.3738465
5kwoq4EZixQ.003,train,-0.013646011,1.7144105
5kwoq4EZixQ.004,train,15.739957,22.105299
5kwoq4EZixQ.005,train,3.5778258,1.1489673
5uFZ-2kYGO0.000,train,28.889025,-5.2216344
5wpoKhbt28c.001,train,8.920786,-9.367215
5wpoKhbt28c.004,train,14.956202,-10.189792
5xA8-Y5qgT0.000,train,-8.325871,1.0876691
5xA8-Y5qgT0.001,train,-5.043332,5.969735
5xA8-Y5qgT0.003,train,-3.8932657,6.423204
5xA8-Y5qgT0.004,train,-7.045384,5.235429
5z4G0biL9B4.000,train,-9.847185,1.7135113
5z4G0biL9B4.003,train,-10.441838,2.192238
6-O-HJf6OZI.001,train,2.8546581,-3.8785846
6-O-HJf6OZI.002,train,5.446896,-3.3845673
6-O-HJf6OZI.004,train,-1.6292145,-2.5080578
6-O-HJf6OZI.005,train,3.6465378,-7.1103067
6-_1-vBNl_0.002,train,8.178403,-9.377582
6-_1-vBNl_0.003,train,-4.424262,-6.857553
6-_1-vBNl_0.004,train,2.5489879,-6.802174
62ngcaBjRCY.005,train,15.974966,-7.771646
65xWDhgq1OE.004,train,2.1902823,-5.0478196
69BopbFc34U.000,train,5.561622,19.789677
69BopbFc34U.001,train,-0.9702187,10.177133
69BopbFc34U.004,train,-2.9548562,4.738782
69EsTnCVCp0.003,train,-8.982949,7.4819694
6CRet5sD6xI.003,train,-0.20546998,-4.6285777
6EMgu2djYrU.001,train,3.5094557,-2.5903678
6EMgu2djYrU.002,train,-0.7393127,-1.4914001
6EMgu2djYrU.004,train,-0.18798538,6.468497
6EMgu2djYrU.005,train,-0.3814356,-2.803736
6IOtQTOyQRU.000,train,23.985659,1.9769549
6IOtQTOyQRU.001,train,10.555094,-10.853602
6JfSPPVUgIg.003,train,11.766162,23.959087
6JfSPPVUgIg.005,train,2.81273,5.9758606
6KKNrufnL80.000,train,3.5406249,-7.5152726
6LKbPUX03sY.000,train,14.059603,-8.004157
6LKbPUX03sY.003,train,16.48184,-10.603566
6LKbPUX03sY.005,train,22.037056,-4.0005193
6N02tjYPLh8.000,train,-4.027874,1.6751378
6N02tjYPLh8.001,train,-4.6424985,-0.55458117
6N02tjYPLh8.005,train,-1.9856063,0.7725193
6NHEp_CF2jE.000,train,-4.1352067,-4.3644075
6NjuNY4LfQc.004,train,-1.1279907,1.0407529
6RwVJK3husE.005,train,-0.053156856,-2.478336
6SiutTvCDUw.000,train,-5.3648562,-2.0320177
6SiutTvCDUw.001,train,-7.2725906,-0.18840326
6TkMavTyimI.000,train,-6.6307197,0.44001615
6TkMavTyimI.001,train,-7.5458107,1.5205951
6TkMavTyimI.002,train,-5.005453,0.68710136
6TkMavTyimI.003,train,-9.647273,1.6825182
6TkMavTyimI.004,train,-7.673126,0.45258975
6TkMavTyimI.005,train,-5.1710324,4.773517
6V92xyqy0q4.000,train,-7.0870557,-1.5395678
6V92xyqy0q4.001,train,-8.549841,-3.593561
6WSr4IW6cNI.000,train,-8.560391,-0.5900501
6WSr4IW6cNI.003,train,-10.086755,1.1316787
6e5BsNaQmTo.003,train,5.721756,-0.56123894
6ePyEPQp77Q.001,train,-3.8606575,2.893611
6ePyEPQp77Q.002,train,-5.3750772,-0.8480335
6ePyEPQp77Q.004,train,-5.4684086,3.9602597
6ePyEPQp77Q.005,train,-6.825878,1.7814908
6h6kk-tPzmE.000,train,-0.46354806,-5.083984
6k8RQViPUTc.000,train,-4.6889462,-1.7132871
6nbxAP_ZKQQ.000,train,-8.285623,-2.6808918
6nbxAP_ZKQQ.005,train,-7.2432117,-3.2323225
6nv6D2moFQw.002,train,-6.5672617,-0.7379403
6nv6D2moFQw.003,train,-2.7274666,-2.0752084
6nv6D2moFQw.005,train,-8.471397,-1.2539254
6oL9yyc9iJc.001,train,-2.9359684,-5.9393635
6oL9yyc9iJc.003,train,-2.5323317,-4.5984473
6tBnFWDqvJE.003,train,2.875995,-5.564397
6tyhnIgNVs8.005,train,-4.8733134,-3.642279
6uqXoPJSoPg.000,train,-7.779762,1.0155203
6uqXoPJSoPg.003,train,-9.98247,0.66500264
6uqXoPJSoPg.004,train,-11.724358,2.8606381
6uqXoPJSoPg.005,train,-11.388856,1.5232756
6wHQsN5g2RM.000,train,-4.9492245,5.5090795
6wHQsN5g2RM.002,train,-4.386887,2.3705342
6wHQsN5g2RM.003,train,-1.8289577,1.5009927
6wHQsN5g2RM.004,train,-2.2877648,3.0242248
6wIEiqmuHOM.000,train,2.399561,-2.3318236
6waL_gUxtAM.000,train,3.5248773,-6.6096888
6waL_gUxtAM.004,train,3.840866,-6.955565
6xlHkQDHxbs.000,train,-5.7449026,2.3910728
6zm71IHOCZA.000,train,3.9450467,6.5310745
6zm71IHOCZA.001,train,5.658446,2.1218634
6zm71IHOCZA.002,train,2.5986192,6.6587334
70FJFG-MISQ.004,train,6.446125,-4.4884677
75XbCb7G8kw.001,train,-11.27535,5.646137
75XbCb7G8kw.002,train,-10.115568,5.645526
78zauTEQ-k8.000,train,-3.611989,-6.2677283
78zauTEQ-k8.001,train,-3.2330723,-4.766952
78zauTEQ-k8.004,train,-0.97472525,-4.197881
79xbT95IyKI.001,train,4.7744513,-8.334224
7BgScfRre5M.001,train,-4.827414,2.2309022
7BgScfRre5M.003,train,-2.8410378,5.037028
7BgScfRre5M.004,train,-3.774195,-0.53578466
7FXs86Z98E0.002,train,-2.4963872,-1.6952854
7GRC7XjGzX8.001,train,-6.741465,0.47723505
7GRC7XjGzX8.003,train,-5.958532,-0.9381756
7I-B2bBL0K0.004,train,-5.7726216,-3.4145336
7IegDaeNlik.000,train,7.311304,-8.392574
7IegDaeNlik.002,train,18.143219,-7.003579
7IegDaeNlik.003,train,37.176918,-10.264373
7IegDaeNlik.005,train,27.916414,-4.51386
7Kn5VT9bB4I.001,train,-7.4576225,1.9236662
7LHmNEH65Pk.000,train,-4.4807515,-4.435337
7LHmNEH65Pk.002,train,-3.6088035,0.87188464
7LHmNEH65Pk.004,train,-1.9696733,2.7718782
7LHmNEH65Pk.005,train,-1.5716729,0.915942
7MwZm3mhSA8.004,train,15.363011,49.549953
7P2F5Mk_Q1s.000,train,22.366776,-7.7750607
7P2F5Mk_Q1s.002,train,26.101711,-12.361017
7PYAn9njCHI.001,train,-9.254703,2.8769276
7PYAn9njCHI.004,train,-10.276586,0.89752185
7QeVs-mXmcI.003,train,0.57498974,-5.764046
7RQbn7LM10I.000,train,-1.9282194,-3.3096144
7TvOygqwNuE.000,train,-0.056897603,-9.071995
7UQt8QB3cQY.001,train,5.997479,-3.5628014
7UQt8QB3cQY.002,train,6.4440403,-2.1454606
7UQt8QB3cQY.003,train,4.323141,-2.4371648
7UQt8QB3cQY.004,train,6.5213866,-2.771624
7Wr-fwmpRfw.001,train,17.45974,-8.94486
7Wr-fwmpRfw.003,train,6.1572022,-3.0572395
7Y3S4nfQHeo.001,train,-9.838022,3.03107
7Y3S4nfQHeo.002,train,-2.4786787,0.6568023
7Y3S4nfQHeo.005,train,-6.66782,0.6058061
7Y4cUPFEt-4.000,train,-1.5216461,-1.2576886
7Y4cUPFEt-4.002,train,-0.5122226,1.6162533
7Y4cUPFEt-4.005,train,-0.41886342,-1.3322767
7ZnijRlK5-E.002,train,19.842644,-13.612299
7ZnijRlK5-E.003,train,16.915764,-15.786073
7b9DirXrkHo.002,train,-4.1417007,0.46921486
7b9DirXrkHo.003,train,-6.1758637,2.6669114
7gyJdWaLpmE.003,train,35.92721,-16.266474
7gyJdWaLpmE.004,train,21.4669,-11.844425
7kO7jYYUVWg.004,train,9.310555,-10.493303
7nJPNkWZDOY.003,train,12.7178,-9.967807
7nhJXn9PI0I.001,train,2.0991337,8.964298
7nhJXn9PI0I.004,train,-0.5443777,-3.8301659
7nhJXn9PI0I.005,train,1.2815695,4.766485
7pLWTfnOSIU.001,train,4.855655,1.6970334
7pLWTfnOSIU.004,train,10.106139,18.213064
7pLYJKO75_c.001,train,-4.0087347,-7.089864
7qGYGbIg45c.002,train,-1.1101971,1.6945443
7qGYGbIg45c.004,train,11.353472,10.792226
7qGYGbIg45c.005,train,7.825367,10.938176
7rZF73nDGEY.003,train,6.006426,0.17466596
7s3itKIXww0.002,train,-4.935953,-1.9181714
7tlMys6MZ34.000,train,-1.1255109,2.2106135
7tlMys6MZ34.001,train,-1.6396018,-1.4957209
7tlMys6MZ34.003,train,-0.65810084,-3.5753393
7tlMys6MZ34.004,train,0.08860916,-0.45050013
7tlMys6MZ34.005,train,0.16938393,-4.536156
7vF5WLD1RxY.003,train,2.8530617,12.708675
7wsksuXYoMY.000,train,-5.863143,-2.1499286
7wsksuXYoMY.001,train,-9.035849,-2.8919654
7wsksuXYoMY.002,train,-7.8039393,-2.2353232
7wsksuXYoMY.004,train,-8.846562,-1.2882794
7wsksuXYoMY.005,train,-7.8749685,-0.9338759
8-OKP1nf19E.000,train,0.43249995,-9.418515
8-OKP1nf19E.001,train,-2.3155258,-8.485264
8-OKP1nf19E.005,train,-3.6465435,-7.94353
81f9t2HMNas.001,train,-3.9125788,2.1281762
81f9t2HMNas.002,train,7.576531,23.579493
81f9t2HMNas.003,train,-3.4874246,3.5161786
81f9t2HMNas.004,train,-1.5693917,7.1453114
81f9t2HMNas.005,train,-4.184558,-1.0521827
836kYlEs9GI.001,train,13.29646,15.012658
836kYlEs9GI.002,train,-3.8055947,-3.8270555
836kYlEs9GI.003,train,-0.4374339,-5.0055485
83cmR2fkyy8.002,train,-6.6605334,6.0755377
83cmR2fkyy8.004,train,-7.9263024,3.5916564
83cmR2fkyy8.005,train,-7.1361465,-0.44726914
84Lz5a9yRZg.001,train,-4.226127,-0.4298005
84Lz5a9yRZg.002,train,-4.8345947,-1.320705
84Lz5a9yRZg.004,train,-3.9952772,1.9740573
84emxO86qa8.001,train,-2.1003337,-3.0720687
84emxO86qa8.002,train,-1.592959,-4.5752625
84emxO86qa8.005,train,-2.534014,-2.0226812
853IG69l2SE.000,train,28.143038,-16.891607
853IG69l2SE.003,train,18.285542,-13.901459
86HyqfDcAJM.001,train,-5.685021,3.6750631
86upzmhvpXw.001,train,-6.1190176,-0.7340511
86upzmhvpXw.002,train,-5.545046,1.3290532
86upzmhvpXw.005,train,-7.0432796,-1.4666256
87r3cLkrw4A.002,train,-4.607085,-0.33808935
8AnIttmflwI.002,train,0.6142303,-1.3051203
8AyIkT2Dg14.003,train,-1.2807258,-9.257254
8BE-2l-RBjA.000,train,-5.2490387,4.4327326
8BE-2l-RBjA.003,train,-3.5453117,1.333942
8Bt-vEroq6M.003,train,-7.8255796,1.2657154
8Bt-vEroq6M.004,train,-11.118883,3.5730894
8GFElKeREfQ.000,train,22.933102,-8.564926
8GFElKeREfQ.005,train,12.128931,-7.692482
8HqEniErmmE.000,train,-6.319241,10.411834
8KyS0FKbKfI.002,train,-2.535651,-3.2624366
8OGiv7FetSQ.000,train,1.2497835,-8.52373
8OGiv7FetSQ.001,train,1.2584566,-8.912093
8OGiv7FetSQ.002,train,0.7686883,-7.641321
8OGiv7FetSQ.004,train,1.9824127,-6.364402
8PXQ_5tUv74.000,train,4.7597995,-0.8113321
8PXQ_5tUv74.001,train,-1.6029646,-3.8584523
8PXQ_5tUv74.004,train,2.1189048,-1.8370897
8PXQ_5tUv74.005,train,-1.4591106,-3.0036957
8QtlG5ujHyc.001,train,-2.9057355,-5.694135
8RObWRnyuG0.001,train,-0.687441,-7.993779
8RVJqjILSD0.000,train,-4.980127,5.035527
8RVJqjILSD0.001,train,-8.121269,1.8654757
8RVJqjILSD0.003,train,-5.9836373,3.1450887
8XBprf4NyOg.001,train,-9.459046,2.6375163
8XBprf4NyOg.002,train,-10.331439,5.7728114
8XBprf4NyOg.004,train,-7.8806,2.1651373
8XBprf4NyOg.005,train,-7.0916843,6.5568
8XJCdulCPkM.003,train,-8.695366,4.0398645
8XJCdulCPkM.004,train,-9.796356,1.0424898
8XJCdulCPkM.005,train,-5.7647753,3.347601
8YQKwMdiaAE.001,train,-5.8005657,-3.6016793
8YQKwMdiaAE.002,train,-1.5456202,-2.5401003
8Yo-27O0P38.003,train,15.287509,12.92402
8Z6PrQdqffA.001,train,-2.9128406,-0.68428
8Z6PrQdqffA.002,train,-2.286932,-0.9571297
8Z6PrQdqffA.004,train,2.3075519,-0.82242805
8Z6PrQdqffA.005,train,-0.8376109,2.5254781
8ZHpqRJ39HA.002,train,-9.719643,1.6827868
8ZHpqRJ39HA.003,train,-8.412495,1.9574703
8ZHpqRJ39HA.004,train,-10.278176,-0.3403287
8ZHpqRJ39HA.005,train,-9.847061,0.7975613
8aLr0vNobr4.000,train,-6.9896946,-2.6347752
8aLr0vNobr4.001,train,-3.6770434,0.2720136
8aLr0vNobr4.004,train,-4.1128464,-2.6172633
8aPfoJiDeBY.004,train,-14.6342945,4.9978395
8bn3HZY76xU.000,train,6.1954055,14.768081
8bn3HZY76xU.001,train,5.393152,16.25011
8bn3HZY76xU.004,train,6.053356,13.354265
8c4_VDh2r5s.001,train,-1.5684121,-3.9761252
8cIuBkFoh0s.000,train,3.3454924,-3.9424098
8dVcA5J1Dcw.000,train,5.3747096,-3.2516277
8e4nnel_x-M.001,train,-10.256927,0.1024186
8e4nnel_x-M.005,train,-7.3431473,-2.0302308
8eeZjC_bmtc.001,train,18.218855,-8.745908
8eeZjC_bmtc.005,train,11.175205,-8.614519
8g5jPiQ6XdA.001,train,-8.594768,1.5277995
8g5jPiQ6XdA.003,train,-6.740443,6.80502
8g5jPiQ6XdA.004,train,-9.328805,-0.5830179
8gvBbE6iZNo.001,train,-7.670827,-0.8480089
8gvBbE6iZNo.003,train,-6.5421147,1.6891667
8gvBbE6iZNo.005,train,-7.2695084,0.0863461
8hGOOynn3ZU.003,train,0.26457226,18.951508
8hGOOynn3ZU.005,train,-7.2218356,6.462987
8hW6WfYBP18.001,train,-2.874112,1.8421171
8hW6WfYBP18.005,train,9.279532,0.30359635
8hfhLOXpCNM.002,train,7.791764,-2.489095
8hfhLOXpCNM.005,train,5.250916,-5.927253
8i7H-uSCQcc.001,train,-2.2371106,-3.8881943
8i7H-uSCQcc.004,train,1.4726341,-4.2837687
8lg8A_zFOmg.000,train,1.6203992,5.1729054
8mZZlnbmOYE.000,train,-9.431371,-0.175926
8mZZlnbmOYE.001,train,-10.220006,5.0697303
8mZZlnbmOYE.003,train,-4.5512786,9.388543
8mZZlnbmOYE.004,train,-11.315862,5.2588387
8n6G3V3-Tk8.002,train,3.032816,-4.0348983
8n6G3V3-Tk8.005,train,0.5708088,-2.5732226
8narByy2B5g.000,train,11.987802,-7.832546
8narByy2B5g.001,train,8.586995,-8.288406
8narByy2B5g.004,train,12.933033,-2.9163737
8pM3X-xsD4s.001,train,-4.542856,-5.544113
8py6SksNsZQ.001,train,-6.3150005,4.3501277
8py6SksNsZQ.002,train,-9.757272,-1.3420094
8py6SksNsZQ.003,train,-5.452456,-1.8772925
8py6SksNsZQ.005,train,-9.82181,1.3888904
8qDKGnABATw.001,train,-0.85246146,-2.5131726
8qG1sMihtPA.000,train,1.11532,-1.4819604
8qG1sMihtPA.003,train,-0.8931211,-2.7447748
8qG1sMihtPA.004,train,-1.7537318,-0.7018888
8qesctueAV0.000,train,-1.078557,1.2313802
8toLcoDcGOY.001,train,-0.259919,-3.695129
8toLcoDcGOY.003,train,0.25126094,-3.130901
8waTw8jF1Ys.000,train,5.1095195,-5.4320664
8xHdW7Zx_OY.000,train,-10.947559,1.3365835
8xHdW7Zx_OY.001,train,-10.430485,4.8002524
8yFYvQ_kxW8.000,train,12.209692,-9.276317
8yFYvQ_kxW8.001,train,5.923966,-4.161902
8yFYvQ_kxW8.003,train,8.593972,-7.099685
8yFYvQ_kxW8.005,train,12.520886,-6.5499034
8z-WF2UNRb8.002,train,18.505388,-7.9955707
9-lptN92A68.005,train,-4.3395977,-0.5865275
90p68AEmNMA.000,train,9.152989,12.767326
90p68AEmNMA.001,train,-1.2537897,3.7069476
93XyRBd_HqU.002,train,-9.215952,-1.0579336
98fnGDVky00.000,train,40.067215,63.827393
98fnGDVky00.001,train,11.5203085,18.189379
98fnGDVky00.002,train,18.360796,33.443108
98fnGDVky00.003,train,6.042053,17.032671
98fnGDVky00.004,train,3.8877366,10.137903
98fnGDVky00.005,train,46.44207,69.41924
99OBSlFjLXI.000,train,10.762262,0.84004074
99OBSlFjLXI.002,train,8.541923,-3.0910192
9AsxY-x-TjM.000,train,7.3794036,-0.57957625
9AsxY-x-TjM.002,train,5.200315,-1.9988673
9AsxY-x-TjM.004,train,0.8006557,-2.0979483
9CPKW0sqR3E.000,train,1.4559606,-5.1276784
9CPKW0sqR3E.001,train,4.169497,-3.1338775
9CPKW0sqR3E.002,train,2.09244,-5.451225
9CPKW0sqR3E.003,train,1.9612483,-7.551373
9CPKW0sqR3E.005,train,-0.15111731,-5.625399
9Crw2RtrBcY.000,train,-9.463367,2.4461238
9Crw2RtrBcY.001,train,-10.943383,1.1639415
9Crw2RtrBcY.002,train,-9.875353,-0.04896053
9Crw2RtrBcY.003,train,-4.3613906,2.2815652
9Crw2RtrBcY.004,train,-10.511543,1.0964962
9DF_-PXbpkg.001,train,-11.108306,-0.6580837
9DF_-PXbpkg.002,train,-11.16609,1.2900493
9DF_-PXbpkg.003,train,-10.297014,0.2960979
9FN1KxoTMtQ.000,train,-6.4926667,-0.036946192
9J-KIPMQmqk.004,train,-9.311755,1.9032133
9J-KIPMQmqk.005,train,-9.161003,1.9609345
9KAqOrdiZ4I.001,train,7.485678,-7.630018
9KAqOrdiZ4I.002,train,11.073829,-8.738144
9Lbj3wpwk-c.000,train,2.6927388,6.1289544
9Lbj3wpwk-c.001,train,3.2738318,10.3727045
9Lbj3wpwk-c.003,train,15.785383,17.59789
9Lbj3wpwk-c.004,train,1.6510444,1.2399257
9ND95tPlYt4.000,train,25.195074,-6.23608
9QGTbcqb2tM.001,train,-7.755923,0.26891032
9QGTbcqb2tM.002,train,-11.203838,2.551353
9QGTbcqb2tM.003,train,1.3173771,26.259293
9QOFKbaPX3M.000,train,-1.8487996,8.009585
9QOFKbaPX3M.001,train,-3.5521524,0.955702
9QOFKbaPX3M.002,train,-1.5155497,9.270012
9RfE2-aTvaM.000,train,-4.9893894,-3.4814668
9RfE2-aTvaM.001,train,-7.5430126,-2.6201663
9RfE2-aTvaM.003,train,-4.577191,-4.238905
9SGTRbePKLI.004,train,11.43071,-1.5920169
9UEBU_yiTPs.001,train,5.5052047,-7.281877
9UEBU_yiTPs.002,train,0.6157714,-4.9493337
9UUtf0_ZR14.001,train,-6.1719193,2.4671082
9UWCHrG5mys.001,train,12.017506,-4.803045
9UWCHrG5mys.004,train,16.898613,-8.192442
9XqeGs2MMic.000,train,0.0745357,3.0281897
9XvDnTa0Z1M.003,train,0.38889676,-1.5351475
9ZMIYSBYIh8.000,train,6.308587,-1.786715
9ZMIYSBYIh8.003,train,6.7540307,-3.4779158
9_6auSk_wkY.000,train,1.4851099,-3.6379204
9_6auSk_wkY.004,train,6.099427,-2.152309
9_6auSk_wkY.005,train,0.2548174,-3.9256713
9a-3LrB7cDI.000,train,-12.985897,4.7503276
9a-3LrB7cDI.003,train,-12.944539,2.802854
9a-3LrB7cDI.004,train,-11.798864,2.7861907
9a-3LrB7cDI.005,train,-11.19233,0.8183328
9c66Lb7e1BQ.002,train,-1.4949436,0.96156925
9c66Lb7e1BQ.003,train,-5.066402,-0.8125166
9cHxDnk6SUs.000,train,-7.9129996,3.5913284
9cHxDnk6SUs.001,train,-9.199283,1.7831638
9cHxDnk6SUs.002,train,-6.639947,2.424423
9cHxDnk6SUs.005,train,-6.302999,3.2398236
9cWmvIfAAn0.000,train,-5.8890023,-2.5128577
9cj8rrj1wSk.000,train,12.25226,-9.939196
9cj8rrj1wSk.004,train,9.368658,-7.8028073
9cj8rrj1wSk.005,train,-2.53141,0.39592648
9eNHxfOV2Kg.002,train,18.076591,-6.716071
9eNHxfOV2Kg.004,train,6.133344,-7.959806
9hMSThogdKo.001,train,-8.288815,-0.7439422
9hqH1PJ6cG8.001,train,10.192527,-2.9449224
9kEyN8a76j4.004,train,-4.7127748,2.1645887
9kEyN8a76j4.005,train,-1.7750807,3.2756057
9mAw0B-mEPQ.001,train,5.7599077,-8.164622
9mAw0B-mEPQ.005,train,1.5584317,-5.8003345
9mM_0vrO3wc.003,train,-6.03936,0.12741572
9n8dNi-ERQ0.003,train,8.269976,-11.791318
9n8dNi-ERQ0.004,train,16.654367,-14.17178
9o10YrQykMk.000,train,-4.085659,-2.0304668
9o10YrQykMk.002,train,-2.5680194,-2.596735
9o10YrQykMk.003,train,-2.816066,-0.9432328
9pGJyf1MXLY.000,train,0.5263374,-5.070892
9pGJyf1MXLY.002,train,-1.6532348,-3.1215053
9pGJyf1MXLY.005,train,-4.3544626,-2.5891535
9rF3BEXetOo.000,train,5.6439004,-9.167102
9sfpnlBRCl0.000,train,-5.4121366,-0.016616143
9uMpKla2OQM.001,train,3.36509,-2.795599
9xJ0rFCU-OM.004,train,18.754375,-10.470914
9xJ0rFCU-OM.005,train,24.629587,-11.270504
9yZEb6bdxNY.000,train,-6.10248,-3.7604446
9yZEb6bdxNY.004,train,-5.015766,-3.9776123
9ydyJKZBWiA.000,train,-3.8400373,5.0404143
9ydyJKZBWiA.001,train,-2.8904226,3.4681833
9ydyJKZBWiA.002,train,-4.685768,9.005419
9ydyJKZBWiA.003,train,-5.526786,3.8036692
9ydyJKZBWiA.005,train,-4.912594,2.9519255
9z5cV1ANYwE.002,train,2.1887562,-5.7763696
A0braVJH3Pw.000,train,-2.6237464,0.40944955
A0braVJH3Pw.001,train,0.030837333,-1.5621675
A0braVJH3Pw.002,train,-1.7324389,4.327509
A0braVJH3Pw.003,train,4.6570024,0.17771624
A0braVJH3Pw.004,train,0.652152,1.0529696
A1lbD_OCuj4.000,train,-8.080639,3.7533033
A1lbD_OCuj4.003,train,-9.557041,3.0902495
A1lbD_OCuj4.005,train,-7.8667197,10.530852
A3StIKMjn4k.001,train,-10.232921,4.177405
A3StIKMjn4k.002,train,-5.585825,3.7750993
A3StIKMjn4k.004,train,-4.6530385,2.3282373
A3StIKMjn4k.005,train,-6.5172887,5.262652
A4zSLp-1gps.000,train,-5.4355717,-0.09740747
A4zSLp-1gps.002,train,-4.1857038,1.1722933
A4zSLp-1gps.005,train,-5.8060937,2.4869964
A6ZWTfKPLPE.001,train,-4.6654882,-0.19928712
A6ZWTfKPLPE.002,train,-1.7692928,-6.280882
A6ZWTfKPLPE.003,train,-4.58421,-1.5679077
A6ZWTfKPLPE.004,train,-5.58356,-2.4309552
A6ZWTfKPLPE.005,train,0.34936205,-7.186161
A7exx3pEPkE.000,train,-6.9316144,3.7308614
A7exx3pEPkE.003,train,-5.4761043,2.8813329
A7exx3pEPkE.005,train,-8.638174,3.3225052
A7qb47cmxJo.000,train,-5.6192813,-1.9019929
A7qb47cmxJo.005,train,-1.2420813,-1.3760532
ABWFQuPG1LA.000,train,17.38358,-3.917486
ABWFQuPG1LA.002,train,29.197361,0.01084808
ABWFQuPG1LA.003,train,23.773556,2.5769405
ABWFQuPG1LA.004,train,23.652075,-5.478415
ABWFQuPG1LA.005,train,5.17317,-3.912837
ADa9rkwF2uA.000,train,-5.187597,5.213124
ADa9rkwF2uA.001,train,-1.4842627,6.9906483
ADa9rkwF2uA.002,train,-5.878093,4.00878
ADa9rkwF2uA.003,train,-6.130912,4.0030546
AEqpMdMeMZA.002,train,33.9287,-8.344443
AFQz-qy0FkY.001,train,7.940529,-1.1196175
AFtQfwBA_gI.000,train,27.27147,-6.4058723
AFvUxDwJB84.000,train,-3.1534894,-2.8955066
AFvUxDwJB84.001,train,-7.264056,-0.5474427
AFvUxDwJB84.002,train,-2.713891,-2.3818197
AFvUxDwJB84.003,train,-1.7907146,1.7509705
AGYoSGlq-ck.002,train,12.592284,-7.1313324
AJIphVRpYrg.002,train,-1.2640661,-4.698397
AJIphVRpYrg.003,train,-4.1358566,-4.380437
AJIphVRpYrg.004,train,-0.7061301,-4.054654
AJIphVRpYrg.005,train,1.5335773,-4.279219
AP0aklGHino.000,train,-6.2186036,6.365611
AP0aklGHino.003,train,-7.0600376,0.7977847
AP0aklGHino.005,train,6.3495374,25.030804
APqMkruLkoE.004,train,-5.7379875,0.5244248
AQz6_ZpzGIE.003,train,-4.0088205,1.4495558
AR3UwbmgKuQ.001,train,-7.3979673,2.6256895
AR3UwbmgKuQ.003,train,-3.931738,4.4472213
AR3UwbmgKuQ.004,train,-3.5172026,13.212731
AR3UwbmgKuQ.005,train,-8.72455,3.4655294
AS8snUf9eX0.000,train,4.025243,-1.9819957
AS8snUf9eX0.001,train,1.7843083,-3.52703
AS8snUf9eX0.002,train,3.2520578,-3.4935532
AS8snUf9eX0.003,train,4.289632,-2.519373
ASDpn9yOYAo.002,train,-3.5973976,0.2480058
AV7aKrAs-kM.005,train,14.117648,-4.535492
AVLEr0sYFhs.000,train,7.416772,-1.1774164
AWZLchLstio.003,train,-4.503331,-5.2355623
AWe6ZZUmlZw.000,train,-5.886468,4.5848193
AWe6ZZUmlZw.004,train,-6.9169707,3.0039618
AWe6ZZUmlZw.005,train,-4.4254494,0.7040329
AWyKLALCUyM.000,train,8.921569,4.8430986
AZ2HyBOmliQ.005,train,-7.8102098,12.740954
AZj2VoCcayA.000,train,-3.7295334,-0.31036866
AZj2VoCcayA.001,train,-5.199472,-0.45517814
AZj2VoCcayA.005,train,-6.2460046,2.2562606
Af_F0IzHK6o.000,train,-7.907237,2.2725308
Af_F0IzHK6o.004,train,-9.030289,1.7162051
Agg7z10B_iY.000,train,-7.0070786,-3.3666735
Agg7z10B_iY.001,train,-5.8227825,-2.82148
Agg7z10B_iY.002,train,-7.0635266,1.8186746
AheKnXrL0Wk.002,train,14.473909,-12.562762
Ahiq4zhmYco.002,train,-2.3955216,-0.6610691
AjCI_w9Szks.005,train,-5.0517015,-0.42434648
AlEqtGWa43g.000,train,-4.3411264,3.3727045
AlEqtGWa43g.005,train,-2.2025468,-4.683814
Alox0G4xUfM.000,train,-3.5733962,-1.9469619
AobPtpyKat8.001,train,19.07462,-8.914005
AotbiNsU85A.000,train,-3.2420003,-1.8046685
AotbiNsU85A.001,train,-0.2678747,0.6753653
AotbiNsU85A.002,train,-6.205996,-3.200942
Ap2KC1yKDdA.002,train,-3.9049041,-2.0568283
ApPnsnIZozw.004,train,1.0796458,4.984786
ApPnsnIZozw.005,train,-2.2135444,-1.7633305
ArMkA9R1QxY.000,train,-5.610635,-1.6732079
ArMkA9R1QxY.002,train,-4.508776,-1.7739376
Arsrkqma4i4.000,train,-9.681969,3.6300209
Arsrkqma4i4.001,train,-7.6844707,4.7471595
As93GgkTdt4.001,train,-1.6728476,-4.141011
As93GgkTdt4.003,train,3.0132546,-3.1497233
As93GgkTdt4.004,train,-1.6509218,3.050143
AuaQ0rtedRk.001,train,-0.16416577,3.2996
AvuGsnkWjt8.001,train,-3.7623703,7.2942367
AvuGsnkWjt8.002,train,-7.682912,1.7973934
AvuWv3LLmrA.003,train,10.180457,17.882057
AvuWv3LLmrA.005,train,3.7345433,7.7026463
AwNVGShHjvw.000,train,9.092044,-7.0107493
AwNVGShHjvw.001,train,9.115887,-5.207319
AwNVGShHjvw.002,train,15.264433,-6.215686
AwNVGShHjvw.004,train,6.7279835,-6.8326964
Ay7bZ7Sgx9Q.001,train,-6.397683,0.47009018
Ay7bZ7Sgx9Q.003,train,-2.7596579,0.09055718
Ay7bZ7Sgx9Q.004,train,-5.8803506,-0.6906537
B-OJ_xZILLg.001,train,-7.7389674,3.09209
B-OJ_xZILLg.003,train,-2.932394,13.997076
B1efbNxLPe8.005,train,-7.737683,0.039672684
B2q0gbLVeck.000,train,-6.0082374,0.27568388
B3VQeeev0r0.001,train,24.584267,-5.013004
B3VQeeev0r0.002,train,21.06586,-5.5360017
B3zFJhrmqwg.001,train,4.0773096,-0.90240765
B3zFJhrmqwg.002,train,0.18987688,0.39246428
B4ducm9sydg.000,train,1.127539,3.144953
B4ducm9sydg.001,train,2.108112,5.712857
B4ducm9sydg.002,train,-3.170403,0.9868758
B4ducm9sydg.003,train,-0.90841585,-1.3293188
B4ducm9sydg.005,train,-1.2937506,-1.5457033
B77ZCcCMrkM.004,train,3.7902288,-4.5782933
B77ZCcCMrkM.005,train,-0.788188,-3.8742905
B8kzwm6ZaUo.000,train,22.068213,-9.225434
B8kzwm6ZaUo.001,train,10.965346,-5.095791
B8kzwm6ZaUo.002,train,11.842239,0.50202876
B9NSU6gQdRw.005,train,2.3489068,-4.426998
BA5qWO9eU2Y.000,train,-7.901035,-2.8864295
BBSB9OJdb0Q.001,train,-5.40214,4.3640294
BBSB9OJdb0Q.002,train,-7.010734,3.0952926
BCPoSirpmEw.005,train,3.229588,-6.8992825
BJpWi1qGp1A.000,train,2.1929977,-1.6590027
BJpWi1qGp1A.004,train,2.2970872,-5.1179934
BLKXsX7-WIg.000,train,-9.023678,1.5923615
BLKXsX7-WIg.001,train,-11.539325,2.0653121
BLKXsX7-WIg.003,train,-10.660646,0.67405343
BLc_GvsbI1U.000,train,-10.774899,-1.156139
BLc_GvsbI1U.003,train,-9.932802,2.3073535
BLeDNfK2quI.000,train,-5.011311,1.5006899
BLeDNfK2quI.001,train,-5.026121,3.3787856
BLeDNfK2quI.002,train,-9.72411,0.9950329
BLeDNfK2quI.003,train,-3.1690545,0.25559765
BLeDNfK2quI.004,train,-4.600894,1.6564527
BLeDNfK2quI.005,train,-8.006441,2.5905468
BLwgxAWf7cg.003,train,11.810434,18.15694
BLwgxAWf7cg.004,train,2.993611,0.52198064
BONQpwyg9KQ.000,train,-1.9090925,3.8898575
BOOMkDl8JwA.005,train,3.4409058,-0.88111037
BPUFqFLZgZU.005,train,-2.7334495,-6.714975
BQ9i8qkXiVQ.000,train,-0.9292768,1.6064359
BS0wgLXqFgc.001,train,-9.94829,6.3295712
BS0wgLXqFgc.003,train,-9.280504,3.0508811
BS0wgLXqFgc.005,train,-12.286934,5.5410366
BSkTPW_Qsio.001,train,-5.5083117,-2.2286277
BStHNKV820Q.001,train,-1.2120597,13.487326
BStHNKV820Q.003,train,-11.358909,3.5211866
BWAEpai6FK0.002,train,2.119573,-5.225103
BWAEpai6FK0.003,train,3.7135699,-2.8543022
BZ3FEf_KKso.000,train,11.869655,-8.756739
BZ3FEf_KKso.001,train,6.2463336,-5.4249883
BeyIfaH64xY.000,train,-4.046092,1.0847999
BeyIfaH64xY.001,train,-4.7799535,-0.9410998
BeyIfaH64xY.003,train,-6.130255,0.73996997
BeyIfaH64xY.004,train,-8.212218,2.1044447
BgfYyUAoNPs.000,train,0.52781147,-6.110765
Bi3XVSF4rac.000,train,-11.364666,0.47879082
Bije9nsMl7M.000,train,-8.508251,1.0933627
Bije9nsMl7M.003,train,-7.42027,1.4166297
Bije9nsMl7M.004,train,-9.591059,2.2111187
Bije9nsMl7M.005,train,-6.9978137,1.734079
BjQ95T-Dw1U.000,train,-1.3158103,6.2471094
BjQ95T-Dw1U.002,train,2.020451,10.806819
BjQ95T-Dw1U.003,train,-1.6762717,-2.109419
BjQ95T-Dw1U.004,train,-4.296893,1.007949
BjQ95T-Dw1U.005,train,-3.2944431,-3.552757
BjzSIV3dutk.000,train,5.2189503,-7.1741843
Bk9Hxn7Drxw.003,train,-6.5031233,1.2558053
Bk9Hxn7Drxw.004,train,-6.97735,5.460832
BkDdtxDPjJA.001,train,5.6483893,9.227896
BlvmREgt2C0.002,train,-4.643611,-5.778586
BlvmREgt2C0.005,train,-1.1613091,-0.18264836
BmDClgdWlH4.000,train,-7.5189996,-0.6449891
BmDClgdWlH4.002,train,-9.1132,-1.8652512
BmDClgdWlH4.004,train,-7.8609986,-2.84707
Bo-mrL28d8M.002,train,8.801265,-0.45016453
Bo-mrL28d8M.003,train,10.107923,-0.72867125
Bo-mrL28d8M.004,train,1.795488,1.1726055
BpcQ9THDtp4.000,train,-0.009643644,-7.772351
Bt5zyk-Xf9Q.000,train,-5.0068607,-0.50394535
BuKzIqR4eBU.001,train,-1.1731666,-4.7863245
BxdFQhBNZys.000,train,-3.365695,-0.55959904
BxdFQhBNZys.004,train,-4.1970024,-0.78523386
Bz3Jx4QL_6Q.001,train,-10.107643,2.8505468
Bz3Jx4QL_6Q.003,train,-9.844539,2.617001
Bz3Jx4QL_6Q.004,train,-10.068878,2.672884
C-48U5oDuvw.003,train,-8.444359,2.393522
C-48U5oDuvw.004,train,-7.9551067,0.15347622
C0UMWrEJ2x0.004,train,-0.5348692,2.229318
C0UMWrEJ2x0.005,train,0.22145748,-2.825599
C0uc-2KrnnQ.001,train,-5.6282573,-4.2492943
C0uc-2KrnnQ.002,train,-6.022995,-3.2898903
C23rns4ZCy8.004,train,24.72503,-15.811694
C2MEPH7x9m0.001,train,16.27218,-3.2110531
C3knX70mzxQ.004,train,-1.0429721,-7.0399942
C3knX70mzxQ.005,train,3.5249875,-7.611413
C5qRszPK9HY.001,train,-7.9861293,0.12921517
C5qRszPK9HY.003,train,-9.337367,1.533172
C8xZ0vhrrFE.000,train,5.573261,13.029764
C8xZ0vhrrFE.002,train,1.2435406,2.200442
C8xZ0vhrrFE.003,train,5.344036,12.802531
C8xZ0vhrrFE.005,train,1.3125242,10.50508
CCe1J5grs8U.005,train,0.9380147,-8.6224
CDTo7WVyf5s.001,train,-1.2025306,-6.757094
CESTtNvDpww.003,train,-4.8280597,-4.546459
CFK8ib0aWe8.000,train,-1.4016154,4.6120586
CFK8ib0aWe8.001,train,-1.5259366,3.89207
CFK8ib0aWe8.003,train,-2.106126,4.164941
CFk4v2Kd5Ns.002,train,5.284018,-4.0388713
CFk4v2Kd5Ns.005,train,8.586216,-4.6291494
CGfr9jl8w4Y.001,train,-6.0925794,-0.43697917
CGfr9jl8w4Y.004,train,-4.5512133,-0.781504
CGfr9jl8w4Y.005,train,-5.3566937,-0.23398663
CHkKv9TXm0g.000,train,-1.1819098,14.121343
CJT7z9PaU68.004,train,-7.03421,3.876153
CJhP12Gi8sg.002,train,-3.4868693,0.12344608
CJjNcuBLjMM.001,train,3.026654,8.0292845
CLGJCzz6tIU.001,train,0.72325426,2.6560514
CO7vZjYF6Zk.000,train,14.482929,-11.245686
CO7vZjYF6Zk.001,train,8.060772,-11.385526
CO7vZjYF6Zk.002,train,13.303009,-11.181997
CPtaCNonKlE.000,train,-7.525868,1.5681374
CPtaCNonKlE.002,train,-2.054361,2.237517
CPtaCNonKlE.003,train,-7.477831,1.062029
CPtaCNonKlE.004,train,-4.8174086,1.5168669
CQMH9Qguuao.000,train,-4.7347317,-1.1751342
CQMH9Qguuao.003,train,-2.5131176,3.0817585
CQMH9Qguuao.004,train,-7.33354,0.75184005
CQMH9Qguuao.005,train,-3.1608193,4.3493366
CRLsCyMfskE.000,train,-1.6695719,-2.9025517
CRLsCyMfskE.001,train,0.7088617,-3.711778
CRLsCyMfskE.002,train,2.883809,5.3590703
CRLsCyMfskE.003,train,-0.4188349,-2.3242571
CRLsCyMfskE.004,train,1.274388,-1.9976108
CTWMisL_HlI.000,train,16.661444,-9.582503
CTWMisL_HlI.003,train,5.6591444,-7.607706
CTWMisL_HlI.004,train,7.601394,-10.481271
CTWMisL_HlI.005,train,15.865941,-4.5517755
CUiG7UZ9A3k.002,train,-5.4398036,-1.6669346
CUiG7UZ9A3k.005,train,-4.7217216,1.6562027
CV930dFsubs.000,train,9.850645,-1.1135337
CV930dFsubs.002,train,13.370987,-3.2190783
CV930dFsubs.003,train,5.3134093,-3.867138
C_NtwmmF2Ys.000,train,31.890665,-3.563985
C_NtwmmF2Ys.002,train,33.741737,-14.812693
C_NtwmmF2Ys.003,train,46.83066,-14.401263
C_NtwmmF2Ys.004,train,28.967117,-6.7709284
CbNAOLHByZQ.004,train,11.990897,-8.976298
CcVuoHZqp6k.004,train,12.043205,-4.5319395
CdUYBux3Vn8.000,train,-2.488139,1.174142
CdUYBux3Vn8.002,train,-1.4862034,2.2249746
CdUYBux3Vn8.005,train,2.3409765,-3.6180234
CdY1ZLrWTtg.000,train,-1.2778387,4.9910975
CdY1ZLrWTtg.002,train,0.24092391,6.375575
Cdh_OCMZ4U8.000,train,-7.8956423,1.098801
CfNbSToI21k.004,train,0.90068895,-5.260937
CfNbSToI21k.005,train,3.2461,-8.977242
Cl5jhuLQ9Dg.001,train,-2.0802188,6.7234516
Cl5jhuLQ9Dg.002,train,-8.349103,0.540871
Cl5jhuLQ9Dg.003,train,-4.3508,0.6689648
Cl5jhuLQ9Dg.004,train,-3.8786242,5.388278
Cl5jhuLQ9Dg.005,train,-3.1400301,2.2657845
Cl7vQ9QR0es.000,train,-5.607976,-2.0344117
Cl7vQ9QR0es.001,train,-6.624561,6.7480845
Cl7vQ9QR0es.002,train,-8.843822,2.0807252
Cl7vQ9QR0es.003,train,-8.163429,2.4357271
Cl7vQ9QR0es.004,train,-8.250444,3.4300802
Cl7vQ9QR0es.005,train,-9.820074,1.7267897
Cng72emlXAM.004,train,-2.0556374,-3.6472235
Cng72emlXAM.005,train,-1.8479068,-5.1514926
CpmR-91GxmY.000,train,-4.765236,-3.386209
CpmR-91GxmY.002,train,-0.5672605,-7.117107
CpmR-91GxmY.004,train,-1.697464,-4.2749705
CpmR-91GxmY.005,train,-1.5453504,-0.43706214
CqQavmWSLrI.000,train,-1.0398021,-3.707661
CqQavmWSLrI.001,train,-3.3061862,1.0506707
CqQavmWSLrI.002,train,-4.616266,1.1805302
CqQavmWSLrI.003,train,1.3221623,13.002801
CqQavmWSLrI.004,train,-2.5718584,1.3294361
CqQavmWSLrI.005,train,-3.7338812,-0.2091887
CuGuiOZ48Ig.000,train,10.587953,-1.5699782
CuGuiOZ48Ig.001,train,-1.3815143,-1.4304823
CuGuiOZ48Ig.002,train,2.9393938,-0.20049806
CuGuiOZ48Ig.004,train,6.1965194,2.2238514
CuGuiOZ48Ig.005,train,-4.3808327,1.5615865
Cvuu76B-bxA.000,train,-8.817845,1.0039163
Cvuu76B-bxA.001,train,-9.9507885,2.9838796
Cvuu76B-bxA.002,train,-9.894493,0.7874464
Cvuu76B-bxA.003,train,-11.194629,0.64562386
Cvuu76B-bxA.005,train,-10.442888,0.70573235
CwFH8J7smjE.005,train,0.26173782,-2.8596349
CwYNQlRTvPc.000,train,4.942714,-7.883937
CwmjP27fivQ.005,train,-3.6595414,-2.559508
CyzKot0CNyU.000,train,9.172022,2.3233678
D0dE-lErszk.002,train,-6.2523003,1.579904
D3AomvNhR1k.003,train,-4.445917,0.9841645
D4TU65xbF4g.000,train,-1.4603556,0.26098013
D4TU65xbF4g.001,train,-3.5205765,3.388628
D4TU65xbF4g.002,train,-3.5340364,-0.30913666
D4TU65xbF4g.005,train,-4.2274294,3.3649588
D4hPHPp1W-Q.000,train,10.403709,-10.150295
D4hPHPp1W-Q.004,train,10.528482,-10.484483
D4hPHPp1W-Q.005,train,11.062017,-11.110179
DCROfrHI1MU.000,train,-8.388325,5.197701
DCROfrHI1MU.001,train,-5.196544,0.47893766
DChmTb-c9uM.001,train,0.976785,-6.760369
DChmTb-c9uM.004,train,6.176462,-2.8506916
DChmTb-c9uM.005,train,8.566641,-11.364561
DGCGeNlA-Ww.005,train,6.5944195,-2.9236438
DLds0WJpIQg.001,train,14.563296,8.537481
DLuwObrDhtc.000,train,5.2635894,16.379623
DLuwObrDhtc.001,train,8.843654,20.802652
DLuwObrDhtc.002,train,1.7898402,8.188185
DQORBD8hINs.005,train,-2.6663463,-2.872484
DTZeyoKUPx4.000,train,33.752075,22.123968
DTZeyoKUPx4.001,train,7.975123,2.6199167
DTZeyoKUPx4.002,train,16.587322,13.883236
DTZeyoKUPx4.003,train,5.99246,-2.1015098
DTZeyoKUPx4.004,train,8.6517725,3.8190012
DTZeyoKUPx4.005,train,29.852589,30.504757
DVh_7dO2cWY.000,train,-0.6712816,0.60512406
DVh_7dO2cWY.003,train,-1.7706075,-6.4563446
DVh_7dO2cWY.004,train,3.2393599,-8.505897
DVh_7dO2cWY.005,train,1.8211219,3.1454554
DWVJXufR7gE.000,train,-5.1853795,-0.61733043
DWVJXufR7gE.001,train,-0.8500175,-2.2789233
DXYRJ8PReoE.000,train,-10.9734125,2.5685341
DXYRJ8PReoE.002,train,-10.981521,3.3243072
DXw4lVoiiWY.000,train,-3.0115602,8.1054945
DXw4lVoiiWY.001,train,-5.9105973,12.034315
DXw4lVoiiWY.002,train,-8.363942,2.0600295
DXw4lVoiiWY.003,train,-7.9393277,2.281156
DXw4lVoiiWY.004,train,-7.229128,-0.31044504
DXw4lVoiiWY.005,train,-8.360445,4.5323515
DZfcVxy2ceI.000,train,10.070565,2.370203
D_FGBb-1B1o.001,train,-7.6214275,0.95133173
D_FGBb-1B1o.002,train,-4.166271,-1.999705
D_FGBb-1B1o.003,train,-5.5929217,-2.951396
DbNFwVi_61Q.000,train,2.9421551,-5.1773767
DctPau1p7JM.001,train,-2.1421845,10.206767
DctPau1p7JM.002,train,-2.0420923,4.2671604
De4i7-FX9Og.001,train,-5.456347,-1.2127542
De4i7-FX9Og.004,train,1.8334947,-6.1318564
DefePa0_6Sg.001,train,0.22355829,2.5749326
DefePa0_6Sg.002,train,2.3015914,9.63365
DefePa0_6Sg.005,train,13.124263,10.808552
DegRGUG4Wi0.001,train,0.48117074,-2.846593
DegRGUG4Wi0.002,train,10.624964,-3.2973568
DegRGUG4Wi0.003,train,1.1755389,-2.5851927
DfpKVl9Zpdg.003,train,14.22394,32.695698
DfpKVl9Zpdg.004,train,0.91419137,13.696186
Dgo98-sCd1w.002,train,-9.9400625,2.4227338
Dhbva5oGE7g.000,train,-7.533233,0.41559973
Dhbva5oGE7g.003,train,-6.824306,-1.7690668
DhqfB9chceo.001,train,27.487865,-10.132608
DhqfB9chceo.003,train,8.587375,-6.1137085
DiaibIBisuM.001,train,-4.7741685,0.28627267
DiaibIBisuM.002,train,-5.0462337,-0.63524175
DiaibIBisuM.003,train,-4.222196,0.92498505
DiaibIBisuM.004,train,-3.268859,-1.0362923
DiaibIBisuM.005,train,-5.596736,-2.6463888
DnTtbAR_Qyw.000,train,-6.588608,-0.7274237
DnTtbAR_Qyw.002,train,-5.29013,-0.9302068
DnTtbAR_Qyw.004,train,-6.0058174,-1.7303886
DnTtbAR_Qyw.005,train,-6.6927423,1.8644192
DogbMnh5k0o.002,train,2.3785846,-7.3488154
Dq7Uep06KOQ.001,train,4.7404013,-2.6484861
Dq7Uep06KOQ.005,train,8.265412,-3.3458571
DqA3j7juNs4.000,train,-0.39466846,3.2522073
DvWzedL3QCk.004,train,4.082276,-10.431973
DvmzcQI5cnM.000,train,-3.65631,5.459535
DvmzcQI5cnM.001,train,-4.5535274,1.9985919
DvmzcQI5cnM.003,train,-5.1452603,0.6810152
DvmzcQI5cnM.004,train,-4.3944287,1.0680758
DvmzcQI5cnM.005,train,-0.6337209,15.516943
DxATjKPysfs.000,train,-9.115621,1.3190284
DxATjKPysfs.003,train,-11.500943,1.5738928
DyZlhseSuec.002,train,-3.4693472,5.8793173
DyZlhseSuec.003,train,-9.758045,5.862853
DyZlhseSuec.004,train,-8.277796,0.3592086
DzqJmiQjsZ4.000,train,-2.5481272,-0.55656576
DzqJmiQjsZ4.002,train,-1.3830277,1.3467358
DzqJmiQjsZ4.004,train,-6.503774,0.77084625
DzqJmiQjsZ4.005,train,-5.3199644,0.39927155
E3z1D7CKoOA.000,train,6.2464156,7.544023
E3z1D7CKoOA.001,train,-1.7392218,0.60706234
E3z1D7CKoOA.002,train,0.44391626,0.40648338
E3z1D7CKoOA.003,train,-3.017852,1.2318316
E3z1D7CKoOA.005,train,31.269714,62.56054
E6OBPHKkm6U.002,train,-2.1827936,4.0488644
E6rptSS3kP4.000,train,4.0902867,-10.59558
EA8BEYAZqAA.000,train,-2.7353039,-6.8753138
EA8BEYAZqAA.001,train,-3.5163274,-5.685268
EA8BEYAZqAA.004,train,-0.7485063,-7.0251203
EAMHqNxa9yY.001,train,14.681989,10.4967785
EAnvsNi8O-M.001,train,1.3354063,-1.0418435
EAnvsNi8O-M.002,train,4.282635,-4.097088
EDXQLrsZctw.000,train,-4.0744333,5.4737296
EDshSjcCsoY.001,train,-4.8503666,-1.2476336
EDshSjcCsoY.002,train,-2.4676893,-0.13384172
EHPZNxP5mN8.000,train,-7.47552,1.3518307
EL1Q7x_1a74.000,train,-1.7032645,15.0465355
EL1Q7x_1a74.001,train,-9.473642,2.4542708
EL1Q7x_1a74.002,train,-9.582422,2.119036
EL1Q7x_1a74.005,train,-7.2968206,4.925131
ELvGOVb8L5I.000,train,-5.8182325,-0.31100595
EMNcIRgaDMg.000,train,0.77396506,0.038016748
EMNcIRgaDMg.004,train,2.5531616,-1.2927264
EMqrrHHbP3s.000,train,7.733977,6.374984
EMqrrHHbP3s.001,train,-0.7484736,-4.6346407
EMqrrHHbP3s.002,train,11.167914,0.59360904
EP0sdDWooSw.001,train,0.4757142,-5.2300663
EP2rMX4AQis.000,train,-7.407144,2.6677685
EX3i4IMY1Pw.002,train,-4.2273784,-5.8271236
EYbPGTIcnjs.000,train,15.7091255,-14.523881
EYbPGTIcnjs.003,train,11.149814,-13.5955925
EYbPGTIcnjs.005,train,18.44173,-11.704757
E_xAcdGpPCI.001,train,-7.2186875,0.25216195
E_xAcdGpPCI.004,train,-7.2301674,0.72677344
E_xAcdGpPCI.005,train,-7.5316544,0.013336864
Ea0UKBPCm3Q.001,train,6.4489956,7.0386276
EaBCJB8LXdI.001,train,-6.8140993,-2.4977868
EaBCJB8LXdI.002,train,-6.79137,-4.4223814
EaBCJB8LXdI.004,train,-8.40648,-3.8491054
EaBCJB8LXdI.005,train,-7.540492,-3.991775
Eb-2m44jTEs.000,train,-7.178192,3.1841238
Eb-2m44jTEs.004,train,-7.5938125,3.0284913
EcOC7ZVRSg4.001,train,-0.9643547,-0.5269582
EcOC7ZVRSg4.002,train,-2.7124095,9.634351
EcOC7ZVRSg4.003,train,-0.8245833,2.7382383
EcOC7ZVRSg4.004,train,-1.3986579,0.18428421
EeI8iXLDfc0.001,train,13.349699,4.7995243
EeI8iXLDfc0.002,train,20.317045,19.784348
EeI8iXLDfc0.005,train,17.195597,10.05863
EelHLfeSJfM.002,train,-7.321877,5.4036765
EelHLfeSJfM.004,train,-1.3274376,23.897787
EfQUV-C-YrU.002,train,-1.6609453,1.1283941
EffEoI1l1zE.000,train,18.315638,4.1429057
EffEoI1l1zE.001,train,20.950174,9.393454
EffEoI1l1zE.002,train,19.887342,3.3002682
Egogv6acOd0.001,train,6.272689,17.56711
Egogv6acOd0.002,train,-3.4063175,-0.058479063
Egogv6acOd0.003,train,-3.174956,0.51267
Egogv6acOd0.004,train,-6.1311665,4.218048
EgolOPjkkg8.000,train,-5.0462418,-1.6525251
EgolOPjkkg8.001,train,-0.8603582,4.58898
EgolOPjkkg8.004,train,-1.3396789,1.4538281
EgolOPjkkg8.005,train,-3.2079089,-3.2974362
Eh7WRYXVh9M.000,train,13.392069,31.375734
Eh7WRYXVh9M.005,train,3.0014234,10.109114
EiXQ9RErt6c.002,train,-9.060974,4.026482
EiXQ9RErt6c.003,train,-6.248549,3.377621
EiXQ9RErt6c.005,train,-3.069838,9.387216
EjhDyc8Oc6k.000,train,8.470028,-5.692002
EjhDyc8Oc6k.001,train,10.850207,-10.583719
EjhDyc8Oc6k.003,train,10.17336,-10.148885
EjhDyc8Oc6k.004,train,17.117517,-3.229257
EknEAPhAjdA.000,train,-1.0086045,4.1166553
EknEAPhAjdA.001,train,4.966645,6.325371
EknEAPhAjdA.002,train,-1.5046544,1.8036231
EknEAPhAjdA.003,train,-3.7301373,5.6045094
EknEAPhAjdA.004,train,-5.569653,2.9413412
EmGTj1DRMbo.000,train,-0.034503516,-2.621403
EmGTj1DRMbo.003,train,0.4997258,-2.8926415
EmGTj1DRMbo.004,train,-3.1037972,-2.5946944
En4aK_1gmlY.000,train,4.060887,12.655947
EqTB9rAC-tA.000,train,10.810443,0.9614549
Etfh8X-ECtY.000,train,2.4688315,0.45993
Etfh8X-ECtY.001,train,-2.3396518,-0.55976075
Etfh8X-ECtY.002,train,9.121905,-2.5570483
Etfh8X-ECtY.003,train,0.7652743,-0.58950365
Etfh8X-ECtY.004,train,-4.7501144,-2.5549207
Etw3iulV5Eg.001,train,13.83136,-6.9555817
Etw3iulV5Eg.003,train,1.5164615,-4.384808
EvZ0esZgPK4.001,train,-4.7038145,-0.20997034
EwMMNKLjO9w.000,train,19.233812,15.543018
EwMMNKLjO9w.001,train,9.564545,2.7023847
EwMMNKLjO9w.002,train,-3.8189213,5.2345066
EyX8QI5nPTY.001,train,2.85273,-8.94473
F-Dy1EFm_Mw.005,train,-5.872839,-2.1615741
F0VbEO_0Ybc.000,train,-3.8616817,0.5911197
F0VbEO_0Ybc.001,train,-11.071599,4.1395807
F0VbEO_0Ybc.002,train,-7.6676016,0.368643
F0VbEO_0Ybc.003,train,2.3697712,2.904819
F0VbEO_0Ybc.005,train,-5.6033177,1.5327138
F0_EI_X5JVk.001,train,10.087937,5.665985
F0_EI_X5JVk.002,train,-4.0935836,-1.133985
F0_EI_X5JVk.003,train,-0.22836241,-4.6903057
F0_EI_X5JVk.004,train,0.99135494,-3.0264084
F0_EI_X5JVk.005,train,0.75457007,-3.5931344
F0kidNe_RSo.001,train,15.46944,-8.704438
F0kidNe_RSo.002,train,10.637531,-8.853725
F1lAPYh4t3U.000,train,-3.562342,-4.2981114
F1lAPYh4t3U.004,train,-1.4553498,-4.228834
F4UeAogUMMs.000,train,-3.293958,8.472585
F4UeAogUMMs.001,train,-7.7308764,-0.43017986
F4UeAogUMMs.002,train,-7.0412493,6.1796746
F4UeAogUMMs.003,train,-4.68155,11.3397
F4UeAogUMMs.004,train,-3.0501769,7.649207
F4UeAogUMMs.005,train,-6.709036,1.665534
F4yC1_n6ApY.002,train,0.08352284,-4.0283713
F5iykLTSCJc.000,train,11.480383,6.5928807
F5kL7RWS_f0.000,train,-11.105315,-0.8560597
F5kL7RWS_f0.003,train,-7.64723,-2.0971403
F5kL7RWS_f0.004,train,-8.528025,2.7189
F9mZ6De_6Ko.004,train,-2.6257782,-5.027567
F9mZ6De_6Ko.005,train,4.4299054,-12.658876
FGkS4vJYOpM.002,train,-2.733153,5.4165907
FGkS4vJYOpM.004,train,-2.5143905,15.781087
FJPqNQPXp5c.005,train,1.6332425,-10.386172
FM5UaJS-bhg.000,train,-7.220844,6.512579
FM5UaJS-bhg.001,train,-11.88047,2.2791939
FM5UaJS-bhg.002,train,-8.75875,7.030605
FM5UaJS-bhg.004,train,-11.93869,4.710623
FM5UaJS-bhg.005,train,-12.654661,3.5952423
FNHMXPaHll0.004,train,-1.5892518,-4.159649
FPfgwGsy8dE.004,train,-12.05965,2.6405761
FQMmM3TL5rE.001,train,-4.2773423,0.9510418
FQMmM3TL5rE.003,train,-5.3299813,-0.25344777
FQMmM3TL5rE.004,train,-5.309515,-1.8503722
FSBBbxNi0iU.004,train,-3.056844,-4.407066
FSBBbxNi0iU.005,train,-6.723713,-3.0327113
FU1ak530DDo.001,train,14.213895,-7.2726116
FU1ak530DDo.003,train,1.3113123,-4.55367
FZYN9ZFngFM.001,train,-7.8133087,1.5065621
FaBTYkzhuK4.000,train,-4.4927797,1.2793132
FaBTYkzhuK4.001,train,-5.9358535,0.8219717
FaBTYkzhuK4.005,train,1.9187342,9.949224
FcR9VhCxBb0.002,train,-1.4876618,-4.020063
FcR9VhCxBb0.004,train,-2.2694707,-5.226066
Fco1CMgOadI.002,train,20.407518,-11.129144
Fco1CMgOadI.003,train,2.4455988,-6.657871
Fco1CMgOadI.005,train,18.645851,-10.242677
Fe9_SVPd_5I.004,train,-7.7564573,0.827173
Fe9_SVPd_5I.005,train,-7.7022543,0.51406467
Ff0WqsFl-1s.005,train,-0.9831564,-5.614238
Fgq5I4bkq2s.001,train,-10.237089,3.715084
FhCOvzMrNs8.000,train,-2.2335527,-0.5247441
Fi1ILrwQpSY.001,train,-7.617535,-1.308971
Fi1ILrwQpSY.002,train,-6.5981417,-2.8749368
Fi1ILrwQpSY.003,train,-6.562574,1.2468654
Fi1ILrwQpSY.005,train,-9.566128,-0.41326955
FksSYDfLH04.002,train,5.0329223,-5.15615
FkuwzJcoRVI.000,train,-1.1879876,-0.6525402
FkuwzJcoRVI.001,train,1.9806387,9.017553
FkuwzJcoRVI.003,train,2.8753088,6.941897
FkuwzJcoRVI.004,train,8.400813,-1.0774759
FkuwzJcoRVI.005,train,8.529793,12.717683
FkzVX7SQ9wE.001,train,-1.7702074,-1.3958673
FkzVX7SQ9wE.002,train,-4.28985,-0.1487847
FkzVX7SQ9wE.004,train,1.1461943,1.5267876
FlAGm93fJa0.000,train,-6.6847024,1.0019406
FlAGm93fJa0.004,train,-10.222371,-0.41215748
FoWuHvikyqU.001,train,5.685698,-5.7423077
FoWuHvikyqU.003,train,4.5337467,-4.423467
FoWuHvikyqU.004,train,9.978391,1.5554657
FogaU_yB9aY.001,train,-5.334903,-3.834276
FrOxqNe6sAU.000,train,-13.159678,1.7996992
Ft0ahViXZPc.001,train,-4.3774905,0.5946505
Ft0ahViXZPc.003,train,-9.670628,-0.611898
FvjIziLzffo.002,train,-3.7694654,-5.241042
FvjIziLzffo.003,train,1.9023262,-5.0310006
FvjIziLzffo.004,train,-1.5784879,-4.860771
FwjoTGcsFNg.000,train,1.3212392,-3.0711179
FwjoTGcsFNg.001,train,5.8454123,-3.2901263
FwjoTGcsFNg.002,train,0.08680689,-3.8102398
FwjoTGcsFNg.003,train,0.038134906,-3.918552
FxVUG2R1y0Q.000,train,-0.7657815,-6.316049
FxVUG2R1y0Q.001,train,0.3194137,-6.4248657
FxVUG2R1y0Q.004,train,-3.7899654,-7.469795
Fz1BcPpjNXY.001,train,-9.689517,1.9304633
G-25EWOIGNs.000,train,-3.6252067,-4.4736485
G-25EWOIGNs.001,train,-2.1792383,-5.3183255
G-25EWOIGNs.002,train,-4.7646155,-4.747247
G-25EWOIGNs.004,train,-1.5039873,-4.8902593
G-25EWOIGNs.005,train,-3.5069244,-3.073214
G2D3qU6R_YA.001,train,-0.923596,-4.6540465
G2D3qU6R_YA.002,train,-1.7996713,3.3822227
G2D3qU6R_YA.004,train,-0.98522216,0.44533363
G7QTNbKbu_4.003,train,-3.413959,-0.19790363
G7QTNbKbu_4.005,train,-1.2688078,0.9120423
G7hYffrZ1Hc.004,train,-5.427218,-1.2072705
G7hYffrZ1Hc.005,train,-2.1988099,3.4911077
GCkOL2jLSQA.000,train,-9.601085,2.8492064
GCkOL2jLSQA.001,train,-9.892529,2.7756894
GCkOL2jLSQA.002,train,-9.726322,5.722254
GCkOL2jLSQA.005,train,-9.016314,4.278415
GG9WPQLI_rg.000,train,-7.0315857,-0.18388951
GG9WPQLI_rg.004,train,-11.420036,3.1257422
GG9WPQLI_rg.005,train,1.7226797,11.436018
GGiKj4OC2Jk.001,train,-2.2955549,-6.558298
GHetseJP358.001,train,13.746059,-5.925744
GHetseJP358.004,train,9.867922,-6.755057
GMwEmLo-gfc.000,train,-5.275657,-3.6403048
GMwEmLo-gfc.002,train,-2.4821248,-1.1426842
GMwEmLo-gfc.003,train,-4.6404233,-2.1638303
GMwEmLo-gfc.004,train,-7.2905164,-3.3050325
GO6s-qDADuU.004,train,-3.3305452,-5.0646086
GQczMGrVgbc.000,train,-5.070826,-1.049649
GQczMGrVgbc.001,train,-5.4366736,-2.4596517
GQczMGrVgbc.002,train,-6.3608255,-0.06299742
GR-P1m_Yvm0.000,train,-3.6834202,1.3668878
GR-P1m_Yvm0.005,train,-3.9220304,0.8705127
GRXPm8mmidw.000,train,-2.5512135,-1.1410563
GS7cBLgZKgk.000,train,-5.6230273,6.7727647
GS7cBLgZKgk.001,train,-5.6163588,3.2447004
GS7cBLgZKgk.002,train,-1.4545487,10.5793705
GS7cBLgZKgk.003,train,-2.788301,10.264093
GS7cBLgZKgk.004,train,-5.2787476,3.8077114
GTmHSF6vNWc.001,train,-0.87438816,-4.2674184
GTmHSF6vNWc.002,train,-0.9427677,-8.24663
GTmHSF6vNWc.003,train,-3.225075,-6.3795495
GTmHSF6vNWc.005,train,-1.1526129,-6.9074316
GUxm9AWVpOI.000,train,12.876685,-3.0861535
GUxm9AWVpOI.003,train,12.722408,-0.09060712
GWOtluILlk4.002,train,-8.458367,0.8574426
GWOtluILlk4.003,train,-7.0933123,10.565579
GWOtluILlk4.005,train,-10.300998,-0.6730071
GYku69XEoxc.002,train,3.1356788,-5.301659
GYku69XEoxc.004,train,2.1661794,-4.834697
G_VQne_BXWE.002,train,-5.578755,-3.9140873
GaUs3UUUtmw.001,train,2.9113991,-4.0757723
Gd08FYfFRtk.000,train,-2.1460998,-3.5472212
Gd08FYfFRtk.001,train,-6.0883503,-0.4387005
Gd08FYfFRtk.004,train,-1.6186004,-5.2765
Gd08FYfFRtk.005,train,-3.5712714,-3.5321784
Gdrgw7Z6tLg.002,train,-3.7024093,6.739074
Gdrgw7Z6tLg.003,train,-8.122935,3.7567081
Gdv79afXNKE.003,train,0.9717344,-10.1119175
Gdv79afXNKE.005,train,-0.46071786,-9.087486
Gg4OMtVe7lk.000,train,1.5294167,-6.477555
Gg4OMtVe7lk.001,train,3.0042672,-6.762776
Gg4OMtVe7lk.002,train,2.389571,-5.184519
Gk94xrcmFts.000,train,-3.661065,16.33992
Gk94xrcmFts.002,train,-4.940079,17.6278
Gk94xrcmFts.003,train,-8.581368,8.245234
Gk94xrcmFts.004,train,-3.3048744,4.6124377
Gk94xrcmFts.005,train,8.349084,35.72253
GkA0RCMSWF4.000,train,-6.774422,-1.4919654
GkPz3-y6Les.001,train,-7.8613057,3.348768
Gl93Hw1A2kY.002,train,8.675896,-1.7981385
Gl93Hw1A2kY.003,train,20.030003,-0.9502796
Gl93Hw1A2kY.005,train,16.641346,0.23983096
GocSYjCaMlA.005,train,15.504636,-11.544121
Gomd4Y8-D2Q.005,train,8.770803,-9.216827
GquB5W7bzFo.003,train,3.1174893,-4.9333873
Gs-AdRcYSPo.000,train,-5.142869,-1.0845968
Gs-AdRcYSPo.001,train,-4.4620337,-5.137763
Gs-AdRcYSPo.004,train,-5.9544168,-3.4182367
Gvdh94z-SoM.002,train,-1.6087073,-3.9024441
GwKmjEb3qN0.001,train,-7.733796,1.2500322
GwKmjEb3qN0.002,train,11.620218,42.302853
GwKmjEb3qN0.004,train,-6.3972955,9.269149
GxMxrhiyjO8.005,train,10.578948,-11.324055
GyLjVOVPGKQ.001,train,1.6708202,-6.1209955
GyLjVOVPGKQ.003,train,-2.5678687,-0.18475334
GyLjVOVPGKQ.004,train,1.5779644,-3.0151565
GyLjVOVPGKQ.005,train,0.10472919,-2.3032367
H0_4dZMjUow.001,train,-8.934609,0.91632265
H6s9aFAQP3M.000,train,-8.768856,-2.0461695
H6yu96w7tUc.000,train,-4.146398,1.6428318
H6yu96w7tUc.002,train,-9.365274,2.163787
H6yu96w7tUc.005,train,-8.251212,-0.76565033
H8h4fAGgV18.001,train,-3.4214442,-0.9976544
H8h4fAGgV18.005,train,-3.8143044,-0.12487061
HCkDd0UnUgo.000,train,-4.64695,-0.07455956
HCkDd0UnUgo.002,train,-4.790768,-2.9953182
HCkDd0UnUgo.003,train,-1.097664,-0.21630828
HCkDd0UnUgo.004,train,-2.852132,-3.9842494
HEHMW0uiFa4.000,train,8.723083,-7.02166
HEHMW0uiFa4.002,train,9.1516905,-2.4472184
HH03EXo0TB0.001,train,-9.101548,4.7407007
HH03EXo0TB0.002,train,-8.861825,5.2308726
HH03EXo0TB0.004,train,-8.339598,6.3663263
HH14jGFGuL0.005,train,17.426586,-1.8645071
HJkoeB_F4c4.000,train,5.637244,-5.024802
HJkoeB_F4c4.001,train,1.8850831,-7.7906303
HL-K_PZXFR4.005,train,-6.051328,-1.8815522
HNKnvSmTkC4.001,train,3.7167654,-1.9361187
HNKnvSmTkC4.002,train,10.349764,-2.6396563
HNKnvSmTkC4.005,train,-9.443522,2.0494301
HONL8ha-1BE.000,train,-3.504906,-0.88422054
HONL8ha-1BE.002,train,-5.8826365,-0.6057425
HONL8ha-1BE.003,train,-7.4646707,1.1976564
HONL8ha-1BE.004,train,-6.0329137,3.65239
HONL8ha-1BE.005,train,-9.364112,0.41028073
HP8f3oqJwz0.000,train,-6.7199125,0.07959166
HP8f3oqJwz0.001,train,-6.2175436,3.4950905
HP8f3oqJwz0.002,train,-5.0078425,2.7687728
HP8f3oqJwz0.003,train,-8.607644,0.8956682
HP8f3oqJwz0.005,train,-7.290834,1.2140838
HPEemWelY1E.000,train,-4.555889,-2.7314038
HPEemWelY1E.001,train,2.358154,4.9745374
HPEemWelY1E.002,train,-0.4699929,-0.42056924
HPEemWelY1E.004,train,-2.8839378,-0.9975108
HQZD4j8_FR8.003,train,-6.0937505,0.32199818
HTF8k56_Oxo.001,train,0.55496424,-2.554628
HTF8k56_Oxo.004,train,3.8428836,6.923681
HTF8k56_Oxo.005,train,-1.7217317,-3.1009278
HT_8WpgGqjk.000,train,-7.7297225,0.464532
HT_8WpgGqjk.001,train,-8.567777,-0.06494353
HT_8WpgGqjk.003,train,-7.485004,1.6280036
HT_8WpgGqjk.004,train,-10.049482,7.1175447
HUHFlCs3YJ8.000,train,-2.7315593,-3.5601182
HUHFlCs3YJ8.001,train,-5.280309,-0.07484408
HUHFlCs3YJ8.003,train,3.2296371,-3.0173533
HUHFlCs3YJ8.005,train,-0.3569361,-1.2449247
HUJt0I1UKzo.000,train,3.5036783,-8.186704
HUJt0I1UKzo.001,train,4.399027,-9.058906
HUJt0I1UKzo.002,train,5.3509736,-9.116647
HUJt0I1UKzo.003,train,6.390064,-11.813067
HUxtuDE-YNE.003,train,10.070559,-12.863516
HUxtuDE-YNE.004,train,19.20862,-10.940669
HWuh0biZQ_c.000,train,-4.474227,6.299059
HWuh0biZQ_c.001,train,-6.038134,-1.5081466
HWuh0biZQ_c.002,train,-5.550012,0.89163345
HX-3jJdK7HM.001,train,-6.33545,-3.1810985
HX-3jJdK7HM.004,train,-3.5830219,-4.9268146
HbGeoKBULAA.001,train,-9.887497,2.6908188
HegkSmkiBos.005,train,2.2790864,17.557327
HekcZ0Em60E.000,train,4.055608,2.162625
HekcZ0Em60E.002,train,36.17569,75.81155
HekcZ0Em60E.004,train,2.0332065,4.288342
HekcZ0Em60E.005,train,5.620443,8.590955
HhC2cGFFZeY.000,train,2.5873518,0.89839536
HhC2cGFFZeY.001,train,18.331812,6.836412
HhC2cGFFZeY.005,train,13.456067,0.36985612
HkBs4_vaCcs.000,train,-7.008843,1.881679
Hklc55y7vUI.000,train,0.3290802,-1.2496318
Hklc55y7vUI.005,train,-4.4068117,0.55209804
Hm5K_K0v718.000,train,-8.007808,-1.6532303
Hm5K_K0v718.003,train,-5.791226,-2.2305522
Hm5K_K0v718.004,train,-8.889221,-1.5064324
HoJXPFp9hYo.000,train,-7.7759776,-2.372373
HoJXPFp9hYo.004,train,-6.9179344,-2.9559448
HrddpXxWFns.002,train,-0.010552501,-5.3354707
I01_ubtktEQ.001,train,-2.042438,-2.4770641
I01_ubtktEQ.003,train,5.212617,13.271042
I01_ubtktEQ.004,train,0.7021587,-3.741025
I01_ubtktEQ.005,train,6.0431037,-1.7311742
I53JQFtiQxM.000,train,-5.850162,-0.6645779
I5x9T9ftW18.000,train,-1.6739894,3.972502
I5x9T9ftW18.004,train,6.085148,11.004581
I5x9T9ftW18.005,train,-3.35465,-0.54706293
I8jMoBAMtVA.000,train,-8.14445,-1.579525
I8jMoBAMtVA.005,train,-9.844288,-0.049349464
IBqmyEhgnHM.005,train,2.030809,-0.61120015
IFF47jVKMj8.002,train,-7.5009894,0.6611256
IFF47jVKMj8.003,train,-6.410307,-0.32875273
IFF47jVKMj8.004,train,-9.513969,-0.5641682
IFXaH_E54iA.002,train,1.9426628,-0.7931937
IFXaH_E54iA.004,train,-1.3838996,-4.297251
IFXaH_E54iA.005,train,-4.479397,-4.229617
IHJn3UHXCMs.000,train,15.891633,1.9164765
IHJn3UHXCMs.001,train,-7.9887085,-3.2518535
IHJn3UHXCMs.003,train,-6.8803344,-2.3990874
IHJn3UHXCMs.004,train,11.491834,2.4798782
II2KVV-uLNI.000,train,-0.645579,1.3819942
II2KVV-uLNI.001,train,-0.2674831,1.8725876
II2KVV-uLNI.002,train,1.4468484,2.765836
II2KVV-uLNI.003,train,1.7914553,0.24143448
II2KVV-uLNI.004,train,-4.668865,-0.58881
II2KVV-uLNI.005,train,-1.8982044,0.2907005
IL5VgGakSNw.000,train,-8.907015,0.57564443
IL5VgGakSNw.003,train,-6.5832334,-2.2268307
IL5VgGakSNw.005,train,-8.883106,-0.57367927
IMCEXoAkZv4.000,train,-6.6581907,6.496599
IMCEXoAkZv4.002,train,-9.372086,6.1944823
IMCEXoAkZv4.005,train,-6.77667,6.4148545
IPjl2LdPMn0.000,train,-11.546295,-1.1680595
IPjl2LdPMn0.003,train,-4.3950553,-0.5833013
IPjl2LdPMn0.004,train,-11.089173,0.5423314
IQNNEfYYYiw.005,train,13.205086,-2.7327878
IQdz0Pd-L2Y.001,train,-7.4947696,4.306587
IQdz0Pd-L2Y.003,train,-4.248199,9.006787
IQdz0Pd-L2Y.004,train,-10.860392,3.0682957
IQdz0Pd-L2Y.005,train,-9.395099,5.1727
IV01x2GS61g.000,train,-6.177688,-2.491808
IWAT58l2Chg.001,train,4.1321626,-6.361422
IXVf5VWxOAg.000,train,21.39928,-10.06811
IXVf5VWxOAg.002,train,20.987946,-8.720856
IXVf5VWxOAg.003,train,22.028894,-2.7406507
IXVf5VWxOAg.004,train,13.614736,-3.4502907
IXVf5VWxOAg.005,train,30.275913,-11.463226
I_ncZcYgFjw.000,train,16.003735,-1.8220035
I_ncZcYgFjw.002,train,3.8230364,-4.5467696
Ie2y_yOeKpo.004,train,2.2968526,-0.9818462
IlbODduDCb4.000,train,3.0350711,13.692677
IlbODduDCb4.001,train,11.189794,27.702824
IlbODduDCb4.002,train,-3.2814205,-3.8858106
IlbODduDCb4.003,train,-2.7578433,-2.7431178
IlbODduDCb4.004,train,-2.216049,1.572619
IlbODduDCb4.005,train,-2.3065379,-2.0562444
Iqbg3CwVpXA.004,train,11.11826,-3.0514524
It0-yCwOc5k.000,train,-1.4870496,-1.1588476
It0-yCwOc5k.002,train,-3.9083247,-1.7878014
It0-yCwOc5k.003,train,-2.0421326,1.1001657
ItkIHtgVhIk.000,train,-0.18803096,0.90981764
ItkIHtgVhIk.001,train,-5.5596156,1.1250973
ItkIHtgVhIk.004,train,-3.2316344,0.47844008
IveGfOJ86wY.000,train,0.053769775,1.9511411
IveGfOJ86wY.001,train,5.3225303,-1.1073626
IveGfOJ86wY.002,train,-0.78771776,5.6642756
IveGfOJ86wY.004,train,-3.4181297,-0.6233952
IwfA-squ7Oo.000,train,-0.17690147,-2.8468823
IwfA-squ7Oo.001,train,-0.848338,-2.5440626
IwfA-squ7Oo.002,train,12.881506,10.1947565
IwfA-squ7Oo.004,train,-2.5678377,4.7998996
IwfA-squ7Oo.005,train,-0.26565778,4.502069
IyBCZySg-c4.000,train,-7.4143066,-2.2262847
IyBCZySg-c4.001,train,-4.176895,-1.8337307
IyBCZySg-c4.003,train,-7.5048413,4.373477
IzKWDY_QNTU.000,train,-1.1250517,-0.84172374
IzsP0TRzFbo.002,train,16.425676,1.3217106
J0I8JzMR4IE.005,train,-0.34012327,-7.4336615
J0JrzUmZGcA.001,train,-4.857592,-1.2472991
J0JrzUmZGcA.002,train,-6.5979114,-1.638692
J0JrzUmZGcA.003,train,-3.7048106,-0.2826509
J0JrzUmZGcA.005,train,-7.0820723,-3.8266823
J28DwJsK8Do.000,train,-2.8743129,0.42773175
J28DwJsK8Do.002,train,-4.123428,-1.7593598
J28DwJsK8Do.003,train,-4.5236173,-3.833236
J28DwJsK8Do.004,train,-4.0409613,-2.8337886
J30sMEMrKjA.000,train,-1.658566,-4.5913773
J30sMEMrKjA.001,train,-2.0142398,-4.1950912
J30sMEMrKjA.002,train,0.11814219,-4.579175
J4GQm9j0JZ0.000,train,3.5856013,-5.857193
J4GQm9j0JZ0.001,train,-1.4740121,-4.6096754
J4GQm9j0JZ0.003,train,-0.9629843,-6.877419
J4GQm9j0JZ0.005,train,-0.58803666,-2.9499452
J6RHl6U6Jcw.000,train,-7.4860635,4.950377
J8N2OCqM6N0.001,train,-7.509357,1.9641237
J8YpOUmN_aI.000,train,-8.598039,-0.89097697
J8YpOUmN_aI.001,train,-10.153564,0.64944667
J8YpOUmN_aI.003,train,-9.155031,-0.6127228
J8YpOUmN_aI.005,train,-4.9654856,0.31444752
J9MfhPoJOaw.003,train,3.6013465,-7.7962623
J9MfhPoJOaw.004,train,-2.9603724,-4.858633
J9WyswA0vow.001,train,-2.5407314,-4.6172433
J9WyswA0vow.002,train,5.5938253,-5.3569384
J9WyswA0vow.003,train,1.7379814,-1.5842847
JBdLI6AhJrw.000,train,19.458193,-12.348088
JBdLI6AhJrw.001,train,39.66172,12.649051
JBdLI6AhJrw.002,train,31.823416,-12.586627
JBiq9X_-r84.000,train,-4.10374,-0.6256194
JBiq9X_-r84.002,train,-5.2904463,-2.225741
JBiq9X_-r84.004,train,-1.9648424,-0.7802816
JEhC58vobs4.001,train,4.037893,-8.218751
JEualxMkaE4.002,train,1.9066349,8.5024605
JEualxMkaE4.003,train,-5.241314,1.4121327
JEualxMkaE4.004,train,-8.406435,0.021281553
JFKZEGDhcRs.000,train,6.0569396,-3.285218
JFKZEGDhcRs.001,train,5.67725,-4.778267
JFKZEGDhcRs.002,train,2.3337204,-3.4198003
JFKZEGDhcRs.003,train,-3.1655672,-1.8600514
JFKZEGDhcRs.004,train,4.370776,-4.4851146
JFKZEGDhcRs.005,train,-0.41789055,-3.7179894
JIR4aPcyrn8.000,train,41.72037,1.7285461
JIR4aPcyrn8.001,train,9.390337,-7.4642344
JIYZTruMpiI.000,train,-1.1488894,-4.0187206
JIYZTruMpiI.001,train,3.6351101,0.4600515
JIYZTruMpiI.003,train,-3.3511066,-6.3938985
JIYZTruMpiI.005,train,0.27121395,-7.514504
JJs_HTelie4.002,train,-3.9233158,-5.040991
JKDEEwxZwrw.001,train,-9.959165,-0.6809782
JKDEEwxZwrw.005,train,-10.789542,1.422481
JN_LH6fs868.005,train,4.893326,-11.1305685
JO44XCaQGVY.000,train,-0.5240896,1.701934
JO44XCaQGVY.003,train,-1.7853296,-0.29578653
JO44XCaQGVY.004,train,-1.1802412,-1.2100853
JTmq4k4uQCY.000,train,8.0769825,-7.1271653
JTmq4k4uQCY.001,train,17.702698,-7.042181
JTmq4k4uQCY.002,train,6.7754235,-7.421305
JTmq4k4uQCY.003,train,8.2840605,-7.4627404
JVzG-zy9CO0.004,train,15.804973,-3.1465178
JZNMxa3OKHY.005,train,7.9435806,-11.083427
JbXgnjVWEoM.002,train,0.64142215,4.161416
JcNmLCtlKok.001,train,4.39091,-5.874246
JciLbidX1Q8.003,train,0.94515073,-6.9024634
Jcw9NZkMn6I.004,train,-10.143989,2.4703553
Jf8lqSpAjZ8.001,train,-7.513118,0.55161905
Jf8lqSpAjZ8.002,train,-9.166713,1.6121808
Jf8lqSpAjZ8.004,train,-9.606229,0.9438889
Jh7Wk5fYeMk.001,train,4.359705,3.5188665
Jh7Wk5fYeMk.002,train,9.426356,4.8147287
JhdFmuwquHM.003,train,4.0077214,20.617575
Jhz5ssCKaug.001,train,1.3826585,0.49359563
Jhz5ssCKaug.002,train,-1.6755439,7.9223986
Jhz5ssCKaug.003,train,2.8733277,0.5651733
JiXJeI5_jGM.000,train,-4.4103184,8.969822
JiXJeI5_jGM.002,train,-5.2248354,3.4027245
JiXJeI5_jGM.003,train,-6.294359,3.558998
JiXJeI5_jGM.005,train,-5.7988396,9.751892
JlMPF03b8SM.001,train,-3.7289379,2.7265947
JmAQlC-FEV8.003,train,45.19335,65.17161
Jn76eAPxjNA.002,train,1.259651,-1.3351469
Jn76eAPxjNA.003,train,16.977957,-4.415614
Jn76eAPxjNA.005,train,1.0054055,1.6575271
JoQRNgGQCgY.000,train,-7.9809227,2.9215014
JoQRNgGQCgY.002,train,-9.560786,0.1629446
JoQRNgGQCgY.003,train,-8.483655,-0.603713
JoQRNgGQCgY.004,train,-3.8459227,-1.1932442
Jog1-pYOSD0.000,train,-0.1933113,-4.7686057
Jog1-pYOSD0.001,train,4.8299303,-5.572853
Jog1-pYOSD0.002,train,11.816971,-4.910246
Jog1-pYOSD0.003,train,0.57353604,-4.3006163
Jog1-pYOSD0.005,train,1.6189284,-6.4226365
Jp-Hu7yxqR8.000,train,4.8015375,1.6796086
Jr6GmDtvTK0.000,train,9.895153,-5.8965445
Jv2lyDcOmEM.001,train,-5.7782664,5.232779
Jv2lyDcOmEM.002,train,1.8460622,7.776865
Jv2lyDcOmEM.003,train,-3.7468715,0.91965824
Jv2lyDcOmEM.004,train,-2.3239849,7.0352197
Jv2lyDcOmEM.005,train,-0.7211239,8.319339
JxxF9y61ujA.000,train,-12.239551,1.6290827
JxxF9y61ujA.003,train,-9.558273,1.8735492
JxxF9y61ujA.004,train,-10.241994,6.615667
JxxF9y61ujA.005,train,-8.716924,0.31180775
JzXnxQDnwWE.002,train,0.85642296,-2.9288232
K-Z_mLE8nlo.004,train,-7.2265935,0.07385256
K-fMyzPB7FI.005,train,0.06897443,-5.7598095
K-iwJMxjyx4.000,train,-2.3112237,0.061701536
K-iwJMxjyx4.001,train,0.691478,-1.8180456
K-iwJMxjyx4.003,train,2.2465448,-2.037256
K-iwJMxjyx4.004,train,-0.21390927,1.3595191
K-iwJMxjyx4.005,train,-1.3861835,1.7189502
K3-YXXLR0Ho.000,train,-6.603111,11.872061
K4UcCvZOxWo.001,train,12.952767,-3.8644247
K4UcCvZOxWo.004,train,24.105862,-8.122108
K5WDz2jxtuI.000,train,-2.1465082,-3.455203
K63T9l1xY7U.000,train,-1.3526902,5.4041877
K63T9l1xY7U.001,train,2.5504987,1.870318
K63T9l1xY7U.003,train,1.3969438,1.9689608
K7vBdKrcFKo.001,train,-0.37029767,-1.5014614
K9U_Z8GdGRo.001,train,-6.9731603,0.122314975
K9U_Z8GdGRo.005,train,-6.9940295,0.643098
K9ZTOb6PbfQ.000,train,-9.901306,1.9919313
K9ZTOb6PbfQ.004,train,-8.604826,1.2184327
K9h_wA30XgM.002,train,28.849787,-10.641143
KAGTaM0Z9tA.001,train,-0.20808606,-1.0585014
KAGTaM0Z9tA.004,train,-0.006219934,-3.6607575
KAGTaM0Z9tA.005,train,0.014212076,-1.113346
KB09jENVJ_0.002,train,8.622407,-7.7840624
KB09jENVJ_0.004,train,5.688854,-5.4581876
KD9rExmTXcE.005,train,-0.0023693407,-3.0412488
KDwpjQiIfjY.000,train,9.9809265,-5.4488993
KDwpjQiIfjY.003,train,2.8681216,-4.193349
KDwpjQiIfjY.005,train,10.2776,-6.2952447
KGRUaRe3r7I.001,train,-8.268265,1.9329292
KGRUaRe3r7I.002,train,-9.571342,0.6994219
KGRUaRe3r7I.005,train,-9.255011,-0.8057974
KHQJhOzdrYo.002,train,13.521537,-8.761753
KHQJhOzdrYo.003,train,1.4429132,-4.5249095
KHQJhOzdrYo.004,train,12.667464,-7.0898557
KIJ9IYETe38.001,train,-0.020895533,4.2538977
KIJ9IYETe38.002,train,-5.182947,-1.4466852
KIJ9IYETe38.003,train,-5.31053,0.52945507
KIhpjwf5uAA.000,train,-11.336003,0.12555525
KIhpjwf5uAA.001,train,-13.614548,2.067834
KIhpjwf5uAA.002,train,-11.780752,1.6435567
KIhpjwf5uAA.003,train,-12.574901,1.1876856
KJ643kfjqLY.001,train,16.238258,-7.74099
KJ643kfjqLY.002,train,11.039965,-11.911231
KJ643kfjqLY.003,train,15.278191,-8.775512
KJP4SKS2vtY.000,train,-1.1253629,9.024637
KJP4SKS2vtY.003,train,3.1943161,14.448788
KLY518hfGhU.000,train,0.84745944,6.865145
KLY518hfGhU.001,train,5.012901,7.7931657
KLY518hfGhU.004,train,7.7971835,12.008272
KLY518hfGhU.005,train,4.377845,10.6215515
KM6Nc_VipyQ.001,train,-0.6948527,-2.9884715
KM6Nc_VipyQ.005,train,1.89714,-2.3487077
KNOHhnRMpSw.000,train,14.558177,20.439072
KNOHhnRMpSw.001,train,9.271752,0.79912716
KNOHhnRMpSw.002,train,-1.8004304,1.134817
KNOHhnRMpSw.003,train,11.231324,13.490486
KNOHhnRMpSw.005,train,8.2852125,0.05571151
KO7ZGXwPu-Y.000,train,3.2915606,4.3568764
KO7ZGXwPu-Y.002,train,1.0032846,-2.2782252
KTdbKiGFzJY.000,train,-8.203355,13.253109
KTdbKiGFzJY.003,train,-7.8283076,4.341661
KVepk_9iPEU.002,train,-5.8933105,-0.02886883
KXUERmhPyr8.002,train,-11.237682,1.9119397
KXUERmhPyr8.004,train,-9.612308,2.0711193
KXUERmhPyr8.005,train,-9.574107,-0.65153044
KYkfjIZEScM.005,train,3.0093095,-1.4963374
KYvMsMLNGvY.005,train,-7.4049196,11.140274
KYvbRwTCtaU.000,train,2.152404,-3.4410763
KYvbRwTCtaU.001,train,-2.124034,0.002862712
KYvbRwTCtaU.002,train,-1.6912471,0.5551179
KYvbRwTCtaU.003,train,0.76632804,1.1261389
KYvbRwTCtaU.005,train,10.470753,2.616765
KahSwziq8F0.000,train,16.568901,-13.641562
KahSwziq8F0.001,train,10.387121,-9.910778
KahSwziq8F0.002,train,16.728512,-12.750893
KahSwziq8F0.003,train,23.168661,-13.107417
KahSwziq8F0.004,train,9.722054,-8.28267
Kbcvurfuvhk.000,train,-5.487211,5.243034
Kbcvurfuvhk.002,train,-3.4156427,-1.2182643
Kbcvurfuvhk.004,train,-3.9203022,-0.3657838
KdMiQUWNByk.001,train,-1.0903951,-1.0199986
KfurkMyjD-c.001,train,-8.281445,-1.940901
KfurkMyjD-c.002,train,-6.784487,-2.1231894
KfurkMyjD-c.003,train,-7.392805,-2.5489633
KfurkMyjD-c.004,train,-7.6712375,0.21392196
Kga18VO9VwY.000,train,8.412458,-4.559912
Kga18VO9VwY.002,train,9.069616,-8.756017
KhMsmtSC5Lg.000,train,24.122179,3.3315246
KhMsmtSC5Lg.001,train,12.652485,0.23399356
KhMsmtSC5Lg.005,train,18.273233,-10.038189
KiM9P_FJVHg.004,train,-1.64243,0.13451838
KiM9P_FJVHg.005,train,0.5666567,5.840476
KmHe8urs3LI.002,train,3.1403995,-1.5264045
KmHe8urs3LI.003,train,-3.364912,2.5925663
KmHe8urs3LI.005,train,11.6704235,2.842115
Kmrd1MsZKmQ.000,train,1.4000059,-0.50167394
Kmrd1MsZKmQ.001,train,-1.5763077,-2.2679229
Kmrd1MsZKmQ.002,train,-1.0754753,-3.6929004
Kmrd1MsZKmQ.003,train,-0.5193958,-1.4662858
KnbEca4Ibwk.000,train,-3.7992291,5.985183
KnbEca4Ibwk.002,train,-3.6123629,-0.002779257
KnbEca4Ibwk.005,train,-4.8784485,4.2905464
KpTHRBaYny8.001,train,-1.0393374,-3.4608774
KpTHRBaYny8.005,train,2.3591268,-2.109645
KppCIwj0hC4.000,train,33.78387,-17.674667
KppCIwj0hC4.002,train,22.17036,-15.371433
KppCIwj0hC4.004,train,34.641865,-17.602736
Kpto8K_B-5A.002,train,-8.007501,0.38024208
Kpto8K_B-5A.004,train,-8.005866,-2.1209788
Kpto8K_B-5A.005,train,-4.325884,-3.140948
Kq-c6lqGNlo.000,train,2.6058133,-3.0130541
Kq-c6lqGNlo.001,train,1.5594854,-0.06147856
Kq-c6lqGNlo.002,train,7.2556663,-2.0524871
Kq-c6lqGNlo.004,train,-1.0655307,-1.3280911
Kq-c6lqGNlo.005,train,2.7584467,-3.4649658
KsToJAKi7xQ.000,train,-7.3718596,0.4736451
KtY6C83o2rs.004,train,15.281117,-3.4335053
KtY6C83o2rs.005,train,17.329725,-5.1441956
Kv0kZgqZEM0.003,train,-6.7264686,1.979564
Kv0kZgqZEM0.004,train,-7.690905,0.9319602
L-C1blPD_ec.000,train,2.7965586,0.35201392
L-C1blPD_ec.001,train,-0.9454112,-1.9323235
L-C1blPD_ec.004,train,-3.6199892,-1.8454627
L-C1blPD_ec.005,train,10.638902,25.2328
L-rmZZP_wj8.003,train,7.86562,15.114279
L-rmZZP_wj8.004,train,5.0762453,12.546373
L4Jlm0vGsvc.000,train,0.405115,-4.3843355
L4Jlm0vGsvc.002,train,-1.0101823,-7.024672
L4Jlm0vGsvc.004,train,0.43816718,-6.9256673
L5PkZA1ErYY.002,train,-7.289879,-0.45107442
L5PkZA1ErYY.005,train,-4.6675525,-2.4543974
L5kpy0SA7os.000,train,-4.488064,-2.39808
L5kpy0SA7os.003,train,1.0457596,7.5080132
L5kpy0SA7os.005,train,-2.7988727,-1.5745575
L7HDCG2PsII.001,train,20.42723,-8.714253
L7HDCG2PsII.003,train,24.580658,-10.089846
L9sG80PI1Gw.003,train,-8.253953,-1.9293543
LBKbubsgpE8.001,train,-1.9166437,-4.1414084
LBKbubsgpE8.003,train,-2.8320704,-3.9257114
LBrmHHzyIiY.000,train,2.2248614,7.6115212
LBrmHHzyIiY.001,train,1.2674412,9.763553
LBrmHHzyIiY.002,train,8.205276,18.289408
LBrmHHzyIiY.003,train,1.866249,14.733725
LCafv-LfC3Y.000,train,-2.9200535,12.122513
LCafv-LfC3Y.001,train,3.314325,24.597046
LCafv-LfC3Y.003,train,12.157987,24.282217
LCafv-LfC3Y.004,train,-4.21906,8.588385
LGPm8ok6kVo.001,train,-3.9271097,-3.4692814
LGdzP-r_G3U.001,train,-6.0336637,3.4061632
LGdzP-r_G3U.004,train,-5.3450828,-0.27973595
LGdzP-r_G3U.005,train,-8.16036,2.0043383
LGgx7RVdL2Y.000,train,3.0732465,5.03448
LGgx7RVdL2Y.002,train,5.74855,1.2286049
LGgx7RVdL2Y.004,train,-0.695587,-2.4532607
LGgx7RVdL2Y.005,train,0.9353438,0.86234343
LHV4HNK35pM.001,train,-2.1876743,-2.7370596
LHV4HNK35pM.005,train,-2.9324203,-1.510497
LKBoLbWHJYI.002,train,10.619354,-1.40587
LKBoLbWHJYI.003,train,2.2936566,-7.5291195
LKc69Et2Jg8.004,train,1.9039568,3.0180147
LKqN07ryM5I.001,train,-4.2970223,-1.9031954
LKqN07ryM5I.004,train,-6.314672,-2.2142162
LKqO2BhfAvM.002,train,-4.8217716,-0.30115706
LKvxVEI8uVA.001,train,10.894165,-10.317436
LKvxVEI8uVA.004,train,22.344948,-13.472611
LLP-oZfo8oE.002,train,-11.162762,6.8231864
LLP-oZfo8oE.003,train,-9.155734,5.1876173
LLP-oZfo8oE.004,train,-10.574849,3.1543975
LLP-oZfo8oE.005,train,-12.190264,5.073568
LNM1i-a9q_A.002,train,-4.44017,-0.98602426
LNM1i-a9q_A.004,train,-5.1849046,-3.1442595
LNiiKncirQA.000,train,-6.9517055,1.3949891
LP5N5uPfTdA.004,train,3.310453,-3.321143
LP5N5uPfTdA.005,train,0.4342046,-6.092395
LRU4jLhKaak.003,train,-5.010267,-0.94676816
LRczShwIVbM.004,train,2.1551466,-7.3633075
LRczShwIVbM.005,train,8.605626,-4.581823
LSqijVxP0EM.000,train,-3.7337651,0.2678583
LSqijVxP0EM.001,train,-1.0133436,3.4555953
LSqijVxP0EM.002,train,-3.289143,-2.613852
LSqijVxP0EM.004,train,-4.9143305,-4.9901514
LWO2ZhalAEY.004,train,4.615532,-3.282007
LWO2ZhalAEY.005,train,5.9014287,-12.021343
LWylAwr9kJI.001,train,-2.3097992,-5.3205895
LWylAwr9kJI.002,train,-1.8034948,-3.4659407
LWylAwr9kJI.004,train,1.3057485,-5.2759514
LXmwDq89LdA.000,train,-4.370914,-4.6323695
LXmwDq89LdA.002,train,9.402638,13.381618
LXmwDq89LdA.005,train,-3.6056647,-0.31291085
L_gmlaz-0s4.001,train,-3.7793126,-0.45116746
L_gmlaz-0s4.003,train,0.57815015,15.032637
L_gmlaz-0s4.005,train,5.2745996,28.282202
LaxnVuOM6kE.002,train,2.7046828,-1.4961932
LeQKH1vAVpg.001,train,-6.2062006,4.019168
LeQKH1vAVpg.003,train,-4.88503,7.402211
LeQKH1vAVpg.004,train,-10.708905,0.19828826
LeQKH1vAVpg.005,train,-3.4110923,6.5426035
LeuT6NgJ6N8.004,train,3.2899609,-2.9656987
LfvTKoMYLEE.004,train,12.021651,-4.917053
LglT6Gp5oQg.003,train,-0.057846032,3.3661447
Lj1WuMXFa-4.001,train,19.571194,-11.626042
Lj1WuMXFa-4.002,train,13.312332,-7.376266
Lj1WuMXFa-4.004,train,24.085817,-11.824397
Lk6Ts7y4OPY.000,train,-4.40898,-4.6288137
LmA23EIaXqg.000,train,8.640759,-6.0191445
LmA23EIaXqg.001,train,27.008785,-8.107934
LmA23EIaXqg.003,train,12.194262,-5.6238966
LmA23EIaXqg.005,train,5.289533,-4.330937
Lq4uvcHNiy8.000,train,17.491562,10.989622
Lq4uvcHNiy8.001,train,1.5046196,-2.8183
Lq4uvcHNiy8.002,train,10.098349,-2.4925506
Lq4uvcHNiy8.003,train,8.416745,2.0607204
LqtBNNM2jIw.004,train,6.987442,2.9663398
LsPKxJgefks.003,train,4.104021,1.7613623
LsPKxJgefks.004,train,0.66092825,-4.5214734
LsqAIHhFpLE.002,train,3.9652395,-4.057398
Lt89YrQHF_w.002,train,-2.5742645,5.5945063
Lt89YrQHF_w.004,train,-0.8955266,10.706154
Lt89YrQHF_w.005,train,-0.9632184,3.4062932
LtBYojIGYEc.000,train,-11.638865,1.951339
LtBYojIGYEc.001,train,-11.644181,4.6102962
LtBYojIGYEc.003,train,-11.352411,3.5516083
Lu9UNCSpQZM.003,train,10.3529005,-1.3305176
Lu9UNCSpQZM.004,train,4.8560023,-0.43840867
LuLUAwn0aWU.000,train,-7.9137487,-0.1676786
LuLUAwn0aWU.001,train,-7.713265,1.4186739
LuLUAwn0aWU.002,train,-6.9269133,-0.9680379
LuLUAwn0aWU.003,train,-6.4982696,1.2511358
LuLUAwn0aWU.004,train,-7.9286914,0.7684861
LuLUAwn0aWU.005,train,-10.202171,1.2370554
LvpUVPQKWcQ.005,train,-1.0871674,-4.913376
Lz3hYPF6aIM.003,train,27.699068,-10.455753
Lz3hYPF6aIM.004,train,30.562557,-8.9968
Lz3hYPF6aIM.005,train,26.900122,-15.080887
Lz3suTodXQM.002,train,-11.412701,-0.30006936
Lz3suTodXQM.005,train,-10.935516,-0.7253692
LzT4m85N17o.002,train,-4.3083124,3.204917
M-SuraqmC9s.000,train,1.6850985,-0.22328083
M0O87_LiyMw.001,train,24.231936,-0.024851207
M0O87_LiyMw.002,train,-2.0123222,-3.6924498
M0O87_LiyMw.004,train,8.615766,-3.7114117
M0O87_LiyMw.005,train,-0.74930173,-2.5609043
M0U48Lm33A8.000,train,-9.998407,2.8578608
M0U48Lm33A8.001,train,-9.955373,0.9877782
M0U48Lm33A8.002,train,-9.792918,2.6472752
M0U48Lm33A8.003,train,-9.629913,2.010908
M0U48Lm33A8.004,train,-12.490881,1.4741611
M0U48Lm33A8.005,train,-9.70736,2.0787055
M20gRMBy-4I.000,train,-7.3468337,3.496136
M39PNQ8Omhc.001,train,7.77648,-5.4731197
M39PNQ8Omhc.005,train,5.0779653,-4.0748982
M56UFrEgXnI.004,train,5.9921975,-3.2979875
M5_x5J-H2I0.001,train,4.604672,0.3946818
M5_x5J-H2I0.003,train,13.051591,-4.023716
M9nVAfSPOZ8.005,train,-5.6786666,-1.573948
MBgwyWKYWVM.002,train,7.3757443,30.00962
MCr6FmFAhak.001,train,3.969122,-6.198148
MCr6FmFAhak.004,train,9.537187,-6.2417603
MD9yyz-OSRs.002,train,9.797023,-4.40591
MD9yyz-OSRs.004,train,3.740484,-4.78383
MD9yyz-OSRs.005,train,0.6258673,-3.8717854
MDoZUDTSayc.000,train,2.847043,-9.037132
MDoZUDTSayc.003,train,6.600091,-9.025656
ME6JLtAM160.001,train,9.739621,-5.187947
MFGGMnNE6Q0.000,train,1.0712442,-4.8749266
MFGGMnNE6Q0.002,train,5.7430024,-7.549294
MI_GQLbnoew.000,train,-7.5061207,-1.4521598
MI_GQLbnoew.001,train,-6.137024,-4.267782
MK7KveAeb6Y.000,train,-0.44090623,-3.9255981
MK7KveAeb6Y.002,train,5.5158367,3.5552876
MK7KveAeb6Y.004,train,-2.894271,-3.230626
MLCIfM5jYlI.000,train,-2.4101706,1.7534101
MOXPVzRBDPo.002,train,4.007726,-7.1307325
MOXPVzRBDPo.004,train,8.505792,-8.953539
MOobNUpfWiY.000,train,-1.2215469,0.19806874
MOobNUpfWiY.002,train,3.6094959,0.53075075
MOobNUpfWiY.004,train,1.9452816,-0.65207016
MOobNUpfWiY.005,train,-2.038181,-4.000166
MRquWhqw4Jw.000,train,-4.0157924,3.5338993
MRquWhqw4Jw.004,train,-1.8470044,5.955144
MT3tOBpG5II.000,train,-0.91136,-2.8771641
MT3tOBpG5II.004,train,-1.4492449,-1.9013615
MVwxnf6L8po.004,train,-2.549078,-2.6425028
MZkDsB04kt8.000,train,22.996412,-13.154351
MZkDsB04kt8.004,train,11.461605,-11.899512
M_OpMKBEOyU.000,train,-8.516899,0.2862443
M_OpMKBEOyU.001,train,-2.5417206,5.845854
M_OpMKBEOyU.002,train,-6.4586606,4.754032
M_OpMKBEOyU.003,train,-6.1709175,0.7830095
M_OpMKBEOyU.004,train,-6.2333636,3.288449
MajYvFTkKnk.002,train,-10.243231,3.7740097
MajYvFTkKnk.003,train,-8.992266,2.1835382
MajYvFTkKnk.004,train,-5.900333,1.0243363
MajYvFTkKnk.005,train,-10.8927965,3.8794863
MbufNmC0JL0.004,train,-0.6295919,3.3328767
MbunPsukPnQ.001,train,4.648053,-5.5101666
Me22JENkhJA.000,train,11.167442,22.998495
Me22JENkhJA.005,train,-1.5452821,5.760777
MkVsl0hdphE.000,train,19.544579,29.087978
MkVsl0hdphE.003,train,2.4274542,8.750192
MnARi5OWW9Q.000,train,-7.4540997,0.64150614
MnARi5OWW9Q.002,train,-6.844276,-0.21211402
MrYEK0nvnAo.001,train,-4.7352223,-0.15422766
MrYEK0nvnAo.002,train,-4.160185,8.695511
MrYEK0nvnAo.003,train,-4.3780227,-0.03324148
MrfJ1qDJAwo.001,train,-2.2087722,-1.5471246
MrfJ1qDJAwo.002,train,-11.851461,2.2505019
MrfJ1qDJAwo.003,train,-10.08674,3.6890714
MrfJ1qDJAwo.004,train,-10.322789,2.5596542
MrfJ1qDJAwo.005,train,-6.417245,4.1524334
MswJxdf-3Fc.002,train,-1.2095542,-0.124119475
MswJxdf-3Fc.005,train,-3.7645984,-2.1400352
MuYYY3XaJ7Q.002,train,-1.4318155,-3.516704
MuYYY3XaJ7Q.003,train,-1.1916432,-4.984816
MuYYY3XaJ7Q.004,train,-3.5752802,-3.412631
MuYYY3XaJ7Q.005,train,-4.593728,-4.22962
MvWDky9ZaWU.000,train,-8.839411,0.6960462
MvWDky9ZaWU.003,train,-9.442678,2.5054586
MvWDky9ZaWU.005,train,-9.42212,0.0702743
N0QizgPLLbs.000,train,-4.2276287,-0.0932415
N0QizgPLLbs.005,train,-6.3592453,-2.3982477
N0UweTwwQqQ.000,train,-6.2345724,-2.647883
N0s2M3bJkUk.002,train,-1.6102988,-3.2865365
N0s2M3bJkUk.003,train,-2.5051923,1.8198509
N0s2M3bJkUk.005,train,-5.600869,-2.48453
N1ZOAktFbI0.001,train,12.764886,-15.009079
N1ZOAktFbI0.002,train,10.806316,-14.067742
N1ZOAktFbI0.004,train,8.788762,-14.42949
N4tuu9aCXkw.003,train,6.1446867,9.092406
N4tuu9aCXkw.004,train,5.1198545,9.047942
N5nIQZMW_ig.003,train,8.144349,-8.802991
N7oR6_oMBFk.000,train,-2.0752187,-3.2720168
N7oR6_oMBFk.004,train,4.0174136,-5.4016995
NBacfF-K2eQ.000,train,-4.020311,-0.32870057
NBacfF-K2eQ.001,train,7.2666774,5.310414
NBacfF-K2eQ.004,train,-4.546209,-1.7026107
NCm736FngNo.000,train,9.806888,32.014095
NDBCrVvp0Vg.000,train,13.647174,-2.137972
NDBCrVvp0Vg.003,train,4.894035,-4.026246
NDC375coN1o.001,train,16.654388,4.393016
NDC375coN1o.002,train,30.735565,8.700296
NDC375coN1o.005,train,23.764864,0.06925126
NF8nb3SQPNg.002,train,-5.282564,0.46569464
NFAlff6GUpA.000,train,-7.7237954,4.829789
NFAlff6GUpA.003,train,-6.732672,-1.7633629
NFAlff6GUpA.005,train,-0.30923748,-1.7843682
NG8qWulkRM4.000,train,4.0226345,-8.792363
NG8qWulkRM4.001,train,7.5038195,7.4943166
NG8qWulkRM4.002,train,3.9547915,-6.434687
NG8qWulkRM4.005,train,2.128887,-5.2263126
NI-tZF3gfes.002,train,-3.1393707,-1.0842583
NI-tZF3gfes.003,train,-4.416478,-0.36537656
NI-tZF3gfes.004,train,3.7730048,-3.0310853
NOrjfF0-pQ4.004,train,-3.4993653,-0.41387457
NOrjfF0-pQ4.005,train,-5.4855666,-1.5356802
NTATNIs2sSc.001,train,-6.165831,7.1791363
NTSMogqhvBg.001,train,-0.499386,-0.53331506
NTSMogqhvBg.002,train,-2.4645638,-3.110665
NTxMChSejQE.001,train,0.13187295,-5.178246
NVvKBE5FTMk.005,train,-2.303004,-2.76181
NWlCdMyKlE0.000,train,-9.491032,3.1573358
NWlCdMyKlE0.001,train,-9.904301,0.77072185
NWlCdMyKlE0.002,train,-8.19693,1.1751221
NWlCdMyKlE0.003,train,-5.693487,-2.1877208
NXG4n1pr4Ok.001,train,-7.9985514,2.6401744
NXG4n1pr4Ok.002,train,-8.469839,-1.0432271
NXG4n1pr4Ok.004,train,-7.404284,0.82998097
NYlFsljF0VM.003,train,-11.171995,3.537917
NYlFsljF0VM.005,train,-10.100586,1.3348126
NZXtEENlWL4.003,train,8.37554,-8.708553
N_PICgkFxAM.002,train,-6.2110324,-2.6302903
NdAJGXf8aos.002,train,19.223454,-11.042896
NdAJGXf8aos.005,train,10.975651,-10.513333
Ng2E0E5tiZQ.003,train,-7.3693566,-2.6400392
Ng2E0E5tiZQ.005,train,-7.484728,-1.6341931
NhyVkwcZbTA.002,train,13.983224,-11.479939
NhyVkwcZbTA.003,train,6.099209,-9.890925
NhyVkwcZbTA.004,train,23.657293,-10.180045
NhyVkwcZbTA.005,train,16.187525,-13.811313
NkFJuN8fBDU.000,train,-2.7432563,-1.9104338
NkFJuN8fBDU.001,train,-3.8157723,-2.801172
NkFJuN8fBDU.004,train,-4.6514072,-2.0942473
NoHext7JXYU.000,train,5.8112526,-0.580804
NoHext7JXYU.003,train,-1.2314065,-1.5554096
NpiglwrZzsA.001,train,3.4498851,12.859805
NpiglwrZzsA.002,train,5.3044453,2.4756887
NpiglwrZzsA.004,train,16.753603,25.507084
Nv0-x4K9YFI.000,train,6.838809,7.4600286
Nv0-x4K9YFI.001,train,12.432281,-0.48425394
Nv0-x4K9YFI.002,train,16.666826,7.5591393
Nv0-x4K9YFI.004,train,19.22827,14.146547
Nv0-x4K9YFI.005,train,1.5187134,2.7580395
NvJ4jRPUuS0.001,train,6.3794417,-4.917601
NvwD448H-40.001,train,6.230049,11.024871
NzCflfxgvwo.003,train,-3.8876941,1.8382233
O14mSiNfYDo.001,train,27.257065,-9.434491
O14mSiNfYDo.002,train,26.660711,-11.327555
O14mSiNfYDo.005,train,1.9763931,-6.9090834
O2J_3ScUCUQ.004,train,8.964017,-5.825083
O2wMPdp2-Is.002,train,9.701154,-10.379366
O3_j0d7mq7k.001,train,10.736018,-1.8318216
O3_j0d7mq7k.002,train,5.4291797,-8.275903
O3_j0d7mq7k.004,train,17.480476,15.554592
O7h-kf7hPIU.001,train,5.587659,-10.170782
O7h-kf7hPIU.005,train,8.297099,-12.297355
O7ke1Wjb1ZM.003,train,-1.8886551,-1.4676268
O8L2pHEIcuo.004,train,-10.9311075,0.28868827
OACoHiwOdXQ.002,train,-7.7539377,0.4410915
OACoHiwOdXQ.003,train,-10.285591,3.3051596
OACoHiwOdXQ.005,train,-4.647715,7.9962044
OCMseWyLuBQ.001,train,-6.171433,5.1437593
OD3cfWeJaOY.003,train,1.8291253,-7.839422
OD3cfWeJaOY.004,train,0.8153799,-8.797497
OD3cfWeJaOY.005,train,2.2933362,-7.4232235
ODDGS0hTcUc.000,train,1.1655484,2.0435402
ODDGS0hTcUc.001,train,5.4345374,6.6659966
ODDGS0hTcUc.004,train,-3.0766664,-3.3131227
OD_gyCYpR8U.002,train,11.1112385,1.3249774
OEKg-Tvwcbk.000,train,-1.8755739,0.06150059
OEKg-Tvwcbk.003,train,1.2754081,-0.7113485
OIRq4d8IyKc.002,train,-3.8652527,5.629062
OIRq4d8IyKc.003,train,-1.894967,0.43661284
OLFhKCgexRU.000,train,-11.149829,0.5832716
OLFhKCgexRU.001,train,-10.199366,1.1867163
OLFhKCgexRU.002,train,-11.252837,0.43914947
OLFhKCgexRU.004,train,-10.515,0.027604599
OMHlfDF99Mw.000,train,-5.233696,8.080856
OMHlfDF99Mw.003,train,-9.733521,3.8131814
OMHlfDF99Mw.004,train,-6.662147,6.6803465
OSDlyk5ZgAk.004,train,-6.79075,2.1981964
OTXGM3Guxy4.000,train,4.65617,16.449322
OTXGM3Guxy4.003,train,9.891692,6.4097295
OTXGM3Guxy4.004,train,0.79918057,14.246783
OTXGM3Guxy4.005,train,-1.5964694,3.4150112
OWZ-qVZG14A.000,train,-0.92138773,12.710113
OWZ-qVZG14A.002,train,-4.704467,2.4587245
OWZ-qVZG14A.003,train,-2.1505184,2.3645232
OWZ-qVZG14A.004,train,-1.2229773,-1.2573234
OWZ-qVZG14A.005,train,-4.498847,-0.14271636
OXkDmd3nA94.003,train,14.028075,-1.7564795
OXkDmd3nA94.004,train,29.965317,18.493843
OZaP2T74bLI.000,train,5.801043,-4.9601226
OZaP2T74bLI.001,train,-4.0529065,-3.799687
OZaP2T74bLI.004,train,0.7077068,-2.8495526
OZaP2T74bLI.005,train,0.2760055,-4.1035385
OZlpENU9h28.000,train,-5.3171387,2.335417
OZlpENU9h28.002,train,-4.1985073,1.9464679
OZlpENU9h28.003,train,-1.7519354,3.6189883
OZlpENU9h28.005,train,-0.9961505,2.1455393
OcS4H_dFeOc.001,train,13.173953,-0.25859123
OckL7z_nBGg.002,train,-3.937513,-0.96390027
OckL7z_nBGg.003,train,-6.1095443,-0.03245572
OckL7z_nBGg.004,train,-3.110632,1.4795674
OckL7z_nBGg.005,train,-6.6243777,0.8821959
OdwK_oMdfSU.000,train,-7.6129375,3.6041753
OdwK_oMdfSU.002,train,-0.8478431,23.344925
OdwK_oMdfSU.003,train,-7.5676856,2.3536665
OdwK_oMdfSU.005,train,-10.280521,-0.2752794
Oe7ItP7gS4w.000,train,-9.316015,2.992981
Oe7ItP7gS4w.002,train,-7.4645348,4.1473713
Oe7ItP7gS4w.004,train,-8.387465,14.187901
OeGMd58Wgsk.000,train,-0.43325815,10.61191
OeGMd58Wgsk.003,train,-0.45008427,3.115578
OeT6Skotv7g.004,train,8.8636875,-8.0267515
OgPC4wnLJR0.001,train,-9.065654,-0.8942445
OgPC4wnLJR0.002,train,-7.5688634,1.5646114
OgPC4wnLJR0.003,train,-7.943861,2.1281781
OgPC4wnLJR0.004,train,-7.31997,3.844797
OgPC4wnLJR0.005,train,-7.902448,-0.021415962
OhHg1lyxe4I.000,train,-9.1623125,4.1719127
OhHg1lyxe4I.001,train,-7.559898,6.819639
OhHg1lyxe4I.002,train,-8.468742,7.7273803
OmXuhT4yJpo.000,train,-5.4885583,0.31491768
OmXuhT4yJpo.005,train,-6.3424606,-1.112136
On2c_8sU8Vw.001,train,-4.2629313,-3.492608
On2c_8sU8Vw.002,train,-4.3911424,-1.4149854
On2c_8sU8Vw.004,train,-0.2365171,-5.6000614
OovRk5U9_GY.000,train,-4.602288,-1.8597765
OovRk5U9_GY.004,train,0.6762125,-5.0116
OoxYhDbzWwg.002,train,1.8801281,5.9079895
OoxYhDbzWwg.005,train,6.2580976,7.6091127
Or2_bP4lWYI.000,train,-4.037009,-0.23014852
Or2_bP4lWYI.001,train,-2.5147722,0.21580967
Or2_bP4lWYI.002,train,-6.602317,2.9885366
Or2_bP4lWYI.004,train,-6.11262,1.3978093
Or2_bP4lWYI.005,train,-7.0766034,0.6627778
Os7L5C-i9Fw.000,train,-10.639199,3.077245
Os7L5C-i9Fw.003,train,-6.3230176,-0.08355113
Os7L5C-i9Fw.004,train,-7.4869246,1.4730487
OtGJDbI9qkM.000,train,-8.320802,5.7811003
OtGJDbI9qkM.002,train,-6.0219727,7.3087416
OtGJDbI9qkM.004,train,-6.9092007,4.7721977
OtGJDbI9qkM.005,train,-9.425531,2.4421182
OuE91U_n04E.000,train,1.4954807,2.8009918
OuE91U_n04E.001,train,-3.3453648,-7.2149277
OugdInDyt9s.000,train,5.282403,-10.114887
OugdInDyt9s.003,train,9.913402,-9.439916
OugdInDyt9s.005,train,5.0801244,-9.603667
OwI3Q-qUqDw.000,train,-7.160239,-0.09469406
OwI3Q-qUqDw.001,train,-6.714746,0.97753984
OwI3Q-qUqDw.002,train,-5.8117623,-2.2294822
OwI3Q-qUqDw.005,train,-10.655764,2.5114183
OwlFAiE0Qrg.000,train,-6.571951,-0.9983734
OwlFAiE0Qrg.002,train,-3.7539985,0.44121838
OxaBanUE6KE.001,train,-1.0182724,-8.021281
OxaBanUE6KE.002,train,-1.2622429,-9.669745
OxaBanUE6KE.004,train,-0.9140766,-7.557718
P0ZzjnS8E24.000,train,-8.508784,1.3869658
P0a209IS614.002,train,-6.7509475,1.3804877
P0a209IS614.004,train,-7.2511625,0.8150528
P0a209IS614.005,train,-4.573093,-0.30800804
P63CUj9KnSw.001,train,-4.2352414,0.59827435
P63CUj9KnSw.004,train,-2.2840245,-2.1872432
P6g1mZ3f76U.001,train,-4.145192,3.131799
P6g1mZ3f76U.002,train,-4.3174424,4.302911
P6g1mZ3f76U.003,train,-3.7982879,3.9312797
P7poMmhYnM0.001,train,-1.464063,-3.6443198
P9WDAY-MFzk.000,train,-8.028572,1.5329522
P9WDAY-MFzk.002,train,-9.678787,4.8624916
P9WDAY-MFzk.003,train,-11.230377,4.330424
PCmec_zcu_w.002,train,6.855478,-10.059197
PHUlL5ZzX5U.001,train,21.218323,23.51596
PHUlL5ZzX5U.005,train,16.555311,7.155605
PHZQmf82HvA.002,train,2.4995837,-0.077516355
PHZQmf82HvA.005,train,0.6865716,-5.065457
PHmkN1cPl10.003,train,-5.3040113,7.2796593
PHmkN1cPl10.005,train,-6.84648,2.6785173
PHv6CzBIC5E.001,train,12.385001,1.2553855
PHv6CzBIC5E.002,train,5.4300117,6.914317
PHv6CzBIC5E.004,train,5.938377,-0.02481639
PHv6CzBIC5E.005,train,3.8827055,1.2081846
PJxgOFaaUZM.004,train,1.5997738,-4.2320333
PKYh4sungwI.002,train,2.2327735,-7.3329363
PKYh4sungwI.003,train,-3.7208397,-5.76443
PKtzsEqLGx4.000,train,-5.5349264,1.1525582
PKtzsEqLGx4.001,train,-3.716959,1.7647325
PKtzsEqLGx4.005,train,-4.40714,3.05654
PKyqjYem0dY.003,train,12.605504,-9.492715
PKyqjYem0dY.004,train,0.037855946,-3.0271623
PQBGDxYGaXU.001,train,-7.4827485,-0.99499565
PReOtefm17s.002,train,-1.2663908,-3.7867646
PReOtefm17s.005,train,-2.5575452,-3.1472416
PRplbrM70sg.001,train,6.0510716,-7.676594
PRplbrM70sg.004,train,5.7484107,-9.951341
PTV5TBVRHxo.000,train,-3.5973642,-2.1733217
PTV5TBVRHxo.002,train,-1.8580924,-4.805356
PVm7Om88BSw.001,train,-1.3822551,2.3377604
PVm7Om88BSw.003,train,-0.55278057,-1.5158284
PWAe9M2SxT8.001,train,-6.0038614,-2.254033
PWAe9M2SxT8.003,train,2.8341513,14.637405
PWAe9M2SxT8.004,train,3.6488144,6.9842296
PWM-bKcs2p8.001,train,8.978405,26.966383
PWM-bKcs2p8.004,train,-1.2920799,-0.3254261
PYL8BGJKu20.001,train,-10.711913,-0.77338034
PYYC0Jiwfdg.000,train,-4.3232775,1.1392809
PYYC0Jiwfdg.002,train,-2.702683,-3.456422
PYYC0Jiwfdg.004,train,-1.5336219,-6.0023694
P_wDFLJnW-o.000,train,-1.1214852,2.9738357
P_wDFLJnW-o.001,train,-7.5089602,1.0407804
P_wDFLJnW-o.004,train,7.6797185,7.317175
Pb7aNc6Kd40.001,train,-10.57721,-0.38985014
Pb7aNc6Kd40.003,train,-9.574314,1.2834781
Pb7aNc6Kd40.005,train,-8.506105,2.425593
Pb9GhzCRnqs.001,train,4.256689,-3.4197185
Pc-oQQwkIv8.000,train,26.821589,34.603508
Pc-oQQwkIv8.001,train,8.544022,3.5167768
Pc-oQQwkIv8.003,train,37.35474,26.89419
Pc-oQQwkIv8.004,train,9.908869,2.0971162
Pc3NjyhtVd0.003,train,1.3624518,-6.804938
PgpMUHH8lEI.000,train,11.113672,9.360904
PgpMUHH8lEI.002,train,2.3418071,4.6220574
PgpMUHH8lEI.003,train,0.8516872,-1.0682033
PgpMUHH8lEI.004,train,4.9380198,3.1848745
PgpMUHH8lEI.005,train,0.9546279,4.812761
PkEzIErhYZ8.002,train,5.601571,5.8657947
Pkgi4--hwfo.005,train,-3.4739416,-4.2236767
PmJw3uI1qBE.000,train,-1.6851904,-0.8998493
Pn_LNsSsm58.000,train,-1.4718796,-3.8883493
Pn_LNsSsm58.001,train,-3.5204375,-2.0044627
Pn_LNsSsm58.004,train,-0.4111222,-1.9285606
Pn_LNsSsm58.005,train,-0.6581663,-5.131494
Po4UGCJbCbw.002,train,-2.6589139,-0.4111832
PoF3lxFDggQ.000,train,-3.8319397,-0.78944737
PoF3lxFDggQ.004,train,-1.3442447,-0.76524824
PoF3lxFDggQ.005,train,7.4167194,14.587864
PoVizBmIHy0.000,train,-10.276082,4.1111937
PooFvZH6fK0.001,train,-0.54424727,-3.5967257
PooFvZH6fK0.003,train,-1.8308316,-3.2857547
PpJ4S8ZM8mQ.000,train,13.355639,-7.1303964
PpJ4S8ZM8mQ.002,train,7.3376203,-3.000424
Pr-RpZ4gYCM.001,train,1.8422858,-8.15948
Pr7CHWFkWew.001,train,0.34928128,-3.666413
Ps55vHez10c.000,train,13.8287945,-11.853349
PsHb4YHooKM.003,train,-1.8971058,1.2616876
Psahy1Vju4A.000,train,-10.030056,3.4924827
Psahy1Vju4A.002,train,-8.305342,4.878321
Psahy1Vju4A.003,train,11.964759,45.446354
Psahy1Vju4A.005,train,-11.696868,1.0522535
PsqpkFKX8co.001,train,-2.4379628,-5.155529
PsqpkFKX8co.002,train,-1.3967922,-4.8130584
PtA7yAu9-VE.000,train,-1.464017,-6.393435
PtA7yAu9-VE.004,train,-2.6622396,-6.6699657
PtA7yAu9-VE.005,train,-2.5463629,-7.4960814
PuVy3akfzNI.000,train,-4.3715324,0.300739
PuVy3akfzNI.002,train,-4.598735,2.413998
PxkMDzORBPE.005,train,1.0312121,-1.988847
PxpbeM9VavA.001,train,1.1119341,0.12369012
PxpbeM9VavA.003,train,0.4613121,2.2978067
PyPFJWirPjs.000,train,1.3225778,-4.020501
PyPFJWirPjs.001,train,1.2107438,-3.9758372
Q-cZz-M17PE.000,train,3.545803,-8.230686
Q0C0OU-j4DA.001,train,5.5588703,-4.670208
Q0C0OU-j4DA.002,train,7.528236,0.43828446
Q0C0OU-j4DA.003,train,4.355814,-0.27097407
Q0C0OU-j4DA.004,train,13.445329,7.17772
Q0C0OU-j4DA.005,train,-0.96272904,-4.5010977
Q2AI4XpApFs.000,train,-8.34853,3.917304
Q2AI4XpApFs.001,train,-5.812414,4.5317235
Q2AI4XpApFs.002,train,-4.2928853,1.0125899
Q2AI4XpApFs.005,train,-7.094708,0.13751827
Q43qO4HC6mA.000,train,4.5962486,-4.785406
Q4z4GRUtccE.000,train,-6.5972943,9.531786
Q4z4GRUtccE.002,train,-8.272497,6.072315
Q4z4GRUtccE.005,train,-10.521864,4.011762
Q5h34e5xM0Q.000,train,-4.5707135,1.6163577
Q6We7dJplls.002,train,-6.225755,-4.0172334
Q6We7dJplls.005,train,-6.656383,-3.4992936
QBZieJiOl1w.001,train,14.604926,-7.5926576
QBZieJiOl1w.003,train,16.74899,-7.306984
QBZieJiOl1w.004,train,14.343233,-8.939977
QDd2AfQEAqs.001,train,25.360155,16.819492
QJcc95Y0XPw.002,train,0.1786355,-0.08374977
QKcx5msA7iA.000,train,-10.218706,-2.762616
QKcx5msA7iA.003,train,-7.0308766,-3.8180075
QKcx5msA7iA.004,train,-5.5618134,-5.8413906
QKlawwZQK9M.000,train,5.434961,-0.53659743
QKlawwZQK9M.001,train,7.225166,-1.9393349
QKluS-uQIaM.002,train,0.98704714,1.3670701
QMRAbwZCTfI.005,train,-3.5483723,2.392568
QNVsr2mGwGs.001,train,4.8091807,-8.628533
QNVsr2mGwGs.004,train,6.7872133,-7.8494067
QNVsr2mGwGs.005,train,1.6355454,-8.383134
QQzeQOoqO20.001,train,23.239014,7.744447
QQzeQOoqO20.005,train,6.9048233,-0.57233024
QS7TwjzkYiU.004,train,-6.352299,-0.15981585
QTtTAFqT-no.004,train,-2.7511957,-4.117142
QXFRE_pjrAE.000,train,1.1792947,-1.3588774
QXFRE_pjrAE.001,train,1.9505241,-0.13076307
QXFRE_pjrAE.003,train,1.9423289,-2.9016902
Q_YyIgxj6HE.001,train,-4.8350816,1.8466909
QdafN9Y_j-Y.001,train,-6.213947,-2.1602452
Qe7q8SFJ71E.004,train,-0.25862765,-5.723322
QfU5JsVMjfI.000,train,-3.8616357,-2.2716148
QfU5JsVMjfI.001,train,-3.3797948,-5.1534777
QfU5JsVMjfI.003,train,-3.4977925,-3.776915
QiPb8vlGDFo.000,train,21.196993,22.87836
QiPb8vlGDFo.001,train,16.750744,26.8037
QiPb8vlGDFo.002,train,0.69540524,1.7602279
QiPb8vlGDFo.003,train,1.737884,-4.0855994
QiPb8vlGDFo.004,train,9.301341,1.5709323
QiR6yJbFCfM.005,train,-9.362458,2.4305594
QipgesEKSNA.000,train,18.001818,-1.565568
QipgesEKSNA.001,train,11.321782,0.21161263
QipgesEKSNA.002,train,4.9394126,1.829093
QipgesEKSNA.004,train,10.174727,-5.4370036
Qkao4XiSflU.003,train,-5.570943,7.646955
QlBgvZjbX30.000,train,-0.86820334,-6.908182
QlBgvZjbX30.002,train,-1.3726193,-7.214441
QlkTEWrSCBs.000,train,-5.731124,-2.8228936
QovE6L-C9VY.000,train,-3.041649,-1.1723812
QpA0gj1y6KE.000,train,3.295295,-4.0784917
QqTw0lnrtBo.002,train,-4.273675,0.85652906
QqTw0lnrtBo.004,train,-2.493515,1.6274368
Qqc1539E6rs.002,train,-2.7093446,-3.9982533
Qqc1539E6rs.003,train,-4.9583025,-4.8069406
Qqc1539E6rs.005,train,-2.099058,-5.6939583
QsUj_OlGQ-0.000,train,-12.324493,1.4053307
QsUj_OlGQ-0.002,train,-11.401712,2.288612
QsUj_OlGQ-0.004,train,-12.058029,0.5879864
QsUj_OlGQ-0.005,train,-6.29054,1.9156095
Qu81v9Aybv4.000,train,-1.2286022,-1.3830717
Qu81v9Aybv4.002,train,-3.3999877,-5.6638927
Qu81v9Aybv4.003,train,-2.4353194,5.7187605
Qu81v9Aybv4.004,train,-2.965337,-1.6835551
Qu81v9Aybv4.005,train,3.34684,5.407951
QuwVzi2tQrQ.005,train,-3.035726,-3.9901404
QyVTG0sGKg0.001,train,-10.938115,-0.34614068
QyVTG0sGKg0.002,train,-7.4596033,-1.5020075
Qz_cjgCtDcM.001,train,-2.635585,-5.6338577
Qz_cjgCtDcM.003,train,-1.2465649,-7.526742
Qz_cjgCtDcM.005,train,-1.4503363,-7.384964
Qzu9b49qvKo.003,train,9.4945345,6.714944
R-qB2FX7ZbE.001,train,9.971527,22.23212
R-qB2FX7ZbE.004,train,18.740473,44.59084
R-vly7LKotQ.003,train,-2.6624186,-1.7085541
R0RURVpmU9M.004,train,19.997011,-7.0127797
R42dmIPCXwo.001,train,2.951001,-3.0961344
R42dmIPCXwo.003,train,1.0741436,-3.5584593
R5uXsQsO6Uo.002,train,-0.5082066,-3.340843
R6NTuhZtOks.003,train,-1.8597591,9.261905
R6NTuhZtOks.005,train,-3.4984827,5.738545
R8Gpa-rRywc.001,train,-4.4205065,-1.3153975
RB9vu-0Y_Fk.001,train,-4.917939,-2.7253535
RCr48dXuZYE.002,train,0.49693882,5.3298697
RDOngWykAQU.000,train,-4.5844154,-3.7563338
RDOngWykAQU.002,train,-3.2681174,-4.1953225
RDOngWykAQU.003,train,1.815135,-5.6146083
REAxeTWo1QM.002,train,16.340801,-5.8762035
RGuHfwIRKpA.000,train,-9.514743,-0.37562576
RGuHfwIRKpA.001,train,-5.5826645,13.278167
RHEkTC8UfME.000,train,-4.0540476,-0.82479423
RHEkTC8UfME.003,train,-4.9751964,1.0270685
RMA5HIyEsXc.000,train,-0.12233932,-5.050324
ROTx-0q1F9M.001,train,6.757749,-9.215959
ROTx-0q1F9M.004,train,5.6562295,-9.532378
ROTx-0q1F9M.005,train,6.7128797,-6.8788385
RQdZHLGGR_E.001,train,-9.807781,-1.954293
RQeoo3idUJc.004,train,6.032763,1.3029743
RTJK4Duuxsc.003,train,-6.3138547,-1.6685297
RW4a2ERzTO8.000,train,-3.7783027,4.3274813
RWfY3Xk0XPQ.002,train,-7.3091617,0.6730047
RWfY3Xk0XPQ.003,train,-7.581761,-0.5332886
RWfY3Xk0XPQ.005,train,-4.7035103,0.05694062
RWhyKkFI3zw.001,train,-4.3391757,1.7232649
RWhyKkFI3zw.004,train,-5.8009515,2.6870825
RWhyKkFI3zw.005,train,-7.762943,1.4260864
RYG6XhdmPY0.001,train,8.626754,-7.369783
RYG6XhdmPY0.002,train,8.032348,-10.63003
RYG6XhdmPY0.004,train,22.466576,-11.90871
RYG6XhdmPY0.005,train,10.328041,-7.990724
RZOimXPTG0s.000,train,-6.435108,-2.5833218
RZOimXPTG0s.002,train,-6.5926003,-2.6876483
RZOimXPTG0s.003,train,-7.3497834,-2.1828337
RZgTERiRDjA.001,train,-9.141897,0.14390276
R_6hhFo7M3o.002,train,-2.6768868,2.7144716
R_6hhFo7M3o.003,train,-4.090332,-0.9599149
R_LJX7wszPY.000,train,17.257256,7.8033605
RbX4q4KceVk.000,train,-8.072254,4.5640697
RbX4q4KceVk.003,train,-8.635252,-0.04789166
RbX4q4KceVk.004,train,-3.9505832,3.1584237
RbX4q4KceVk.005,train,-6.7061915,4.331944
RdHnu7ZxjzI.000,train,-5.899391,4.9629455
RdHnu7ZxjzI.002,train,-0.45380843,3.0417047
RgZTZIf8K8g.000,train,-7.128582,2.6738725
RgZTZIf8K8g.001,train,-5.578648,7.5531015
RgZTZIf8K8g.002,train,-8.061002,6.2578874
RgZTZIf8K8g.003,train,27.018648,73.54091
RhFPotjd0hM.002,train,-6.548504,9.396164
RhFPotjd0hM.003,train,-8.780338,9.303569
RhFPotjd0hM.004,train,-8.085698,4.873122
RhSWpef2e6s.000,train,-0.628426,-7.0642676
RlUuWWWFrhM.005,train,-5.8408785,4.998637
RlaaCqle7tY.003,train,4.2671185,2.1497808
RlaaCqle7tY.005,train,-3.4929323,-6.2065616
Rops7WYMCCY.000,train,3.6036203,3.564052
Rops7WYMCCY.001,train,5.3510237,4.1610575
Rops7WYMCCY.002,train,1.1082953,1.9152927
Rops7WYMCCY.003,train,7.6520925,9.487819
Rp_gyvKE4hI.000,train,-5.644669,1.0687523
Rp_gyvKE4hI.001,train,-6.4791503,1.8899413
Rp_gyvKE4hI.002,train,-6.9938273,1.9517907
Rp_gyvKE4hI.004,train,-6.6670995,0.7008835
Rp_gyvKE4hI.005,train,39.0614,101.681145
RrvG7JlKoXM.002,train,0.76718795,-4.9546466
RrvG7JlKoXM.004,train,-0.023658628,-3.4773588
RrvG7JlKoXM.005,train,0.43207166,-3.0660686
RsYSOFRFszk.001,train,6.705084,-6.8873444
RsYSOFRFszk.004,train,-2.4098713,-2.9779246
RsjDkkvJirs.005,train,4.5253534,-7.470291
Rsz-26AaL2o.001,train,0.32961553,0.44459128
RtNylXap2qk.000,train,7.1956787,-2.6467345
RtNylXap2qk.001,train,23.065798,-7.2486773
RtNylXap2qk.005,train,2.0793705,2.1702788
RthpiC1KtSg.000,train,-5.6700273,-1.7891284
RthpiC1KtSg.003,train,-5.5939894,-0.75412303
RthpiC1KtSg.004,train,-2.8528812,-0.8149064
RuRn2t7iPSc.000,train,-8.254868,-2.911073
RuRn2t7iPSc.002,train,-7.6613965,-1.9105152
RuRn2t7iPSc.004,train,-3.6278918,0.47778767
RvoxbgEP49Q.003,train,3.535607,-5.4128785
RvoxbgEP49Q.005,train,0.7976665,-4.0946627
Rw_ZLT9vZTI.003,train,-10.255577,-0.17773956
Rw_ZLT9vZTI.005,train,-9.668673,1.554762
Rwsss8y1bf0.000,train,-8.81807,1.571254
Rwsss8y1bf0.002,train,-4.7448616,4.5012856
Rwsss8y1bf0.004,train,-7.3284307,0.69555074
Ry5JJvTfP-8.002,train,14.058528,-1.0187325
Ry5JJvTfP-8.004,train,10.539683,-2.9379108
S-e9-bW4seo.001,train,-5.6774554,7.2022243
S-e9-bW4seo.004,train,-9.560399,2.1282365
S-jhg6Y5OrE.001,train,12.253253,-9.410932
S0QIXcQGG-g.000,train,-6.0675726,1.5399213
S0QIXcQGG-g.001,train,-6.1512394,-2.8444014
S0QIXcQGG-g.002,train,-4.8278775,-3.266204
S0QIXcQGG-g.004,train,-4.084572,-3.026174
S1AEj1kO5dc.002,train,7.8182034,0.7333523
S1AEj1kO5dc.004,train,5.7124014,-0.41564074
S1AEj1kO5dc.005,train,19.97874,9.629645
SBEad3L1Hdc.000,train,-7.877917,2.3100371
SBEad3L1Hdc.001,train,4.4280763,10.580001
SBEad3L1Hdc.003,train,-3.5100424,5.297664
SCZLT4fH5B8.000,train,9.672886,-7.0232525
SCZLT4fH5B8.001,train,12.238058,-7.182132
SCnQFpdklMg.001,train,8.658939,-8.476699
SCnQFpdklMg.002,train,4.853444,-5.4681563
SCnQFpdklMg.004,train,7.9864287,-6.914998
SCnQFpdklMg.005,train,8.222271,-2.9096167
SEELGB_-uWU.001,train,30.860119,-5.8818774
SEELGB_-uWU.002,train,24.756628,-6.5375905
SEELGB_-uWU.003,train,22.092567,-6.592358
SEELGB_-uWU.005,train,17.871136,-3.9805562
SFRis1tTZWk.002,train,7.1615067,-4.2823744
SFRis1tTZWk.003,train,4.822713,-3.087164
SFxiMxHvJuo.000,train,-6.870939,0.8137084
SFxiMxHvJuo.001,train,0.40191844,-1.6728661
SFxiMxHvJuo.005,train,-4.734733,0.34429193
SG2QAh_50ek.001,train,-2.4138756,-4.5750504
SG2QAh_50ek.005,train,-2.0441446,-1.4084145
SI93csgHMTk.004,train,5.12542,-3.1799295
SIpQm4G4DDg.000,train,-4.07606,4.2610626
SIpQm4G4DDg.004,train,-3.7189274,3.8134255
SM0i7RkOjPk.000,train,4.203871,-3.5210335
SM0i7RkOjPk.005,train,-0.40807584,0.032971755
SOxdUtjGmAo.001,train,3.7597013,-1.9780495
SOxdUtjGmAo.002,train,1.6089396,-3.3033338
SOxdUtjGmAo.003,train,0.74571866,-5.3247986
SPD5fXHVyIk.002,train,26.672653,10.935903
SPD5fXHVyIk.004,train,27.212551,3.2710617
SPpox8EGQqU.001,train,-2.1545093,-3.939577
SR1Q5M2urxY.003,train,17.73352,-9.461259
SR1Q5M2urxY.004,train,18.242584,-10.206573
SRjhmQTPOmA.002,train,-5.9083786,3.0002122
SRjhmQTPOmA.004,train,-1.7670345,5.5559864
SRjhmQTPOmA.005,train,-0.2761487,4.801818
SUI6WNryjqw.000,train,-4.017681,-5.830066
SUI6WNryjqw.002,train,-4.0917935,-5.2759757
SUI6WNryjqw.003,train,-6.8519444,-2.4339945
SUY_HDzgvGA.003,train,-0.3638637,0.23273018
SYlV95nPTPs.001,train,-2.8486106,-0.25417498
Sa7iqqSbaTU.000,train,8.084404,-5.5967503
Sa7iqqSbaTU.002,train,3.6203556,-7.9016905
Sb1b8JMVhLs.000,train,-3.39018,-2.3902855
Sb1b8JMVhLs.002,train,-11.625931,2.6296756
Sb1b8JMVhLs.005,train,-11.797892,3.994153
SbtIS7XwkLU.001,train,24.305292,9.669738
SbtIS7XwkLU.005,train,4.567265,-4.2598267
Sdqg-jn_tBk.000,train,-2.8058913,11.021539
Sdqg-jn_tBk.001,train,-1.379551,4.2916846
Sdqg-jn_tBk.004,train,-3.7917347,3.839329
Se3Gts4u1vs.000,train,5.647726,14.731179
Se3Gts4u1vs.005,train,-6.4379244,1.9742953
SfldZBPyPFo.001,train,-3.4179368,1.7748264
SfldZBPyPFo.002,train,0.25791958,7.0261493
SfldZBPyPFo.003,train,-1.8389674,4.681233
SgWtBK48AjE.001,train,6.4092865,1.8344002
SgzOYog1pH4.001,train,-10.540407,-1.1218774
SgzOYog1pH4.003,train,-10.467097,-1.9453166
Shf0JB_MutI.001,train,0.29691017,-5.1665144
SkNO4x-LSgE.004,train,-2.72519,3.1034102
SkNO4x-LSgE.005,train,-0.31636772,-1.4037621
SoHlnvNirJg.001,train,30.525938,-9.872957
SsoZjq7x4MA.000,train,2.5070708,-6.59817
SsoZjq7x4MA.004,train,5.3112354,-2.3239071
SxKLweLx_ZE.000,train,-2.517774,2.8782241
SxRNdq2nGN0.000,train,8.491191,-7.579655
SxRNdq2nGN0.001,train,19.14462,-10.880655
SxRNdq2nGN0.002,train,12.35618,-3.3723862
SyaRn3MHEIE.003,train,3.6400166,-3.9267797
SyaRn3MHEIE.004,train,4.8086157,-3.816505
T-mK85acIOc.004,train,8.749813,-7.271113
T-mK85acIOc.005,train,25.735233,-4.865421
T0drx76OLAc.000,train,-5.318071,-1.3470043
T1--98_78ns.003,train,-7.606884,-0.9157477
T1_6sVNHG70.000,train,-1.2245653,15.815082
T1_6sVNHG70.001,train,-5.0661125,2.5028975
T1_6sVNHG70.005,train,-8.006284,0.70725054
T1tJTwlGqOM.000,train,6.377552,4.626426
T1tJTwlGqOM.001,train,0.79698306,-2.084745
T1tJTwlGqOM.004,train,21.150518,-9.673434
T1tJTwlGqOM.005,train,1.351356,1.6918132
T3v3-2tvV0s.000,train,-6.4484525,3.4226341
T4eZ81aJwJI.000,train,0.40064505,2.5292196
T4eZ81aJwJI.003,train,-2.6353545,-0.22064924
T4eZ81aJwJI.004,train,1.9258294,0.6553658
T4eZ81aJwJI.005,train,-3.5684245,-1.2513363
T6CMGXdPUTA.000,train,-0.046565488,-4.737691
T6CMGXdPUTA.001,train,5.670324,-5.8131905
T6CMGXdPUTA.002,train,-1.4099534,-3.6928093
T8ibN-b3h7Y.001,train,-6.580043,-0.8436612
T9xSEBSaL7Q.003,train,15.462395,-4.2991314
TCzYD74Xqe8.000,train,-2.0225236,-3.1181219
TCzYD74Xqe8.002,train,-0.28769195,-3.878335
TD2jIXMD-SM.001,train,2.9444256,-2.9383793
TD2jIXMD-SM.002,train,7.9024796,-3.7821507
TD2jIXMD-SM.005,train,9.269219,0.1678847
TD3H2DOSi1Y.001,train,-3.7655835,-6.5158734
TEGJrmNFvXY.001,train,-5.681876,-2.576399
TEGJrmNFvXY.004,train,-3.9280303,-2.5934916
THO-md3eEkA.000,train,13.74911,-0.55411106
THO-md3eEkA.003,train,14.2175665,2.8627512
THO-md3eEkA.004,train,21.392544,-7.6377683
TIRrlL71dEQ.000,train,7.963698,-4.540281
TIRrlL71dEQ.005,train,8.49321,-2.1040149
TJD__22fOr0.000,train,-5.2055717,2.1723416
TJJJfJfj46M.001,train,4.236141,2.8792155
TNjEJGdqmH0.000,train,1.64775,10.229893
TNjEJGdqmH0.001,train,-1.425132,6.7047424
TNjEJGdqmH0.002,train,0.3684441,7.506566
TNjEJGdqmH0.003,train,0.05590584,3.8588793
TNjEJGdqmH0.005,train,1.9727895,10.466853
TNtcyfM9jak.000,train,10.569018,-2.1547444
TNtcyfM9jak.001,train,4.300811,-10.035142
TNtcyfM9jak.002,train,11.130495,-7.4753203
TNtcyfM9jak.003,train,16.378891,-3.91857
TNtcyfM9jak.005,train,-4.144416,-3.2030034
TPRQyuiNYmI.002,train,-12.176762,3.4077415
TPk6KiHuPag.000,train,2.0581152,-8.298892
TPk6KiHuPag.001,train,-1.0035393,-5.8648815
TPk6KiHuPag.003,train,-3.2737234,-5.9409943
TPk6KiHuPag.004,train,-1.6291211,-6.1052613
TQHzCznQ14Y.000,train,-1.8294275,1.4799272
TQHzCznQ14Y.003,train,-2.9358444,0.36647096
TSGpD2NBeCQ.002,train,-8.267061,3.6816752
TTuysItuSdo.004,train,-9.297825,8.145909
TTx4lC7LLcI.000,train,4.9174724,-5.500969
TTx4lC7LLcI.001,train,-4.8758316,-2.4544032
TUaOp5eIU2c.000,train,-4.5641937,11.646033
TUaOp5eIU2c.001,train,-10.089759,1.2319628
TUaOp5eIU2c.002,train,-4.3406043,13.708341
TUaOp5eIU2c.003,train,-7.458516,3.8950884
TWKKCoT4FTc.001,train,-7.412579,0.08737826
T_X16g5ExgE.005,train,1.7952437,-3.9877717
TaL5JleXDP8.003,train,7.967087,-8.55161
TaL5JleXDP8.005,train,8.32678,-5.0772967
TaTMtWvSmu4.000,train,-3.0735385,-1.0958852
TaTMtWvSmu4.001,train,-4.9981174,-2.560354
TaTMtWvSmu4.003,train,-5.9303,-3.885666
TaTMtWvSmu4.004,train,-7.3622875,-3.452693
Tad9Q9OFjJw.002,train,-3.8935432,0.7117686
Tad9Q9OFjJw.003,train,-8.551782,3.6591766
Tad9Q9OFjJw.004,train,-6.193685,-1.0796525
Tch2Bt9b8AY.001,train,-2.5008488,-3.1790202
TeNC9wOhlXM.000,train,14.747544,-7.2454963
Tg8a_iNEamM.000,train,12.839477,0.8262578
Tg8a_iNEamM.005,train,8.541224,-1.1419992
TiQF5QduRNE.003,train,9.127154,22.731783
Tm44tg1zPwU.004,train,3.1653333,-2.0447423
TmpP2fXeVtk.000,train,5.6656513,14.700561
TmpP2fXeVtk.002,train,-3.2800162,-3.5179083
TmpP2fXeVtk.003,train,-2.8662877,-2.2683349
TmyDT-HC3qI.001,train,3.3431547,-4.9447684
TmyDT-HC3qI.002,train,4.0766697,-6.213773
Tr3A7WODEuM.001,train,1.2068429,-5.3438106
TursJyaFzqY.000,train,-10.746309,0.5673463
TursJyaFzqY.002,train,-3.7853858,5.4111733
TursJyaFzqY.003,train,-8.395953,0.10341968
TursJyaFzqY.004,train,-10.601894,0.8804818
TursJyaFzqY.005,train,-9.261164,-0.6944347
TwWDFpN3occ.001,train,0.46124506,-5.4227886
TwWDFpN3occ.002,train,3.5394344,-3.1067097
TwWDFpN3occ.003,train,0.58047557,-3.2100866
TzW_VxrCR30.002,train,-11.275091,0.3264282
U-PRay-woXU.000,train,-6.143443,-1.0084801
U-PRay-woXU.002,train,-4.555762,1.008347
U-PRay-woXU.004,train,-6.5892644,1.0427388
U-PRay-woXU.005,train,-3.0412805,-0.33857027
U-XrzfFzMkg.004,train,16.330109,-12.437017
U-XrzfFzMkg.005,train,19.136772,-4.112461
U22Jy0m5xSQ.001,train,3.7345393,-4.7415447
U22Jy0m5xSQ.005,train,4.0135922,-6.1575933
U2RemWUyjts.000,train,-8.130222,-0.7237558
U2RemWUyjts.003,train,-8.301451,-1.0093815
U2lT_RogJMM.001,train,-7.6979423,-0.48606482
U3UaF1aFek4.001,train,5.4518695,0.22854108
U3UaF1aFek4.002,train,-0.29915679,-6.5179105
U3UaF1aFek4.005,train,10.892629,-4.3192363
U9NlCSah83U.001,train,-2.3903737,1.8476796
U9cidDFDTQE.001,train,-9.655558,1.4004854
U9cidDFDTQE.003,train,-9.549531,3.2853286
U9cidDFDTQE.004,train,-9.892924,3.4653986
UA6UY69EVSI.000,train,-3.1958687,3.5474539
UA6UY69EVSI.002,train,-1.6561825,0.7418914
UA6UY69EVSI.004,train,-1.3360884,0.35752687
UANQntvIqVk.000,train,-5.5398884,-4.842914
UANQntvIqVk.003,train,-4.2553425,-6.6034007
UANQntvIqVk.004,train,-4.253569,-6.0370955
UCKiPkp4ZkA.000,train,-4.029815,-5.2094545
UD-8YYU7GZs.000,train,12.109037,-3.1808183
UD-8YYU7GZs.003,train,6.2255297,0.42176926
UD-8YYU7GZs.004,train,12.0569515,-1.1762516
UEYKBC_SuzU.001,train,2.789736,2.1397495
UEYKBC_SuzU.004,train,-5.7908516,5.0545692
UGn9Q8Fe9jw.001,train,18.464235,-11.170641
UGp1GNK0GWg.000,train,3.9752889,0.59442973
UGsr6Vnqf7I.003,train,-7.879217,-0.18264814
UGsr6Vnqf7I.004,train,-6.8715477,-0.03630514
UKHSKkb0V1o.003,train,-2.262005,-6.1328163
UKHSKkb0V1o.004,train,2.1324165,-7.94235
UKHSKkb0V1o.005,train,-0.1202921,-4.927795
UMMhvyjgRnM.004,train,-0.66083413,9.337809
UMgeWS5r3IE.005,train,12.470203,0.6677055
UOvgGSx9k_k.001,train,19.9651,-16.711607
UOvgGSx9k_k.003,train,15.52715,-15.55261
UQeuBvZNusI.000,train,-6.7801833,-1.0647455
UQeuBvZNusI.001,train,-4.3952403,1.5890267
UQeuBvZNusI.003,train,-5.0591497,3.121813
US4PxgfKDeA.000,train,4.723297,-3.05496
US4PxgfKDeA.003,train,4.8055778,-2.9988656
US4PxgfKDeA.004,train,0.19487378,-1.7199434
USO-o9dHJ3U.000,train,-1.5465319,-1.8703873
USO-o9dHJ3U.001,train,-4.588136,-3.0052357
USO-o9dHJ3U.004,train,-0.832818,-2.7572556
USO-o9dHJ3U.005,train,-4.8758335,-4.7686143
USicjVA1trA.003,train,13.054908,-4.166905
USicjVA1trA.004,train,12.764594,-6.419575
USicjVA1trA.005,train,8.711198,-4.9790435
UVMEzA3yHsM.001,train,-0.7570391,-2.0856779
UVMEzA3yHsM.003,train,2.7882416,-2.2206275
UVvBaGOxwRI.000,train,26.957539,-10.767576
UWVOT3YPQH4.001,train,-6.003397,-2.425767
UWVOT3YPQH4.002,train,-6.049485,-0.7752612
UWVOT3YPQH4.004,train,-6.3529806,-0.94757205
UWVOT3YPQH4.005,train,-1.2177097,-2.085023
U_QQ8EuuWPg.000,train,-4.6336546,-2.8189902
U_QQ8EuuWPg.001,train,-4.92102,-4.792952
U_QQ8EuuWPg.002,train,-5.426008,-4.770736
U_QQ8EuuWPg.003,train,-5.495461,-5.1062026
U_QQ8EuuWPg.005,train,-6.314032,-3.0390556
UcyjGGEBn30.001,train,-2.5701303,-6.1538334
UcyjGGEBn30.004,train,0.64820874,-2.6053913
UcyjGGEBn30.005,train,-0.1333694,-4.9434147
UhNyHUwo1SY.001,train,-11.374467,0.9268072
UhNyHUwo1SY.003,train,-13.404761,0.8569152
Ui1ajQU5Ib8.000,train,17.976992,-6.762361
Ui1ajQU5Ib8.001,train,16.356857,-11.094025
Ui1ajQU5Ib8.005,train,16.15612,-14.013578
UipoC_HLOP0.001,train,-9.675318,0.4456243
UipoC_HLOP0.003,train,-6.1387215,4.341055
UipoC_HLOP0.004,train,-3.5213506,12.608222
UjqpaK1HlKI.004,train,0.45606428,-3.2754207
UjqpaK1HlKI.005,train,0.25208256,-3.1032553
UoC_4qi_m9c.002,train,2.08719,6.0227222
UoC_4qi_m9c.003,train,2.39336,6.980828
UqfFvPT9mEs.000,train,-5.6519012,-0.088365026
UrOamWOcOwQ.000,train,-8.127015,5.3840227
UrOamWOcOwQ.002,train,-9.292669,1.316537
UrOamWOcOwQ.003,train,-9.336534,2.4330325
UrOamWOcOwQ.004,train,-11.674142,6.3717976
UrOamWOcOwQ.005,train,-9.003982,8.031327
UsmwjNu3kgQ.001,train,-11.604029,2.6902328
UtVo107m5lg.001,train,-8.571338,3.5149922
UtVo107m5lg.002,train,-9.351974,1.7831886
UtVo107m5lg.003,train,-11.4669285,1.5492214
UtVo107m5lg.005,train,-6.0598617,0.7604778
Uu-NbXUPr-A.000,train,-1.5462438,-5.612493
Uu-NbXUPr-A.001,train,-3.5820708,-4.5793724
UvX6ctu2ObM.002,train,7.6789827,-2.5683725
UzgW75Fd4jU.001,train,2.498988,-0.5783549
V1I40vVRk78.002,train,-5.4845805,-3.1422143
V1I40vVRk78.003,train,-6.0546994,-1.7791928
V1TjmLtgNm0.000,train,-3.2634535,-0.4393812
V1TjmLtgNm0.002,train,-5.464797,-3.4473553
V1TjmLtgNm0.005,train,-4.424337,-0.53482467
V2nvyZB-JNM.001,train,-9.020574,7.0950418
V2nvyZB-JNM.002,train,-10.357267,6.723209
V2nvyZB-JNM.003,train,-8.813691,1.8941257
V2nvyZB-JNM.004,train,-8.518792,1.7768098
V4ibYU1O-YI.000,train,1.5537384,6.9940114
V4ibYU1O-YI.001,train,4.7029557,10.069534
V4ibYU1O-YI.005,train,1.7490612,3.784681
V7_h3URfSFY.000,train,-13.797878,0.374976
V7_h3URfSFY.003,train,-11.589775,-0.10057614
V7_h3URfSFY.005,train,-10.074036,-0.8755533
V8JaJ2IVG9E.004,train,1.6223022,-8.403565
V8JaJ2IVG9E.005,train,-0.4625015,-8.853965
V8PSAROGbZM.004,train,16.045305,-15.437831
V8w2Lo5wxl8.000,train,-8.885698,0.0273228
V8w2Lo5wxl8.001,train,-4.191316,5.3377585
V8w2Lo5wxl8.004,train,-0.8639751,7.037992
V9OuGDPnqHI.000,train,14.736838,-2.380216
V9OuGDPnqHI.001,train,10.539599,-6.4255404
V9OuGDPnqHI.004,train,8.355226,-2.0500102
V9aMA9YLa2k.001,train,-2.7839298,3.2946782
V9aMA9YLa2k.005,train,-4.139513,1.5989628
V9roK_mLM-w.000,train,-4.782181,-4.332515
V9roK_mLM-w.002,train,-5.445716,-3.45132
V9roK_mLM-w.003,train,-4.028413,-3.546075
VA5XjOaBH0Y.000,train,8.633283,-8.2969475
VAZLQqJa9rQ.001,train,18.795937,-4.2258124
VAZLQqJa9rQ.002,train,15.798152,-0.77661854
VAZLQqJa9rQ.003,train,9.718017,-2.4304142
VAZLQqJa9rQ.004,train,12.036948,-4.656896
VDcYF-YQuWw.000,train,3.829443,-4.6191897
VForU0EmBr0.000,train,-4.1721287,3.0981097
VForU0EmBr0.001,train,-1.0747029,5.7446585
VForU0EmBr0.003,train,-4.5155544,-3.2217598
VForU0EmBr0.005,train,-1.05811,4.3159304
VGoAtKcKIe8.002,train,-10.158468,0.73319453
VGoAtKcKIe8.005,train,-7.363901,-0.2912584
VIKk25Ozx40.000,train,-2.8239949,0.6594242
VIhStXxpAr0.000,train,-2.7626002,2.989861
VIhStXxpAr0.001,train,0.616206,6.063995
VIhStXxpAr0.003,train,-0.43662626,1.9909905
VIhStXxpAr0.004,train,-2.8107939,1.596721
VJuVsi6G96s.000,train,-5.724401,4.2441516
VJuVsi6G96s.002,train,1.478524,0.64902323
VM409fZmJE0.000,train,-3.6298172,1.603248
VNK6LQHh25w.000,train,-2.5454068,-0.79204714
VNK6LQHh25w.004,train,16.890121,13.992487
VOeVhXWK7-8.004,train,4.66733,0.61497754
VOeVhXWK7-8.005,train,1.8195055,-4.1461763
VOhsEbDjZ9E.001,train,24.90759,-9.656547
VPFrKx72gvo.001,train,-5.442028,3.5319319
VPFrKx72gvo.002,train,0.5450352,2.0641308
VQMizni7nY0.001,train,-4.238839,-1.0530565
VRjJxTqOJyo.001,train,7.01954,-5.9388266
VRjJxTqOJyo.002,train,3.308542,-1.8305663
VRjJxTqOJyo.004,train,1.9379139,-4.5257783
VTrqCDYHVqU.001,train,-5.452615,3.3864574
VTrqCDYHVqU.002,train,-5.73599,0.3422408
VTrqCDYHVqU.003,train,-4.88683,1.7326705
VTv4BAYgJpk.001,train,-5.6510506,-0.05129145
VTv4BAYgJpk.002,train,-6.508336,2.3491828
VTv4BAYgJpk.003,train,-5.4791346,1.4498353
VTv4BAYgJpk.005,train,-7.1191645,1.4877962
VUGWfw5PVLY.000,train,-3.5960865,-4.145872
VUGWfw5PVLY.002,train,0.43314672,-2.1016345
VUgKH9DIs-8.000,train,3.573714,17.20575
VUgKH9DIs-8.001,train,2.9843214,14.849871
VUgKH9DIs-8.002,train,26.2281,38.620373
VUgKH9DIs-8.003,train,9.75608,28.67577
VUgKH9DIs-8.005,train,15.183114,13.802309
VZ6jhnbk-5g.001,train,-8.428815,-2.0964897
VZ6jhnbk-5g.002,train,-8.6035185,-1.4794185
VZ6jhnbk-5g.003,train,-7.316692,-1.2047496
VZ6jhnbk-5g.004,train,-7.3074765,-0.94384617
VbiUhNAdzus.000,train,-3.6876292,-5.4863644
VbiUhNAdzus.002,train,-1.1741086,-7.3609047
Vd9biSOZ5CI.001,train,-5.4800425,3.663781
Vd9biSOZ5CI.002,train,7.613695,22.864273
Vd9biSOZ5CI.003,train,-7.089784,-0.092377834
Vd9biSOZ5CI.004,train,-4.993423,0.85374904
VhHnmeRABJw.003,train,-9.377544,1.0442102
VhHnmeRABJw.005,train,-7.5025725,4.454383
Vimaz7NzPIg.001,train,-8.100759,-1.1102402
Vj-Cmtqv_qY.001,train,-8.326138,-1.3762301
VjYqagJ4xt8.001,train,-6.9991283,-4.529773
VjYqagJ4xt8.004,train,-6.7836947,-3.4517326
Vk3scj5vhd4.004,train,-1.1588341,-1.124304
VmV8NIvVVkw.000,train,1.3534427,-4.417221
VmXZ2jMWuvk.001,train,-3.8847675,7.4714975
VmXZ2jMWuvk.004,train,-4.8581586,3.7156909
VmyIItgMzpE.002,train,-8.153774,3.432498
VnUkBYQkJms.002,train,25.81886,-6.633945
VnUkBYQkJms.003,train,15.962373,-7.269067
VnUkBYQkJms.004,train,22.371826,-6.788405
VnUkBYQkJms.005,train,15.135497,-4.7962527
VoPuhcQc_mg.000,train,0.19878787,8.759491
VoXh9utSIx8.000,train,3.9490886,-2.4804833
VsY6jAlvb9o.000,train,4.3280044,-0.9379065
VtYPH6UsVnU.000,train,-8.221586,2.8506603
VtYPH6UsVnU.001,train,-6.332358,6.8944387
VtYPH6UsVnU.002,train,-10.298016,2.9591243
VtYPH6UsVnU.003,train,-9.294434,4.1219945
VtYPH6UsVnU.005,train,-9.251742,3.033742
VuS938tAv-0.003,train,1.5531541,-6.50783
VuadgOz6T7s.000,train,-7.672477,3.1798918
VuadgOz6T7s.001,train,-8.083857,1.6171144
VuadgOz6T7s.002,train,-10.537299,0.92278004
VugKq4gOi50.000,train,-6.4457345,0.8767694
VugKq4gOi50.004,train,-5.782752,5.2127423
VugKq4gOi50.005,train,-7.8823667,3.5736995
VvSk5m90xOs.000,train,10.988117,-3.9848394
VvSk5m90xOs.002,train,14.0286455,-2.9527566
VvSk5m90xOs.003,train,11.425166,-3.0561965
VvVigAr4hZc.003,train,-10.34342,-1.4562124
VxtZDXM0cuQ.001,train,3.2020352,3.9525588
VxtZDXM0cuQ.002,train,3.0587914,2.213836
VxtZDXM0cuQ.005,train,6.975907,4.5133247
Vyktsh14Kww.005,train,9.424781,-10.98308
W0Ay5uul8j0.001,train,8.844693,-8.644155
W0Ay5uul8j0.002,train,10.222779,-8.618398
W0FCCk0a0tg.001,train,1.3266054,4.8320656
W0FCCk0a0tg.003,train,17.340685,22.81333
W0LRjSS9pVM.001,train,-9.222728,-0.32880032
W0LRjSS9pVM.004,train,-7.2313337,3.898179
W2AB3UUyvwI.002,train,-1.5279564,-1.5067526
W2AB3UUyvwI.003,train,-3.6653616,-2.1139562
W2AB3UUyvwI.005,train,-0.73645675,-4.8116426
W2asVll3OSU.001,train,-0.19109868,-1.1574891
W4tz3plvvKI.003,train,0.9018202,1.250535
W7BbL3NZvrU.001,train,16.951757,3.319967
W7BbL3NZvrU.004,train,7.712888,-2.0029728
W8NkAXNboT0.000,train,0.5267552,-3.3688068
W8NkAXNboT0.002,train,1.6889381,-0.7499236
WATt9OOVZh8.001,train,-0.3724964,-2.4304087
WATt9OOVZh8.002,train,0.83219427,0.5877246
WATt9OOVZh8.004,train,-5.4609385,-2.142212
WCLkd1Fek0w.001,train,0.53318566,29.713308
WD1WsbooU2w.001,train,-2.0633202,8.315735
WD1WsbooU2w.002,train,2.4720936,19.060953
WGP2HLnoma0.001,train,-7.374768,7.3055716
WMp0lsXbOqM.002,train,5.508115,-12.212639
WMp0lsXbOqM.003,train,5.940563,-12.386682
WOyix7rTgwI.001,train,34.26328,24.632324
WQg0-M4Yn3s.000,train,-0.95703995,18.809504
WRz1F6DqmRQ.000,train,-7.4294853,1.9110965
WRz1F6DqmRQ.002,train,-7.158109,0.43801758
WRz1F6DqmRQ.004,train,-7.872111,-0.8450562
WRz1F6DqmRQ.005,train,-6.7301893,-0.29947338
WT1YjeADatU.000,train,-1.3972865,-1.7264767
WT1YjeADatU.001,train,-2.443458,-5.3449883
WT1YjeADatU.002,train,-3.373083,-2.3080447
WT1YjeADatU.003,train,-1.8448752,-4.7377925
WTzDOt2GO1M.002,train,3.4349113,-3.0604832
WTzDOt2GO1M.005,train,3.973033,-2.877245
WU2_ELn71Rw.000,train,-3.7230744,6.9284554
WUNXs4r_xCU.000,train,14.0613985,-7.7853875
WUNXs4r_xCU.001,train,3.4468534,-3.7590103
WUNXs4r_xCU.002,train,-0.7261256,-4.105427
WUNXs4r_xCU.003,train,3.9200907,-3.4736757
WUNXs4r_xCU.004,train,-5.3304796,1.3024395
WWdCfiraNQk.003,train,21.985733,-14.1867075
WYXRdYT4F0Q.003,train,4.734181,-11.348242
WZnLayQeIZ0.000,train,2.4168413,-2.1997564
WZnLayQeIZ0.005,train,2.8017676,-4.2976108
Wa-HX5jP3ew.001,train,17.485592,0.5027436
Wa-HX5jP3ew.002,train,6.1447377,0.04888694
Wa-HX5jP3ew.003,train,32.061634,-2.40668
Wbd7QufjK_E.002,train,6.8706408,-10.79012
Wby2oMliGz0.000,train,-6.4258823,3.5382943
Wby2oMliGz0.002,train,-8.259772,0.8362389
Wby2oMliGz0.003,train,-8.71805,-0.6186813
Wby2oMliGz0.004,train,-5.323073,3.168008
Wby2oMliGz0.005,train,-5.895067,1.8680512
Wd0V4MNvqcg.000,train,-10.417944,0.08354383
Wd0V4MNvqcg.001,train,-6.524192,-0.38782796
Wd0V4MNvqcg.002,train,-4.711007,-0.39524212
Wev85dXzVGM.000,train,5.123945,-5.8075123
WfCSCxADlrg.002,train,24.39129,-4.2091303
WfCSCxADlrg.004,train,11.847599,-1.0519006
WfCSCxADlrg.005,train,24.610975,-6.1340666
WfZodMIIGR0.000,train,-1.0425131,3.6634655
WfjLOieAwGY.002,train,-9.156103,-0.6335995
WkbvQZU475o.003,train,2.2423391,-8.605576
WosLI6krxUg.001,train,8.144404,-0.9950651
WosLI6krxUg.002,train,9.723543,-4.28897
WpEZOSrENL0.002,train,-9.082522,0.020556884
WpMPrPnk1po.000,train,15.720641,11.638838
WuHLxhCSnGs.001,train,-1.0164528,-0.85301954
WuHLxhCSnGs.003,train,1.5113322,-1.5169772
WuHLxhCSnGs.004,train,1.1166877,-2.1460416
WuHLxhCSnGs.005,train,0.2744473,0.13966472
WuIKjBb7s4Q.000,train,-4.5496902,-3.0239217
WuIKjBb7s4Q.002,train,-3.253858,-4.8946404
WuIKjBb7s4Q.003,train,-3.5029721,-5.09055
WuIKjBb7s4Q.004,train,-3.4095416,-2.997148
WuIKjBb7s4Q.005,train,-0.2594885,-1.9334285
WuoQDp7pU24.001,train,0.15910473,0.22400166
WuoQDp7pU24.002,train,6.344854,-0.16441245
WuoQDp7pU24.003,train,-7.438023,1.3475863
WwGca41TJVU.002,train,8.922635,-0.57306015
WwGca41TJVU.003,train,3.4475896,-1.0730131
Wx_oe0SxD9w.000,train,-10.083892,3.0261002
Wx_oe0SxD9w.001,train,-9.899806,3.3772097
Wx_oe0SxD9w.002,train,-9.956383,2.9992523
Wx_oe0SxD9w.003,train,-8.339142,5.789555
Wy4hWbeibhU.000,train,-6.3179283,-1.2476059
Wy4hWbeibhU.002,train,-7.181641,-0.014903077
WyLqK6wzYLU.000,train,-4.9729652,-3.750543
WyLqK6wzYLU.001,train,-2.808158,-4.5765014
X-i_eQ48DBw.000,train,-2.403099,0.7983133
X-i_eQ48DBw.001,train,-1.524337,0.98534036
X-i_eQ48DBw.004,train,-4.1470146,1.4508922
X1EjfXX3NTk.000,train,9.064185,7.8986125
X1EjfXX3NTk.003,train,-0.28618032,2.1134856
X1EjfXX3NTk.004,train,9.414384,7.428129
X4NG3EGtUvo.003,train,26.188427,-14.861717
X4NG3EGtUvo.005,train,0.8408384,-5.333488
X5aKCrWf6a4.001,train,-8.24587,-1.4274931
X5aKCrWf6a4.003,train,-7.4057,-1.5426712
X5aKCrWf6a4.005,train,-8.483793,-1.4316304
X7S71Som15M.001,train,4.0410295,-3.9090264
X7S71Som15M.002,train,4.8467765,-5.4498405
X8RfXbeIQvo.001,train,1.0393788,11.86539
X9AEEGzWSU8.001,train,-10.488937,1.9108249
X9AEEGzWSU8.002,train,-8.691085,4.809069
X9AEEGzWSU8.003,train,-9.015378,3.9647026
X9AEEGzWSU8.005,train,-7.3917727,1.9979644
XAO4l8Ej-J8.003,train,-2.8681974,-4.71794
XAO4l8Ej-J8.005,train,-4.239713,-7.2367396
XB4JOAiEanw.000,train,1.3809249,-1.558413
XB81sertsYU.000,train,0.12161577,-5.879639
XEpdSMQfEOs.002,train,12.05828,-10.538636
XEpdSMQfEOs.003,train,6.1719375,-10.199339
XEpdSMQfEOs.004,train,11.231631,-8.966305
XFpzukISe6s.004,train,-4.206147,-0.7989547
XFpzukISe6s.005,train,-6.825576,4.0942082
XFqLaKqrUHM.004,train,-0.47491768,1.9168004
XJj34u5IzU0.002,train,-4.156987,-5.5499163
XJj34u5IzU0.003,train,-1.8177818,-4.0490026
XJj34u5IzU0.004,train,-2.088647,-3.2328017
XLKNGnpTO9k.001,train,-3.4686759,2.918641
XLKNGnpTO9k.005,train,2.1463103,3.6823301
XLV7teADu3c.000,train,-5.421584,6.3644643
XLV7teADu3c.002,train,-8.9948435,5.243372
XN5vpJU3ifw.000,train,10.66098,10.24591
XN5vpJU3ifw.001,train,17.885038,10.601997
XN5vpJU3ifw.003,train,7.0558653,-1.3597969
XN5vpJU3ifw.004,train,19.522139,20.46082
XN5vpJU3ifw.005,train,4.600399,3.6772072
XNWN7ScxVIA.002,train,-1.5453192,-6.6810412
XOioICna1hc.001,train,-6.099793,-1.5538206
XOioICna1hc.004,train,-3.4580781,-2.999181
XOioICna1hc.005,train,-0.703048,-4.145245
XPV4pavXh94.001,train,3.9288242,-5.0515575
XPV4pavXh94.005,train,0.29730192,-3.4297206
XQ3do4LDFv8.000,train,1.8654003,-3.7536433
XQ3do4LDFv8.003,train,1.1533008,-4.657891
XQ3do4LDFv8.004,train,0.36997807,-4.4560313
XQZ5M9oLkXw.001,train,-11.044377,3.9699285
XQZ5M9oLkXw.003,train,-10.591938,5.484885
XQZ5M9oLkXw.005,train,-11.648353,4.0201955
XRoSKIIFp9c.003,train,-4.5894957,2.1119506
XRoSKIIFp9c.004,train,-7.035604,-1.570277
XT4rTk6-Etc.000,train,-10.073753,3.3927755
XT4rTk6-Etc.001,train,-10.020409,3.8040578
XYt6WL-l7do.001,train,7.172133,-6.758367
XYt6WL-l7do.002,train,2.7430537,-3.699247
XYt6WL-l7do.004,train,3.0148685,-2.888106
XYt6WL-l7do.005,train,4.847561,-5.841739
Xauhek9-iKA.001,train,-3.3668203,0.24053101
XbsA_lCKQLs.002,train,-10.599256,8.0336895
XbsA_lCKQLs.003,train,-9.621555,10.020472
XbsA_lCKQLs.004,train,-14.918425,5.866964
XcEFSi3uaJM.000,train,3.3065662,-7.678933
XcEFSi3uaJM.002,train,2.885468,-7.091584
XcEFSi3uaJM.005,train,1.9672964,-6.318813
XfK7WZ3skUM.001,train,3.987789,4.040241
XfUqFt2amrM.000,train,-3.520401,9.1269
XfUqFt2amrM.002,train,-2.1347766,14.789444
XfUqFt2amrM.003,train,1.4836758,15.647104
Xfmu-7JuDGg.000,train,-5.2916694,17.223011
Xfmu-7JuDGg.001,train,-6.831922,11.5992365
Xfmu-7JuDGg.002,train,-9.189063,5.4476185
Xfmu-7JuDGg.004,train,-6.887168,15.022516
XhgDsQlEnuU.000,train,-0.94428253,-2.8364527
XhgDsQlEnuU.001,train,-2.0856948,-0.5734629
XhgDsQlEnuU.002,train,-0.18818757,-1.9701396
XkeSLRAftxA.001,train,-10.871587,-0.21313943
XkeSLRAftxA.004,train,-8.018902,0.8866371
XkeSLRAftxA.005,train,-10.378583,-0.58764863
XmWA7zTJj-c.003,train,-2.7717054,-6.1955814
XoyQKsK7OtA.000,train,-0.8525195,-4.089099
XpY-cxkbYdo.002,train,50.239708,100.56807
XvV4YdhpC2w.001,train,-2.0971208,-3.8179758
XvV4YdhpC2w.002,train,-2.328172,-2.238551
XvV4YdhpC2w.004,train,-2.3901865,-5.3732133
Y-YdRocu0os.001,train,-1.7063631,-0.23426022
Y-_JeJoCjUo.001,train,-4.8799357,-2.1433806
Y-_JeJoCjUo.005,train,-2.0592391,-2.5861955
Y1LXjxAQihQ.004,train,-10.273776,3.0728307
Y1LrgyCJtpU.000,train,-5.1487007,7.275903
Y1LrgyCJtpU.001,train,-5.4106607,4.256481
Y1LrgyCJtpU.002,train,-4.782161,3.9180236
Y1LrgyCJtpU.003,train,4.775954,23.559416
Y1LrgyCJtpU.005,train,-8.823098,3.4537354
Y2An1KkoHzY.002,train,-2.1894896,-3.26054
Y6iogSmj6FQ.002,train,3.5072773,11.286217
Y6iogSmj6FQ.003,train,-1.0184132,3.6714957
Y6iogSmj6FQ.005,train,-2.686237,1.9767737
Y8gv_ZK3w4A.000,train,-2.1638224,-1.6954346
Y8gv_ZK3w4A.002,train,-1.8199496,-4.597022
Y8gv_ZK3w4A.003,train,5.6012244,7.450396
Y8gv_ZK3w4A.004,train,-1.7224137,-1.6477277
Y9WX7ucPP-o.000,train,-0.71733373,-4.0435114
Y9WX7ucPP-o.002,train,11.109202,-4.648826
YBsKLg3GMrE.005,train,0.9099042,-6.02736
YC3X1DcnUrk.000,train,2.2801402,-5.004913
YC3X1DcnUrk.001,train,2.6952991,-7.330433
YC3X1DcnUrk.005,train,2.5864916,-6.5330853
YEbaKrAxo5I.001,train,3.1475127,-2.9729373
YF2QVn1fK1E.002,train,1.0149634,-5.495347
YF2QVn1fK1E.005,train,5.784476,-6.324142
YGJ33FXzJO8.005,train,-1.1898665,2.8993566
YGrCXe2-fVk.001,train,-4.207837,-2.7667296
YGrCXe2-fVk.004,train,-3.788915,-0.10200254
YJ5CINQ8v_E.000,train,-1.7840618,-6.1160617
YJ5CINQ8v_E.001,train,0.005971732,-4.8504543
YJ5CINQ8v_E.005,train,-1.6765779,-5.7642536
YLKPVl-M3Ck.000,train,24.033094,-13.206135
YLKPVl-M3Ck.001,train,27.709906,-17.698849
YN0Xd70SqEo.004,train,13.556254,-6.416392
YNlhBpVk1tw.000,train,15.764345,0.79949033
YNlhBpVk1tw.001,train,5.9320283,3.4531598
YNlhBpVk1tw.002,train,4.41043,4.383389
YNlhBpVk1tw.004,train,13.562575,7.751943
YP7N98ECZaI.001,train,19.901253,-10.104249
YP7N98ECZaI.002,train,14.567782,-5.2168875
YP7N98ECZaI.003,train,11.206259,1.1207002
YP7N98ECZaI.004,train,11.431888,-6.886191
YP7N98ECZaI.005,train,10.544072,-6.1057844
YPMffqhP0C8.000,train,-2.968937,-1.5816128
YPMffqhP0C8.001,train,1.8806527,-2.8779814
YPMffqhP0C8.002,train,-0.75242496,-1.953395
YPMffqhP0C8.004,train,-3.6105838,-0.51982373
YPnuq0tDDqk.000,train,1.3271428,9.427491
YPnuq0tDDqk.003,train,4.871628,19.982159
YXz6s1XNOLs.000,train,11.786676,-6.3012056
YXz6s1XNOLs.002,train,10.1920395,-1.5481807
YXz6s1XNOLs.004,train,6.9835277,-6.558005
YXz6s1XNOLs.005,train,7.8762517,-6.40729
YZp79VcnY0w.001,train,0.21308431,-1.9471648
YZp79VcnY0w.002,train,2.5849674,-4.001169
YZp79VcnY0w.004,train,4.309654,-3.921754
Ya9Szm73LfE.002,train,-5.87157,-0.038216695
Ya9Szm73LfE.003,train,-3.8677814,-1.0465182
YbdJd16c3eo.004,train,0.45567152,-5.2039285
YbxdeEd7wq4.001,train,-1.904785,-6.8248687
YdxS3f4HXaA.005,train,7.548949,3.0843427
YiX6thczM1w.001,train,-6.924182,4.4727097
YiX6thczM1w.002,train,-6.9702406,1.5700802
YiX6thczM1w.005,train,-5.8855324,2.2360258
Yj36y7ELRZE.000,train,17.351751,21.182825
Yj36y7ELRZE.001,train,27.010874,44.69915
Yj36y7ELRZE.004,train,6.5382085,5.4330974
YjXUMygVw7U.002,train,4.485453,2.1683402
YjXUMygVw7U.005,train,11.236288,3.6296694
YliKljQIX2o.002,train,-6.8491235,-2.5048413
YliKljQIX2o.003,train,-4.702875,-2.725016
YliKljQIX2o.004,train,-7.9184036,-2.3850796
YocrYFLm4CM.000,train,-4.1995854,-1.1459852
YocrYFLm4CM.002,train,-3.7707415,-2.1856105
YryBLVZgJj0.001,train,-9.395685,8.187249
YryBLVZgJj0.003,train,-11.55484,4.230519
YryBLVZgJj0.005,train,-11.486799,4.1930375
YucM3Zzvekg.001,train,-9.371697,4.6197095
YuoLr4xDvbE.000,train,-5.8920946,-6.2069516
YuoLr4xDvbE.002,train,-3.0282536,-1.0836382
YuoLr4xDvbE.004,train,-5.464223,-5.7155857
YuoLr4xDvbE.005,train,-2.790778,-2.3891907
YwsVpkumbJc.002,train,-9.525196,-1.4354534
YyHOKFYDZ5Y.002,train,-1.47015,5.956015
YyHOKFYDZ5Y.004,train,-4.697315,5.769064
YyHOKFYDZ5Y.005,train,-5.233061,3.2533176
YyYDxAyV_Aw.003,train,-4.312562,-5.3251014
YygvfVxOWP8.000,train,-9.018857,-0.8707039
YygvfVxOWP8.005,train,-9.367498,0.7448868
YzNbGMNr3z0.001,train,0.6792491,-6.9577475
YzcZY1mUZfc.000,train,-7.79788,0.0045383214
YzcZY1mUZfc.001,train,-3.5354815,-1.1733426
YzcZY1mUZfc.002,train,-7.26998,-2.954502
YzcZY1mUZfc.003,train,-8.917836,-1.9190198
YzcZY1mUZfc.004,train,-5.8193364,0.32827732
YzcZY1mUZfc.005,train,-3.9529052,-2.182907
Z-CIdOjWcKc.001,train,23.349926,-10.417484
Z3E1jkaNRKs.000,train,-9.572054,3.2190704
Z3E1jkaNRKs.001,train,9.333481,25.78357
Z3E1jkaNRKs.003,train,-7.2831244,4.903524
Z3FdUfZLHyw.000,train,9.821013,15.266169
Z3FdUfZLHyw.001,train,10.065844,12.923526
Z3FdUfZLHyw.002,train,2.8649757,5.724737
Z3FdUfZLHyw.004,train,2.7619357,-0.37497014
Z3FdUfZLHyw.005,train,-2.4871492,-2.033479
Z5S5uGXkNuc.001,train,35.17869,85.35286
Z5S5uGXkNuc.002,train,-6.278456,1.4217244
Z5S5uGXkNuc.004,train,-7.618086,1.7549499
Z6vQQvro86Y.001,train,15.084773,-6.730623
Z6vQQvro86Y.002,train,11.411639,-5.3858376
Z6vQQvro86Y.004,train,12.03654,-6.8801374
Z6vQQvro86Y.005,train,6.5596967,-6.8520846
Z9GzSxQHKSI.001,train,-3.387718,-2.1120942
Z9GzSxQHKSI.004,train,-4.2286973,-2.4292831
ZCLfVue6xAg.001,train,3.5177934,-3.87406
ZCLfVue6xAg.002,train,0.3361286,-4.7208614
ZCLfVue6xAg.003,train,9.405283,-4.64088
ZCLfVue6xAg.005,train,3.977524,-5.460788
ZFOb9zsgLLY.003,train,5.597678,-11.849411
ZGox7tevC6A.004,train,-6.070901,2.381213
ZGox7tevC6A.005,train,-2.5724866,2.7783463
ZHya-p83XPQ.002,train,4.5137095,-1.9621851
ZIk7N-xHvF4.000,train,6.364344,1.4164473
ZIk7N-xHvF4.002,train,12.273559,-5.2490997
ZIk7N-xHvF4.003,train,9.384431,-2.348814
ZIk7N-xHvF4.004,train,11.93312,-6.2094154
ZIyfXdCxN9E.000,train,1.9741349,5.742352
ZNJFmNiWC4I.000,train,-3.924415,-0.706893
ZNJFmNiWC4I.001,train,1.1040754,0.969789
ZNJFmNiWC4I.003,train,-2.401659,1.8051267
ZNJFmNiWC4I.005,train,-2.127341,-3.7632868
ZNRfeL8nPfw.000,train,-6.0556536,-2.186205
ZNRfeL8nPfw.001,train,-6.188219,-4.3777018
ZNRfeL8nPfw.003,train,-5.659163,-1.0337936
ZNRfeL8nPfw.004,train,-5.413368,-0.73118794
ZNRfeL8nPfw.005,train,-6.2108207,-0.97428095
ZNymNgd5EuQ.000,train,-2.075447,-0.5983869
ZNymNgd5EuQ.004,train,-1.3847368,-3.8293242
ZO5JoyVTat8.000,train,-8.076408,-0.61063963
ZO5JoyVTat8.001,train,-4.546879,-2.847864
ZO5JoyVTat8.002,train,-3.2361455,-1.9636977
ZO5JoyVTat8.004,train,-2.1724954,-2.4051876
ZO5JoyVTat8.005,train,-5.563537,2.979782
ZRl_k6DzTeI.000,train,0.31879884,-6.411647
ZRl_k6DzTeI.001,train,7.7793255,-4.2258406
ZRl_k6DzTeI.004,train,-1.6465915,-4.201099
ZRrduU1CXqU.001,train,-2.6002648,-3.652703
ZRrduU1CXqU.002,train,-3.9720984,-4.875157
ZRrduU1CXqU.003,train,-2.8059971,-4.6717157
ZRrduU1CXqU.004,train,1.2269294,2.2736166
ZRrduU1CXqU.005,train,-2.3904812,-4.761121
ZT7cEiaYGp8.000,train,-0.70459265,-4.71198
ZX3okNzASCs.000,train,-1.0239254,-4.4544115
ZX3okNzASCs.002,train,1.0701767,-5.3308287
ZXeO5dRFrj0.001,train,-6.5432563,-1.3633565
ZXeO5dRFrj0.005,train,-8.308184,-3.0876515
ZYrFfvp7_Mo.000,train,-8.685865,-1.26614
Z_STuUHKQTg.002,train,8.072008,-5.5390344
Z_STuUHKQTg.003,train,8.166636,-7.5189085
Z_STuUHKQTg.004,train,13.481922,-9.2454815
ZaihsIQZCx8.002,train,-8.194813,3.3136778
ZaihsIQZCx8.003,train,-8.148826,2.7153666
ZeGT9pSG734.002,train,-13.933263,1.2617301
ZeGT9pSG734.003,train,-9.548665,7.2141848
ZeGT9pSG734.004,train,-2.8912008,8.578147
ZgFh3JPMs3Q.001,train,14.376606,12.619125
ZgFh3JPMs3Q.002,train,-3.8447967,-2.1149163
ZgFh3JPMs3Q.003,train,-4.861186,-3.4229286
ZhPQrqxo2mw.000,train,0.123600185,-8.211074
ZhPQrqxo2mw.004,train,1.5276076,-8.906733
ZhPQrqxo2mw.005,train,1.9835628,-8.811872
Zi7QHI_5ipU.000,train,11.975414,-11.829786
Zi7QHI_5ipU.004,train,11.979023,-13.370409
Zi7QHI_5ipU.005,train,13.648389,-11.137712
ZiKxJbVI5_g.000,train,6.5969696,-6.4055123
ZiKxJbVI5_g.001,train,2.4067705,-7.966281
ZiKxJbVI5_g.002,train,15.232689,-11.05601
ZiKxJbVI5_g.004,train,13.565586,-9.482815
ZkypeQdzgvQ.000,train,-7.864002,-0.13324381
ZkypeQdzgvQ.002,train,-4.9010296,4.500067
ZkypeQdzgvQ.003,train,-5.98459,14.281696
ZkypeQdzgvQ.004,train,-9.092422,0.7717714
ZlcINjtdkQQ.000,train,-4.027471,-0.44516945
ZlcINjtdkQQ.001,train,-2.5584698,0.9199587
Znixev2a1AI.000,train,-4.040544,-4.6684165
Znixev2a1AI.001,train,-6.716159,-2.6987438
Znixev2a1AI.004,train,-7.4619393,-1.892197
ZoHY-rWJsyw.000,train,-2.744162,4.011803
ZoHY-rWJsyw.001,train,-6.0322137,-1.1825076
ZoHY-rWJsyw.004,train,-5.5825286,-0.35736847
ZqbJIM7rmO8.001,train,-4.2073717,7.1801066
ZqbJIM7rmO8.003,train,-5.48349,1.5748475
ZqbJIM7rmO8.005,train,-8.723196,4.298713
Zvdh8ym1Yrg.001,train,-4.237343,7.8625674
Zvdh8ym1Yrg.003,train,-10.325801,3.0359116
Zvdh8ym1Yrg.004,train,-4.2674484,7.2918296
Zvdh8ym1Yrg.005,train,-5.99619,1.4762348
ZvxUUh2wN7s.002,train,10.219327,2.16857
Zwu5Y5r3Lrs.001,train,0.45945728,-4.6585083
Zwu5Y5r3Lrs.003,train,-0.2843157,-5.5509543
Zy9Xg3TdZJk.001,train,-0.10066497,-3.4973373
_01AyUz9J9I.002,train,-3.751723,0.17636079
_01AyUz9J9I.005,train,0.021683946,2.2953544
_0bg1TLPP-I.004,train,-6.019965,-0.5425405
_0bg1TLPP-I.005,train,-8.119127,1.7828146
_2DSmy36OEM.001,train,18.414007,5.4401684
_7hGh6VU4IU.000,train,1.147099,6.3244705
_7hGh6VU4IU.003,train,-4.0092835,-0.6995765
_7hGh6VU4IU.004,train,-4.572848,-2.3172407
_7hGh6VU4IU.005,train,-0.022795701,0.19046494
_7s27dUoYVg.000,train,-4.8422284,2.77175
_7s27dUoYVg.003,train,-7.0283327,-0.45009944
_G3kw9HwCqY.000,train,-4.2102947,2.9150956
_G3kw9HwCqY.002,train,-8.272566,4.7074137
_G3kw9HwCqY.004,train,-6.67677,6.194959
_G3kw9HwCqY.005,train,-3.655883,12.742277
_GFregyrwfo.002,train,-4.7001877,1.1852076
_GFregyrwfo.004,train,-7.2846384,1.0877836
_GFregyrwfo.005,train,-5.335922,3.5930154
_IS6GFmQYj4.000,train,-4.182193,-1.04808
_IS6GFmQYj4.002,train,-4.6932383,2.415773
_IS6GFmQYj4.003,train,-6.17565,1.2276196
_IS6GFmQYj4.004,train,-6.950373,-0.7230508
_LWrd9t4oZw.003,train,-2.3173385,-4.7014866
_Py_lytyY5A.005,train,5.80972,-5.4734564
_Q4wOgixh7E.000,train,-8.509587,0.6663022
_QXI4n_FRN4.005,train,2.0016706,-3.1616943
_RAGzfJnpUE.001,train,3.42343,5.9884686
_RAGzfJnpUE.003,train,2.4766643,1.387361
_S_bWJwqsmM.004,train,24.325914,-7.269626
_S_bWJwqsmM.005,train,36.82682,4.3926473
_UnoRkHkYB8.003,train,8.116298,-1.6279886
_VsE38xSmdM.001,train,-3.3586845,-5.2625637
_X6_C_Oy9VA.000,train,-8.151959,1.983675
_X6_C_Oy9VA.001,train,-7.421726,-0.08041249
_X6_C_Oy9VA.003,train,-8.720193,0.4906724
_X6_C_Oy9VA.004,train,-8.638543,3.4256585
_X6_C_Oy9VA.005,train,-8.735747,0.58894676
_YYBXI2mXv4.000,train,-7.8474684,2.6052127
_ZAqTHlu2ts.001,train,-6.707794,-2.1731205
_ZAqTHlu2ts.004,train,-5.9108877,-5.5005207
_ZAqTHlu2ts.005,train,-4.7359614,-3.9026947
_ZjEr8ybbFM.000,train,3.8449554,-0.88122356
_bOOlidEWgY.001,train,-3.5499425,-1.2918847
_fFmEyvWgfA.004,train,1.0806353,5.341424
_fJcW5234bY.000,train,-6.9863725,1.2119303
_fJcW5234bY.002,train,-6.4411125,3.2515292
_fJcW5234bY.004,train,-3.770108,-0.36294237
_g3M_MoFIvA.001,train,4.3915906,-8.168338
_g3M_MoFIvA.004,train,7.1905994,-3.7948065
_g3M_MoFIvA.005,train,2.8720837,-6.4625664
_hR9AD-eIy8.000,train,-4.665327,0.8206174
_hR9AD-eIy8.005,train,-7.3173356,-0.22503155
_hmiW83i0GY.000,train,-0.054866802,2.2109177
_kK9tGN883Y.000,train,-3.5437932,17.696472
_kK9tGN883Y.004,train,0.93462443,27.49104
_mtiuHyOFXg.001,train,-8.538266,-0.48949423
_mtiuHyOFXg.003,train,-10.461115,2.3101778
_mtiuHyOFXg.005,train,-10.564831,1.8920094
_plk5k7PBEg.001,train,-5.5798445,-3.5336668
_tOtBfJlWFs.000,train,1.4051126,0.9412611
_uNup91ZYw0.001,train,-6.7644033,-3.1058025
_uNup91ZYw0.002,train,-7.1543455,-3.8917913
_zI6qgTJOSA.005,train,11.814261,-5.5072536
_zs9K5Gtkwo.002,train,-4.8497295,0.22297966
_zs9K5Gtkwo.003,train,-5.7245183,-0.4848325
_ztmNiy8D3c.000,train,-4.031618,7.631141
_ztmNiy8D3c.001,train,-4.260122,-0.20843081
_ztmNiy8D3c.003,train,-4.9895725,2.8352578
a-nUsP7oETI.000,train,1.7129275,-1.6198046
a-nUsP7oETI.005,train,-2.1725786,0.50537574
a38rz5AIslE.001,train,-2.2719178,-0.28008252
a38rz5AIslE.003,train,-2.9814646,0.29301307
a4bCX4P_5KI.000,train,-6.650856,2.4761262
a5-PJqy9QmU.001,train,20.220812,-6.3132625
a5-PJqy9QmU.002,train,11.138925,-5.941115
a5NTqK367wo.000,train,5.3173056,-6.596073
a5tVPpLsaGc.002,train,-0.5174964,-3.4082475
a5tVPpLsaGc.003,train,-2.353705,-2.4579546
a84s1DYag-I.001,train,3.1292193,-2.6045039
a84s1DYag-I.004,train,2.000417,-3.3730712
a97PXgrKSxo.000,train,-4.228592,-2.037723
a97PXgrKSxo.003,train,-4.0582547,0.06462425
a97PXgrKSxo.005,train,-4.1075473,-1.7912058
aFVFvJNnFt0.000,train,-5.9061127,-0.10633323
aFVFvJNnFt0.001,train,-5.803916,1.3318734
aFVFvJNnFt0.003,train,-3.9096,2.9258366
aFVFvJNnFt0.004,train,-6.2436953,-1.5723096
aFVFvJNnFt0.005,train,-8.093095,-0.86844593
aIh8DTa3RVg.001,train,-5.767698,5.7061734
aJjAtOC8AQU.005,train,-2.5797083,-2.4689074
aKLadP_Wev8.000,train,-6.083066,-2.453054
aKLadP_Wev8.001,train,-5.7241445,-2.1919496
aLAqJkRWKuk.000,train,-3.4237974,-0.40123236
aLAqJkRWKuk.002,train,-1.8213756,-0.48971617
aLvpOYqzErk.000,train,28.284393,57.750576
aMPe0uSKqF4.001,train,-0.027557278,-1.6253744
aMPe0uSKqF4.002,train,-1.188608,-10.386911
aMPe0uSKqF4.003,train,-1.683194,-3.5412607
aMPe0uSKqF4.004,train,-0.7044217,-7.126068
aMPe0uSKqF4.005,train,-1.3276775,-5.1900887
aMmEPRJGocM.000,train,9.8063755,-10.205579
aMmEPRJGocM.004,train,8.800826,-11.125042
aPTNxA43WHY.000,train,-9.507484,-0.09864338
aPTNxA43WHY.002,train,-7.9890795,0.25722155
aQVGVhcMBtE.004,train,-1.0980774,-3.9949884
aaDlp62qn60.002,train,19.103504,4.4981875
ahqyOhg6D7c.003,train,-3.8345435,-1.5499784
ai-RZb0ZpKI.002,train,-6.9263177,-4.4546804
ai-RZb0ZpKI.003,train,-7.988812,-2.7068298
alucqviYJFE.001,train,-8.762794,3.3902183
alucqviYJFE.002,train,-8.06109,3.8192005
alucqviYJFE.003,train,-8.280802,0.5726945
alucqviYJFE.004,train,-7.302176,2.512609
ana5C73n9bY.000,train,-7.6697593,-0.35061085
ana5C73n9bY.001,train,-8.646374,0.34878176
ana5C73n9bY.002,train,-8.758949,1.3859215
ana5C73n9bY.003,train,-7.951057,0.5331404
ana5C73n9bY.004,train,-5.498666,-1.1525258
ana5C73n9bY.005,train,-10.261093,0.5381771
aoRjg63uRww.003,train,0.13477266,-1.0985482
aoRjg63uRww.004,train,1.0847065,-3.6967657
aptKaxP81xA.000,train,-0.82382077,-1.2659616
aptKaxP81xA.002,train,5.088246,-7.6209674
aptKaxP81xA.004,train,-1.0443853,-2.3383245
aqA6oI5L1RQ.005,train,5.580622,-10.477619
aqK-wcGILjw.000,train,-0.1180852,-2.2056699
aqd4_4ga1fQ.000,train,29.875982,-12.373558
aqd4_4ga1fQ.001,train,35.55797,-12.672965
aqd4_4ga1fQ.003,train,28.73659,-11.440936
aqd4_4ga1fQ.004,train,31.35784,-11.530061
ask-ZFRztf8.001,train,-4.7011676,-1.3907883
ask-ZFRztf8.002,train,-2.727878,0.32420674
ask-ZFRztf8.005,train,1.73512,-0.90880424
atH8mnvu-sE.005,train,-3.6235387,-5.4802127
atdhaGEh_0c.000,train,-3.5059657,2.0132697
auhe41Tf50M.003,train,7.263722,3.6328251
ax1Fck6zMzk.003,train,-13.061013,1.5514796
ax8wm9K41og.000,train,-4.736425,-4.250602
ay4cdKr1I0o.000,train,-9.3968725,0.16009921
ay4cdKr1I0o.001,train,-9.944658,1.9228032
b-qfeGqPd04.000,train,-2.128333,0.91593504
b-qfeGqPd04.001,train,-5.4339223,2.6795988
b-qfeGqPd04.005,train,-4.57207,0.35827667
b26ZykbKSzY.005,train,2.9488704,-2.3306348
b2Y41GrCrPs.000,train,12.328694,-8.83551
b2Y41GrCrPs.001,train,27.121283,-12.729464
b2Y41GrCrPs.003,train,26.743292,-14.265467
b39BQbVhOAg.001,train,7.953301,-1.6401646
b39BQbVhOAg.002,train,4.9369245,-2.651627
b39BQbVhOAg.003,train,2.5890124,-2.4832945
b39BQbVhOAg.004,train,4.9836583,-0.86140823
b39BQbVhOAg.005,train,16.584026,2.8762858
b69IYs1G1zc.000,train,-3.4131854,-1.7496871
b69IYs1G1zc.002,train,-4.4151416,-1.2208614
b69IYs1G1zc.003,train,-1.915844,-4.545577
b6eoqD1J_qU.002,train,-9.423206,2.193065
b6eoqD1J_qU.003,train,-1.2955,-2.5534358
b6eoqD1J_qU.004,train,-8.658419,2.1476147
b6eoqD1J_qU.005,train,-8.819233,3.6001098
b8GPFr11adA.001,train,10.293882,-9.458981
b8GPFr11adA.002,train,16.531507,-8.216182
b8GPFr11adA.004,train,10.844507,-7.413939
b8GPFr11adA.005,train,8.901239,-6.7546153
bAxlTgobVHE.000,train,2.351912,3.083348
bAxlTgobVHE.001,train,7.2753296,-5.451185
bAxlTgobVHE.002,train,0.096427314,-3.4790661
bBqZyG-9ksM.005,train,10.693516,-7.7849693
bDjqDn6susQ.000,train,-8.633563,-0.5061732
bEXDNfLBy1I.002,train,7.0518975,-0.6605678
bEXDNfLBy1I.003,train,0.06567228,-0.47085696
bEXDNfLBy1I.004,train,7.1497397,-6.823727
bFwtVtZodIg.002,train,0.84934455,2.0063248
bFwtVtZodIg.004,train,14.388516,-1.6142014
bGLwxQ1lonQ.005,train,-4.053484,0.19832307
bJktioZ5Yxk.002,train,-4.2961907,0.9363143
bJktioZ5Yxk.003,train,-6.8325744,-1.3574955
bJktioZ5Yxk.004,train,-6.628533,0.9157105
bLOSPQ8MAC8.001,train,-2.0275564,0.9318303
bLOSPQ8MAC8.004,train,-6.258467,-0.25014755
bLrrDM1Opu0.001,train,1.6900443,-6.94511
bLrrDM1Opu0.003,train,-1.8319914,-6.8358145
bMY2DaFFwzU.000,train,2.6771376,13.442444
bMY2DaFFwzU.001,train,26.935755,9.459104
bMY2DaFFwzU.003,train,29.431915,-1.1457453
bMY2DaFFwzU.004,train,30.127314,6.134683
bMY2DaFFwzU.005,train,34.099586,0.39666587
bN2IM-rqZlc.002,train,27.933054,52.595963
bRoIrXBO9DU.000,train,8.458143,-8.3106165
bRoIrXBO9DU.005,train,3.8072464,-7.286519
bSeTNdOtK7I.000,train,-10.1317005,2.1818404
bSeTNdOtK7I.004,train,-6.3206463,6.0316067
bTLTLzXehPE.003,train,-6.9062862,2.6360807
bYXRyimxh7A.000,train,3.6282625,15.410395
bYXRyimxh7A.002,train,3.3149357,4.860545
bYXRyimxh7A.003,train,5.2073936,5.3962183
bYXRyimxh7A.004,train,-0.1546759,-1.0341172
bZAKBS9q0ZI.002,train,-7.2844257,1.5454737
bZAKBS9q0ZI.004,train,-7.7829013,-0.505796
bZoN9xp9vgs.001,train,-2.500818,-0.67077345
bcRPLKygrNk.000,train,11.610368,-0.1774214
bcRPLKygrNk.001,train,-1.7931068,-4.052891
bcRPLKygrNk.003,train,3.7488935,-2.308175
bcx6xr9Ja-8.001,train,-3.6832645,0.99767375
bcx6xr9Ja-8.004,train,-3.0073347,1.8773798
bcx6xr9Ja-8.005,train,-3.3655832,-2.672435
be0DQawtVkE.000,train,0.16693303,-1.1903998
be0DQawtVkE.001,train,-4.1580276,-1.4829278
be0DQawtVkE.003,train,-5.716243,-1.9488113
be0DQawtVkE.004,train,-2.5226316,-2.022014
bej-DbxTkWA.000,train,-14.55697,6.139384
bej-DbxTkWA.003,train,-8.485734,0.94516784
bkzgccBFztM.000,train,-4.1110697,-6.9349513
bkzgccBFztM.001,train,-4.3245926,-5.06965
bkzgccBFztM.003,train,-3.6937835,-6.4947453
blAjqQ0ja8Q.003,train,-11.458882,2.185203
blAjqQ0ja8Q.005,train,-10.223241,2.9361978
bmj4khBLUOs.001,train,-0.80765426,-4.4479194
bnM9Ow52x3o.001,train,-5.5611362,-2.9962533
bnM9Ow52x3o.005,train,-2.6283233,-4.6046515
bnoPmV0_aIc.000,train,-3.1308208,-2.4029334
bnoPmV0_aIc.002,train,-1.5026954,-2.1857264
bnoPmV0_aIc.004,train,-1.6573011,-1.282715
bt-ev53zZWE.001,train,5.2021003,-4.7298565
bt-ev53zZWE.004,train,-2.1329556,-4.450154
btcCanysQsw.000,train,12.51671,14.952717
btcCanysQsw.001,train,9.608693,1.3276106
btcCanysQsw.003,train,5.3839607,2.798476
btcCanysQsw.004,train,8.368665,-1.304485
btcCanysQsw.005,train,7.387727,0.68174857
bviHajVIie0.005,train,-6.962829,-2.6500568
bzFTA6kGyA8.002,train,-1.152122,-3.296276
bzIxJ-gtvUw.005,train,-5.7213655,-0.28153932
bzaOB8BoWPU.000,train,21.160948,1.7468468
bzaOB8BoWPU.002,train,18.469488,0.77946174
bzaOB8BoWPU.003,train,19.866413,-0.6319866
bzaOB8BoWPU.005,train,10.067151,1.6740294
c-c6xhtIq84.004,train,-6.347479,-1.0940684
c2LeNguVNrI.002,train,-2.8270996,9.626637
c2LeNguVNrI.003,train,-4.3748016,2.803114
c3SQSM9OIsA.001,train,-7.788568,-0.5490893
c3SQSM9OIsA.005,train,-9.091446,1.2969027
c3esnCQDoKc.003,train,-6.366049,-2.918489
c3esnCQDoKc.004,train,-6.3553853,-2.633549
c4XnKouozXU.000,train,-11.033156,0.97045887
c4XnKouozXU.001,train,-9.728813,5.0021596
c4XnKouozXU.003,train,-9.395524,0.8294428
c4XnKouozXU.004,train,-12.453225,1.1139014
c4YxfATgYkw.002,train,28.221786,-8.050202
c5ZnKbaNCE8.000,train,4.974137,-3.0742724
c5ZnKbaNCE8.003,train,4.030061,-1.953936
c5ZnKbaNCE8.005,train,3.1755137,-3.8878534
c672aEuUa-g.002,train,-1.3863046,0.91263664
c672aEuUa-g.004,train,5.3637342,-3.5214787
c7tczvW3_dQ.000,train,-10.483073,5.98959
c7tczvW3_dQ.002,train,-8.504201,5.8343525
c7tczvW3_dQ.005,train,-7.3485684,9.488466
cA43Gfcg0QA.000,train,3.911141,4.036877
cA43Gfcg0QA.001,train,5.1782756,4.408563
cA43Gfcg0QA.003,train,-0.7981875,-5.1243925
cA43Gfcg0QA.004,train,1.3341454,-1.0489376
cBR5cDwwdno.001,train,-0.73792243,-3.1526127
cBR5cDwwdno.003,train,1.09238,-4.519352
cBR5cDwwdno.004,train,0.5159816,-5.999094
cBR5cDwwdno.005,train,1.1735097,-5.0695653
cFGjJg-2zOk.000,train,0.39833826,-1.4990834
cFGjJg-2zOk.001,train,-1.4733859,-3.3054256
cFGjJg-2zOk.002,train,1.4487711,-1.7655766
cFGjJg-2zOk.003,train,1.3191794,-3.3371992
cFGjJg-2zOk.005,train,15.51322,0.43696204
cLaZxEf1nE4.001,train,24.33713,-7.158581
cLaZxEf1nE4.002,train,19.283897,-6.2815523
cLaZxEf1nE4.003,train,17.224037,-7.5808005
cNXnowQb7rs.002,train,-6.443554,-4.6204114
cNXnowQb7rs.003,train,-4.1319156,0.25919196
cNXnowQb7rs.004,train,-6.6500845,-3.7608814
cNXnowQb7rs.005,train,-6.1125264,-1.9064757
cOirMOCpdo8.000,train,-3.9760888,4.6797247
cOirMOCpdo8.001,train,-2.075544,15.929668
cOirMOCpdo8.003,train,-7.603405,4.6044464
cOirMOCpdo8.005,train,-3.4108064,14.718835
cOo5N1qblyw.003,train,27.619007,59.851894
cOossY5pTrU.001,train,2.8204584,-6.0040374
cOossY5pTrU.002,train,5.0208044,-5.40689
cOossY5pTrU.003,train,5.1668177,-7.043286
cP_dSXql7z8.000,train,-7.560262,0.39124715
cP_dSXql7z8.001,train,-7.425438,6.5012083
cP_dSXql7z8.002,train,-8.578778,1.0851644
cP_dSXql7z8.003,train,-6.1455708,3.9901278
cP_dSXql7z8.004,train,-9.252122,3.0303977
cP_dSXql7z8.005,train,-5.599396,0.52135545
cQRFb-xa4Vc.002,train,-7.557978,3.3576133
cQRFb-xa4Vc.005,train,-10.800525,2.1024752
cRDYrvxRJ6U.001,train,-7.3320637,-3.1978655
cRg95950rAg.001,train,12.453926,-9.041161
cSyVbIYfwxA.004,train,-0.38525477,-1.9011816
cT3oyHhUznw.003,train,26.92272,-8.592074
cT3oyHhUznw.004,train,12.444123,-5.6197634
cTbfp7nkX8c.000,train,33.01515,-15.617752
cTbfp7nkX8c.002,train,26.244232,-13.254295
cTbfp7nkX8c.005,train,7.5683947,-7.138842
cWZudzeJVXg.000,train,2.3895068,0.9584572
cWZudzeJVXg.002,train,6.8717537,0.37472433
cWZudzeJVXg.003,train,1.3370794,0.41683334
cWZudzeJVXg.004,train,10.558834,13.25077
cY3nHc5fDYE.000,train,17.41354,-6.111143
cY3nHc5fDYE.003,train,10.43114,-5.965334
cZ6xhB5yhfY.001,train,-9.213189,-1.4167743
c_pyBvsSlCY.004,train,10.433181,-6.458873
cdtZKwM5NIM.004,train,16.454979,-13.380407
ce7t2PgzMGw.000,train,-1.1783513,-0.96434206
cgGCyBMdGrA.001,train,-4.8619113,2.4644067
cgGCyBMdGrA.003,train,-4.410316,4.0967827
cgT-3CHBmKs.000,train,6.9177456,-1.9842486
cgT-3CHBmKs.003,train,17.3864,33.578865
cgT-3CHBmKs.004,train,8.06875,-0.352523
cgT-3CHBmKs.005,train,7.1241174,3.433986
cgp1OzTOq1o.000,train,11.346751,-6.5627933
cgp1OzTOq1o.002,train,4.5290184,-2.4886553
cgp1OzTOq1o.004,train,2.816087,-3.3913953
cgp1OzTOq1o.005,train,14.498132,-6.8679914
ch2BcBv4SdQ.002,train,-9.608224,-3.3153324
ciWUq6iQTIE.000,train,14.811513,-3.8913476
ciWUq6iQTIE.002,train,21.122683,-8.309902
cjbh1lfr43c.005,train,8.17434,16.186508
clMg72MI8rw.004,train,-8.014254,2.5154018
cnsvc0alWOA.000,train,-2.6552286,1.7486469
cnsvc0alWOA.004,train,-3.1155078,-1.9615772
cpzY1b6wJqs.002,train,13.137447,-11.342298
cuyIFvYNLFE.000,train,-2.0086365,-3.4744737
cvHqtadNJDo.000,train,-11.122067,2.1503825
cvHqtadNJDo.004,train,-9.305509,2.973486
cvg03XGFjCk.001,train,-2.4771292,-1.8847344
cvg03XGFjCk.002,train,-1.0951724,-1.0803679
cvg03XGFjCk.004,train,2.374744,0.93359154
cvg03XGFjCk.005,train,0.4764206,2.850619
cx8IycWgMVs.003,train,16.38909,-9.732302
cx8IycWgMVs.005,train,-1.7346687,-3.4853659
cxJ0u6r0-pU.000,train,-6.692485,6.951637
cxJ0u6r0-pU.001,train,-6.676697,5.0736303
cxJ0u6r0-pU.002,train,-8.720469,1.8152744
cxJ0u6r0-pU.003,train,-4.7042484,7.365268
cxJ0u6r0-pU.005,train,-6.3890753,1.2238628
cyma9Q6QF6M.001,train,-7.3404365,-0.8370015
czImT1Wn1og.001,train,-0.12496911,-1.866251
czImT1Wn1og.002,train,-4.464697,-2.482225
d-cZdeTp0jo.000,train,28.493809,-9.389226
d-cZdeTp0jo.001,train,49.72892,-7.053024
d1eh3dHNi1Y.001,train,-0.88079613,19.145123
d4cPiUXpGbc.000,train,-6.04081,5.42537
d4cPiUXpGbc.002,train,-6.652277,-0.29842335
d4cPiUXpGbc.005,train,-6.0273905,3.0085654
d4iSwRMV0bA.002,train,28.22754,-9.310049
d5ujzxBlvwY.001,train,7.340676,-4.7583385
d69zeSpdyCI.000,train,16.014887,-16.527708
d8skGb2ycio.000,train,-9.357797,1.3493218
d8skGb2ycio.003,train,-11.587801,0.7958023
d9_YDJdF-7I.000,train,-1.5648828,7.394503
d9_YDJdF-7I.002,train,-5.412534,4.03583
d9_YDJdF-7I.003,train,-1.0421674,0.096048
dB-kMg4t-V8.001,train,-8.324547,2.974634
dB-kMg4t-V8.002,train,-9.951119,3.1944487
dB2XYhvqUBU.000,train,3.5517025,2.6789951
dB2XYhvqUBU.001,train,-3.969303,-2.0830233
dB2XYhvqUBU.003,train,-2.2926345,2.1842506
dB2XYhvqUBU.004,train,-0.043794695,-0.3154282
dB65He57Ki8.001,train,-3.6042852,-5.726774
dB65He57Ki8.002,train,-3.6683488,-5.9242764
dB65He57Ki8.005,train,-3.4551997,-7.651092
dDi6vy-OZRg.002,train,-7.7532067,-0.9748363
dDi6vy-OZRg.003,train,-6.8803506,-4.1870384
dDi6vy-OZRg.005,train,-8.08406,-3.1238747
dIa0U29hVvU.001,train,1.822811,8.312682
dIa0U29hVvU.003,train,2.2980425,4.6013966
dIa0U29hVvU.005,train,-3.6325445,6.8920345
dJlEHhyij5k.000,train,-2.896407,-1.9420265
dJlEHhyij5k.001,train,-3.4029636,-4.6533833
dLaqub4BEsA.001,train,-6.548069,-3.0605035
dLaqub4BEsA.002,train,-2.0462105,-1.4528904
dLaqub4BEsA.003,train,-8.390099,-0.3046393
dLaqub4BEsA.004,train,-7.336009,-2.282588
dLltwqkvsNg.001,train,-4.1200776,-2.3002062
dLltwqkvsNg.002,train,1.5321474,-2.5596704
dLltwqkvsNg.003,train,-3.42765,-2.7019866
dLltwqkvsNg.005,train,0.98065966,0.8915553
dNXqs5HNijI.001,train,-10.251013,4.4712214
dNXqs5HNijI.002,train,-8.683276,6.9236946
dNXqs5HNijI.003,train,-9.852697,5.571709
dNXqs5HNijI.004,train,-10.300782,1.9459901
dOFnHXRLEdM.001,train,-7.8522696,-1.9440316
dOFnHXRLEdM.005,train,-4.6389236,-1.7688274
dQOeQYWIgm8.000,train,-6.9501395,2.4512267
dQOeQYWIgm8.001,train,-5.418758,-0.7053799
dQOeQYWIgm8.004,train,-3.857743,0.31322613
dRP8ZaAryro.000,train,6.670096,-2.0902674
dRP8ZaAryro.001,train,6.5385594,-5.020083
dRP8ZaAryro.003,train,6.2491536,-7.4654975
dRP8ZaAryro.004,train,7.571917,-2.819985
dRP8ZaAryro.005,train,4.609078,0.7499346
dRYEzqUa_Rc.000,train,3.2478657,6.0931597
dRr2JtdzUpU.004,train,-3.9203684,-1.064081
dRr2JtdzUpU.005,train,-6.199218,1.5487435
dS2XOB8kmr4.001,train,4.3315096,4.5869803
dT5R3T-Q1kg.002,train,-0.76648754,2.0312464
dVbo9Ftlyl0.004,train,3.6001258,-4.199937
dVbo9Ftlyl0.005,train,1.5492815,-1.717352
dVwDf5N2NRA.001,train,10.641442,-8.913053
dVwDf5N2NRA.002,train,2.5827794,-6.624001
dVwDf5N2NRA.003,train,6.7836366,-9.370198
dVwDf5N2NRA.004,train,3.037944,-7.3735347
dVwDf5N2NRA.005,train,4.280419,-9.361263
dY7jG5gS3JE.000,train,16.178303,-13.768049
d_POf1pikX0.000,train,-8.874432,1.5858057
d_POf1pikX0.005,train,-7.4976745,1.3256233
datcFOBWYxc.001,train,-8.735233,2.3528872
datcFOBWYxc.003,train,-8.7258005,1.9587669
datcFOBWYxc.005,train,-6.163378,1.6700147
dd0z9mErfSo.002,train,-7.8576174,-3.1778615
dd0z9mErfSo.003,train,-8.357483,-3.080726
dd0z9mErfSo.005,train,-7.3863106,-0.6588924
dgoc29MVjfE.000,train,4.9259043,11.741895
dh6iOU2RtTA.001,train,1.8462812,-7.4489646
dh6iOU2RtTA.003,train,2.3304658,-7.5472503
djsoQkroHpo.000,train,-6.269502,1.3656102
djsoQkroHpo.001,train,-4.528323,-0.13675743
djsoQkroHpo.003,train,-10.402709,2.0273232
djsoQkroHpo.005,train,-6.669934,-0.6171481
dkhnv1EBvKI.000,train,-2.5958488,-0.45491916
dkhnv1EBvKI.001,train,-4.322348,-3.9237766
dkhnv1EBvKI.002,train,-5.7776804,-2.5733864
dkhnv1EBvKI.003,train,-5.5955,-3.2954998
dkhnv1EBvKI.004,train,-3.9799414,-3.571034
dkhnv1EBvKI.005,train,-7.2239885,-3.761412
dmOKZLeFKCM.002,train,4.474976,21.9575
dmOKZLeFKCM.004,train,-2.5774033,7.751473
dmycfNpiWCE.001,train,-8.824491,-1.2956101
dmycfNpiWCE.002,train,-5.843882,-2.143335
dmycfNpiWCE.004,train,-8.080274,1.0318369
dmycfNpiWCE.005,train,-6.2186246,3.822092
do8FmnQbI5I.000,train,-3.8765297,-6.1967115
do8FmnQbI5I.001,train,-2.3182678,-6.54525
do8FmnQbI5I.003,train,-1.3582116,-7.7423472
do8FmnQbI5I.004,train,-0.9592333,-3.5781052
dqVPzqpGX-w.000,train,-3.204992,-0.41349602
duEi37qVB7k.000,train,0.54706687,-7.9031143
dvCKoyBG1pE.001,train,3.0309649,-2.9541323
dvCKoyBG1pE.002,train,-2.2759433,-0.24381825
dvCKoyBG1pE.004,train,0.75046206,3.8997087
dvMeqVbpKW8.001,train,-9.555945,1.657137
dvMeqVbpKW8.002,train,-6.176416,-0.29558367
dvMeqVbpKW8.004,train,6.5824947,1.9268255
dvMeqVbpKW8.005,train,-4.110477,-0.74831796
dvU5jYExl0o.003,train,12.034513,-4.599648
dy9EqbKLDP0.001,train,-9.876197,0.9184401
dy9EqbKLDP0.002,train,-13.913225,1.6627443
dy9EqbKLDP0.003,train,-10.663291,1.1676149
e07IozLUeKc.001,train,-0.3667879,-6.487004
e07IozLUeKc.002,train,-3.8016715,-1.9993457
e07IozLUeKc.005,train,-1.6334404,-3.169626
e2EmGXRJ1K0.000,train,-10.196565,5.1418624
e2EmGXRJ1K0.001,train,-8.503076,3.84426
e2pnS_nT9rA.001,train,-11.05506,3.0218816
e2pnS_nT9rA.002,train,-10.430385,2.0163295
e3NaBdG-ZmM.000,train,-7.798057,0.5597083
e3Y7na4SBh4.002,train,-0.21852008,2.9016159
e3Y7na4SBh4.004,train,2.4416142,-3.3939698
e3Y7na4SBh4.005,train,5.75235,10.512601
e6YTvjDXEl0.001,train,-3.1163712,-2.0778477
e6YTvjDXEl0.002,train,-4.2012672,-1.5642503
eA_JaE8X3mI.000,train,11.768791,25.01582
eAkWSjU-JyY.001,train,-2.7029583,-2.8515368
eAkWSjU-JyY.002,train,-0.04169609,-4.7410593
eB6ZlBG6OeA.002,train,-10.811003,-2.3177643
eD4b8sM-Tpw.000,train,8.429336,-0.40024602
eD4b8sM-Tpw.004,train,12.1140175,-2.2297165
eFb7nVIBGEo.003,train,-6.316083,-2.2913294
eFzN_frNW8g.000,train,-8.6618395,4.9344273
eFzN_frNW8g.001,train,-7.679015,4.692731
eFzN_frNW8g.002,train,-6.808808,-0.063468985
eFzN_frNW8g.003,train,-7.692256,1.102181
eFzN_frNW8g.004,train,-8.275865,2.26779
eFzN_frNW8g.005,train,-10.190807,1.2116166
eHcRre1YsNA.000,train,8.782034,9.274047
eHcRre1YsNA.001,train,-1.2229375,2.0862317
eHcRre1YsNA.002,train,7.10499,12.05808
eI_7SimPnnQ.000,train,-8.933047,-0.7356812
eI_7SimPnnQ.001,train,-9.418278,-1.8384438
eI_7SimPnnQ.002,train,-7.3673587,-2.8589401
eI_7SimPnnQ.003,train,-6.3279057,-2.131663
eI_7SimPnnQ.005,train,-6.641032,-1.6895381
eIfiusZtXzE.000,train,-3.9528313,3.9575965
eOUVFTqPeGk.002,train,-3.9444606,-0.90801275
ePQJMluhLjQ.001,train,-6.55318,3.039401
eRRCer7epnA.002,train,-5.5006847,-3.9917734
eRRCer7epnA.005,train,-5.7253914,-2.4584248
eT3BERfkCBE.001,train,-1.3853137,-8.092656
eT3BERfkCBE.003,train,-2.697209,-6.15999
eT3BERfkCBE.005,train,-4.4472685,-5.160899
eXtskPoi58A.000,train,-5.0114155,-0.7227809
eXtskPoi58A.001,train,1.4269224,2.4522297
eXtskPoi58A.003,train,-5.1955605,-1.411177
eXtskPoi58A.005,train,-4.6364794,-1.3637986
eYASh3sKY3k.000,train,25.111765,-10.880119
eZwGkhUa0TQ.000,train,14.016322,6.0749407
eZwGkhUa0TQ.004,train,-2.211304,1.4659206
eZwGkhUa0TQ.005,train,9.324381,1.7729796
ecIb16gJMwU.003,train,1.3375316,-1.5053469
edHTGYBFCWQ.000,train,-3.6084263,-4.118963
edHTGYBFCWQ.004,train,0.18731382,-3.1770828
ej0RpdM9kJA.000,train,-4.291287,5.685412
ej0RpdM9kJA.001,train,-3.3691053,6.4397683
ej0RpdM9kJA.002,train,3.1182694,19.670849
ej0RpdM9kJA.003,train,-6.2411118,0.8588532
el2DOd8E5io.000,train,19.909199,-4.512021
elSd0IyX6ys.002,train,9.256889,-2.477681
elSd0IyX6ys.004,train,11.445664,3.8103588
emHDoDcht44.001,train,-1.6246252,1.1970843
encC96iqr9Y.002,train,-1.3606257,10.726574
encC96iqr9Y.003,train,-1.9431243,9.312262
eq1_h17oue4.000,train,6.4647727,-5.5232434
eq1_h17oue4.001,train,3.4240935,-9.596306
eqXrUXW4yHY.003,train,-9.231411,-1.9784511
erJNMcO69Eo.000,train,-2.4988573,4.29984
erJNMcO69Eo.001,train,-3.0359378,4.0037355
erJNMcO69Eo.002,train,-4.7174683,2.0380595
erJNMcO69Eo.005,train,-5.5037293,3.876121
esjSS0xsHFA.002,train,0.48726693,-2.65367
esjSS0xsHFA.003,train,1.2640356,1.3476685
euRnmvd_dus.004,train,-4.5333524,-1.1898355
ev42vngXERU.000,train,5.1820273,-2.167645
ev42vngXERU.001,train,4.0244713,0.08445056
evrzg3Pzyc0.000,train,12.68246,-5.7957096
evrzg3Pzyc0.001,train,1.1152878,-2.0902538
evrzg3Pzyc0.002,train,4.4627657,-6.2227387
ezMO8EHKAVw.000,train,11.494401,-0.91009563
ezMO8EHKAVw.004,train,8.382544,-1.7979579
ezMO8EHKAVw.005,train,-0.31526896,-3.8467257
f0LnGz5Z6kA.000,train,-6.211681,1.0410242
f0LnGz5Z6kA.002,train,-5.3816094,-2.721701
f1xAVtagIks.000,train,-6.551371,-1.2427651
f1xAVtagIks.003,train,-3.3735442,-2.246064
f39E4ct09Cc.000,train,-0.9403954,-8.447858
f39E4ct09Cc.001,train,3.3405845,-10.915188
f39E4ct09Cc.005,train,0.9209653,-9.16477
f3ZbA4UqGKE.005,train,1.2284542,-8.902655
f4rQJiW6oSk.004,train,-4.452205,-3.9447446
f4rQJiW6oSk.005,train,-3.8933272,-3.6814551
f5jPfJYvihA.000,train,-10.364587,3.7896972
f70aaYsxPHY.001,train,10.441701,-7.5823483
f70aaYsxPHY.002,train,12.93185,-8.541863
f7E26XfU8rw.002,train,-3.8645754,4.263602
f7E26XfU8rw.003,train,-3.6697834,2.1988642
f7E26XfU8rw.005,train,-7.6728215,3.0058925
f7togdqxEoo.003,train,-3.5239418,2.9409268
f8eU5Pc-y0g.004,train,-1.6954093,-0.46878454
f8f00b0IgvA.001,train,3.9481132,-8.677722
f8f00b0IgvA.002,train,1.8333559,-10.090804
f8f00b0IgvA.004,train,-0.023295773,-8.019808
f9GeYKAXgAQ.000,train,-8.93012,3.1105466
f9GeYKAXgAQ.001,train,-9.841207,4.107444
f9GeYKAXgAQ.002,train,-7.8112106,5.596758
f9GeYKAXgAQ.003,train,-9.896882,4.6742187
f9GeYKAXgAQ.005,train,-10.301158,9.212912
fBMKlYUjA9E.000,train,-1.2746146,-2.7722929
fBMKlYUjA9E.003,train,1.9431318,-5.6640377
fBcc1UMtZME.001,train,14.555138,22.924337
fBcc1UMtZME.005,train,-1.2482167,1.0153294
fDw_PAgW07o.000,train,0.9396804,15.447602
fDw_PAgW07o.001,train,-3.163679,4.9441614
fDw_PAgW07o.002,train,4.8953123,13.0319805
fDw_PAgW07o.003,train,0.9219063,12.724783
fDw_PAgW07o.005,train,1.802194,9.854247
fEC3lEDxRnc.000,train,18.588219,-8.359409
fEC3lEDxRnc.001,train,18.196152,-4.7470055
fEC3lEDxRnc.002,train,16.353004,-5.1414433
fEC3lEDxRnc.005,train,29.665043,-7.758563
fEZrAGQoh_g.000,train,-9.240324,0.8700667
fEZrAGQoh_g.001,train,-12.309009,3.8724244
fEZrAGQoh_g.002,train,-6.827664,7.6009665
fEix0DPOWtg.005,train,-4.42551,-0.8783582
fGAcEyZXFTo.000,train,-4.287653,1.5223979
fGAcEyZXFTo.003,train,-3.6515787,-1.3851377
fGAcEyZXFTo.005,train,-4.8861055,-3.649789
fH0jgh_VKmE.003,train,29.593079,-7.9838576
fIiXuRlTPa0.000,train,-7.8782525,1.8347028
fL8VYpOTLSM.001,train,26.775984,-13.157501
fL8VYpOTLSM.002,train,16.459263,-9.613039
fL8VYpOTLSM.004,train,19.017294,-8.976225
fLRRMLTFGMQ.000,train,5.0139093,-3.7987766
fLRRMLTFGMQ.002,train,9.418016,11.580734
fLRRMLTFGMQ.004,train,5.031551,1.9020905
fLRRMLTFGMQ.005,train,3.889315,-2.525963
fPLd_NLF43M.002,train,6.8483634,-5.912564
fSDA4eEyGHk.000,train,-6.9980907,6.992004
fSDA4eEyGHk.002,train,-8.367591,1.7710884
fSDA4eEyGHk.004,train,-4.24131,0.62396014
fSkQXqXR7D0.000,train,-4.368859,-1.3964933
fSkQXqXR7D0.001,train,-6.3055534,0.75221235
fSkQXqXR7D0.002,train,-4.0600305,-0.49885088
fSkQXqXR7D0.004,train,-3.538959,4.267803
fTpemcfElxI.000,train,-4.8064327,-5.96474
fTpemcfElxI.001,train,-4.062929,-0.37394047
fTpemcfElxI.003,train,-1.8404583,-0.07955605
fTpemcfElxI.004,train,-5.4116726,-5.755386
fTpemcfElxI.005,train,-3.073033,-0.29349577
fUIWjaZCYwM.000,train,8.653901,4.052985
fUIWjaZCYwM.001,train,18.346739,0.5577801
fY4tctYZTz8.003,train,-10.109017,3.3093832
fY4tctYZTz8.005,train,-11.373902,2.3362012
fYUcoKDyRiU.001,train,-7.385483,7.4048085
fbjDmltKVOM.000,train,-7.8203573,-0.59975886
fecQUZ-ehKQ.000,train,-6.212064,16.857626
fecQUZ-ehKQ.002,train,-9.02823,5.9070926
feg-RNvT-t0.000,train,9.369608,12.882852
ff-3k-nzoXA.000,train,5.2159576,-7.6191773
ff-3k-nzoXA.002,train,18.216991,-7.532696
ff-3k-nzoXA.004,train,9.512681,-7.448325
fgEddXirQvQ.005,train,-1.7146647,-3.7118912
fhUGU2uiS1U.001,train,-0.94332606,-6.3087416
fhUGU2uiS1U.004,train,0.56882274,-4.936263
fiEEjrKhlNU.001,train,-5.3119297,-1.1863176
fiEEjrKhlNU.002,train,-4.176056,-3.384489
fiVORaERbP0.002,train,-9.322195,9.627471
fiVORaERbP0.004,train,-11.602205,5.813953
fiVkE3iDWY4.004,train,-3.288509,3.9382296
fipvPdFbKN4.000,train,2.957439,10.934123
fipvPdFbKN4.004,train,4.907051,5.115234
fkDqn2muw-A.000,train,-2.101964,-4.342116
fkDqn2muw-A.002,train,-1.2901163,-6.1017427
fkDqn2muw-A.003,train,-2.9813118,-5.060316
fk_ggmC872E.000,train,-11.503384,6.6938396
fk_ggmC872E.001,train,-5.0615034,0.38440713
fk_ggmC872E.003,train,-6.78968,-0.067761354
fmjILOLc3eg.001,train,-4.005143,-1.769997
fmue_KpW9Ro.000,train,-4.0120797,1.8505207
fmue_KpW9Ro.003,train,-2.309868,5.46092
fmue_KpW9Ro.004,train,-3.9180021,1.6012086
fmue_KpW9Ro.005,train,2.114756,6.639708
foj4bqLSmF8.001,train,-7.6970286,5.432674
foj4bqLSmF8.002,train,-7.9910235,1.2897034
foj4bqLSmF8.003,train,-3.882908,9.72822
fpyBDfh7qF0.001,train,-7.9711385,-2.0411124
fpyBDfh7qF0.002,train,-9.725968,-1.9178342
fpyBDfh7qF0.004,train,-7.0193977,-2.1853042
frsDpQjmC5k.002,train,20.065922,-15.127968
frsDpQjmC5k.003,train,22.683773,-17.243408
fsCK8Xuzl1Y.000,train,-2.2192395,-0.41797996
fsCK8Xuzl1Y.003,train,-2.092166,-3.0897298
fsCK8Xuzl1Y.004,train,-4.265811,-0.9134627
fsLf6Xv_Gbk.001,train,-5.51143,-0.2674983
fsaslN7xV-w.000,train,-4.767642,0.6953653
fsaslN7xV-w.002,train,-10.58273,2.136546
fsaslN7xV-w.004,train,-8.935914,1.5513905
fuKtMm2WR0g.001,train,-8.216602,3.021904
fv5lLeyRdd4.001,train,-9.535563,-1.1541438
fv5lLeyRdd4.002,train,-8.311331,-0.009554326
fv5lLeyRdd4.004,train,-6.5686975,1.1666008
fv5lLeyRdd4.005,train,-8.40023,2.1931167
fwJykIyvS04.001,train,5.204925,-10.645445
fwYZP8qOtC0.005,train,3.202398,-1.7090393
fyXiORXmWHs.002,train,-2.0852451,-3.863621
fyXiORXmWHs.003,train,-2.4982345,-2.443797
g00oS-Kt248.001,train,20.947838,-9.153129
g0PWBzU95sI.000,train,-3.3869545,-3.1476276
g0PWBzU95sI.001,train,1.1692243,2.7899692
g0PWBzU95sI.004,train,-5.0447006,-2.1105068
g0Zlp-F6Z6E.001,train,-3.087852,-5.058857
g0Zlp-F6Z6E.003,train,-4.8152585,-4.506545
g0Zlp-F6Z6E.004,train,-3.4125667,-3.2888286
g1TMjzZH8bw.000,train,-1.8898822,-0.5298712
g1TMjzZH8bw.002,train,-3.4997392,1.2736278
g1TMjzZH8bw.004,train,2.9755414,-0.76191396
g24JGYuT74A.002,train,-9.149458,1.4199679
g24JGYuT74A.003,train,3.875852,25.308758
g4PQ753TDls.000,train,-5.135791,-4.9897127
g7sDGH8APwk.000,train,4.1913595,0.5802081
g8rjtlzAQ6k.002,train,2.9604592,-9.233622
g8rjtlzAQ6k.003,train,3.8418782,-8.710363
g9zgIN56MnQ.001,train,-8.231801,0.94661385
g9zgIN56MnQ.004,train,-1.4590446,0.5742014
g9zgIN56MnQ.005,train,-6.0367928,-0.8476223
gAWA-fcIa_M.001,train,-4.804599,8.832291
gAWA-fcIa_M.002,train,-6.6450005,6.166607
gAWA-fcIa_M.003,train,-5.2461424,-0.13614532
gAWA-fcIa_M.004,train,-6.2799697,9.194101
gAWA-fcIa_M.005,train,-7.7626286,0.96173596
gCQT7zfS7sI.001,train,-7.710117,5.07338
gCQT7zfS7sI.002,train,-9.7684145,2.2241173
gChqk1izWkc.002,train,-1.3072546,-1.6624354
gFEntQ_UKvk.002,train,-0.20361397,0.3066795
gFEntQ_UKvk.003,train,-0.9368231,-0.6163878
gLtvOEy7m8Q.002,train,3.9034972,-1.7872801
gLtvOEy7m8Q.005,train,1.5497171,-4.5890465
gM_KAA-ejJA.005,train,2.4075646,-5.8788357
gOS-CneQsxI.003,train,-8.147951,-1.0525994
gSCurvS_vWU.004,train,12.553443,-10.515169
gUyH1qvbOZA.000,train,-8.588609,0.68821687
gUyH1qvbOZA.004,train,-9.706693,0.044142812
gUyH1qvbOZA.005,train,-1.1187226,2.9982765
gWCgqVn3m3k.000,train,-1.5914592,-7.541101
gWCgqVn3m3k.001,train,9.138964,20.058348
gX20EUUZc9M.004,train,7.9439726,-5.45833
gZblxCs4EV4.001,train,2.18574,-6.258896
gZzB49daFfA.003,train,-8.054996,-0.66627777
gZzB49daFfA.005,train,-5.016942,-1.5893762
g_UeE-1ghtQ.001,train,-0.49315846,-7.788935
ga_XczsO4eY.000,train,5.174914,-3.6596646
ga_XczsO4eY.001,train,0.746093,-2.3443496
ga_XczsO4eY.004,train,2.4442463,-0.3424746
ga_XczsO4eY.005,train,2.565976,-1.8208804
geXpIfaFzF4.001,train,-4.334954,1.0068686
geXpIfaFzF4.002,train,-3.23472,3.271811
geXpIfaFzF4.003,train,-8.487352,2.2218974
geXpIfaFzF4.004,train,-4.764074,0.1247192
geji1U2YAvg.002,train,3.1772504,-7.7077074
gfTTzlRNF8s.003,train,10.087088,-7.3903975
gggp205gPMI.001,train,0.021051027,-1.2869871
gggp205gPMI.003,train,-2.9970481,0.01507704
gipWTZy9mjI.000,train,-4.1794195,0.40678692
gipWTZy9mjI.002,train,-2.0469851,3.5103846
gipWTZy9mjI.003,train,-2.2540724,3.5707235
gipWTZy9mjI.005,train,6.3049755,-1.52853
gj3-xvhPeWg.003,train,-6.289772,0.21374215
gj3-xvhPeWg.005,train,-1.4744924,-0.56304824
gkKHdsF6du4.000,train,2.3595345,-6.748303
gkKHdsF6du4.003,train,0.9190311,-4.348024
gkKHdsF6du4.004,train,7.294109,-6.4390206
glgfB3vFewc.000,train,-5.02373,-2.8371449
glgfB3vFewc.002,train,-4.0804768,-3.0372553
glgfB3vFewc.003,train,-4.1358266,-3.593776
gngqDNTAXnI.002,train,-3.9697418,-3.9899726
gngqDNTAXnI.004,train,-4.5710025,-2.9870555
gq0yaEv6gSE.000,train,-0.27603382,2.5242853
gq0yaEv6gSE.002,train,0.2470624,1.2090324
grhDDOLsBho.000,train,-0.09110894,1.9398961
grhDDOLsBho.002,train,0.30491468,0.9130786
grhDDOLsBho.004,train,0.7154401,-0.5048562
grhDDOLsBho.005,train,-0.9492521,1.813604
gsleSGEZHAs.000,train,-0.6328913,-3.4714375
gsleSGEZHAs.001,train,-3.3087025,-4.3838816
gsleSGEZHAs.002,train,-1.6345767,-3.533741
gsleSGEZHAs.004,train,1.1701386,-5.5657725
gsleSGEZHAs.005,train,-3.9456537,-2.8672764
h-jMFLm6U_Y.000,train,-0.24422054,-5.5023875
h-jMFLm6U_Y.004,train,2.7353444,-2.6559522
h2-_bQdTZYY.004,train,-2.7863002,-3.2984111
h7qbP1GS50U.003,train,-8.235059,-0.20059024
h7qbP1GS50U.004,train,-4.8661127,-0.23322144
h9jIdLBaMEo.000,train,7.678648,-5.4972134
h9jIdLBaMEo.001,train,13.032927,-1.1910602
h9jIdLBaMEo.002,train,8.214951,-1.14787
h9jIdLBaMEo.004,train,2.7066846,-4.922666
hDqsuyVeWmw.000,train,-11.751638,2.225793
hDqsuyVeWmw.004,train,-13.887129,2.9955034
hF3yR5rmga8.001,train,-1.5210948,-8.72303
hF3yR5rmga8.003,train,-2.6004157,-6.6953773
hF3yR5rmga8.004,train,-2.8285804,-6.5147543
hG-pwa191bw.000,train,-7.099787,4.272633
hG-pwa191bw.002,train,-8.464003,3.184456
hG0I7DLSSYg.001,train,1.7867708,-2.3039954
hG0I7DLSSYg.002,train,-1.6804655,-3.0048919
hG0I7DLSSYg.003,train,-2.4640443,-2.3604152
hG0I7DLSSYg.005,train,1.8957336,-2.8259957
hIFNZ_ycngg.001,train,9.286964,1.8624171
hIFNZ_ycngg.002,train,0.8960558,-0.4104458
hIxLNK_x_QA.002,train,5.5274363,-4.338144
hIxLNK_x_QA.005,train,-0.4167051,-3.3732455
hK5lmI9pwck.003,train,-2.4556985,8.048398
hM96SfN5_F4.004,train,17.157042,-3.7579255
hOXvRgxjfik.000,train,5.726454,-2.6704772
hOXvRgxjfik.001,train,-5.116408,-4.53539
hOXvRgxjfik.003,train,-3.0168498,-4.798702
hOXvRgxjfik.004,train,-4.0698876,-5.055961
hPguTv1Zvg8.001,train,-7.0723557,-2.3397143
hPguTv1Zvg8.002,train,-5.776389,-1.540383
hPguTv1Zvg8.003,train,-6.7103972,-0.9141281
hPguTv1Zvg8.004,train,-2.8117456,-1.0607414
hQImLccateA.002,train,-10.304249,1.4027221
hT83GkLYIFs.001,train,9.750467,-9.09147
hT83GkLYIFs.002,train,-1.3111932,-6.0252233
hX2TVefa5bQ.002,train,-7.3692393,1.3065503
hX2TVefa5bQ.005,train,-8.335409,-3.0202856
hZIGQXercNA.001,train,12.624515,-3.7587981
h_GDQ9_H1es.002,train,0.48442835,-8.553751
h_kjgcJ_bqU.002,train,0.35663912,-1.2755654
h_kjgcJ_bqU.003,train,-0.58911705,-3.6902833
h_kjgcJ_bqU.004,train,-5.010979,-3.362995
h_kjgcJ_bqU.005,train,-3.590045,-6.0320272
haxhAfuccuE.000,train,6.65408,-8.865353
hd2-msVu9-g.000,train,-5.8192587,5.712084
heE4ZZXwehI.002,train,2.3897018,9.08761
hfUH9Am-Izs.000,train,10.999281,-7.7757635
hhdoeK8SsiI.000,train,-2.3406126,-3.3298104
hhdoeK8SsiI.001,train,1.9949095,-3.31831
hhdoeK8SsiI.002,train,-0.33508956,-2.1176155
hhdoeK8SsiI.003,train,13.440538,-1.4364054
hhdoeK8SsiI.005,train,1.6503643,-3.3024592
hhdzTOyFIo8.001,train,9.184867,-7.385386
hhdzTOyFIo8.002,train,6.070412,-7.1007533
hhdzTOyFIo8.003,train,0.3740099,-5.1729326
hi8A0nUHnL8.003,train,13.940656,-6.7748966
hl70w5drc_4.003,train,3.8576286,-5.2207856
hmTY4CubpiE.002,train,5.716301,-7.0497184
hmy9XEvT2v4.000,train,-2.325071,-2.4781036
hmy9XEvT2v4.004,train,-0.24889053,-1.8448379
hnMp0eX28es.001,train,1.0098604,2.4715252
hnWMsZEQWt4.001,train,-13.687083,3.7766714
hnWMsZEQWt4.003,train,-14.038021,4.388799
hqe-8SMJGmc.003,train,-1.3378668,9.929246
hquzfo9MVDo.001,train,-8.951853,1.1292131
hquzfo9MVDo.002,train,-5.764541,5.423197
hquzfo9MVDo.003,train,-7.039832,-0.36323422
hrat_RJczFM.001,train,-4.2798095,5.6745896
hrat_RJczFM.002,train,-3.201567,6.4124355
hrat_RJczFM.004,train,-4.5061355,4.873692
hsXn0N8bAYs.005,train,4.9105773,14.191315
hspeWl-Bip0.002,train,3.4687183,-4.4414115
hspeWl-Bip0.003,train,7.882192,-5.4924026
hspeWl-Bip0.004,train,4.9063993,-3.951806
htH89DBizno.000,train,4.0567045,17.79214
htH89DBizno.001,train,3.1119063,8.179731
htH89DBizno.002,train,-2.7386515,-6.001967
htH89DBizno.003,train,-2.1293185,2.020553
htH89DBizno.005,train,-0.8974085,7.07746
huIQlWsIEvY.000,train,-2.8363304,0.9052658
huIQlWsIEvY.003,train,-6.0951447,3.1100748
huIQlWsIEvY.004,train,-6.1658163,-0.3698831
huIQlWsIEvY.005,train,-8.425722,2.4374347
i1cAYtXA2Xs.002,train,2.9078665,-6.6582
i1cAYtXA2Xs.003,train,3.066396,-7.120845
i1gouUmZumY.001,train,-2.1055315,0.13452263
i1gouUmZumY.002,train,-0.38027364,3.4916346
i1gouUmZumY.003,train,-2.060409,-0.18885149
i4IVTm3uvoM.000,train,-5.871179,1.652291
i4IVTm3uvoM.002,train,-6.8674498,-0.13016362
i4IVTm3uvoM.005,train,-6.4426646,1.0954301
iAgu-wDe2MQ.000,train,0.7358876,7.47568
iAgu-wDe2MQ.002,train,-2.7798064,-1.3178239
iAgu-wDe2MQ.003,train,1.4030926,5.9511423
iFSF6v3xw_k.002,train,-3.4703286,-2.5835426
iFSF6v3xw_k.005,train,-2.8170633,-0.13335322
iGBVrJMr62U.000,train,26.120192,-1.3916006
iGBVrJMr62U.002,train,26.921906,-7.3550377
iGBVrJMr62U.003,train,26.186676,-7.25415
iGBVrJMr62U.005,train,10.429652,-4.9049277
iGlLSkRAsJc.000,train,-3.2297256,-1.0795833
iGlLSkRAsJc.003,train,-3.6732001,-1.5309871
iGlLSkRAsJc.004,train,-4.8214397,-3.8981984
iGlLSkRAsJc.005,train,-3.6600988,-1.9662501
iJGHwoJKEpA.002,train,-5.436727,3.6224177
iJGHwoJKEpA.003,train,-9.222552,4.132754
iL6lNdRS0ZU.000,train,-3.0865414,-3.1389043
iOB65zCiOFM.001,train,-1.8267791,-0.8165663
iOB65zCiOFM.003,train,-1.1809187,0.6796669
iOv0_RdVPCM.000,train,-2.179745,-4.216925
iOv0_RdVPCM.003,train,-1.7196615,-2.5391994
iOv0_RdVPCM.005,train,-0.7074781,-6.203065
iPblZBQpafs.001,train,-1.002841,20.33516
iPblZBQpafs.002,train,-10.806537,5.2865977
iPblZBQpafs.003,train,-7.404297,4.7139487
iPblZBQpafs.004,train,-6.584438,12.766639
iPblZBQpafs.005,train,-7.9694867,4.018689
iQvoDdxt06M.000,train,-6.7651477,-5.6516714
iQvoDdxt06M.003,train,-4.1362615,-3.854281
iQvoDdxt06M.005,train,-3.494789,-5.034064
iW1t-ZiG2rc.000,train,-8.699005,-0.54060096
iW1t-ZiG2rc.001,train,-12.056752,0.9946974
iWyAQkMVNfM.003,train,21.896935,-7.8529825
iWyAQkMVNfM.004,train,41.057407,12.890617
iXaqqRE76lI.000,train,-2.8148718,-2.978217
iXaqqRE76lI.001,train,17.432991,10.983581
iXaqqRE76lI.003,train,-0.73811257,6.3325253
iYVJt41_q7M.002,train,10.120789,27.590553
iaCYb7um0Lw.000,train,3.5667086,1.9206645
ibawV2tqKug.001,train,-5.7817307,1.8260158
ibawV2tqKug.004,train,-11.450562,1.0920849
ibawV2tqKug.005,train,-5.165728,1.6719064
ic_LECbCm5M.002,train,-6.398588,-3.7175891
ic_LECbCm5M.004,train,-5.0840006,-4.565869
idsEawKW4X8.000,train,-1.481807,-6.082494
idsEawKW4X8.004,train,-0.77255774,-7.456792
idsEawKW4X8.005,train,1.0387774,-7.505748
ihA8DzHWyiU.001,train,7.4074593,-12.790065
ihEFzP5S57g.000,train,9.520913,-10.930464
ihEFzP5S57g.003,train,-0.7401751,-1.0639582
iiW_nu6JITY.001,train,-2.4397058,-1.4204655
iiW_nu6JITY.002,train,-5.3464217,-2.3002794
iiW_nu6JITY.004,train,-2.0519245,-2.6673462
iiW_nu6JITY.005,train,-3.1038864,-4.8630996
ilOi-sQo9HI.001,train,-3.4624634,8.725409
ilOi-sQo9HI.005,train,-6.5573955,3.5504444
in-HuMgiDCE.001,train,-7.1734214,15.617879
in-HuMgiDCE.002,train,-7.860107,7.2753797
in-HuMgiDCE.003,train,-9.602807,8.318519
in-HuMgiDCE.004,train,-10.306897,6.8524513
io0aNQE8En8.000,train,23.189291,41.970192
io0aNQE8En8.002,train,2.95416,4.3813124
io0aNQE8En8.003,train,0.29306015,9.15224
io0aNQE8En8.005,train,-0.5480589,9.943101
io8dFIfl9Go.000,train,-8.352309,2.1938
ioaBnmfoHgo.000,train,-3.6279957,-3.824784
ipP--IqIuWU.001,train,0.76534253,-1.1038526
ipP--IqIuWU.002,train,0.59415376,-2.8915558
ipP--IqIuWU.003,train,13.549905,-9.896507
iqs7mZbg5UI.001,train,-4.878364,-2.0702214
iqs7mZbg5UI.005,train,-2.3648548,-4.1665916
isaP2l3rlBQ.001,train,-12.012627,3.073921
isqmQc9AfBc.000,train,-9.905745,0.75484544
isqmQc9AfBc.001,train,-10.047234,6.620569
isqmQc9AfBc.003,train,-6.1492867,10.365677
isqmQc9AfBc.005,train,-6.8845425,11.286149
iuiuZuWtEH8.001,train,7.093101,-4.891056
ivcVlDXJCDo.000,train,-1.0190471,-3.3740084
ivcVlDXJCDo.001,train,-0.36714342,2.80442
ivcVlDXJCDo.002,train,-1.9773338,-2.411883
ivecmGb711M.001,train,6.487708,-2.9628646
ivpw58MIRtQ.003,train,-4.2055683,-1.2960182
ivpw58MIRtQ.005,train,-1.0968634,-3.3719666
ixPqs7L8oAE.003,train,-3.5087998,-3.3631582
ixPqs7L8oAE.004,train,-6.5717964,-3.4969563
ixPqs7L8oAE.005,train,0.7779608,-5.927711
ixkHBIX84SE.000,train,-2.6758,-4.3008323
izq1ogkfedI.002,train,2.7778234,-5.49046
izq1ogkfedI.004,train,6.2421627,-5.5719175
izqyworQEEM.000,train,-6.1558776,-1.2659951
izqyworQEEM.001,train,-7.58227,-1.5429113
izqyworQEEM.002,train,-1.9158313,-3.786445
j-XUQ3Rmq6w.001,train,-0.21318613,1.9605169
j-XUQ3Rmq6w.002,train,0.255407,5.4806986
j-XUQ3Rmq6w.003,train,-2.0770688,2.4805837
j-XUQ3Rmq6w.004,train,-0.8642744,2.1227841
j-XUQ3Rmq6w.005,train,-3.745739,0.5282231
j0dnDXTyUBA.001,train,-2.887767,6.033762
j1idNSoB7tA.000,train,-9.360633,-0.45718795
j3jdT1V-DeI.000,train,-3.5704603,-0.37675145
j3jdT1V-DeI.001,train,-3.9175131,-2.7779014
j3jdT1V-DeI.002,train,-4.4681892,1.2349389
j3jdT1V-DeI.003,train,-2.814752,-2.6986456
j3jdT1V-DeI.004,train,-5.096127,-2.8087692
j3jdT1V-DeI.005,train,-6.197538,-0.26247388
j5fXaXrNPoA.000,train,1.8750212,-2.050236
j5fXaXrNPoA.004,train,4.1688795,-5.1136184
j5fXaXrNPoA.005,train,12.4737625,-9.948311
j6d-KRDXnUI.001,train,0.8928906,1.7072475
j7VLzb0qw8Q.001,train,10.385577,4.607137
j7VLzb0qw8Q.004,train,5.361216,-8.978031
jDdRrqRcSzM.000,train,2.3946714,-6.6093855
jDdRrqRcSzM.001,train,-2.2097015,-4.4460626
jDdRrqRcSzM.002,train,-3.459728,-2.0345993
jFx6AEw6viQ.002,train,-10.897588,1.9551071
jFx6AEw6viQ.004,train,-8.79992,1.6832117
jFx6AEw6viQ.005,train,-10.455579,2.089877
jKHaHWuaU14.001,train,6.068562,10.904622
jOTlJwOBSd4.002,train,2.7267313,3.6338522
jOTlJwOBSd4.003,train,-3.8295999,-0.28412428
jOTlJwOBSd4.004,train,-1.4264232,0.35478604
jOTlJwOBSd4.005,train,0.12492419,1.9577663
jPpZkVzQywk.000,train,25.390718,12.051598
jPpZkVzQywk.001,train,12.974627,11.877093
jPpZkVzQywk.003,train,-10.829952,1.7176485
jQRFHBVs0dA.004,train,11.356749,-7.6769166
jQRFHBVs0dA.005,train,15.615506,-7.1122556
jSw-grsJCnE.000,train,10.755694,-2.2787554
jSw-grsJCnE.003,train,12.009098,-11.588557
jTkEWnuDnbA.001,train,5.8227334,-7.909277
jTkEWnuDnbA.002,train,2.4328501,-6.061334
jTkEWnuDnbA.004,train,-0.6771098,-3.753551
jVGTEDAYWZ8.001,train,-3.1534288,-4.010608
jVGTEDAYWZ8.003,train,8.746411,7.2969775
jZDlFzVUZwY.001,train,-6.5296364,-1.1638955
jZDlFzVUZwY.002,train,-5.9321337,-0.21165676
jZDlFzVUZwY.003,train,-5.583991,0.26375675
jZDlFzVUZwY.005,train,-4.9773564,-0.24642664
jZhlaIUFMLc.000,train,4.1479087,-12.189725
jZhlaIUFMLc.001,train,5.733674,-10.624872
jZhlaIUFMLc.003,train,6.951313,-13.863838
jZhlaIUFMLc.004,train,1.6135896,-10.801689
jZhlaIUFMLc.005,train,2.4455538,-11.397532
jZl3Rq1MRQg.000,train,21.423264,-10.402721
jZl3Rq1MRQg.003,train,14.106416,-13.759236
jaWY130zc1U.001,train,-4.5070505,-3.356311
jdli4DDP7XM.003,train,-1.8020351,-3.3259888
jdli4DDP7XM.004,train,-0.9400217,-4.08528
jdli4DDP7XM.005,train,-1.635845,-4.024616
jgyDXrhO3n4.000,train,12.476686,7.099637
jgyDXrhO3n4.003,train,7.6051097,2.9768445
jjFzwsootdM.000,train,-6.609297,-2.726266
jjFzwsootdM.004,train,-2.3383508,-4.4403424
jlDYn537Pd0.001,train,3.0928667,-6.6823597
jlDYn537Pd0.002,train,3.8875816,-6.9121704
jlDYn537Pd0.004,train,1.6641759,-7.77087
jlHKgXrxCu8.000,train,-8.635828,1.855879
jlHKgXrxCu8.004,train,-5.8668165,-2.197109
jmbAPNTJ3Vk.002,train,21.018232,34.35905
jmbAPNTJ3Vk.003,train,-1.4140139,-7.6389647
jmbAPNTJ3Vk.005,train,-1.715465,-7.3337474
jnEHHvlBgxE.002,train,-0.15670133,-5.410197
joOfhNyKRjE.004,train,4.6256537,-5.161336
jolhoLhAurM.001,train,0.1292866,-6.7969284
jolhoLhAurM.002,train,-3.7062762,-2.6952543
jolhoLhAurM.004,train,-3.3084497,-4.1744103
jolhoLhAurM.005,train,-2.665321,-4.1249604
jpPZVmzleAo.001,train,-0.618658,-3.2283268
jpPZVmzleAo.002,train,-1.4030926,0.86388993
jpRnHWTLDUs.003,train,-8.856546,-0.17569748
jpRnHWTLDUs.005,train,-9.484612,1.4620521
jpbz8CA4RvI.000,train,-5.4512405,-4.47692
jpbz8CA4RvI.004,train,-4.5941157,-4.9014463
jpyU48DzGTY.001,train,-9.0981655,4.8510685
jpyU48DzGTY.002,train,-4.033746,4.8863287
jpyU48DzGTY.004,train,-4.071038,4.6557364
jpyU48DzGTY.005,train,-5.8255086,6.3980403
jq1dLOVUQJA.000,train,-2.4028149,0.699608
jrhvXPaXo-0.000,train,-7.55434,-0.25208938
ju7N5w4XZ4A.000,train,1.1488197,-0.543394
ju7N5w4XZ4A.002,train,-1.0684628,-4.860002
jub-AHFTH_g.000,train,-4.6666684,-4.4544735
jvHDFrgu9PA.005,train,1.0669237,-8.974425
jwPTGuWAnSI.004,train,-2.472035,-3.2444131
jwbHWwySJW8.004,train,-6.59894,-1.964721
jwcSbw4NDn0.002,train,5.4690385,4.5611887
jwcSbw4NDn0.004,train,0.80984336,0.4500416
jwcSbw4NDn0.005,train,-7.3735366,-1.2181791
jxoOEkSq0uM.001,train,11.819436,-7.4785285
jxt1W2WRNHQ.000,train,-3.6783774,3.0012524
jxt1W2WRNHQ.002,train,-4.7166452,-3.6402
jxt1W2WRNHQ.003,train,-4.2848396,0.29300436
jxt1W2WRNHQ.004,train,-4.764737,-3.7504451
jxt1W2WRNHQ.005,train,-4.3833313,-1.3805305
jz9kgvYbBYA.003,train,-6.883769,-1.7384189
jz9kgvYbBYA.005,train,-4.7659535,-3.3098705
k1eXxMAfnIY.005,train,3.3829064,-8.531869
k2buv6xZ4_o.000,train,-12.644555,5.196881
k2buv6xZ4_o.001,train,-8.745698,2.7411618
k2buv6xZ4_o.003,train,-10.282762,2.426154
k2buv6xZ4_o.004,train,-9.419007,1.995681
k2buv6xZ4_o.005,train,-13.666269,1.5820812
k3iu-fhIkeI.000,train,-5.2428756,-2.56337
k3iu-fhIkeI.002,train,-4.544319,1.4109647
k3iu-fhIkeI.003,train,-5.365756,-1.5901068
k4QmzZuQl9s.003,train,-1.158771,-2.3873281
k4QmzZuQl9s.004,train,-4.698045,-1.7004247
k4eeYoHtnnI.000,train,11.264416,-5.9824386
k4eeYoHtnnI.001,train,7.071633,-4.5359135
k4eeYoHtnnI.004,train,7.854234,-7.195371
k99PI3FGEj0.000,train,20.697554,-7.457321
kAbMWBsPKR4.000,train,-0.34654424,-1.6942068
kAbMWBsPKR4.002,train,1.7314984,-4.130745
kAjPHyfol4w.001,train,-5.773197,-2.606237
kAjPHyfol4w.004,train,-3.419807,-4.5980854
kAjvzIWWrWA.002,train,2.8328204,-6.3345385
kAjvzIWWrWA.003,train,8.250421,-8.971096
kAjvzIWWrWA.005,train,3.4086404,-5.208489
kDInh1O8p5w.005,train,7.0811815,-0.5711702
kDJigDGDJTo.000,train,-6.149881,1.439272
kDJigDGDJTo.001,train,-4.3075633,6.3281064
kDJigDGDJTo.003,train,-8.24182,1.8993155
kDJigDGDJTo.005,train,-2.3776999,-0.8082399
kDP6_hiBR0o.002,train,-2.0041869,-5.0893855
kDP6_hiBR0o.003,train,1.5854726,-2.712564
kDP6_hiBR0o.005,train,-1.5719002,-3.2760625
kDXYolv-8p8.000,train,5.120258,-7.815964
kDXYolv-8p8.002,train,8.13604,-6.6764073
kDXYolv-8p8.003,train,4.337193,-5.000806
kDXYolv-8p8.005,train,6.4443383,-7.769486
kFak4VnRnRM.001,train,8.441913,-7.4153
kFak4VnRnRM.004,train,4.078225,-7.622214
kFak4VnRnRM.005,train,4.4803576,-8.874705
kHK5PkwJS7Y.003,train,8.137175,2.6758006
kJLeYUobR0M.001,train,-1.4306908,1.9628692
kK4QL7pOrhs.002,train,12.74482,-9.858349
kK4QL7pOrhs.003,train,5.512119,-7.463296
kK534gUcRF4.004,train,2.2141185,-5.919057
kKRc2aXzQyM.002,train,-5.86088,0.02180345
kKRc2aXzQyM.004,train,-6.442728,1.0884511
kL-CeaXG9jM.000,train,-6.80971,2.7034667
kL-CeaXG9jM.001,train,-9.468458,2.7748675
kL-CeaXG9jM.002,train,-8.458683,5.112075
kL-CeaXG9jM.004,train,-5.7399726,5.9191546
kN9cs2nFhM4.002,train,-0.15588532,-7.0739436
kN9cs2nFhM4.003,train,-0.4597958,-4.1105494
kN9cs2nFhM4.004,train,-2.6609433,-5.5735703
kN9cs2nFhM4.005,train,-0.91334045,-3.0416038
kN_bFMVnfzY.001,train,-6.9830256,-1.0412409
kPJzHs5jclg.001,train,1.1834102,-1.9676468
kPXVZD3ac8s.005,train,-4.3370786,-1.1633658
kPife9TY9Pw.000,train,2.928504,-2.1736028
kQ8HhrysfaA.003,train,10.151196,-1.3530935
kQ8HhrysfaA.005,train,4.930289,-1.7766706
kSk-rf7a1Ig.000,train,1.773279,-3.6087904
kSk-rf7a1Ig.001,train,-0.38468325,-4.9356537
kSk-rf7a1Ig.003,train,1.1866558,-0.122640066
kUpkeJDcxaE.000,train,5.4457374,-7.9497943
kUpkeJDcxaE.002,train,4.1616426,-7.100316
kUpkeJDcxaE.003,train,1.7189648,-7.5516853
kUv0BJQmKq0.000,train,-2.2122796,-4.842423
kUv0BJQmKq0.001,train,-2.8935423,-3.719626
kUv0BJQmKq0.002,train,0.0892872,-6.9544525
kUv0BJQmKq0.003,train,-1.8255037,-3.457363
kV7MFI2_ddo.000,train,-8.343004,0.03855347
kV7MFI2_ddo.002,train,-6.229889,-0.022565996
kV7MFI2_ddo.005,train,-10.602989,2.8665493
kX-o1qmgWvc.002,train,-0.08766593,3.117415
kX-o1qmgWvc.004,train,-5.3371124,1.3076925
kY_4WyAXxrQ.000,train,3.0815244,-6.140332
kY_4WyAXxrQ.003,train,6.1844673,-6.820331
kY_4WyAXxrQ.004,train,0.045970112,-4.1384406
kare8QF7vrE.000,train,4.693825,-3.2877767
kcHvO5ins50.002,train,-1.1953392,10.402911
kcHvO5ins50.003,train,-4.376644,6.851597
kdPRPO3wgg0.000,train,-5.57694,-1.122999
kdPRPO3wgg0.001,train,-9.143778,2.1176891
kdPRPO3wgg0.004,train,-9.442492,3.0737686
keGXYAcUXmA.001,train,-0.8971456,2.3056562
keGXYAcUXmA.002,train,-2.7496347,-1.3321631
keGXYAcUXmA.005,train,-5.449695,0.6404607
keW8-eSiQ70.003,train,20.002094,-10.221933
khCsAN1Bk_I.000,train,30.257103,-6.649088
khCsAN1Bk_I.001,train,32.32566,-11.9146805
khCsAN1Bk_I.002,train,42.14455,-9.760409
kmV6Qtv0amA.001,train,8.478425,-10.806892
kmV6Qtv0amA.003,train,-0.04985986,-9.646837
kmV6Qtv0amA.005,train,16.738977,-12.498082
kn6I8LdQFN0.004,train,16.38009,-0.30554414
knK0zyX8bS4.004,train,-0.83416975,-6.1826615
knpgk7LAMb0.000,train,6.2556305,-2.7870953
knpgk7LAMb0.002,train,15.172453,2.436302
knpgk7LAMb0.005,train,10.301992,0.6115247
kp3c66Igyr8.001,train,0.3552812,-4.223731
kp3c66Igyr8.002,train,8.441315,-6.793065
kp3c66Igyr8.004,train,7.8319273,-7.6175404
kp3c66Igyr8.005,train,6.7964826,-9.401497
kppgmuWEv-A.000,train,-2.011884,0.9534502
kppgmuWEv-A.001,train,5.703773,3.449032
kppgmuWEv-A.003,train,-2.3198576,3.0993955
kppgmuWEv-A.004,train,-3.1007328,3.2514532
kppgmuWEv-A.005,train,3.022677,8.38741
krTAAqQ8_A8.005,train,3.2645242,-1.4170586
ksCoS_ghDfM.000,train,-0.24730551,-10.3615885
ksCoS_ghDfM.002,train,-1.7142663,-8.646425
kwcpINU9LLk.001,train,1.2580495,-3.5505438
kwcpINU9LLk.004,train,-6.0348563,-2.3085725
kxlqIrk0WnY.002,train,-1.0807346,-3.3943865
kyq-X4IFMtw.001,train,-0.34389994,-6.3829894
kzDQXSGGomg.002,train,8.958062,-8.952576
kzDQXSGGomg.004,train,14.893134,2.7340736
kzDQXSGGomg.005,train,11.135601,-9.309956
l-WgXcGLdZk.002,train,0.12329696,0.5470533
l-WgXcGLdZk.003,train,-1.2940865,-3.3988678
l-WgXcGLdZk.004,train,6.4036126,-1.4602706
l-WgXcGLdZk.005,train,2.7960536,-2.306623
l0qApUuiDjo.005,train,-1.7684896,-0.9365925
l1L61qbiV2U.001,train,-6.36658,3.4302933
l1V-DuJ-WgU.000,train,23.544844,-7.83636
l1V-DuJ-WgU.002,train,14.850747,-6.997427
l1V-DuJ-WgU.004,train,27.464949,-9.688702
l2YS_qsF7SQ.004,train,-3.2779765,1.0559021
l3IoZ_QmOQo.001,train,-8.505635,0.5237624
l3IoZ_QmOQo.004,train,-5.904458,-1.7732403
l3MXBCviqE8.004,train,-1.5131544,1.2319368
l3RE0rN7oEg.001,train,-5.342581,-3.2513885
l3RE0rN7oEg.003,train,-5.8461337,-2.1167037
l7U3YDIOE_s.000,train,12.283064,3.2306695
l7U3YDIOE_s.003,train,8.670035,3.9977324
l8weBJSCHbA.000,train,4.4694,-0.22031178
l8weBJSCHbA.001,train,3.9730916,0.95621115
l8weBJSCHbA.002,train,14.163333,-0.5445503
l8weBJSCHbA.003,train,8.2849455,-1.3204463
l8weBJSCHbA.005,train,4.530302,-0.16590321
lAJWoIcgXlU.000,train,-6.1014256,-1.9622943
lAJWoIcgXlU.001,train,-4.5826373,-3.033651
lAy2z5PN80E.000,train,-6.2088666,0.3743252
lAy2z5PN80E.001,train,-6.794113,-2.161169
lCWWjATDrRM.003,train,-4.920341,-5.227794
lErjGxBb1Bk.002,train,-1.8792572,-5.3778744
lErjGxBb1Bk.004,train,2.1769452,-3.2536824
lGIHEaCvWEA.000,train,-1.9874619,-3.422978
lK1HFH7j93c.000,train,4.855441,-8.592075
lKePJbjYiy0.000,train,-3.24294,-3.7510905
lKePJbjYiy0.002,train,-7.8923225,-1.7738742
lLKwlPLdYig.000,train,-3.874693,-4.803542
lLKwlPLdYig.001,train,-4.3093224,-6.5717406
lLObIVKYDUI.000,train,-5.252795,0.17152438
lLObIVKYDUI.004,train,-3.8075838,-3.9992146
lLObIVKYDUI.005,train,-7.8544044,1.0168781
lLWOcztaIBI.000,train,-9.697555,2.7161639
lLWOcztaIBI.001,train,-8.49086,2.5141802
lLWOcztaIBI.002,train,-9.246127,4.4846225
lLWOcztaIBI.003,train,-7.4457097,2.7563105
lLWOcztaIBI.004,train,-8.227355,1.8143508
lNY0BdE4NqY.000,train,16.874964,-7.7702117
lNY0BdE4NqY.004,train,14.830374,-6.508294
lNaZ4aJaiBU.000,train,-0.3841828,-1.3844382
lWz3uSk1qms.000,train,-9.982088,0.5830294
laPGbkC87us.004,train,-0.4106553,-2.4449341
ld7mBR4v3yU.001,train,-7.243109,-0.17517342
ld7mBR4v3yU.002,train,-7.710152,0.7329113
ldq15dfuaLg.001,train,-6.1509647,-2.3191571
leslBYwG8kc.002,train,18.941124,-10.168482
liRQoL7SsPw.001,train,-1.6321086,-2.469536
lkdQjIunxSE.000,train,-0.9167033,-6.196002
lkdQjIunxSE.002,train,2.2170727,-3.456513
lkdQjIunxSE.003,train,-0.16103314,-5.4060025
lkeXyB-3Gs0.001,train,0.21149214,-0.35196355
ll_chn4R32Y.000,train,5.7476115,-3.4412081
lmz3nj1VLzY.003,train,0.3303925,4.3340025
lnawWqnGpMc.000,train,-1.9399663,1.3339584
lnawWqnGpMc.002,train,1.1385927,3.590855
lnawWqnGpMc.004,train,4.5193157,1.5102175
lnawWqnGpMc.005,train,18.86215,17.063969
lsVwEApsljU.003,train,8.305476,2.4611146
lsVwEApsljU.005,train,2.460017,-1.5572667
lsXw8u4QXIU.001,train,-7.8717947,-0.98463154
luH2RoZW-eY.001,train,10.608808,0.9122049
luH2RoZW-eY.003,train,35.79816,-7.7981033
lvae9lRUugE.000,train,-0.031864513,-0.7681272
lvae9lRUugE.003,train,-0.8255226,0.514716
lvae9lRUugE.004,train,0.40444657,2.2664044
lvae9lRUugE.005,train,-2.7570546,-2.657531
lx6A8s_Ega8.000,train,5.6961637,-5.251116
lx6A8s_Ega8.003,train,4.294093,-3.7476966
lxnV9X8T2Zc.000,train,-8.294942,-1.2985487
lxnV9X8T2Zc.003,train,-7.0471473,-2.9126058
lxnV9X8T2Zc.004,train,-9.145741,-1.49608
lyZZSU1ziCQ.001,train,0.7465688,3.1151242
lyZZSU1ziCQ.002,train,1.043187,5.8622727
lyZZSU1ziCQ.003,train,-1.8972539,-2.1642134
lyZZSU1ziCQ.005,train,5.14099,7.798349
ly_0m16694Q.000,train,-0.8651697,6.221424
ly_0m16694Q.003,train,-0.2124194,1.4909925
lyznxF-Pj6g.001,train,-0.75654805,-3.0605001
m04e9ylCoK0.000,train,-1.2210567,16.25757
m04e9ylCoK0.003,train,-10.6996355,1.2274152
m0iznoJi8hw.001,train,-7.1580515,-2.223257
m0iznoJi8hw.002,train,-7.3616447,-1.0037556
m0iznoJi8hw.003,train,-5.7860494,-2.872856
m0tNIKbEwHE.003,train,-2.8055923,1.6724608
m0tNIKbEwHE.004,train,-5.35047,-2.0062
m2uxFfpb5xU.001,train,-3.9180958,-1.6939927
m2uxFfpb5xU.005,train,-2.9864507,-2.0834277
m3z_a0l0FRk.000,train,4.163469,3.2521014
m3z_a0l0FRk.002,train,10.587239,-5.52007
m4-vvEeWP8s.000,train,7.3336067,-2.632044
m4-vvEeWP8s.001,train,6.987179,-2.9085298
m4-vvEeWP8s.002,train,6.4351106,-3.277307
m4KKYcD6CZw.002,train,10.884435,-7.517337
m4KKYcD6CZw.003,train,4.6563582,-4.3960557
m4ZmRZCv6VA.005,train,4.258152,-1.4801841
m536hegSuKI.002,train,12.981454,-8.579356
m536hegSuKI.004,train,29.964962,-9.569053
m5kTITzj1bY.001,train,-2.1502335,1.6875365
m5kTITzj1bY.005,train,-5.715753,-0.337053
m6JOFpKvkE0.001,train,16.242933,-8.155468
m7zdWVDT-34.001,train,-7.2124963,-2.1188366
m7zdWVDT-34.002,train,-7.4827046,-1.4234997
m7zdWVDT-34.004,train,-7.0335064,-2.8246348
m7zdWVDT-34.005,train,-7.8596644,-2.3605917
mBJTwQsDC4M.002,train,-5.8150563,-2.9400432
mBJTwQsDC4M.003,train,-7.097602,-3.2986062
mBdVuEXRlfQ.000,train,-3.6113024,-6.1826744
mBdVuEXRlfQ.001,train,-3.3664508,-4.7868176
mEQBB6XsJFk.001,train,-4.3461056,-6.5259585
mEQBB6XsJFk.005,train,-6.9927707,-3.6586416
mFz5Fbs97QA.002,train,-0.81166905,1.7666658
mFz5Fbs97QA.003,train,3.929304,9.449513
mGWS0Akp08E.000,train,9.112654,-8.928718
mGWS0Akp08E.001,train,7.15541,-9.707122
mIQnQ8Nmj-c.001,train,7.1629934,-1.5366156
mIQnQ8Nmj-c.005,train,12.182509,-5.513067
mIcktEhNxRo.003,train,31.10188,-1.3118833
mIxTz3tOgmQ.000,train,-2.7308218,3.172973
mK8ebTJyrCI.002,train,0.8492021,18.139587
mKWscEow1U8.000,train,-3.735202,-1.3464378
mKWscEow1U8.002,train,-2.5736992,-3.174045
mKsGK9nCTxw.000,train,14.368723,-5.998139
mKsGK9nCTxw.001,train,21.580023,1.5470389
mLZw7Hf8AYI.004,train,1.2164665,-4.108714
mM6QbrCrdLo.000,train,-3.0346222,0.39110252
mMNjlGNWsZA.001,train,-2.3172135,2.3133683
mQTBqDY71dU.002,train,-6.0193076,-1.5920908
mQpNe8f5xA8.003,train,-5.702873,-2.0398836
mRKGI6hq4UU.003,train,-4.835896,-4.789793
mRKGI6hq4UU.004,train,0.83199275,-4.455013
mRfkHyx__4w.000,train,0.81748015,-5.4756308
mXaI17Dx7u0.000,train,1.7092592,0.80448896
mXaI17Dx7u0.001,train,10.844159,1.9789863
mXaI17Dx7u0.003,train,13.45027,19.779917
mXgUV0o6a20.000,train,8.189079,-7.9085817
mXgUV0o6a20.001,train,7.1018033,-5.970306
mY1ZTvNVkSA.002,train,5.592429,-8.1212845
mY1ZTvNVkSA.003,train,4.0174246,-2.558389
mY1ZTvNVkSA.005,train,0.8048973,-6.0027266
mZ2CHgzwDt0.000,train,-5.0892572,0.1516462
mZ2CHgzwDt0.001,train,-6.1867466,-1.5499269
mZ2CHgzwDt0.002,train,-7.535549,0.6314713
mZ2CHgzwDt0.003,train,-6.825013,0.4305912
mZ3vypXAfHg.000,train,-4.980463,-1.5708141
mZ3vypXAfHg.003,train,-6.106891,-2.0455992
mZQP06F94u8.003,train,14.559446,2.2939663
mZQP06F94u8.004,train,15.592305,-1.3229556
mZzWhUI0CP0.005,train,-6.38194,-2.8105056
m_2k0dL8CRM.001,train,-0.73659617,-2.1762774
m_9aygJNij8.004,train,16.21039,-2.8796742
maDObxiOQRo.000,train,8.076566,-3.0179882
maDObxiOQRo.003,train,8.903479,-6.3124957
mcxi2vtevb4.000,train,2.2447512,-1.2403415
me15sHPOjKo.002,train,-2.8793283,1.8914136
me15sHPOjKo.005,train,-5.918161,0.496891
me5UoRny6NU.005,train,0.13109763,-5.904619
merppcmY6y0.000,train,1.4094139,5.7921853
merppcmY6y0.002,train,-5.4549766,3.3431425
merppcmY6y0.003,train,-7.1738663,2.2196283
merppcmY6y0.004,train,-1.3823873,1.2441491
mf0LqiLJYr0.001,train,13.985498,-2.327486
mfGhtr0zy3k.001,train,-9.096237,2.9229863
mfGhtr0zy3k.002,train,-8.054025,3.0039542
mflgXFsGU9w.000,train,-12.519061,1.8410748
mflgXFsGU9w.002,train,-9.223383,3.741056
mflgXFsGU9w.003,train,-10.533396,1.3334298
mflgXFsGU9w.004,train,-9.899388,0.7795545
mhF4kYTlVUE.000,train,-3.4146101,-1.2801741
mhF4kYTlVUE.001,train,0.47236976,6.7604446
mhF4kYTlVUE.002,train,14.083986,32.832176
mhF4kYTlVUE.003,train,-2.2229366,1.2883159
mhF4kYTlVUE.004,train,-1.9892732,2.8423247
mhvkJjOAjYI.004,train,0.83904326,13.591932
mhvkJjOAjYI.005,train,-4.8984346,2.8700945
mkJjaOADfj4.001,train,8.3915205,-11.243399
mkJjaOADfj4.002,train,0.45074028,-8.005554
mkJjaOADfj4.003,train,1.8347296,-10.93797
mkJjaOADfj4.005,train,4.2423625,-9.178255
mkWfG-4vvGc.000,train,-5.584717,0.19486383
mkWfG-4vvGc.003,train,-6.7885284,1.0821601
mkWfG-4vvGc.004,train,1.7545483,-2.2990844
mlXZQ8dO0nQ.004,train,5.1397533,-9.674423
mlXZQ8dO0nQ.005,train,0.9150034,-7.0819283
mlsiYewUwO0.002,train,4.3464255,-11.295772
mlsiYewUwO0.003,train,3.9855163,-11.79413
mlsiYewUwO0.005,train,3.79452,-8.675593
mmTbHy5iftA.002,train,-1.0661694,-6.0199313
mnRuiwFx_Z8.000,train,29.848244,-3.196067
mnRuiwFx_Z8.002,train,8.320998,-3.1999824
mnRuiwFx_Z8.005,train,18.810862,0.4984223
modNfUPt3F4.000,train,-4.704713,-1.8967665
modNfUPt3F4.005,train,-5.373575,1.0384916
mpXOSY5dW7c.000,train,-7.4687867,0.47666004
mpXOSY5dW7c.002,train,-6.24141,-2.7503679
mpXOSY5dW7c.004,train,-7.309744,2.8965614
mpXOSY5dW7c.005,train,-6.6456094,5.26695
mpk5Ubw2fj8.000,train,-1.411512,-1.6639316
mpk5Ubw2fj8.004,train,-7.1295443,1.5044103
mq9NNKmKYdk.000,train,-8.385858,-2.9825025
mq9NNKmKYdk.003,train,-6.5459156,-2.3422961
mq9NNKmKYdk.004,train,-6.719708,-2.9689758
mq9NNKmKYdk.005,train,-9.794875,-1.3780743
mqDv8688ztg.004,train,-0.7169182,-2.6942456
muKwyr-hrkc.001,train,-0.28821024,0.859521
muLgzV1gGao.001,train,7.5954065,-2.327977
muLgzV1gGao.004,train,0.17692024,-0.08536136
muLgzV1gGao.005,train,12.6837635,0.35407677
mxLRr3YqgMU.000,train,-10.907846,1.9110863
mxLRr3YqgMU.001,train,-10.438527,3.417457
mxLRr3YqgMU.004,train,-11.994209,2.767664
myhEW1aZRg4.000,train,-3.341139,-1.2793555
n0acEDmc0mA.000,train,-7.656602,-0.6701418
n2BuwHbdilY.002,train,2.7514052,-5.053462
n4NkVZ1_dfk.000,train,5.2023973,-2.9160511
n4NkVZ1_dfk.003,train,9.310852,-3.2484794
n4NkVZ1_dfk.004,train,6.5355005,-3.8230755
n4NkVZ1_dfk.005,train,12.994213,-4.06818
n5Jeeqfj2_U.000,train,-9.609663,1.7060648
n5Jeeqfj2_U.005,train,-10.53487,2.3518982
n6JNJurop2U.000,train,-6.4593606,1.2544926
n6JNJurop2U.003,train,-7.1345825,3.933899
n8IiQJyqjiE.000,train,-10.824743,-2.0598922
n8IiQJyqjiE.001,train,-6.5763316,-0.7864596
n8IiQJyqjiE.003,train,-8.672967,-1.3691349
n8IiQJyqjiE.004,train,-4.093891,-1.85803
nB-fPmvZg3U.005,train,4.25716,-2.358239
nBjBfN9SbpM.001,train,12.215389,16.198154
nBjBfN9SbpM.002,train,7.9840155,7.359836
nBjBfN9SbpM.003,train,1.5955135,6.0854845
nBjBfN9SbpM.004,train,6.622864,21.284874
nBjBfN9SbpM.005,train,4.052137,11.750439
nCWEEoJfjgE.000,train,-7.4828987,-2.941901
nCWEEoJfjgE.002,train,1.3650948,-4.952093
nCWEEoJfjgE.004,train,-6.401141,-1.9363302
nCWEEoJfjgE.005,train,-8.310987,-4.8938417
nCc8XfmSvf8.001,train,4.526297,-7.391287
nClvfVFYzbM.000,train,-4.5274324,-2.587971
nClvfVFYzbM.003,train,-5.711899,-2.5373826
nClvfVFYzbM.005,train,-1.2598486,0.39435092
nDcl8Jo2tYg.002,train,-0.51485455,-4.294464
nDsTSmE73M0.000,train,-1.4121473,-1.5396798
nDsTSmE73M0.005,train,-4.2299566,-1.202214
nEm44UpCKmA.000,train,-6.3639627,-4.391235
nFP7EEgz0Xg.002,train,2.477479,4.466425
nGGtTu6dSJE.000,train,3.237712,15.124413
nGe8dIc-ecc.000,train,1.9977583,-9.15351
nGe8dIc-ecc.002,train,1.4844805,-10.053887
nGe8dIc-ecc.003,train,3.084115,-8.579446
nGe8dIc-ecc.005,train,0.015271345,-9.714298
nI6qUE8N8hk.000,train,-6.769159,-0.5756936
nIwFocnmRFY.000,train,-3.8249059,-1.9699918
nIwFocnmRFY.003,train,-2.38006,-2.5809376
nKLhatlbqEw.000,train,-6.325555,-3.7017379
nKLhatlbqEw.001,train,-6.9221463,-1.3633714
nKLhatlbqEw.002,train,-7.8697085,-4.1670175
nKLhatlbqEw.005,train,-5.61557,-4.180402
nKx64KH7Xks.001,train,-1.9547371,-2.3724034
nKx64KH7Xks.002,train,2.7421713,-5.2901297
nKx64KH7Xks.003,train,2.486924,-6.4487596
nKx64KH7Xks.004,train,4.429102,-5.714021
nKx64KH7Xks.005,train,-1.665876,-3.422218
nLB29nx1Jp4.001,train,3.255963,-8.331166
nLuAoNAOGcQ.000,train,-4.921529,-3.9545512
nOCSTnpB_F4.001,train,-3.4378293,-3.7076654
nOCSTnpB_F4.002,train,-3.1354592,-5.0099006
nOFHZ_s7Et4.001,train,-2.2951856,2.8236883
nOFHZ_s7Et4.005,train,-5.2458606,0.4351645
nQtiqrceBhg.001,train,5.625543,0.63083774
nQtiqrceBhg.003,train,17.845667,19.979162
nQxTTYWy7pA.001,train,-8.641345,-0.76319253
nQxTTYWy7pA.002,train,-9.918096,6.380221
nR0h3WFbPfA.000,train,-2.234014,0.32184243
nR0h3WFbPfA.001,train,-3.7750072,5.788682
nR0h3WFbPfA.003,train,-0.8016334,2.584109
nR0h3WFbPfA.004,train,-2.9395094,2.648922
nUazOUcW_AM.004,train,-5.368098,-3.642134
nUazOUcW_AM.005,train,-6.4900107,-3.644649
nUbhRInpVbA.001,train,-0.9863687,-2.320356
nUbhRInpVbA.004,train,1.719987,-4.0411525
nUbhRInpVbA.005,train,4.743928,-5.61935
nZC82V87Pm0.002,train,-7.000886,2.7609563
nZC82V87Pm0.004,train,-7.898531,-0.066471584
nZC82V87Pm0.005,train,-8.883545,1.0616523
nZz1hK90gwA.002,train,33.44048,-4.5237303
nZz1hK90gwA.003,train,32.060246,-10.42299
nZz1hK90gwA.004,train,23.699978,-10.854223
n_4vw3RKaog.002,train,4.686316,0.6887143
naAGy30bnwA.000,train,10.501716,-0.1375462
naAGy30bnwA.005,train,10.8728895,3.8615217
ncmnmmmWEpU.000,train,3.8647892,-2.6271355
ncmnmmmWEpU.004,train,-1.5873637,-5.4821305
ncmnmmmWEpU.005,train,-3.9135618,-4.496022
ndLtwmvPpr8.000,train,-1.87609,-3.8998215
ndLtwmvPpr8.003,train,-4.669561,-1.5097733
nex61B854Ms.003,train,10.826102,4.574823
nex61B854Ms.004,train,11.026779,2.612549
nex61B854Ms.005,train,5.2165384,1.6266437
nfEhF5GBQpo.000,train,-6.2453938,3.6115973
nfN9qJSVank.000,train,0.85693777,-3.6522639
nfN9qJSVank.002,train,1.7143899,1.4086993
nfN9qJSVank.003,train,2.7144878,-2.714565
nfN9qJSVank.004,train,0.44504303,-1.1568556
nfN9qJSVank.005,train,0.90215373,-0.87721324
ng42eoHytOA.001,train,-1.9627991,22.97507
ng42eoHytOA.002,train,-1.7855296,7.4084916
ng42eoHytOA.003,train,-6.756696,11.1508045
ng42eoHytOA.005,train,-3.044563,7.776853
nghDz0el8iI.000,train,1.1829534,-2.7886379
nghDz0el8iI.001,train,1.2919554,-3.9298124
niWi1hcuSmo.005,train,16.536934,-3.8053405
nkmYbzMmrYw.001,train,0.30588606,-6.374229
nkmYbzMmrYw.003,train,0.49431914,-6.810498
nkmYbzMmrYw.004,train,1.812605,-9.361067
nlIrqbcvqLk.001,train,-9.153646,-1.89188
nmZRXxKPPuQ.002,train,-3.101109,-0.94888467
nmZRXxKPPuQ.005,train,-6.1989045,-3.1914146
nndDX4RgU1w.000,train,-1.7880926,-1.0144197
noepjVnUVFY.000,train,16.64764,-7.052079
noepjVnUVFY.001,train,10.736921,-0.38683495
nskJh7v6v1U.002,train,6.6443315,-12.091572
nskJh7v6v1U.004,train,1.0510722,-4.900761
nskJh7v6v1U.005,train,1.7698957,-8.533567
nvlqJbHk_Lc.000,train,7.8790517,-1.6953003
o-fNF5QVMNo.004,train,7.086066,-6.6828423
o-fNF5QVMNo.005,train,4.6174874,-5.6811147
o0zIPrIQY4o.005,train,-6.112776,1.5907704
o1mTIo1vPas.000,train,4.014106,-1.0768474
o2iolmvadac.002,train,-8.399909,0.38780126
o2lu6rkd5-Y.001,train,5.5465336,-8.322257
o2lu6rkd5-Y.004,train,-0.16836676,-4.4813566
o2wtRccAgjE.003,train,2.5645812,-6.35141
o5eCmKiomvo.001,train,-6.1656213,2.0348694
o5eCmKiomvo.002,train,-8.273016,3.4295316
o6JCQlOC3oE.002,train,-3.8860521,3.2583947
o7J2fWIJndQ.005,train,-0.2860521,-5.3571353
oANKg9_grdA.004,train,3.9982688,-5.0764823
oBE9f5xD9rk.000,train,-1.344689,5.231299
oBE9f5xD9rk.002,train,-6.15083,-2.3324106
oBE9f5xD9rk.004,train,-5.9829865,-0.85852724
oBE9f5xD9rk.005,train,-4.398352,0.17033991
oC-qxnrmJws.000,train,-1.5959287,-0.20915963
oC-qxnrmJws.002,train,-5.7308435,-3.3004298
oC-qxnrmJws.003,train,-6.5576205,-3.8559487
oC-qxnrmJws.005,train,-5.824991,0.27708367
oCN_9daCssU.002,train,-4.054133,-2.3866215
oCb9DK3M1DU.000,train,-2.0108428,-1.2232136
oCb9DK3M1DU.001,train,-6.7756147,-1.6521379
oCb9DK3M1DU.002,train,-3.661711,0.13357605
oCb9DK3M1DU.003,train,-6.8327603,0.8306055
oCb9DK3M1DU.004,train,-5.573754,-1.5415586
oCb9DK3M1DU.005,train,-4.1288195,-0.80286366
oDOoG0vX-7U.005,train,11.088604,-7.561136
oG84VxrGfj0.001,train,10.079103,-4.8400917
oGa05H9UXxU.002,train,5.377307,-0.0168891
oGa05H9UXxU.004,train,1.3866893,-2.5545824
oHudDVcT5Lg.002,train,-1.4969997,-1.7916468
oHudDVcT5Lg.004,train,2.8579512,-4.934466
oHudDVcT5Lg.005,train,0.33077115,-3.1671982
oJPdfhG4hT0.001,train,6.462621,-9.349827
oJPdfhG4hT0.002,train,7.8013206,-8.442987
oLO05QNhhGg.000,train,-4.1779375,-2.304412
oLO05QNhhGg.001,train,-6.221073,0.70638543
oLO05QNhhGg.002,train,2.9681644,3.0437806
oLO05QNhhGg.003,train,-1.1868502,1.0811965
oLO05QNhhGg.004,train,-3.319943,-1.2338704
oLO05QNhhGg.005,train,0.07295526,1.894507
oQOvtrP52As.002,train,20.928173,-10.110409
oU7zAWm_01o.000,train,-10.251309,0.2340003
oU7zAWm_01o.002,train,-11.885976,-0.46039382
oU7zAWm_01o.003,train,-10.1148,-1.015644
oU7zAWm_01o.004,train,-10.920068,0.93200624
oVSMxtPpQ0M.002,train,3.8941703,-0.36435044
oVSMxtPpQ0M.003,train,1.1284931,-3.4016452
oVSMxtPpQ0M.005,train,-1.8890706,-1.6411543
oWDh03tstic.002,train,7.0326996,-3.9015887
oXRhk1PUPcQ.002,train,-4.705096,-0.7142473
oYhWw97JYyU.000,train,-9.1638155,1.0592691
oYhWw97JYyU.001,train,-9.692433,0.16197051
oYiWW-Qc0rs.000,train,-0.24417958,-5.901313
oYiWW-Qc0rs.001,train,3.2934058,-8.834362
oYiWW-Qc0rs.002,train,9.871909,-8.015157
oYiWW-Qc0rs.005,train,3.3488886,-5.9604454
o_kTWEEjtyw.001,train,-4.201714,6.842149
o_kTWEEjtyw.003,train,-7.8322754,4.2598944
o_kTWEEjtyw.005,train,-1.3760428,10.571571
obr7ktzX8w8.001,train,25.080181,-8.298038
obr7ktzX8w8.003,train,22.837038,-6.264348
obr7ktzX8w8.004,train,28.842361,-4.625617
odHogR_36Dc.000,train,0.9967747,-2.0198724
odHogR_36Dc.002,train,5.838915,-4.0249195
odHogR_36Dc.003,train,4.6696014,-3.176979
odRqijkG28U.000,train,1.8633336,-7.724038
odRqijkG28U.001,train,2.5659907,-7.978915
odRqijkG28U.004,train,4.2524824,-9.250602
oe1PZxExhzc.001,train,-0.9720651,-4.1364064
oe1PZxExhzc.003,train,-0.304555,-0.96177155
oe6q_ZByIxQ.000,train,47.774445,-15.595742
og8vtyRh_bc.000,train,16.839718,-11.796708
og8vtyRh_bc.001,train,9.814717,-13.0918665
og8vtyRh_bc.003,train,11.293792,-11.48902
ogSLrHVeqLI.003,train,-2.4629102,-6.2820826
okSmKH2k5lE.002,train,-7.721553,7.837843
okdZnQbLnf8.001,train,-4.8185573,-2.3094091
okdZnQbLnf8.002,train,-5.321924,-0.3497352
okdZnQbLnf8.004,train,-6.512843,-0.83585906
okl467xvgOw.001,train,-4.1748123,0.073387854
om-9kFEKJIs.000,train,-9.876029,2.0829573
om-9kFEKJIs.001,train,-13.164112,4.8890815
om-9kFEKJIs.004,train,-12.832395,5.377166
omQ5CGXJKS8.001,train,-7.865707,-1.7118633
omQ5CGXJKS8.002,train,8.048931,-0.36975464
omeHsKF7InA.000,train,-2.750509,-1.607973
omeHsKF7InA.001,train,2.1999536,11.772738
onbyz01BC_Y.003,train,-3.2629006,-2.9948847
opEoJBrcmbI.001,train,-5.206689,11.522128
opEoJBrcmbI.002,train,-9.959669,3.4940069
opEoJBrcmbI.003,train,-6.8367553,3.510188
opEoJBrcmbI.005,train,-4.097209,10.025144
opqoflph5ZE.004,train,6.1942196,-5.5149546
opyTSeVCYtE.002,train,3.715998,1.2620088
opyTSeVCYtE.003,train,-7.5619183,-2.027584
opyTSeVCYtE.005,train,-4.749098,-1.4988201
oqXx6ipHfUE.000,train,1.3665661,-2.0120058
oqXx6ipHfUE.005,train,2.3809144,-3.888003
oq_v2yocx34.004,train,-11.2058525,1.956813
orlXEgAepGo.000,train,8.788088,2.515537
orlXEgAepGo.002,train,10.355892,2.7469163
orlXEgAepGo.003,train,10.157394,0.73012817
osqQpQsJNPQ.000,train,-2.3104281,-1.3338242
osqQpQsJNPQ.001,train,-4.6606345,0.7289305
osqQpQsJNPQ.004,train,-3.5129554,2.546105
ouYYWCY__5A.000,train,-5.5634604,1.7313269
ouYYWCY__5A.001,train,-4.346627,-3.0979736
ouYYWCY__5A.005,train,-5.037619,-4.026183
outvbZgNX58.000,train,9.603349,32.101578
outvbZgNX58.002,train,-3.446931,6.351371
outvbZgNX58.004,train,10.371336,27.504326
owRKOW0ymCM.002,train,5.297513,-1.9834205
owRKOW0ymCM.003,train,-2.466869,1.8639226
ox-qZvCLtls.005,train,-3.320031,-1.9444883
oxw3nT9LSsg.000,train,-4.767285,-1.9972662
p-OcwNFQB0U.001,train,-7.1028485,1.4568332
p-OcwNFQB0U.002,train,-4.5924726,0.15998548
p-OcwNFQB0U.005,train,1.5723308,16.05679
p-V78q8dtYo.001,train,-8.416728,2.1745389
p-V78q8dtYo.005,train,-9.746787,1.0475632
p1ORMiJ0fPU.002,train,7.470471,-6.279484
p1ORMiJ0fPU.003,train,9.057812,-6.8464513
p1qyJ_mE-2U.002,train,-4.297558,-3.0036018
p5QXPhJS8Ks.000,train,-7.255418,4.9619713
p5QXPhJS8Ks.005,train,-4.264412,6.626677
p5v75vAZ7F0.003,train,14.771035,12.639408
p5v75vAZ7F0.005,train,4.525822,4.3585377
p6UMx8dwHZQ.000,train,-1.351751,12.924412
p6UMx8dwHZQ.001,train,5.861013,24.60624
p6UMx8dwHZQ.002,train,4.1743975,20.055235
p6UMx8dwHZQ.003,train,-5.6996737,7.8320303
p6UMx8dwHZQ.004,train,-3.6285963,3.7080288
p6jjj6jn2fM.003,train,10.246273,-6.943751
p7-JUvStF4w.000,train,1.6899154,14.114853
p7-JUvStF4w.002,train,-1.1726437,2.024351
p7-JUvStF4w.003,train,1.1103318,4.8922133
p7-JUvStF4w.004,train,8.89973,20.063635
p7-JUvStF4w.005,train,4.0819077,9.887258
p7_MVQ3uGJc.003,train,-2.9544525,-2.8917098
p7aNK5GKwEc.000,train,-4.0681505,1.1966865
p8ce3grr9XE.001,train,2.699618,-2.2892427
p9l1MBw-5ic.002,train,-1.6615311,7.966673
p9tAC-RqZPI.002,train,0.48469853,-3.1255212
pDih4zWqYQw.001,train,-1.5082978,-5.827794
pDt0F4zFfBs.003,train,2.3367364,-4.08589
pDt0F4zFfBs.005,train,8.461197,-2.767842
pEYFpmjwKC0.001,train,-7.7438326,0.31805795
pEYFpmjwKC0.002,train,-8.964935,1.4608566
pEYFpmjwKC0.003,train,-7.3761425,1.2987154
pEYFpmjwKC0.004,train,-10.217107,3.5879364
pEr7WTIPW64.000,train,5.5099025,-2.829307
pEr7WTIPW64.005,train,11.389836,9.960937
pHCPbKprJGY.001,train,7.3746076,-4.968773
pHCPbKprJGY.003,train,17.318432,-4.5993266
pJGLxS81YBc.004,train,16.094856,29.568098
pOBn7AuGIuI.002,train,-5.4195147,0.8305052
pOBn7AuGIuI.003,train,-5.0955753,3.3421128
pOBn7AuGIuI.005,train,-1.2401251,4.5208893
pOtWKOF07iU.000,train,-3.4634972,-3.3046558
pOtWKOF07iU.002,train,-2.451761,-3.703564
pOtWKOF07iU.003,train,2.5968068,-0.090029076
pOtWKOF07iU.004,train,-3.4147506,-3.9448216
pPtzEnf5afw.000,train,0.5187901,1.702972
pPtzEnf5afw.003,train,-2.5997372,0.33942017
pPtzEnf5afw.005,train,-0.46223333,2.0974977
pQy4omHIf7o.000,train,0.45984885,-3.7717052
pQy4omHIf7o.001,train,4.3666835,-6.2171826
pQy4omHIf7o.002,train,-1.4605154,-5.763947
pQy4omHIf7o.003,train,-5.923605,-4.07393
pQy4omHIf7o.004,train,-2.5967238,-5.3317614
pT8nyxks1Q4.005,train,10.061203,4.1726165
pZxqWp0e-Ik.000,train,-0.18734784,8.51244
pZxqWp0e-Ik.004,train,-7.4640126,-0.86200583
pZxqWp0e-Ik.005,train,-5.436528,3.7338266
p_Z4QGqu4Qo.001,train,-7.8251977,0.16894677
p_Z4QGqu4Qo.004,train,-9.044219,0.8281969
p_kPnCD7WzU.002,train,26.847353,-13.501528
phjVMKGYBKs.005,train,-11.859682,3.5086226
pkwzo1OkEmY.002,train,3.416936,16.215508
pkwzo1OkEmY.005,train,-3.3679154,2.6630278
pljK0DEusA0.003,train,6.833763,2.1680777
pru5ut4lxkQ.000,train,24.546688,16.72085
pru5ut4lxkQ.004,train,12.772385,11.721566
puJ_NbKzRTE.003,train,-5.0948534,2.799087
puLXzqUvm_U.000,train,2.833929,2.252179
puLXzqUvm_U.001,train,10.71626,18.919933
puLXzqUvm_U.003,train,17.199339,21.220686
puLXzqUvm_U.004,train,11.475133,23.753874
pvvff396Rqg.004,train,2.936938,2.1789482
pvvff396Rqg.005,train,-2.9502425,0.98832345
pwvQaSwgso8.000,train,-6.08848,-1.2237076
pwvQaSwgso8.001,train,-0.5431387,3.424819
pwvQaSwgso8.002,train,-1.9495857,10.2150135
pzG2VeUbefw.001,train,3.2582664,-9.125298
pzG2VeUbefw.003,train,4.9485664,-7.4034743
pzG2VeUbefw.005,train,2.2158177,-8.646562
pzfDth6nFQE.000,train,-11.261989,2.3619416
pzfDth6nFQE.003,train,-7.426305,8.553224
pzfDth6nFQE.004,train,-8.100427,2.6758568
pzfDth6nFQE.005,train,-10.532076,4.418866
q5eIfoGdPWw.004,train,1.8541028,-4.021281
q6au1xn_wIE.001,train,4.8534737,-2.5112233
qAisk1lgv2I.003,train,4.1696544,1.9342293
qBG1mjC7Zgg.000,train,0.33114487,-7.2064147
qBG1mjC7Zgg.004,train,1.5447271,-8.060149
qBG1mjC7Zgg.005,train,2.4790266,-2.0476208
qCFFW1dM8V8.001,train,-7.6078243,0.024909655
qCFFW1dM8V8.002,train,-8.344721,3.3962865
qCFFW1dM8V8.003,train,-5.97682,-2.5910232
qCFFW1dM8V8.004,train,-6.8414826,4.402132
qCFFW1dM8V8.005,train,-8.062328,3.102659
qD15qWMepxU.003,train,-11.1403,2.710633
qFYgMFMal_s.005,train,-5.6361723,0.7062541
qJ6_xSx9kCM.002,train,-3.9998856,-0.5551799
qLV1a_611kA.004,train,-4.0403256,-2.6252673
qLbOPbx33dk.001,train,13.755499,4.2196827
qMARpi60Hhs.000,train,-6.621889,2.2142096
qMARpi60Hhs.004,train,-3.1832314,1.4860601
qP1UtCbMaW4.003,train,-5.277435,-4.9052625
qP8YzH6LT9c.001,train,1.2903538,-5.56282
qPzzmcuf-VI.000,train,-3.354989,-2.3026428
qPzzmcuf-VI.004,train,-2.5728612,-1.1905997
qPzzmcuf-VI.005,train,-0.81382805,-1.622457
qRtKUGgULL8.000,train,9.824207,-10.854775
qRtKUGgULL8.002,train,12.047195,-8.172143
qRtKUGgULL8.005,train,12.624166,-8.658092
qVcw5-mm31s.000,train,-2.4529116,4.3951144
qVcw5-mm31s.004,train,-3.4842691,0.71516424
qVcw5-mm31s.005,train,-4.200109,-1.7268474
qVrXROy4Ais.000,train,-3.1817808,-3.1879065
qVrXROy4Ais.001,train,-1.7283884,-1.9527847
qVrXROy4Ais.004,train,-1.7664832,-4.9761186
qW0TYVtzq5A.000,train,-2.5406141,3.684232
qW0TYVtzq5A.001,train,-4.5178585,-3.7199516
qW0TYVtzq5A.002,train,-1.8798776,-1.5844417
qW0TYVtzq5A.003,train,-2.955514,-3.1931283
qcq5oIRJFUI.004,train,30.261702,-9.042003
qfL0ml0f84g.003,train,4.4222474,-8.95315
qfL0ml0f84g.004,train,0.5145103,-5.7141614
qj-3b8snKho.002,train,2.1181872,-1.953421
qjU3GX3jgSY.002,train,-7.142993,-0.8336506
qjU3GX3jgSY.003,train,-5.178136,-1.1625694
qjU3GX3jgSY.004,train,-5.8557124,-0.40949276
qjWi69HY2Fc.000,train,4.934305,-7.5076256
qkmEt0ofGq8.002,train,-3.633198,2.4255147
qkmEt0ofGq8.003,train,-4.3683248,0.34523928
qkmEt0ofGq8.004,train,-2.425431,-4.607227
qktahyrtrFs.000,train,-8.021041,1.1096779
qktahyrtrFs.001,train,-8.868337,-0.11555089
qmiBcHJpKR0.000,train,-10.003014,-0.9123691
qmiBcHJpKR0.003,train,-8.806263,0.8182079
qoZwA4ESb7g.000,train,14.173396,2.1832235
qoZwA4ESb7g.001,train,12.828438,-0.06344791
qoZwA4ESb7g.003,train,11.762843,-0.39739874
qoztP0w5-Vo.000,train,-11.089377,-0.11259655
qoztP0w5-Vo.005,train,-11.1755295,0.5910133
qpwcdPnPeFM.004,train,7.9150605,-2.9409347
qr1C43Ylavg.001,train,-6.6439137,1.6934085
qr1C43Ylavg.004,train,-8.465392,-0.13185823
qr1C43Ylavg.005,train,-9.157291,0.13276488
qrjx2kxg6M4.002,train,-7.909627,0.24942647
qsb1j9bEENs.000,train,8.896957,-4.6399293
qsb1j9bEENs.002,train,3.9834836,6.5261016
qsd4GdeN_eY.001,train,-9.580876,1.0559433
qtB-CogljAo.000,train,-3.2204156,-0.35666344
qtB-CogljAo.001,train,-4.2069936,3.9588447
qtB-CogljAo.002,train,-0.7934192,-1.3866235
qtB-CogljAo.003,train,-4.6161704,1.4491122
qtB-CogljAo.005,train,-5.204272,2.447655
qyzuaettjU8.001,train,1.7502035,-2.790651
qyzuaettjU8.004,train,2.3509922,-3.9489863
r1YAW67aevY.000,train,2.0132408,8.585239
r1YAW67aevY.003,train,1.378921,3.7921448
r1YAW67aevY.005,train,-0.9312551,3.9682515
r1v6EmZv7-o.001,train,-8.65755,-0.19149967
r1v6EmZv7-o.002,train,-7.314487,2.346088
r1v6EmZv7-o.004,train,-9.098281,1.9722923
r1v6EmZv7-o.005,train,-8.986107,2.562607
r2BoxB3kgYk.000,train,3.273084,-0.67150337
r2BoxB3kgYk.001,train,26.712507,-12.2576475
r2BoxB3kgYk.003,train,6.983984,-3.0317903
r2HcJYjGK5s.001,train,-2.1701977,-0.37369165
r2HcJYjGK5s.003,train,43.45423,105.165085
r2HcJYjGK5s.004,train,-1.9755934,9.480078
r2HcJYjGK5s.005,train,-2.012365,7.1855445
r4BGKIXrD9c.003,train,11.027703,-0.9619625
r4BGKIXrD9c.005,train,2.3635552,-2.1581688
r93dLeVRk3U.002,train,4.9327683,-3.301586
r93dLeVRk3U.003,train,53.901745,112.84156
r9TaaVTo8Y8.000,train,2.7004158,-5.194285
r9TaaVTo8Y8.001,train,1.9245385,-5.7222323
r9TaaVTo8Y8.002,train,0.9606029,-5.5371194
r9TaaVTo8Y8.003,train,-2.3016098,-3.52276
r9TaaVTo8Y8.004,train,1.3715655,-5.3176594
rBxWZzkEncE.002,train,7.6701674,-10.557163
rBxWZzkEncE.003,train,7.4175262,-12.784909
rBxWZzkEncE.004,train,6.742317,-11.094204
rCxlfusNJlY.000,train,-2.8138003,-3.9604084
rCxlfusNJlY.001,train,-8.31541,-0.5149141
rCxlfusNJlY.002,train,-5.935487,-3.289625
rD6NViDdyOU.001,train,7.137287,-2.027536
rD6NViDdyOU.002,train,-2.478182,-2.4977367
rD6NViDdyOU.005,train,-1.5118641,-1.102033
rFs0AC2qV6o.000,train,4.5958176,4.727604
rFs0AC2qV6o.001,train,0.7765493,1.8640332
rG8D-A2F8xg.003,train,-3.5655158,-1.0882496
rG8D-A2F8xg.004,train,-4.00347,-1.4515151
rG8D-A2F8xg.005,train,-4.525882,-2.805182
rGNeR3p1jKU.000,train,-5.598316,1.7281952
rGNeR3p1jKU.001,train,-3.537709,-0.5227369
rGTn2uaCAT0.002,train,4.7233596,-9.095681
rGTn2uaCAT0.003,train,4.7850666,-10.881188
rGTn2uaCAT0.004,train,4.0619764,-11.223574
rGTn2uaCAT0.005,train,1.507542,-10.876186
rIHcq2E67Nc.003,train,-1.5603659,-2.2140925
rIHcq2E67Nc.005,train,-1.8766751,-2.4058235
rIRBEkDhn6Q.002,train,1.7199218,-5.9681783
rIRBEkDhn6Q.003,train,1.5449274,-5.76818
rIRBEkDhn6Q.004,train,0.9477766,-5.884269
rIRBEkDhn6Q.005,train,5.217545,-5.3859153
rJgbslC72gw.001,train,-11.493131,0.092194535
rJgbslC72gw.003,train,-1.8832468,3.355716
rMFJmA5dRFQ.000,train,-3.3194098,-2.0366938
rT0TqakPrAI.000,train,-7.5648866,-1.0764549
rTG9gtci67c.001,train,-3.5469365,-2.3635476
rTG9gtci67c.002,train,-6.473676,-1.9727699
rTG9gtci67c.004,train,-2.2374153,-1.8957888
rTG9gtci67c.005,train,-4.6303463,-1.9202882
rUGAiuYHNgE.000,train,6.7331214,1.650298
rUGAiuYHNgE.002,train,5.3685884,-2.8202136
rUGAiuYHNgE.004,train,4.239197,3.2270463
rW3hFpfGMHs.003,train,-1.0431705,-2.2655888
rWT8N_yjf60.005,train,-6.169369,1.9745637
rXoCKj1qwn4.001,train,16.171316,-0.9385389
r_cVo5qZ9n0.002,train,16.413765,-12.001034
rhKVPhhWHko.002,train,3.3864899,-5.8989086
rjS0PIwS47M.001,train,-1.4276412,-3.4825552
rqfvIjzegpI.000,train,4.555772,-5.5638204
rqfvIjzegpI.001,train,9.633057,-8.563952
rqfvIjzegpI.005,train,1.217409,-6.3157797
rrdSLfnU2pg.000,train,-6.361212,-1.4361244
rrdSLfnU2pg.003,train,0.24071221,-1.1183952
rvB9DYAKHpk.000,train,-8.036806,2.5818217
rvB9DYAKHpk.001,train,-3.6812985,18.685532
rvB9DYAKHpk.002,train,-9.312886,1.2280055
rwinPicu_aw.000,train,-1.5574677,6.709308
rwinPicu_aw.001,train,-6.4573874,1.0054734
rwinPicu_aw.002,train,-6.7378674,4.611264
rxYWgXYTATs.000,train,5.961788,-2.393187
rxYWgXYTATs.001,train,0.27028844,-10.06166
rxYWgXYTATs.002,train,2.8234231,-5.412787
rxYWgXYTATs.003,train,0.25087866,-6.100911
rxYWgXYTATs.005,train,8.997865,-0.71523225
rzKtAeWgZH0.003,train,0.30166736,-1.2783802
s-jZlMKQGwc.000,train,-6.588636,-2.5726428
s-jZlMKQGwc.002,train,-5.286249,-0.08777837
s-jZlMKQGwc.003,train,-2.7094195,-0.9671572
s0MKUEnyHSE.003,train,-4.919735,-5.227106
s0pgZM5G6ds.003,train,0.4727082,-5.150492
s0pgZM5G6ds.004,train,1.6413305,-6.239979
s1DOqsQoN5s.001,train,2.449255,9.613458
s1DOqsQoN5s.002,train,-3.9858272,-1.1079931
s1DOqsQoN5s.003,train,-8.272578,0.504515
s3m8DgUi6GM.000,train,7.7844276,24.70948
s3m8DgUi6GM.001,train,-0.73889166,3.4850485
s3m8DgUi6GM.004,train,-3.7873878,-1.5749081
s6N1pv5lzrU.002,train,-7.6623154,5.62434
s6N1pv5lzrU.003,train,-8.338081,1.8484428
s6gN_358tk4.001,train,-10.693528,2.9794092
s85T4B1ONWE.005,train,-4.562265,-1.8757567
sBHv1jYmZQE.000,train,10.60513,8.528842
sBHv1jYmZQE.003,train,-2.9081702,-1.9160329
sBHv1jYmZQE.004,train,6.0265183,1.4474887
sBw7VHQ74SY.005,train,-2.7687905,-1.9096855
sDNzrM6N7wA.000,train,-13.9087925,1.2946619
sDNzrM6N7wA.003,train,-12.496091,2.957181
sDWJMBZ1mVA.001,train,-4.2800875,8.718721
sDWJMBZ1mVA.002,train,-5.792081,5.092493
sDWJMBZ1mVA.003,train,-7.618437,4.8645864
sDWJMBZ1mVA.005,train,-4.2435865,5.936479
sDfU1gixDmM.000,train,-6.0108376,-1.4663681
sHVXhr7_EOs.002,train,8.3420515,26.85924
sHVXhr7_EOs.003,train,-7.9946284,-0.6637771
sIfHl2N8Hkg.004,train,8.813265,13.351089
sNPK8f4FSfo.001,train,-5.031352,-6.3916264
sNs4yCA11wk.000,train,-4.8650146,-1.6430203
sNs4yCA11wk.001,train,-2.332462,-5.0457883
sNs4yCA11wk.002,train,-2.3862803,-4.171974
sNs4yCA11wk.003,train,-4.5980825,-0.22984673
sNs4yCA11wk.005,train,-5.4115095,-5.689261
sOkGz6gEmGk.000,train,-6.533151,9.825251
sOkGz6gEmGk.001,train,16.745523,51.256577
sOkGz6gEmGk.002,train,15.992374,46.530754
sOkGz6gEmGk.003,train,-8.4538965,-0.5848786
sPMNhG1Sehc.004,train,18.08188,-16.166832
sPMNhG1Sehc.005,train,16.532642,-15.597749
sRuO_Fz3eog.004,train,-2.933034,-5.998224
sSR1a5XW7n4.001,train,-4.3795066,-2.6522732
sSR1a5XW7n4.002,train,5.145047,-0.62547916
sSYCMN-WHmI.000,train,-3.0172582,-3.9778888
sTUJhj154Sc.002,train,-8.837693,-0.52898455
sTUJhj154Sc.003,train,-7.359355,1.0478287
sTUJhj154Sc.005,train,-9.2137165,-0.110197596
sY4urmZmhJA.002,train,1.9152762,-5.3361797
sa7E6SrSmEs.003,train,-0.09601829,-6.4120173
saTSCzI1dKo.004,train,-0.7535832,-3.9655457
scifP1EXSdo.001,train,-3.3709106,-2.8541577
sduFj_uaZ-w.000,train,9.264021,0.8227791
sf29orxf4X0.000,train,3.173995,-2.8112738
sf29orxf4X0.002,train,4.077261,-3.2859437
sf29orxf4X0.003,train,-0.16453823,-2.539752
sf8TXpaKnt4.001,train,30.087944,-16.322006
shAhNNV-zHA.000,train,-3.482711,-5.096873
shAhNNV-zHA.001,train,-6.8723187,-2.5144386
shAhNNV-zHA.002,train,-2.735084,-5.447892
shAhNNV-zHA.004,train,-3.8203535,-5.483995
shAhNNV-zHA.005,train,-1.2798233,-5.5431476
shEsu57CYnA.001,train,4.1949725,10.005646
shEsu57CYnA.002,train,-4.072102,2.8131135
shEsu57CYnA.003,train,0.35427642,-3.6256683
shEsu57CYnA.004,train,-0.34712666,-3.095132
shEsu57CYnA.005,train,-1.793018,0.041570477
shQmRW4CrGE.000,train,8.639026,-7.1986322
shV5Fbzn9pw.002,train,12.466492,-12.0757475
shV5Fbzn9pw.003,train,11.630755,-12.863449
shtirfEzWFA.000,train,-3.3064566,8.954936
shtirfEzWFA.001,train,-1.7992755,0.76725256
shtirfEzWFA.002,train,-3.542083,5.7207327
siEnTktB4lQ.001,train,-7.7715235,7.8031373
siEnTktB4lQ.002,train,-8.434736,-0.0781615
siEnTktB4lQ.004,train,-1.5802693,6.0005083
si_gZCrLa4A.001,train,-6.1538014,0.0016475029
si_gZCrLa4A.002,train,-7.0173616,-0.19610901
si_gZCrLa4A.005,train,-4.712986,1.102402
simc6hmrUOE.000,train,0.09988853,5.946326
simc6hmrUOE.005,train,-3.691823,0.1889155
slE2PWIwzus.002,train,15.124637,-13.537722
sntohi33U5s.000,train,-6.9434485,-0.6249184
sntohi33U5s.001,train,-4.2405972,-0.14984748
sntohi33U5s.004,train,-7.273906,-0.43248543
sntohi33U5s.005,train,-9.376379,0.78404784
sqnW6xXYTKg.000,train,-6.5267916,4.034656
sqnW6xXYTKg.001,train,-3.8835278,0.49616247
sqnW6xXYTKg.002,train,-5.5255637,-0.7219441
sqnW6xXYTKg.003,train,-1.604841,3.0064726
squHxV3QXlQ.002,train,-0.53513014,-2.1963227
ssxo35zmKWQ.001,train,-4.225557,23.077923
ssxo35zmKWQ.002,train,-12.2859125,3.4921813
ssxo35zmKWQ.003,train,-10.237099,1.8501402
ssxo35zmKWQ.004,train,-10.179448,3.141729
ssxo35zmKWQ.005,train,-11.062491,3.1317132
struoSVUsUg.002,train,-5.87932,-3.065524
struoSVUsUg.005,train,-6.1650386,-3.0659692
syAUKJMQWeo.001,train,-6.1071033,6.777341
syTTeox8Yaw.002,train,-6.5339108,-0.008463891
syTTeox8Yaw.003,train,-6.6107793,-1.3720447
t0AupkXkkZw.001,train,-1.7999429,-2.835426
t0AupkXkkZw.003,train,-0.39021948,-2.8406332
t0AupkXkkZw.004,train,7.905928,-2.5745375
t0AupkXkkZw.005,train,8.3119135,3.9465017
t0_DAgeU4nM.002,train,-9.079454,0.33384305
t0_DAgeU4nM.003,train,-7.387795,0.72917885
t1PKNXE-IiM.000,train,-6.906423,-3.2198193
t1PKNXE-IiM.001,train,-8.405168,-1.9174374
t1PKNXE-IiM.005,train,-6.9462442,-2.2448475
t30ERiF6b50.000,train,-8.888077,-0.6657897
t30ERiF6b50.003,train,-6.3638215,-2.3410087
t3A2UMN3JeE.000,train,-1.1976392,-4.970861
t3A2UMN3JeE.002,train,-1.9910086,-4.308034
t3A2UMN3JeE.003,train,-1.878251,-1.3101304
t6-ljEWQjW8.000,train,17.858057,-0.42939034
t6-ljEWQjW8.002,train,10.909649,-4.060592
t6-ljEWQjW8.005,train,14.874843,-4.101322
t899haDGi38.002,train,-4.576465,-2.5639708
t899haDGi38.003,train,-4.2088356,-2.040622
t899haDGi38.004,train,-5.0769444,-0.187535
t899haDGi38.005,train,-7.0098915,0.4131036
t9wFHk9TM-U.002,train,5.123663,4.1189365
t9wFHk9TM-U.003,train,2.9112175,1.4270326
tBQlU4_cIS0.000,train,3.8282313,1.9429424
tCnfvBwWVKw.000,train,-8.876888,-0.1249183
tCnfvBwWVKw.002,train,-10.504123,3.1270254
tCnfvBwWVKw.003,train,-9.468644,2.9954846
tEQEKN07KgQ.000,train,1.0013089,-0.7428756
tEQEKN07KgQ.001,train,0.01430271,7.963035
tEQEKN07KgQ.003,train,-6.0967226,-0.12834573
tEQEKN07KgQ.004,train,-7.49445,-0.35732868
tEQEKN07KgQ.005,train,-5.96896,1.3370926
tGHOYmQHZUc.001,train,8.93171,-9.576586
tHYxFw-7po8.001,train,4.959442,-1.6078578
tNPLxKC38Xs.000,train,0.24292469,-5.309491
tNPLxKC38Xs.002,train,-3.7765837,-2.9948435
tNPLxKC38Xs.003,train,-1.208852,-5.7769613
tNPLxKC38Xs.004,train,-2.2828481,-2.790935
tOifNTq8jPw.005,train,27.074068,-5.4832506
tPVSlH_VmZk.001,train,-2.1946542,0.35888144
tS6bRcIIjDc.000,train,9.091193,8.54676
tS6bRcIIjDc.001,train,-0.1105043,4.1525717
tS6bRcIIjDc.002,train,4.413826,6.1065307
tS6bRcIIjDc.003,train,8.709572,6.9898753
tS6bRcIIjDc.004,train,3.3486128,3.172958
tS6bRcIIjDc.005,train,1.7599996,3.7470727
tYpxPqwle5k.005,train,-7.548273,0.11543648
tZiRqu8joX8.003,train,2.0960944,-3.8921566
taSAaWKcmTw.000,train,10.570772,-6.297251
taSAaWKcmTw.002,train,11.494724,-8.22589
taSAaWKcmTw.004,train,13.945229,-8.779104
taSAaWKcmTw.005,train,10.15731,-5.825535
tcmYlyeqwuI.003,train,-4.9418716,3.1403296
tcmYlyeqwuI.004,train,-3.856839,-2.0531943
teRgvZ63_2I.001,train,-0.89989126,-3.948981
teRgvZ63_2I.003,train,-2.7091105,-4.9907813
tepWDnvIuRg.001,train,-5.4396944,0.16950844
tepWDnvIuRg.002,train,-4.600211,1.4528446
tepWDnvIuRg.003,train,-6.123248,1.3023534
tepWDnvIuRg.004,train,-7.256829,-0.5124352
tepWDnvIuRg.005,train,-2.1604931,-2.3652768
tg0i-zxvQXk.000,train,-3.2191703,-3.374133
tiVKJWLzmk4.000,train,-12.952787,1.0325048
tiVKJWLzmk4.001,train,-10.3357315,1.5172266
tiVKJWLzmk4.004,train,-10.66471,2.1923952
tomb22yfjTc.001,train,-6.748901,3.7227738
tomb22yfjTc.002,train,-5.0996184,5.041737
tutTFKP_fdg.000,train,7.360415,-0.3730601
tutTFKP_fdg.005,train,5.499126,-2.8438838
tvKUJujTUEo.001,train,-6.5440364,-1.6431377
tvKUJujTUEo.003,train,-7.1711836,1.5444309
tvKUJujTUEo.004,train,-6.661252,-0.23632531
tvKUJujTUEo.005,train,-7.2096395,-1.7078924
tw6lY2ptkvo.002,train,-2.2413878,-6.018576
twO6ceVTuII.001,train,0.41179267,9.055553
twO6ceVTuII.002,train,-3.6945283,5.6509895
twO6ceVTuII.003,train,1.8387576,1.6031407
twO6ceVTuII.005,train,-2.4467013,5.5666556
twmdh5zdvfg.000,train,1.4411914,-1.8913847
txU8yE9d-4k.001,train,6.7980413,-2.8992062
txU8yE9d-4k.003,train,6.346852,-0.8310157
txU8yE9d-4k.005,train,7.424877,0.0020871381
u0NIAbS0mDM.001,train,8.294568,-5.510523
u2XbiBuuxyI.001,train,0.5795282,13.035502
u50B6bIkN9g.000,train,-1.7059149,-1.3194294
u50B6bIkN9g.002,train,-0.8906526,-2.577762
u9vOa9GdNcM.003,train,14.989121,-1.7737969
uATtAHyVSMM.002,train,6.18575,2.849945
uATtAHyVSMM.003,train,15.275389,-4.726454
uATtAHyVSMM.005,train,22.212765,-0.7219442
uCJNAX_b9mc.000,train,-5.8869247,1.4862577
uCJNAX_b9mc.002,train,-2.313693,-1.8575727
uE2U_Y7QrIw.000,train,-7.842629,4.5371013
uE2U_Y7QrIw.002,train,9.812944,0.8866621
uE2U_Y7QrIw.003,train,-5.3915253,7.7395177
uHrP02iwW1o.000,train,2.3462093,-6.877763
uHrP02iwW1o.002,train,1.5181144,-5.789096
uKy7lHuMQ_o.000,train,11.578498,-1.4396974
uKy7lHuMQ_o.002,train,22.137054,1.1871082
uMCRfie1lkc.001,train,-8.610677,2.902505
uMCRfie1lkc.002,train,-10.340568,2.9191408
uMCRfie1lkc.003,train,-13.713818,2.295849
uMCRfie1lkc.004,train,-12.044847,3.680824
uNJpPYo5Qp4.002,train,-10.1183,1.0744401
uRY3aJAaogw.001,train,-8.579051,1.5972527
uRY3aJAaogw.002,train,-7.3866053,6.920828
uRY3aJAaogw.003,train,-2.7500308,20.037449
uRY3aJAaogw.005,train,-5.5349646,9.194405
uStuc1OX0f0.000,train,-0.07458256,-8.297734
uTluOTPA7e4.001,train,-0.62096965,-7.736817
uTluOTPA7e4.002,train,-0.20128964,-3.95607
uTluOTPA7e4.003,train,-2.3479664,-7.569305
uTluOTPA7e4.004,train,-3.5756807,-3.3060548
u_qvbRpm88k.002,train,-2.159443,4.495972
u_qvbRpm88k.005,train,-3.9190373,1.1121199
ua5c716lu5s.001,train,-2.359314,3.101651
ua5c716lu5s.002,train,-4.495318,-2.4387698
ua5c716lu5s.003,train,-4.3367987,-3.5368447
ua5c716lu5s.004,train,-2.5115306,-4.5037937
ua5c716lu5s.005,train,-2.496814,-2.4927561
udn-L92wdn8.000,train,1.3494154,3.066794
uf_sIIw4zxY.001,train,-0.3682526,0.28618056
uf_sIIw4zxY.002,train,-1.5820864,-1.5493953
uf_sIIw4zxY.005,train,-5.484998,0.36153468
uifW-cV-iQo.002,train,14.666013,24.696003
upgv7xmOb1I.001,train,-0.6862095,10.663572
upgv7xmOb1I.002,train,-3.0584898,4.7132893
upgv7xmOb1I.003,train,-9.340111,2.1097765
upgv7xmOb1I.004,train,-0.4918205,-1.1057172
upgv7xmOb1I.005,train,3.3879118,14.503559
uqd_cEJMJ4o.003,train,5.284489,-1.5930326
usG6pVxbQkw.000,train,-10.233072,6.50711
usG6pVxbQkw.001,train,-10.393831,5.822976
utv9RBNcL5w.000,train,-2.9888759,-4.380589
utv9RBNcL5w.005,train,-2.8247352,-6.557534
uwUkp63db18.001,train,-10.906962,3.608103
uwUkp63db18.002,train,-7.2208714,3.2542784
uwUkp63db18.003,train,-7.8340397,8.394081
uwUkp63db18.004,train,-4.4431777,14.023864
uwUkp63db18.005,train,-8.272957,5.731637
uwYQKM_STCw.002,train,9.380502,-14.55597
uwYQKM_STCw.005,train,8.641282,-6.9153805
uxTxqewSuxg.000,train,-3.9102328,-2.4660852
v0jtovM6Ajg.000,train,-0.5031899,-3.8631728
v0jtovM6Ajg.003,train,1.0465196,-5.8461156
v68FyWS-Q9s.002,train,17.918625,11.263993
v68FyWS-Q9s.003,train,10.976003,3.1103866
vAEqpUwBMJQ.001,train,-6.748929,-1.8571947
vAEqpUwBMJQ.003,train,-7.0215473,-1.462061
vAEqpUwBMJQ.004,train,-7.8412137,-1.2471046
vAEqpUwBMJQ.005,train,-6.6328483,-0.8527318
vAV6ovUKPDg.005,train,-0.64267504,-7.887538
vCV-5LypZCs.005,train,0.6817993,-3.2240086
vCY4uvfrWXA.003,train,16.464706,-10.708954
vCY4uvfrWXA.005,train,6.484118,-10.234381
vE9XgQL7DGE.001,train,-2.657151,0.69329137
vE9XgQL7DGE.003,train,4.7405677,-2.1989727
vE9XgQL7DGE.004,train,-4.60369,1.4727011
vHIBCKwJLEY.001,train,-4.6663036,4.1659107
vHIBCKwJLEY.003,train,-8.123246,-0.3002089
vHIBCKwJLEY.004,train,-6.5986476,2.0003254
vHc0pnY9BoI.002,train,0.13770223,-1.7091656
vHn6-GQAI_Y.001,train,1.848212,1.3872342
vHn6-GQAI_Y.003,train,1.012754,2.0578005
vHn6-GQAI_Y.004,train,1.6602932,0.37317327
vIW7gDmhYMk.001,train,-7.2547746,7.254227
vIW7gDmhYMk.003,train,-9.488959,0.38810498
vIW7gDmhYMk.004,train,-7.9440026,3.248356
vIW7gDmhYMk.005,train,-7.891927,0.43461758
vJDx6TCX32M.000,train,4.4322333,1.5544039
vJDx6TCX32M.001,train,-2.561739,2.956242
vJDx6TCX32M.004,train,-3.7329135,1.6263329
vJnjjy5DZN4.001,train,7.2601137,-7.779024
vJnjjy5DZN4.002,train,3.5774682,-7.942443
vJnjjy5DZN4.003,train,4.141532,-6.982544
vLAHfIjmRMc.001,train,-10.294993,1.702965
vLAHfIjmRMc.005,train,-9.731424,1.1562134
vMtF0akNUK4.000,train,-5.585711,0.92235655
vMtF0akNUK4.001,train,-1.2387401,-3.4794464
vMtF0akNUK4.002,train,-7.3380895,-1.1365355
vMtF0akNUK4.004,train,-7.462906,-0.07382976
vNEs2yGe77s.000,train,24.940903,-12.235942
vNZJSHliTR4.001,train,8.626314,-5.109646
vOEQlAMABWM.000,train,-6.900537,-0.048607133
vOEQlAMABWM.001,train,-6.9494877,-1.6822511
vOEQlAMABWM.003,train,-7.1252775,-1.1581177
vOxgWKGNEYc.000,train,0.7898422,3.3486876
vP6TUda99tc.005,train,10.101561,-5.2719913
vQEZ5KF9I4E.003,train,-13.4881115,3.9540765
vQEZ5KF9I4E.004,train,-10.270896,3.137361
vR7YF7Zv5-Q.000,train,-3.644402,-0.90914464
vR7YF7Zv5-Q.003,train,0.67072576,-1.3025374
vUKex2msIEU.002,train,1.3061392,-7.3464227
vUKex2msIEU.004,train,1.284254,-3.0793357
vUo6wnBOBpo.002,train,7.368075,-12.752684
vYVqhg_VGP8.000,train,-3.0836887,7.935024
vYkHHVeNK_M.001,train,0.07090189,8.456244
vYkHHVeNK_M.002,train,-1.7918644,10.566572
vYkHHVeNK_M.003,train,-2.2851608,5.9418597
vYkHHVeNK_M.004,train,-3.009978,4.361663
vZPLbzF0aSg.001,train,14.78785,-8.785529
vZpneJlniAE.005,train,-3.305449,-3.8295753
vhugKRUnd-c.000,train,-4.4456773,13.223989
vhugKRUnd-c.001,train,14.641456,56.76289
vhugKRUnd-c.004,train,3.343335,32.615707
vo-Y5kgSBa8.000,train,7.6121154,-12.505099
vo-Y5kgSBa8.002,train,9.21867,-9.529601
vo-Y5kgSBa8.003,train,14.598931,-9.442336
vo-Y5kgSBa8.005,train,4.6752133,-8.001665
voSLxKtKr0Q.000,train,-0.8512043,-5.029874
voSLxKtKr0Q.002,train,-4.813549,-0.1825725
voSLxKtKr0Q.003,train,-2.4984007,-5.454038
voSLxKtKr0Q.004,train,-1.0919214,-4.107629
voSLxKtKr0Q.005,train,-4.39475,-1.8512489
voXr6-ykd1w.000,train,9.831319,-4.0998507
voXr6-ykd1w.002,train,9.033954,-1.65219
vp9p1osOaLI.002,train,5.7753954,12.7997265
vp9p1osOaLI.003,train,-3.3058186,-1.0545212
vqF65-bFHKM.003,train,6.3056297,-3.9335456
vqF65-bFHKM.004,train,15.6493,-0.39050788
vqLtOsoNPnU.002,train,-3.6310005,-1.3332853
vqLtOsoNPnU.004,train,0.6691331,-3.4025931
vr5FWHUkYRM.000,train,-6.4569917,-0.5522123
vr5FWHUkYRM.001,train,-0.9508177,0.38089427
vrMlwwTLWIE.005,train,12.580548,-9.822416
vtOEl_Mg0Io.000,train,6.716694,0.6435249
vtOEl_Mg0Io.004,train,15.397786,1.0345477
vxuBHsokOX4.005,train,9.930476,12.459384
w0CQ55sKmck.002,train,-6.6378736,1.1397053
w2FKw8IhbFw.001,train,-3.7384746,-2.3000662
w4cZStXMUII.003,train,9.385587,-2.8672705
w7O2QJu2Wl4.004,train,27.74741,1.9468943
w7O2QJu2Wl4.005,train,16.881866,-11.139026
w7wPDiQkiA4.001,train,-3.4041798,-3.5357776
w7wPDiQkiA4.004,train,-3.557032,-1.0291762
w989xx44UQI.000,train,3.87038,-10.398324
w989xx44UQI.001,train,6.848254,-12.967753
w989xx44UQI.003,train,1.576797,-7.4444203
w989xx44UQI.004,train,7.474741,-10.744152
wAl_Pm7xG3A.001,train,1.8612196,-4.4284077
wBCSJVBr4ZE.004,train,-9.350999,2.333768
wBCSJVBr4ZE.005,train,-10.928449,1.9396784
wBSf7anTC_g.004,train,-13.419489,2.8671443
wDvZdcb00Bg.001,train,-0.77587426,0.16484882
wDvZdcb00Bg.002,train,-2.5427155,-0.32684547
wDvZdcb00Bg.003,train,-1.1771995,0.6029657
wDvZdcb00Bg.004,train,-0.7173968,-0.9390312
wFZJ3gTKwwM.002,train,18.552647,4.977986
wJl7DbsbrDA.000,train,-6.791244,-1.2272527
wJl7DbsbrDA.001,train,-7.405005,-0.19760042
wJl7DbsbrDA.005,train,-7.8552666,-0.3629981
wK_ExIjn5Q8.002,train,-10.9646435,3.7616515
wK_ExIjn5Q8.004,train,-8.439164,6.7980175
wK_ExIjn5Q8.005,train,-8.491131,7.0156617
wNH5FmWVr-M.001,train,-0.68701595,-6.2683234
wTo1uZns2X8.000,train,-11.906307,0.45341894
wTo1uZns2X8.001,train,-1.1146969,1.5196261
wTo1uZns2X8.003,train,-6.0549374,-1.4657557
wTo1uZns2X8.005,train,-5.292026,6.46051
wTpb1CfMnVM.005,train,-4.625894,-1.3804747
wVpjBxCirAQ.001,train,1.1285661,2.3205428
wVpjBxCirAQ.004,train,5.3006983,5.156016
wVpjBxCirAQ.005,train,2.0171175,2.2978215
wYZJ2HXfvmQ.001,train,-1.0491421,0.74683106
wYZJ2HXfvmQ.002,train,-3.7100115,6.599382
wYZJ2HXfvmQ.003,train,-1.7980834,2.0672843
wYZJ2HXfvmQ.005,train,-3.151686,1.0731391
wYixHjntI-4.001,train,-8.655396,5.6343503
wYixHjntI-4.002,train,-10.568161,-0.69579554
wYixHjntI-4.004,train,-9.406612,0.3283599
wYixHjntI-4.005,train,-9.482123,-0.6327607
w_ExyXsnw2A.000,train,-6.5278816,-1.7806506
w_ExyXsnw2A.003,train,-5.0996075,-1.0298165
wdeOWVDSeLE.001,train,2.165872,-0.426428
wdeOWVDSeLE.002,train,-1.4088187,-4.322534
wm94g-5Cg5s.000,train,-2.5705836,1.8116884
wm94g-5Cg5s.002,train,-8.741438,-1.1054407
wm94g-5Cg5s.003,train,-8.106865,3.5076785
wm94g-5Cg5s.004,train,-6.3239613,-1.5539955
wm94g-5Cg5s.005,train,-4.808039,0.99500006
wr4dP9MuHME.004,train,-4.954208,-1.34278
wr4dP9MuHME.005,train,-3.501133,0.1432647
wsBrLt5coeM.000,train,-1.671958,-0.39277673
wuhoIm_jPc0.002,train,-7.2335534,-0.2807196
wuhoIm_jPc0.003,train,-8.470028,1.4849896
wuhoIm_jPc0.004,train,-3.1060507,4.748475
wuhoIm_jPc0.005,train,-7.414116,-0.88619673
wxpXOLNwW1E.000,train,29.148994,-7.8342366
wxpXOLNwW1E.002,train,14.68348,-9.466427
wy1szFSVpEI.002,train,-0.08391717,-5.2334447
wzCdM6Fe_4A.001,train,-1.443242,-3.7127194
wzCdM6Fe_4A.003,train,-0.68927026,-3.9702778
wzCdM6Fe_4A.004,train,1.0204532,-4.192957
x0CZuHnJ0Hs.004,train,-11.866372,2.126602
x0CZuHnJ0Hs.005,train,-10.268914,2.2496705
x57nEfACdXA.001,train,-7.858632,0.06580733
x57nEfACdXA.002,train,-7.257887,2.091419
x57nEfACdXA.003,train,-3.087675,7.077241
x57nEfACdXA.005,train,-8.280332,0.08208177
x6Tluj4dJTU.002,train,-6.1054406,0.11711342
x6Tluj4dJTU.004,train,-1.1271119,2.6569176
xA3GCTL5o-k.000,train,-7.0133953,14.432605
xBiI0Oo1vBw.000,train,5.3143406,-7.3458276
xBiI0Oo1vBw.005,train,10.409386,-8.067199
xDjhf8wrNWQ.001,train,-10.7777,1.5804284
xDjhf8wrNWQ.003,train,-8.655697,5.92491
xDjhf8wrNWQ.004,train,-9.8438,2.0211148
xDjhf8wrNWQ.005,train,-7.082059,1.6987838
xEmwNv4OxGE.001,train,-5.980946,1.3055766
xGo_wImhwkQ.003,train,-2.4952786,-4.6851883
xHb5_bc1JOA.000,train,-3.6615891,-4.6519184
xHb5_bc1JOA.001,train,-3.9901223,-3.4914064
xHb5_bc1JOA.003,train,-4.203738,-3.753129
xHsh2Rg5ANU.000,train,-3.5464635,2.714933
xLfLuyIQOJE.002,train,-6.143609,3.1982126
xLfLuyIQOJE.003,train,-5.79104,4.649114
xLfLuyIQOJE.004,train,-8.242953,2.193321
xLfLuyIQOJE.005,train,-7.361655,3.5470462
xP6i_WO1LCM.000,train,1.49483,-3.4559138
xQHmbJ_lPjY.001,train,-1.5915112,-0.6825026
xQHmbJ_lPjY.003,train,0.6996177,3.624716
xQHmbJ_lPjY.005,train,-5.6535254,0.23338722
xRLaEoXAsjk.001,train,9.093075,-3.5952222
xRhUBifOWiI.000,train,10.886733,-10.942037
xRhUBifOWiI.001,train,0.9720368,-5.104218
xRhUBifOWiI.003,train,5.451433,-6.9145455
xRhUBifOWiI.004,train,17.434553,-8.6123705
xUdaVBK1b8w.001,train,6.793297,20.484884
xVJDjbiIjTo.001,train,-7.3445773,-0.941506
xX5Imr7UmaA.002,train,2.471136,-1.1937039
xZ9iwqHw7GY.002,train,34.278713,-14.552982
xZ9iwqHw7GY.003,train,3.664994,-4.5797405
xZFZ0Mvjiuo.000,train,10.301769,1.3695071
xZFZ0Mvjiuo.001,train,8.872733,-1.7502793
xZFZ0Mvjiuo.003,train,18.585386,8.6036625
xZFZ0Mvjiuo.005,train,4.330334,-2.1929576
xbAb00tGeBQ.000,train,-10.629103,1.6485598
xcMwMi4fdis.001,train,28.061535,9.09188
xcMwMi4fdis.002,train,33.228798,-5.6069603
xcMwMi4fdis.005,train,22.91162,-7.1227794
xcVy0l2nfV0.001,train,7.092417,-4.8432975
xe3l76e8yE4.001,train,-4.6047106,9.9329815
xeE08Vn-HXI.000,train,1.3988622,0.985334
xeE08Vn-HXI.001,train,-1.937247,-1.7006365
xerGtxpxW6Q.002,train,4.784893,-6.9411254
xerGtxpxW6Q.003,train,-1.2066245,-5.0255623
xfLVThCzEEk.000,train,-4.7434654,-2.4701838
xfMOELCuN94.003,train,-3.8920937,-3.6520085
xfMOELCuN94.004,train,-7.7011013,-1.1614783
xgRqkTXmZko.000,train,-0.026259145,-0.48495537
xgRqkTXmZko.001,train,-4.255628,-1.4289025
xgwiqo2AsCA.000,train,15.272229,9.36837
xgwiqo2AsCA.001,train,13.57596,8.223715
xgwiqo2AsCA.002,train,5.3391767,1.2863483
xmD4FKMq2rk.000,train,1.45704,-0.6520799
xmD4FKMq2rk.001,train,-4.2840633,3.4230957
xmD4FKMq2rk.005,train,11.592794,31.400099
xmaC2XOhPaE.001,train,5.9947844,0.0815729
xmaC2XOhPaE.003,train,10.019439,9.730212
xotlPVnG05U.000,train,-1.0186598,-5.8443594
xpSCu7PgJts.000,train,-7.5062337,4.7696404
xpSCu7PgJts.004,train,-10.636736,5.7310643
xqGyF2T3pso.000,train,-3.1205418,-3.5740092
xqGyF2T3pso.001,train,-4.4845967,-2.3360348
xqGyF2T3pso.002,train,-4.1808095,-3.178811
xrxAyO8pKUo.002,train,-9.002947,0.4053393
xrxAyO8pKUo.003,train,-9.4073515,-0.10512888
xsDABUrvs6w.001,train,-8.296226,7.127043
xsDABUrvs6w.002,train,-11.801616,3.0626254
xsLvl2qGrxU.000,train,-2.39483,-3.652203
xsLvl2qGrxU.001,train,-5.5339246,-2.686537
xsLvl2qGrxU.002,train,-2.3923018,-1.1578809
xsLvl2qGrxU.003,train,-0.6304427,-0.8659299
xtDw9TlWiww.000,train,-10.210558,2.3127615
xtDw9TlWiww.002,train,-9.566021,4.049411
xun35caJTQI.002,train,-8.063583,16.979969
xun35caJTQI.003,train,-7.8263497,6.5053396
xun35caJTQI.005,train,-10.413496,4.8678026
xvLi31p57oA.004,train,-4.5641074,-2.9814594
xyOq5SL0Evc.000,train,-5.6368284,1.7835928
xyOq5SL0Evc.002,train,-8.311233,0.78170085
xyOq5SL0Evc.003,train,-6.9771724,1.1071365
xyOq5SL0Evc.004,train,-6.4953885,-0.5562531
xyWpSrfFlQw.004,train,0.838094,2.1129506
xzRYaxrhne8.002,train,-11.885243,2.0652106
xzRYaxrhne8.003,train,-10.327124,3.4002466
xzRYaxrhne8.004,train,-9.850706,7.4585595
xzRYaxrhne8.005,train,-10.614871,1.759436
y--uBBy7ebM.000,train,14.592165,2.281206
y--uBBy7ebM.002,train,31.044575,14.47503
y--uBBy7ebM.004,train,15.499242,-3.7847438
y--uBBy7ebM.005,train,7.6972713,0.7811786
y0UCXXk9tlM.002,train,-6.986845,-3.5690827
y0UCXXk9tlM.003,train,-5.6785393,-3.968798
y0UCXXk9tlM.004,train,-6.3056846,-4.4883194
y0UCXXk9tlM.005,train,-6.6426954,-3.2367787
y1e8xPAaL9k.000,train,-6.749173,-1.3749909
y1e8xPAaL9k.002,train,3.6478648,8.86686
y2UF49ddapI.001,train,0.32540235,3.3320901
y2UF49ddapI.003,train,-0.921539,1.1709954
y4Ej1YSEQf0.000,train,-4.889482,-1.6906838
y4Ej1YSEQf0.002,train,-5.1932545,0.25392497
y6LC5kAJmHw.004,train,-0.997699,-1.9005488
y6sy0HBe-Zs.000,train,-4.788421,4.6699796
y6sy0HBe-Zs.005,train,-6.1678395,1.4550023
y7MEVu2nyes.000,train,0.3696841,-3.6553369
y7MEVu2nyes.001,train,-0.9428836,-2.5412052
y7MEVu2nyes.003,train,-5.5419497,-2.8413818
y7MEVu2nyes.004,train,2.0998929,-2.853957
yAVnxsaTyuE.001,train,9.809538,-4.390036
yBMuZWldxLk.001,train,9.361778,10.08168
yBlPsPBRv5E.001,train,-6.7149076,1.9390225
yBlPsPBRv5E.002,train,-5.0314054,3.894197
yEE9FoKWdpU.005,train,-8.939988,0.0144260125
yEWy_vXTTJU.005,train,14.595538,-8.684933
yFZ3eUD6Pqs.000,train,-1.1392244,-4.9490423
yFZ3eUD6Pqs.001,train,-0.15786928,-5.0451274
yFZ3eUD6Pqs.002,train,-5.1615276,-2.7887397
yFZ3eUD6Pqs.003,train,-0.77115846,-4.745922
yFZ3eUD6Pqs.004,train,-4.6292152,-1.5613202
yFZ3eUD6Pqs.005,train,-1.8955618,-0.21537934
yHwuRYr5lxk.003,train,-5.686132,-2.9420195
yHwuRYr5lxk.004,train,-7.1939354,-1.8408127
yHwuRYr5lxk.005,train,-6.2881594,0.458512
yIM5bal1VVs.000,train,-5.1233096,6.464535
yIM5bal1VVs.003,train,-5.717897,6.186522
yIM5bal1VVs.004,train,-6.8215823,2.2429907
yIM5bal1VVs.005,train,-6.0372043,4.9319954
yIe7Rp54-bU.001,train,-3.177598,-1.8580905
yIe7Rp54-bU.004,train,-2.7320144,-2.2741218
yOzHZOg95Ug.001,train,7.7515626,2.1989932
yOzHZOg95Ug.003,train,15.748573,8.195575
yOzHZOg95Ug.004,train,15.070742,0.78265035
yOzHZOg95Ug.005,train,12.863191,3.6036277
yRVvI1x2DBI.002,train,-1.9892979,-3.6397834
yRVvI1x2DBI.004,train,1.4489537,-1.2191048
yRVvI1x2DBI.005,train,-2.1383636,1.9623619
ySEeioc339E.002,train,0.00978785,1.3313648
ySEeioc339E.003,train,1.0197681,-0.29656193
ySEeioc339E.004,train,-2.2723408,-3.2977643
yUESJPS0wS8.000,train,2.419878,-8.423524
yUESJPS0wS8.002,train,3.0222383,-7.2359295
yUESJPS0wS8.004,train,5.324454,-7.3177476
yVSfQZGt1co.001,train,3.3378446,-1.9698497
yVSfQZGt1co.004,train,3.496435,4.3559875
ya8Ec_yTai8.002,train,-0.17852263,-1.7853804
ya8Ec_yTai8.003,train,-1.0300678,-2.5938098
yftfxiDNXko.000,train,-6.1869254,2.5186908
yftfxiDNXko.001,train,-3.5759232,0.7005555
yftfxiDNXko.002,train,-2.0441635,10.26658
yftfxiDNXko.004,train,-6.111806,0.4141849
ygUEI08LgcM.002,train,-7.9865956,0.6933637
yj2Y1Y26rd4.001,train,-9.716595,0.99555594
yj2Y1Y26rd4.002,train,-9.302608,1.5013229
ykm4JTvlOCQ.000,train,-6.2549787,-1.5570879
ymrFbEMNBME.001,train,10.341919,-3.7269146
ymrFbEMNBME.004,train,4.126267,-7.4829855
yozI_jvMrTw.004,train,-9.476742,1.1793414
yozI_jvMrTw.005,train,-9.579754,-1.5471247
yp-tfq1NxBk.003,train,-7.567744,0.6872659
yrToGVRf27U.003,train,-2.1052356,-3.4690678
yrToGVRf27U.004,train,0.71922696,-2.6902285
yuE25dFTn2o.000,train,-0.7539735,4.746737
yuE25dFTn2o.001,train,-2.0844731,4.9811954
ywefrPdzz0U.000,train,-13.0441,2.4048176
yzgA9oAEgI4.002,train,-3.7043042,-5.4122295
yzgA9oAEgI4.003,train,-0.70622575,-2.3494723
z-CV743owek.001,train,0.7288624,-0.504568
z-CV743owek.003,train,2.251776,-4.091544
z-CV743owek.005,train,-1.5298184,-0.97156423
z3DO3tdrsnQ.000,train,-1.1928108,-4.0622506
z3DO3tdrsnQ.001,train,-4.7506943,-3.331346
z54OqeICELg.000,train,1.949985,-6.0701056
z54OqeICELg.001,train,-0.85963374,-6.2904224
z54OqeICELg.004,train,0.1082705,-7.6346364
z54OqeICELg.005,train,-1.3685577,-7.5772157
z82YEuBU8mA.003,train,24.93429,-14.687349
zDSpbDg6WB8.002,train,18.091091,9.007022
zEyRyTnIw5I.001,train,1.54351,-0.4177626
zEyRyTnIw5I.005,train,-1.5095514,-1.1880057
zF3Uk2OAJAE.001,train,-2.1460998,-8.066351
zF46tAI2PQc.004,train,31.592041,-12.721221
zF46tAI2PQc.005,train,-1.4125838,-2.6222217
zFVjcb45pjI.002,train,-5.040799,1.5995324
zFVjcb45pjI.003,train,1.142077,8.445263
zH9pTx5_ZwY.003,train,-7.812374,1.1033795
zH9pTx5_ZwY.004,train,-8.446285,1.4922732
zJEnT19uoPY.000,train,-11.093595,4.563985
zJEnT19uoPY.001,train,-13.551725,2.638518
zJEnT19uoPY.004,train,-12.676246,3.5978012
zJEnT19uoPY.005,train,-9.51405,3.0295305
zJR7w4DABGU.002,train,13.125209,-2.2257538
zMXIf66PPhU.001,train,-3.9926922,5.9766603
zMXIf66PPhU.002,train,-5.254284,2.022354
zMXIf66PPhU.004,train,-5.4679213,4.198992
zMXfMcqpPwQ.001,train,-1.5333277,-5.6164923
zMXfMcqpPwQ.002,train,-1.5765904,-5.477664
zMXfMcqpPwQ.005,train,-1.9299586,-3.8547087
zNHM8iNyTO4.005,train,-4.6715336,-1.4951687
zNmuwZkaeVg.001,train,1.121553,5.3540277
zNmuwZkaeVg.002,train,-2.4078605,4.172335
zRevZ94Rxjc.004,train,4.8366127,-0.56710213
zRiS2gIUc9s.000,train,-7.9385066,-0.73729813
zRiS2gIUc9s.001,train,-7.404383,-0.9959353
zT_s9X21gAE.001,train,-2.5742543,-4.208042
zT_s9X21gAE.003,train,-2.1507332,-1.9173782
zT_s9X21gAE.004,train,-5.448983,-3.9827366
zT_s9X21gAE.005,train,-3.5236228,-4.474155
zY0J9qKEekE.004,train,17.394363,-11.8666315
z_W8_j7CB2A.000,train,-2.6126988,-0.47254568
z_W8_j7CB2A.001,train,-4.692756,8.582939
za14O68VN3E.001,train,37.687412,-7.5047336
zeUC7e-4w1E.003,train,-2.4255579,-3.1792076
zeUC7e-4w1E.005,train,-1.5809326,-3.9693854
zpLiIVF0x7U.000,train,-7.957557,2.8889837
zqpXz9h41jg.000,train,-6.2479773,-0.5071486
zqpXz9h41jg.002,train,-7.6060658,-1.6229236
zqpXz9h41jg.005,train,-8.381934,1.5592208
zrbcY4TMVyc.000,train,16.609034,-3.036164
zrdxHERn628.003,train,-10.798701,-2.9345567
ztyBhnjtrz0.000,train,4.7790475,18.69718
ztyBhnjtrz0.001,train,1.6397456,16.717499
ztyBhnjtrz0.002,train,-2.1671734,11.641492
ztyBhnjtrz0.003,train,-3.2795727,8.226809
ztyBhnjtrz0.004,train,2.28554,17.67348
zupxsNi2er8.002,train,-4.6973586,3.910609
zupxsNi2er8.004,train,-3.3999803,5.004333
zupxsNi2er8.005,train,-6.829324,7.0057034
zvX4fNj0uxk.001,train,-1.6266702,-1.9582548
zvX4fNj0uxk.003,train,-2.5436044,-1.628652
zvX4fNj0uxk.004,train,-1.351578,-1.3313224
zwO2zBdbCb4.002,train,-5.4373116,15.327307
zxuPCshTSOs.002,train,-9.947828,2.7603855
zxuPCshTSOs.005,train,-6.2583427,3.5060856
zyGz_H1UTnQ.003,train,-10.524368,4.782746
-6otZ7M-Mro.003,val,-2.4541702,-1.6501288
-6otZ7M-Mro.005,val,-4.3207684,-1.7701565
-8asrRvfJWA.001,val,6.3623004,-4.397663
-9BZ8A9U7TE.002,val,1.4571007,-2.8100445
-AmMDnVl4s8.001,val,3.5731227,-4.8788314
-BDSWZIF-WY.000,val,-10.672369,1.7278992
-DOqN0d8KHw.000,val,-3.69922,0.09637476
-DOqN0d8KHw.001,val,-2.21791,4.7541833
-N6QKrbnaDs.002,val,-7.9197216,2.1463192
-PF2TG2loGc.002,val,-6.973509,0.74109584
-PWjgx2czwY.000,val,-7.0490155,-1.554822
-R2SZu3SYgM.002,val,-3.80491,0.78305244
-R2SZu3SYgM.003,val,-7.714418,5.461628
-RhPxhfpg4U.004,val,-0.60509026,10.761057
-RqxrwIxMvE.002,val,8.614822,-8.445437
-VTqcHNgH7M.001,val,-7.033759,-3.1072662
-VTqcHNgH7M.005,val,-7.627794,-2.9866436
-Wqk9eex6bQ.001,val,-7.6806583,5.365699
-agCXYgb7pI.000,val,-0.21005347,-0.16736166
-agCXYgb7pI.001,val,1.5358833,-2.6877458
-fqiCqZtgYs.000,val,5.44601,-2.7789447
-wO0oBNlEvY.005,val,-3.7615132,-3.801667
-zNyDPzId4E.000,val,13.041338,-11.432746
04oq2yrBwMg.000,val,21.929346,61.00939
04oq2yrBwMg.003,val,-1.8369898,16.309338
04oq2yrBwMg.005,val,-7.4276094,7.809327
05l5bteT_qA.004,val,11.053015,-3.2122974
0G9vplL8ae8.004,val,-3.4686701,-0.15128006
0ObEtA6Q8vU.004,val,-7.640799,2.073264
0QTR0WiJSNk.004,val,2.4498441,-7.7050896
0SS47KwVOQ4.000,val,-0.041464753,-1.9828645
0VnZngec8sc.002,val,-10.886026,3.148438
0a5FOYBAIcc.001,val,10.170314,-7.69313
0axZSeaUbfs.003,val,-7.2427473,0.8331596
0iQIfGnKflc.004,val,-3.4228773,1.6848062
0mym1CooiTE.002,val,-2.605338,-0.1693288
0mym1CooiTE.005,val,-4.948367,-2.763129
0qtCdb23_2g.000,val,-2.6881237,-5.678424
0tse0Fsy_rg.000,val,21.179436,6.826012
0tse0Fsy_rg.003,val,15.93214,-3.1146617
0u56Q_QmxIM.001,val,-3.7091558,4.582075
0u56Q_QmxIM.003,val,-0.24315888,7.645407
0u56Q_QmxIM.005,val,-1.9785622,9.670164
0uCqd5hZcyI.001,val,1.3731666,-0.78947043
0uCqd5hZcyI.004,val,-2.7953591,-4.4970465
0zJcYnsh55g.002,val,3.9800293,-3.9855318
1-GgVRmAEoo.000,val,-1.4464368,-0.07177147
12lqQE6oPNE.002,val,1.1457105,-1.7307898
176vWywoq9E.003,val,-8.600195,1.6603656
19pTUX8KfYM.004,val,-6.367707,-0.98987377
19pTUX8KfYM.005,val,-7.7070737,-2.6365912
1CYzbX8AaP8.000,val,-4.628514,2.683424
1CYzbX8AaP8.005,val,-8.50723,0.13387501
1S0SxmfbOus.003,val,-3.3657773,-1.7920526
1TXS1Zg4wDc.001,val,-1.1464945,-3.8029926
1W7XLdNpEgc.002,val,5.2340794,-0.7762849
1XkKu4LBvog.004,val,-4.2442884,-2.0549128
1XkKu4LBvog.005,val,0.14134401,-4.119168
1XqMZQu_pP4.001,val,0.24542819,-8.311947
1XqMZQu_pP4.003,val,0.062742405,-4.934623
1ajEXdEsJ-k.002,val,-6.5702996,3.95465
1dOaM7zWPo8.002,val,-5.9152336,2.1850593
1hpZ2ecWqtI.000,val,-3.4319208,-0.4585798
1hpZ2ecWqtI.001,val,-4.74767,2.1720488
1izSTcQI7H4.005,val,20.90914,-2.14677
1jC4vsQsjwM.000,val,-7.182222,1.0013689
1m4WjLRKTwc.000,val,-0.08368964,-0.15715598
1m67onLoRwY.001,val,-6.3047776,1.6893317
1mHjMNZZvFo.002,val,-6.557539,-0.17476293
1mODTfLRGdI.002,val,-0.21026972,2.8221643
1mdMhaq5p4w.000,val,3.8132744,-3.6461067
1pMNczHCXPc.000,val,-5.677877,0.8537726
1pm5uoU85FI.002,val,-2.3863068,-4.0915823
1pm5uoU85FI.004,val,-7.163521,-2.023209
1sjXuXtx9-E.001,val,-0.42977083,-6.8138404
1sjXuXtx9-E.004,val,-0.598422,-7.054795
1tPH6PNeOSk.000,val,-1.7885835,-2.3140612
1tPH6PNeOSk.001,val,0.17633377,-0.49082214
1uC-2TZqplE.001,val,-5.327543,-0.20720395
1uC-2TZqplE.002,val,-7.8604,-0.17103632
1uC-2TZqplE.005,val,-4.405169,-0.36921906
1yIGI42lzak.004,val,1.0320394,6.4416795
1zpucNpIDk8.000,val,34.32449,-13.585162
2-LDYe7OXZU.004,val,-4.5182433,1.5089245
2DZb5yIc6Fg.004,val,26.916908,47.992817
2DZb5yIc6Fg.005,val,-2.627718,4.834679
2HE6cw3HFPk.004,val,-5.100419,-4.8983717
2HU92Hfx8Lo.000,val,0.5763079,-7.2468143
2KSBoJZMcMU.000,val,-9.049079,-2.17369
2NNYN1ZCJhw.002,val,-5.2782893,-2.8269844
2OAA4slRc5M.000,val,1.3662941,2.5752213
2PSGksTyrnI.002,val,-6.3303256,3.4660316
2SzC9dm4Yy4.001,val,10.920778,-7.3442445
2T3oK1Gse2g.004,val,12.222383,-2.9121215
2T3oK1Gse2g.005,val,12.603628,-5.9061494
2TMl5EMrdVI.000,val,-0.96239036,3.4851973
2TXrDZgbDHE.002,val,25.463686,39.93261
2UqnC_rFcRQ.005,val,-3.2447011,2.3691707
2UxhlaDEPmI.000,val,18.69476,-11.79228
2WuhWF4fAOQ.000,val,3.453917,-7.0650353
2WuhWF4fAOQ.005,val,21.193419,19.588106
2_OOIcYfLV0.000,val,18.805792,-10.823873
2c42A4Z7qPE.000,val,-0.7845345,-2.4650924
2c42A4Z7qPE.002,val,-0.08119109,-2.420062
2d6btbaNdfo.001,val,-2.383944,-1.8212674
2d6btbaNdfo.003,val,-4.1848397,2.0346107
2d6btbaNdfo.005,val,-0.05718082,-0.53229785
2fzLibPAtvI.001,val,7.514849,-5.3051963
2fzLibPAtvI.002,val,8.134038,-5.3022637
2hhqEWiv4eI.003,val,-2.896459,5.982376
2kqPuht5jTg.001,val,-6.2213078,-1.5666544
2kqPuht5jTg.003,val,-5.658385,-1.1486585
2mfmw63l88g.002,val,0.41237584,3.233387
2oEUp9sGRGk.003,val,-3.8104432,0.3023087
2oiXF5_gTyk.000,val,-6.137428,-1.8715023
2r5NVi3SZ2I.003,val,-0.18808518,-5.5663624
2rV3Ibtdnvs.001,val,-7.7900095,-1.5646489
2rV3Ibtdnvs.002,val,-9.179599,-1.2803565
2x8GZaBY6TM.000,val,-8.545469,2.9432356
2yUnXroXyeI.000,val,-4.0906405,-0.20055807
2yUnXroXyeI.001,val,-6.3018303,-1.7818333
300gK3CnzW0.005,val,-3.00693,0.8611857
39BJkEXJpgc.000,val,-9.38253,-1.9604079
39BJkEXJpgc.004,val,-6.150876,-2.4655383
3AyjQQYmqU4.002,val,-8.375982,-1.132776
3GylAjrajHs.005,val,-2.8124397,-2.0173206
3HA2W1s4oP8.004,val,-7.2932005,-0.3538292
3J7Cl3FXs1o.003,val,-5.372548,-2.3368924
3JzvXA-Zfbs.004,val,-3.819451,-1.3154473
3K16KyiAZHw.000,val,10.344337,-2.2809002
3K16KyiAZHw.003,val,7.436755,0.48130357
3LAaFUSGvsU.000,val,-12.357271,1.8187627
3OoQBXWTGfE.003,val,-2.9114566,14.316666
3Q3SB1dVAng.004,val,0.67314804,-7.418375
3S72dDIm1fM.003,val,-2.3913534,7.726396
3Sj-GZ3YXWs.003,val,-8.539129,1.3579645
3WoXkI06zGk.004,val,39.78241,-9.244332
3ccY8jYkI5o.001,val,-2.5146723,-1.6371219
3ccY8jYkI5o.003,val,-1.2404066,-3.6840014
3gUpRQ22vUs.002,val,1.0668072,-3.0823858
3hKgh9AB3tk.000,val,21.655283,60.298557
3lV-sr3NOUo.000,val,-5.48635,0.17742652
3lV-sr3NOUo.002,val,-6.375334,0.7885982
3lV-sr3NOUo.005,val,-4.627829,-2.214778
3n-QaO3EvPQ.000,val,-8.594385,2.5689747
3orJLMVqWYw.002,val,4.220379,-2.4036083
3tPq9fNOXZQ.004,val,1.6600331,-0.66775286
3taD1fEPfC8.000,val,-5.044691,5.659706
3wRj39GKLJ0.004,val,-1.7827148,4.6972075
3wgZrRMosvY.000,val,5.9911532,4.3867855
3yU-7AXnFCM.004,val,2.4469972,7.5909395
3zAyM2edy1g.003,val,7.9664397,-0.7518423
45SH4ohAH3M.004,val,-2.19701,-0.5611042
4CiR99jTzso.002,val,6.5466504,-3.6699076
4JYmE9a21aI.001,val,-5.5755944,-4.1624107
4JjpfL4y3XM.003,val,1.1241981,-2.6334097
4JjpfL4y3XM.005,val,1.519678,0.36881375
4KD3XCMsIBs.002,val,26.755924,-10.070331
4NzqG0XwOWg.003,val,7.5697618,-1.258188
4OKYywIqnqg.004,val,0.6913609,8.215199
4Qr1BjZhnpg.005,val,13.248724,-9.63848
4T9UUWWRE94.001,val,-2.9757895,3.1615162
4VwcU0ROy5k.000,val,2.3176005,-7.111938
4VwcU0ROy5k.005,val,1.5865295,-5.1181755
4XdZDodpzac.001,val,0.730466,3.622337
4XdZDodpzac.002,val,-3.1304858,3.929051
4ZlcaXadwlo.002,val,2.6638124,-3.352796
4ZlcaXadwlo.004,val,4.439864,-3.0944526
4b-LkHBGWp4.005,val,2.0978532,1.3253516
4bDOetaLvZs.000,val,-6.3425274,10.376643
4fN-DKUzgWQ.000,val,-5.1134872,15.790687
4fN-DKUzgWQ.002,val,-7.677332,2.5054774
4kIHxR6s1L4.000,val,-5.544179,0.88307756
4lH5nLSwmoM.002,val,-7.0794735,-0.90585744
4lH5nLSwmoM.004,val,-7.239632,-1.889826
4lIbWq27O84.004,val,-9.335061,2.5403996
4lIbWq27O84.005,val,-8.839108,4.448222
4lj66h4CXI8.001,val,2.2136705,-7.39674
4lj66h4CXI8.004,val,4.490623,-7.0862265
4nMstrTuXXw.000,val,-2.6455328,1.8435802
4nir0YtjHVs.003,val,0.74134576,-6.141428
4nir0YtjHVs.004,val,0.37312853,-5.247042
4sCa35TOxgs.003,val,2.766351,-7.945155
4vJ69g7gAH4.000,val,-11.687475,4.515589
4vJ69g7gAH4.003,val,-14.708602,3.9506605
4vJ69g7gAH4.005,val,-10.050923,3.7372227
4yogPbHFQ9o.000,val,-3.0164874,8.820552
5-mwIFjOWZ4.002,val,11.189279,3.8734617
50gokPvvMs8.003,val,0.67303383,14.767262
51KRxB3g7A8.001,val,-4.738122,-1.2096237
51KRxB3g7A8.004,val,8.9066105,-7.2071133
54JawR1x0II.003,val,-5.620831,6.5712895
54K75EhiTEk.001,val,13.001996,-11.895363
59Smv7wl--w.004,val,-9.624206,2.452451
5BPGRteF64Y.000,val,-0.4159804,1.7093729
5CRqN54uejE.003,val,-4.2509327,0.48580623
5CRqN54uejE.004,val,0.42015594,1.1887406
5Eez38v8TuU.001,val,19.816364,-6.37001
5Eez38v8TuU.002,val,10.347553,-7.4886656
5KHOpRCxnwQ.001,val,19.873577,-6.034228
5Ku4_r_Yxsk.004,val,-4.987391,-5.219373
5LT-hTT4J7s.005,val,-4.5188284,-3.1113741
5PsD_NFMWpQ.001,val,-7.0303106,0.89147925
5TYuLy7JLj4.003,val,-3.669688,5.169016
5VG1EgzvprE.002,val,13.042743,-7.5311394
5bi_PM3XMEQ.004,val,34.798855,-9.180126
5hFRSHAis2E.001,val,0.2468307,1.799787
5hFRSHAis2E.004,val,-3.8738513,-0.039736092
5kaqMZ7SB9w.004,val,-2.0710967,-4.5716367
5kwoq4EZixQ.002,val,12.20616,12.146898
5lqg3tAI9H0.002,val,2.5851834,-5.5354667
5lqg3tAI9H0.004,val,4.2564154,-6.1859603
5wpoKhbt28c.002,val,13.237908,-10.956571
65xWDhgq1OE.002,val,-1.6449713,-2.329341
65xWDhgq1OE.003,val,-1.8598859,-2.7709434
69BopbFc34U.003,val,-8.559724,5.0131054
6CRet5sD6xI.000,val,1.6246325,-5.441546
6JfSPPVUgIg.001,val,29.272058,50.918793
6LKbPUX03sY.002,val,25.677467,-5.729485
6M8OQNo64Tc.000,val,3.3701942,4.908416
6NjuNY4LfQc.001,val,2.3409598,2.5026653
6NjuNY4LfQc.002,val,8.150317,4.211915
6U2qLDZA5lQ.000,val,-1.066522,-5.4676766
6WSr4IW6cNI.005,val,-8.558242,0.0075892205
6inqwyJPQ6k.002,val,-6.509342,-1.887977
6l0RBbxg4fk.001,val,-3.0896645,-2.3722715
6nbxAP_ZKQQ.004,val,-9.159872,-0.5522108
6oL9yyc9iJc.005,val,-1.3588175,-5.607634
6tBnFWDqvJE.000,val,-4.196768,-2.4391088
6uqXoPJSoPg.001,val,-11.062458,0.74443537
6uqXoPJSoPg.002,val,-8.263688,-1.3006498
6wHQsN5g2RM.005,val,-6.165857,1.7197449
6waL_gUxtAM.002,val,3.1033337,-7.8889008
6zm71IHOCZA.004,val,0.03589627,1.0895088
75XbCb7G8kw.005,val,-10.826907,4.2830863
78zauTEQ-k8.003,val,-2.259967,-5.681275
7A7gav98tW4.000,val,20.670633,-5.6639366
7GRC7XjGzX8.000,val,-6.654525,-0.7797529
7IegDaeNlik.001,val,6.4272184,-9.899196
7IegDaeNlik.004,val,7.224767,-1.8125484
7LHmNEH65Pk.001,val,1.2678722,0.26095924
7P2F5Mk_Q1s.001,val,21.565777,-8.706322
7PYAn9njCHI.003,val,9.363987,-3.725565
7T-KyMnEbJM.000,val,0.12294959,-2.721786
7WixH0aSfqI.000,val,-1.1547735,-6.6554613
7WixH0aSfqI.004,val,-1.1355325,-5.7111173
7Y3S4nfQHeo.004,val,-7.9452143,1.884264
7Y4cUPFEt-4.001,val,-1.0630181,-2.8352158
7ZnijRlK5-E.001,val,15.96306,-12.461649
7b9DirXrkHo.000,val,-9.057168,2.792767
7fOxteINSUg.002,val,-2.0882246,10.622997
7fOxteINSUg.005,val,-4.067811,7.0670404
7nJPNkWZDOY.001,val,7.237124,-7.8084936
7nJPNkWZDOY.004,val,12.717497,-12.723123
7pLYJKO75_c.004,val,-3.5805154,-6.861227
7pLYJKO75_c.005,val,-2.8334308,-7.746459
7qGYGbIg45c.000,val,2.0310433,1.519217
7tlMys6MZ34.002,val,-1.647249,-1.9993198
7u0o63Z7q9E.000,val,-2.8274357,-3.8479955
7vF5WLD1RxY.000,val,0.9918366,1.1089432
7wsksuXYoMY.003,val,-5.904738,-3.6187885
81f9t2HMNas.000,val,3.8904886,0.3634413
836kYlEs9GI.004,val,-0.6199368,-4.5871778
84Lz5a9yRZg.000,val,-5.10077,0.48584062
84emxO86qa8.004,val,-2.3070757,-5.815211
85isLsZHZpo.003,val,-0.73907673,-5.35959
85isLsZHZpo.005,val,1.7907217,-4.8976655
86upzmhvpXw.000,val,-5.5591416,-3.1952202
8AnIttmflwI.000,val,8.061109,-4.909697
8AnIttmflwI.004,val,11.198023,-4.025355
8AnIttmflwI.005,val,8.937304,-3.4806783
8OGiv7FetSQ.003,val,0.9647937,-2.6773198
8OGiv7FetSQ.005,val,2.9853568,-6.788535
8OckVmEZ8X8.001,val,5.2804747,-0.43310642
8OckVmEZ8X8.002,val,10.073501,0.582408
8OckVmEZ8X8.004,val,-3.0462227,-1.9389185
8OckVmEZ8X8.005,val,-0.9940834,-2.5323725
8PXQ_5tUv74.003,val,-0.19680667,-5.616335
8QtlG5ujHyc.000,val,-3.4286563,-4.682972
8QtlG5ujHyc.003,val,-3.839,-4.6808634
8RVJqjILSD0.002,val,-6.4719424,3.0138688
8RVJqjILSD0.005,val,-6.990382,2.4475474
8XBprf4NyOg.003,val,-9.434086,3.088086
8YQKwMdiaAE.000,val,-6.2053633,-0.7840555
8Z6PrQdqffA.000,val,2.08391,2.9800546
8Z6PrQdqffA.003,val,-1.7522228,-2.1858323
8dVcA5J1Dcw.001,val,20.767384,2.0028489
8e4nnel_x-M.004,val,-8.951393,-2.037601
8eeZjC_bmtc.000,val,10.723433,-8.276078
8eeZjC_bmtc.002,val,10.093693,-9.793322
8eeZjC_bmtc.004,val,30.902462,-12.723426
8gvBbE6iZNo.000,val,-6.3651376,0.5290592
8gvBbE6iZNo.004,val,-8.530431,0.008772106
8hGOOynn3ZU.004,val,-7.520408,8.54305
8hH_eJ8qv_M.000,val,-4.7290893,-3.9419734
8hH_eJ8qv_M.002,val,-4.07865,-2.9623752
8hH_eJ8qv_M.005,val,-3.4026785,-2.6217163
8hW6WfYBP18.000,val,6.2077355,2.209317
8hW6WfYBP18.002,val,1.8002977,-0.2498541
8hW6WfYBP18.003,val,4.806091,2.2152314
8hW6WfYBP18.004,val,4.099664,1.8260698
8i7H-uSCQcc.003,val,10.967548,-6.793373
8lg8A_zFOmg.002,val,-3.9910638,-0.9205435
8lg8A_zFOmg.004,val,-1.7195075,-3.1803913
8n6G3V3-Tk8.001,val,-0.24616735,-3.6226628
8narByy2B5g.002,val,12.363942,-4.134999
8narByy2B5g.003,val,11.588361,-7.326734
8narByy2B5g.005,val,8.831233,-7.7020526
8nt2PL_p-Io.001,val,-1.3072753,-5.245329
8pM3X-xsD4s.002,val,-3.2721112,-4.1161466
8pM3X-xsD4s.005,val,-4.2698574,-2.8816283
8py6SksNsZQ.000,val,-11.703813,-1.0613031
8py6SksNsZQ.004,val,-8.453242,-0.18847956
8qG1sMihtPA.001,val,-1.2867633,-1.9782029
8qG1sMihtPA.002,val,-1.3279564,-2.8509052
8qG1sMihtPA.005,val,-0.9226993,-1.6722009
8qesctueAV0.003,val,-7.7064075,0.18914695
8qesctueAV0.005,val,-8.71278,0.07189978
8s0R8r6UsU0.001,val,-3.11388,-6.4436646
8s0R8r6UsU0.002,val,-2.2600286,-5.118262
8voP9HTSffg.000,val,21.284285,23.72497
8w_oPolxRWQ.000,val,8.890647,-6.14629
93XyRBd_HqU.003,val,-7.1126285,-1.470873
93bQfdes68U.000,val,-5.0173607,2.5397065
9DKE8426js0.000,val,-4.817512,-5.6400685
9QGTbcqb2tM.004,val,0.31663793,18.384113
9QGTbcqb2tM.005,val,-7.1993093,4.0381064
9RfE2-aTvaM.005,val,-3.4656763,14.682279
9SGTRbePKLI.000,val,6.7565627,-0.09273513
9UUtf0_ZR14.000,val,-7.6124063,3.020077
9UUtf0_ZR14.003,val,-9.54367,5.1690226
9UWCHrG5mys.000,val,27.337666,-5.8933043
9XqeGs2MMic.001,val,3.0045183,-1.7659968
9a-3LrB7cDI.002,val,-15.718441,3.9842372
9c66Lb7e1BQ.001,val,-4.971388,-1.0486524
9cHxDnk6SUs.004,val,-10.816188,3.3240685
9lA-PGQcHBc.000,val,6.1331787,-10.317996
9mM_0vrO3wc.000,val,-6.5192375,0.2579511
9n8dNi-ERQ0.000,val,6.5410857,-11.605675
9o10YrQykMk.005,val,-4.659999,-1.2842424
9pGJyf1MXLY.003,val,-1.5614514,-2.5635543
9rF3BEXetOo.003,val,4.051436,-8.401776
9uMpKla2OQM.003,val,43.978313,96.78025
9uMpKla2OQM.005,val,1.2492748,-2.264597
9ydyJKZBWiA.004,val,-0.80065614,2.3327475
9z5cV1ANYwE.005,val,3.060115,-7.124774
A1lbD_OCuj4.002,val,-8.886739,9.402842
A6ZWTfKPLPE.000,val,4.0313573,-6.303455
A7qb47cmxJo.004,val,-6.4162345,-3.0824661
ADa9rkwF2uA.004,val,-7.921368,3.626203
ADa9rkwF2uA.005,val,-5.123998,5.47125
AFQz-qy0FkY.005,val,4.6715894,-3.5447748
AFvUxDwJB84.005,val,-3.74424,-1.5584486
AP0aklGHino.002,val,-6.241685,12.067084
APqMkruLkoE.001,val,-9.6062155,1.918193
AR3UwbmgKuQ.000,val,2.5334322,16.489193
AR3UwbmgKuQ.002,val,-0.64536136,22.474663
AWe6ZZUmlZw.001,val,-4.944662,5.256372
AWe6ZZUmlZw.003,val,-6.135889,4.0792646
AZ2HyBOmliQ.000,val,-6.485878,3.408079
AZj2VoCcayA.002,val,-0.031579953,13.52339
Af_F0IzHK6o.005,val,-5.372307,-1.7518774
Agg7z10B_iY.005,val,-2.3000844,-3.1963882
Ahiq4zhmYco.000,val,7.824937,8.585457
Ahiq4zhmYco.001,val,9.95361,14.141115
Ahiq4zhmYco.003,val,-1.2822572,1.9713646
AlEqtGWa43g.003,val,-6.207556,-2.7904356
AlEqtGWa43g.004,val,-2.6710541,-1.5605026
Alox0G4xUfM.001,val,-4.141672,-3.2500646
An7WScf0RRc.001,val,-14.666742,2.0160174
AobPtpyKat8.003,val,20.64741,-4.8211102
AotbiNsU85A.005,val,-6.5276103,-3.0558305
ApCq0dwH1Ak.000,val,-5.307746,1.9195259
ApPnsnIZozw.002,val,-0.76154006,-0.33244103
AuaQ0rtedRk.000,val,-4.36947,1.7722837
AuaQ0rtedRk.002,val,-5.340824,2.8402367
AvuGsnkWjt8.000,val,-6.3327985,1.8274423
AvuGsnkWjt8.003,val,-1.007655,5.198831
AwNVGShHjvw.003,val,6.2484503,-2.7561138
Ay7bZ7Sgx9Q.000,val,-4.0375185,1.8885767
Ay7bZ7Sgx9Q.005,val,-5.453758,-0.8500061
B-OJ_xZILLg.000,val,-6.6708093,10.577124
B1efbNxLPe8.002,val,-6.090379,-0.5317409
B2riMsP8LD8.000,val,0.3810131,-4.427705
B2riMsP8LD8.002,val,3.673744,-7.2745657
B3zFJhrmqwg.000,val,12.18197,6.2255054
B77ZCcCMrkM.001,val,5.166156,-5.3722806
B77ZCcCMrkM.002,val,3.3188472,-6.5318947
BBSB9OJdb0Q.003,val,-4.1023808,5.5442576
BCNZ_j_kMB4.003,val,3.538436,-6.5218997
BPUFqFLZgZU.000,val,-2.2642553,-5.4780855
BQ9i8qkXiVQ.001,val,-1.6412132,0.18898267
BS0wgLXqFgc.000,val,-10.521185,7.252237
BS0wgLXqFgc.004,val,-10.662379,5.676692
BStHNKV820Q.000,val,-9.4313135,8.865758
BZ3FEf_KKso.002,val,5.1465645,-2.3554485
BeyIfaH64xY.002,val,-5.170879,-0.833514
BjQ95T-Dw1U.001,val,-3.2035568,0.94211274
BlXViK_ltm8.001,val,-8.14601,-3.5620816
BlvmREgt2C0.004,val,-2.2309623,-6.527433
BmDClgdWlH4.005,val,-7.9244094,-2.6971838
Bmn4YEhgBDY.000,val,-1.9983798,-4.1593094
Bn5QwANp5LM.004,val,7.127759,0.57314897
Bo-mrL28d8M.001,val,8.479459,-2.4636536
Bo-mrL28d8M.005,val,4.1249027,-0.14456609
BxD2uO_3RXU.001,val,0.5704774,0.51332617
Bz3Jx4QL_6Q.002,val,-11.991262,1.0718993
Bz3Jx4QL_6Q.005,val,-11.776676,1.8014796
BzMLhulrt0Q.000,val,23.015572,-12.670184
C-48U5oDuvw.000,val,-8.700204,3.2967043
C-48U5oDuvw.001,val,-9.683615,1.6079427
C0uc-2KrnnQ.003,val,-3.4853768,-4.600592
C2MEPH7x9m0.000,val,-4.9980116,3.882737
C2MEPH7x9m0.004,val,-0.26467797,1.4576508
C2Y9Puk3Obk.002,val,0.8260452,-8.438457
C5qRszPK9HY.002,val,-6.9404645,-1.8710755
C8xZ0vhrrFE.004,val,1.3390524,10.507209
CAuVlnNy95E.002,val,7.7782583,-0.7925255
CDTo7WVyf5s.003,val,-1.8972999,-6.3960514
CESTtNvDpww.001,val,5.0661077,-9.227382
CFK8ib0aWe8.004,val,-4.310995,2.4581513
CFK8ib0aWe8.005,val,-4.0435867,3.0743296
CGfr9jl8w4Y.000,val,-5.362732,-1.0445119
CHkKv9TXm0g.002,val,-3.0947554,19.18854
CLGJCzz6tIU.000,val,-6.1520176,-0.9902882
CLGJCzz6tIU.002,val,-3.6315966,-0.19922745
CO7vZjYF6Zk.003,val,4.911742,-8.525498
CPtaCNonKlE.001,val,-8.918974,1.5529196
CQR-eM3mTFU.000,val,-9.6734295,2.4489286
CUiG7UZ9A3k.004,val,-5.4537034,2.8968468
CV930dFsubs.004,val,17.74744,-1.882855
CV930dFsubs.005,val,5.900086,-2.923108
ClSP2k9DFX0.001,val,-5.794769,-3.1911476
Cng72emlXAM.001,val,-2.0982413,-3.2911775
CpmR-91GxmY.001,val,-3.168739,-5.851175
CpmR-91GxmY.003,val,-3.4743495,-3.224701
CuGuiOZ48Ig.003,val,3.5472982,-1.9695168
Cvuu76B-bxA.004,val,-10.477255,0.4861838
CwFH8J7smjE.000,val,2.8908176,-1.5803571
CwmYqA1yi0Q.004,val,-5.184701,-1.3139538
CyzKot0CNyU.002,val,0.65709543,2.2753935
DCROfrHI1MU.004,val,-4.9609327,1.873026
DChmTb-c9uM.000,val,5.1298447,-10.293907
DGCGeNlA-Ww.004,val,9.348975,-8.268584
DSYiLCGNDP0.000,val,-8.645659,0.9377341
DSYiLCGNDP0.001,val,-4.051041,2.1177673
DSYiLCGNDP0.003,val,-5.80903,-2.434586
DVh_7dO2cWY.001,val,2.731176,-5.0959926
DVh_7dO2cWY.002,val,2.1555593,-3.8904536
DXYRJ8PReoE.005,val,-8.386185,0.9262175
D_FGBb-1B1o.000,val,-4.0533247,-3.501774
DefePa0_6Sg.000,val,3.682729,13.505526
DfpKVl9Zpdg.002,val,-3.8671153,10.983059
DiaibIBisuM.000,val,-7.1713614,-1.1835867
DjfLWIZq3bo.000,val,-5.6834183,-0.26396868
DjfLWIZq3bo.002,val,-2.8713944,-2.3551733
DmYsoYs9jyI.000,val,6.3933578,-5.002352
DogbMnh5k0o.004,val,2.6849363,-8.894832
DrlC4bEYcmw.001,val,7.1798415,-4.702249
DvWzedL3QCk.000,val,7.7699122,-12.56002
DvWzedL3QCk.002,val,7.908182,-11.003925
DyZlhseSuec.001,val,-6.9869647,4.325109
DzqJmiQjsZ4.001,val,-5.318826,-0.3104855
E49FxumXPnc.000,val,-3.6658654,-4.2122974
EA8BEYAZqAA.005,val,-6.522333,-5.081655
EAMHqNxa9yY.005,val,46.403725,13.528463
ECuouf2tVYU.002,val,0.04047456,3.555017
ED70UxZkohc.004,val,31.377085,-0.38929445
EDXQLrsZctw.001,val,5.035799,20.379314
EHPZNxP5mN8.003,val,-7.185184,-1.6162901
EMqrrHHbP3s.005,val,3.3759804,-5.0903587
EYhvnALhXt8.002,val,-2.0899777,2.89335
EaBCJB8LXdI.003,val,-6.294956,-3.5116897
EeI8iXLDfc0.000,val,18.73422,15.136755
EeI8iXLDfc0.003,val,20.989481,18.557205
EelHLfeSJfM.001,val,-0.94776076,8.633047
EelHLfeSJfM.005,val,-8.933596,3.2030525
EfQ2eU2MFEc.000,val,7.68226,-3.8398025
EfQUV-C-YrU.003,val,-3.199066,-3.104714
EffEoI1l1zE.004,val,12.552623,2.6116486
Egogv6acOd0.005,val,-4.8092427,4.3105683
EgolOPjkkg8.002,val,7.178732,13.0702305
EiXQ9RErt6c.001,val,-6.3075695,3.4202952
EjhDyc8Oc6k.002,val,13.067155,-7.2080193
EjhDyc8Oc6k.005,val,9.666048,-7.402918
EknEAPhAjdA.005,val,-2.1286201,2.5799248
Ep2F3e1xiPc.000,val,-5.303259,-4.1050844
Etfh8X-ECtY.005,val,0.38323405,1.6120665
EvZ0esZgPK4.005,val,-4.443769,0.31647217
EwMMNKLjO9w.005,val,-4.6857805,1.3881837
F-Dy1EFm_Mw.003,val,-2.7945538,0.81980705
F0VbEO_0Ybc.004,val,-2.3386538,1.1349692
F0_EI_X5JVk.000,val,4.9297266,-3.1329448
F0kidNe_RSo.003,val,9.561595,-9.56617
F1lAPYh4t3U.005,val,-3.556505,-3.617524
F2v55oUN-4w.003,val,-2.4588466,-2.1466074
F5kL7RWS_f0.001,val,-8.772786,-0.5617509
FGkS4vJYOpM.000,val,-0.19331433,17.001945
FGkS4vJYOpM.003,val,-1.7719964,12.463024
FGkS4vJYOpM.005,val,-4.5084004,5.2284117
FM5UaJS-bhg.003,val,-10.056843,4.162019
FNHMXPaHll0.000,val,-1.5146537,-1.8867823
FNHMXPaHll0.002,val,-2.054648,-2.7550156
FNHMXPaHll0.003,val,-1.798577,-1.4091643
FPfgwGsy8dE.003,val,-10.523969,3.153035
FTk2SCmJI_w.000,val,3.515262,-1.9519728
FTk2SCmJI_w.005,val,-1.047073,-3.2657073
FaBTYkzhuK4.002,val,-1.8817208,3.444586
FaBTYkzhuK4.004,val,-4.311498,1.1057272
Fe9_SVPd_5I.002,val,-8.579779,-0.3942983
Ff0WqsFl-1s.001,val,-2.2780402,-3.9922302
FhCOvzMrNs8.003,val,-5.7801313,0.8296326
Fi1ILrwQpSY.004,val,-8.079371,-1.9218487
FkuwzJcoRVI.002,val,16.63315,27.129444
FkzVX7SQ9wE.000,val,-5.101064,-0.5492809
FkzVX7SQ9wE.003,val,-2.082911,-0.47451764
FlAGm93fJa0.001,val,-7.7377105,-1.3820661
FogaU_yB9aY.003,val,-3.060921,-4.284334
Ft0ahViXZPc.005,val,-6.8129187,1.2179569
FvjIziLzffo.000,val,-0.9268189,-3.9319994
FvjIziLzffo.001,val,-8.187143,-4.566252
FwjoTGcsFNg.004,val,-0.7240829,-3.4836502
FwjoTGcsFNg.005,val,6.103984,1.4654562
G7QTNbKbu_4.004,val,-0.726814,0.25744283
G7hYffrZ1Hc.001,val,-6.009622,-1.7500869
G7hYffrZ1Hc.003,val,-5.850938,0.12840308
GBp9YtOw_eQ.000,val,-0.75722045,6.1094756
GG9WPQLI_rg.001,val,-8.626792,0.054771822
GO6s-qDADuU.005,val,-4.194203,-2.678383
GS7cBLgZKgk.005,val,-4.4340744,5.617308
GTmHSF6vNWc.000,val,-3.9334881,-5.444776
GWOtluILlk4.004,val,-8.164927,7.110034
GcuoyJPO-KU.001,val,1.8194747,-6.7614613
GcuoyJPO-KU.003,val,1.7644917,-6.270618
Gdv79afXNKE.000,val,3.0497217,-9.278046
Gdv79afXNKE.004,val,0.85277605,-8.352159
GntxKkVigvE.001,val,29.289614,-11.847362
Gomd4Y8-D2Q.004,val,-13.840579,1.2249656
Gs-AdRcYSPo.003,val,-0.60464793,-3.334646
GsNZh1TS68g.000,val,-0.20962554,-7.974421
Gtq5nfRlRx8.003,val,4.385403,-6.4345565
Gtq5nfRlRx8.004,val,5.5690227,-9.085642
Gtq5nfRlRx8.005,val,7.3046002,-8.18647
GwKmjEb3qN0.000,val,-8.906298,7.3368473
H0_4dZMjUow.000,val,-8.055482,2.2185662
H523MhINmbA.000,val,17.234133,-11.258381
H6s9aFAQP3M.003,val,-8.389891,-1.7788132
H8h4fAGgV18.004,val,-6.058944,-1.6902736
HCkDd0UnUgo.001,val,-3.7233145,-3.8779273
HCkDd0UnUgo.005,val,-3.1150694,-0.121581644
HH03EXo0TB0.000,val,-13.408461,6.403117
HH03EXo0TB0.003,val,-3.6002407,13.48485
HH14jGFGuL0.001,val,32.125317,3.1367345
HKSgsi7HWWI.000,val,-7.684783,-2.0412178
HPEemWelY1E.003,val,-2.0032663,3.9732828
HQDkoaHULbw.005,val,-2.8759243,-3.8821006
HQZD4j8_FR8.004,val,-3.9922962,-0.96026295
HT_8WpgGqjk.002,val,-5.954393,3.9091237
HT_8WpgGqjk.005,val,-6.6572733,2.5696902
HWuh0biZQ_c.004,val,-5.76609,-0.33644378
HX-3jJdK7HM.005,val,-3.5323565,-5.375357
HbGeoKBULAA.000,val,-7.022837,3.4815197
HekcZ0Em60E.003,val,4.2940125,7.6395664
HhC2cGFFZeY.002,val,9.68105,-1.2652198
Hklc55y7vUI.002,val,-1.4557246,2.4552991
Hm5K_K0v718.005,val,-7.2959847,-2.064188
HrddpXxWFns.001,val,3.9209054,-5.2985206
HrddpXxWFns.004,val,2.192379,-6.7961974
HrddpXxWFns.005,val,0.42811713,-5.75074
HwZlfygV2eU.004,val,-6.4860706,-2.3403475
I01_ubtktEQ.000,val,2.8318427,1.4283495
I53JQFtiQxM.001,val,-7.400133,-2.8397925
I53JQFtiQxM.003,val,-0.7275673,-5.019436
I5x9T9ftW18.002,val,-3.8025215,-0.6473267
IFF47jVKMj8.001,val,-7.6717687,0.5362149
IGjI8aP14gg.003,val,10.193926,4.516418
IMCEXoAkZv4.003,val,-3.9665842,6.1192603
IMCEXoAkZv4.004,val,-3.5190058,8.725985
IQNNEfYYYiw.003,val,5.8277497,-4.2985315
IQdz0Pd-L2Y.000,val,-7.552174,6.8764086
IQdz0Pd-L2Y.002,val,-6.338922,6.3433175
IV01x2GS61g.002,val,-1.7487241,9.14946
IV01x2GS61g.005,val,-5.2725883,-0.532882
Ie2y_yOeKpo.001,val,4.8034935,-1.7397226
Ie2y_yOeKpo.003,val,3.7609293,-2.8131938
Ie2y_yOeKpo.005,val,1.6256372,-5.310077
If96Xniy6Go.002,val,-8.913904,3.5642278
Isa3WdmciZQ.005,val,18.344034,-4.6099668
It0-yCwOc5k.004,val,-3.3962233,-3.0136578
It0-yCwOc5k.005,val,-4.9880056,-4.578259
IyBCZySg-c4.005,val,-8.622329,-0.96347785
J30sMEMrKjA.004,val,-2.0475483,-4.6245174
J5Q9cutAmY8.001,val,1.3985919,2.124582
J6RHl6U6Jcw.001,val,-5.817957,-4.9266963
J9WyswA0vow.004,val,5.977932,-8.735934
JBiq9X_-r84.001,val,-5.8540053,-0.3065467
JBiq9X_-r84.003,val,-3.258366,1.3818634
JBiq9X_-r84.005,val,-3.3617878,1.4812264
JEhC58vobs4.000,val,5.602501,-4.6237
JEualxMkaE4.001,val,-8.351787,-0.484319
JKDEEwxZwrw.000,val,-11.186258,1.3751959
JKDEEwxZwrw.004,val,-9.497589,-0.24537218
JTmq4k4uQCY.004,val,10.620812,-6.115914
JU_XfoyZIVM.000,val,-0.7663728,-4.326773
JciLbidX1Q8.001,val,34.023167,-6.485401
Jcw9NZkMn6I.001,val,-8.689011,1.1835952
Jcw9NZkMn6I.002,val,-7.0802364,2.9101257
Jf8lqSpAjZ8.000,val,-7.905444,0.5445111
Jf8lqSpAjZ8.003,val,-7.4646645,1.8422589
Jh8yMyNZkuo.002,val,4.856923,3.4094825
Jhz5ssCKaug.000,val,11.119287,18.163942
Jhz5ssCKaug.004,val,6.5778794,4.805835
JiXJeI5_jGM.001,val,-2.8972852,8.347676
Jn76eAPxjNA.000,val,-3.4620237,0.93667686
Jp-Hu7yxqR8.002,val,2.8566744,2.1581109
Jr6GmDtvTK0.001,val,27.892826,-10.494695
JxxF9y61ujA.001,val,-9.259711,1.6859816
Jy716zClCKs.001,val,-3.5352066,6.459501
JzXnxQDnwWE.005,val,-0.7299076,-3.191393
K-Z_mLE8nlo.000,val,-7.6314855,1.4640592
K-Z_mLE8nlo.001,val,-6.871803,-1.6984103
K3-YXXLR0Ho.001,val,-9.549995,-0.80996996
K9ZTOb6PbfQ.002,val,-9.168116,0.63334626
K9ZTOb6PbfQ.003,val,-10.861279,1.518733
K9h_wA30XgM.000,val,-2.0550308,-2.9105566
K9h_wA30XgM.001,val,8.36467,10.549468
KB09jENVJ_0.001,val,5.716828,-4.3907547
KB09jENVJ_0.003,val,5.984667,1.4660577
KHQJhOzdrYo.005,val,8.924869,-2.9545672
KIhpjwf5uAA.004,val,-13.8675,3.686768
KJP4SKS2vtY.001,val,0.31878453,15.543871
KJP4SKS2vtY.005,val,-0.6279396,4.201252
KM6Nc_VipyQ.003,val,-1.9787148,-4.098108
KVepk_9iPEU.003,val,-5.8401136,0.283666
KVepk_9iPEU.004,val,-5.706592,-1.2169802
KYkfjIZEScM.004,val,-9.499763,-1.0676049
KYvMsMLNGvY.000,val,-9.090426,5.414552
KYvMsMLNGvY.003,val,-7.4035187,3.466979
KYvbRwTCtaU.004,val,0.40838557,-0.38992098
Kbcvurfuvhk.001,val,-9.472521,0.23124352
Kbcvurfuvhk.003,val,-2.6699924,0.85016227
KfurkMyjD-c.000,val,-8.165981,0.31993878
KfurkMyjD-c.005,val,-5.8808975,1.6699439
KhMsmtSC5Lg.004,val,34.354916,-7.2385616
KmHe8urs3LI.000,val,1.4087324,0.48953435
Kmrd1MsZKmQ.004,val,-0.69773203,-0.34361082
KnbEca4Ibwk.001,val,-3.8598883,-0.70384675
Kpto8K_B-5A.001,val,-10.006808,0.97344786
KskDPaLfZNQ.001,val,-3.8810449,-1.3457037
Kv0kZgqZEM0.000,val,-6.0246086,3.363169
Kv0kZgqZEM0.002,val,-8.672014,1.2890216
L-C1blPD_ec.002,val,-2.3548,0.7680517
L4Jlm0vGsvc.001,val,1.9341723,-8.22365
L4uFD6434Pc.004,val,-3.5461416,0.12220081
L5PkZA1ErYY.000,val,-4.2845564,0.28104433
L5PkZA1ErYY.001,val,-5.831126,0.74325407
L5kpy0SA7os.002,val,-3.0457902,-1.3659868
L9sG80PI1Gw.002,val,-7.390614,-2.2287328
LBKbubsgpE8.005,val,6.2924848,3.033743
LCafv-LfC3Y.002,val,-2.5845988,14.793376
LGPm8ok6kVo.005,val,-2.5213106,-3.4888012
LGdzP-r_G3U.003,val,-6.546355,0.08338399
LGgx7RVdL2Y.001,val,9.266243,17.282917
LHV4HNK35pM.002,val,-0.0339556,-4.9840083
LKBoLbWHJYI.001,val,7.307168,-3.5078883
LKc69Et2Jg8.001,val,-2.9956684,0.8458734
LKqO2BhfAvM.003,val,-4.3604827,-1.3972846
LKvxVEI8uVA.000,val,11.467102,-9.993204
LNM1i-a9q_A.005,val,-3.4963539,-2.2291064
LRU4jLhKaak.001,val,-7.239515,1.063994
LRU4jLhKaak.004,val,-0.8759427,-0.34704012
LRU4jLhKaak.005,val,-5.7913084,-1.917963
LRczShwIVbM.002,val,14.56547,-4.3742003
L_gmlaz-0s4.002,val,26.148129,39.250237
LeQKH1vAVpg.000,val,-2.686421,3.1966972
LeuT6NgJ6N8.003,val,5.635175,-3.857218
LeuT6NgJ6N8.005,val,1.1904267,-5.169517
LfvTKoMYLEE.001,val,4.56152,-7.8700275
Lq4uvcHNiy8.005,val,22.686966,1.4766643
Lt89YrQHF_w.000,val,-3.7031324,2.7085993
Lt89YrQHF_w.001,val,-3.7707357,1.9922343
LtTR6elruhU.000,val,13.579375,-3.9157846
Lu9UNCSpQZM.001,val,20.13694,5.899559
Lu9UNCSpQZM.002,val,6.9901066,-0.45725223
LvpUVPQKWcQ.004,val,-1.0151753,-5.321261
M0O87_LiyMw.003,val,-1.2914355,-3.8044486
M56UFrEgXnI.000,val,23.026405,13.379473
M56UFrEgXnI.002,val,2.9005783,-0.58393586
M9nVAfSPOZ8.000,val,10.685685,-1.3390479
MCqC9VBT4q4.001,val,12.490833,-9.89685
MCr6FmFAhak.002,val,5.4864354,-6.1343513
MCr6FmFAhak.003,val,10.853377,-4.1096277
MD9yyz-OSRs.001,val,0.9089817,-1.4517014
MDTC4y4ZrSM.000,val,-5.7611747,-3.059705
MDoZUDTSayc.001,val,12.92926,-6.1834702
MDoZUDTSayc.002,val,1.6549089,-9.323368
MI_GQLbnoew.005,val,-8.339226,-3.5312498
MLCIfM5jYlI.003,val,2.9035835,12.061064
MLCIfM5jYlI.005,val,-1.4402214,1.7518482
MOXPVzRBDPo.000,val,3.008196,-8.577046
MOobNUpfWiY.003,val,8.910962,0.39996642
MRquWhqw4Jw.001,val,-7.1084485,1.296982
MSlMVMM8obY.000,val,-1.5184473,0.6889853
MZkDsB04kt8.005,val,18.812885,-14.630947
MajYvFTkKnk.001,val,-8.490028,3.5645223
MbufNmC0JL0.001,val,-3.9573503,-2.8631172
MbunPsukPnQ.004,val,4.26654,-6.2479362
Me22JENkhJA.001,val,-2.9352999,5.5690136
Me22JENkhJA.002,val,7.2817163,8.032833
MnARi5OWW9Q.003,val,-7.7468796,0.5444357
MrYEK0nvnAo.005,val,-6.49819,0.33613008
MrfJ1qDJAwo.000,val,1.4045056,26.779037
MsGTYOOp4hE.001,val,4.456788,0.15056862
MswJxdf-3Fc.003,val,-0.80622673,-2.916631
MuYYY3XaJ7Q.000,val,-3.7683287,-4.353659
MvWDky9ZaWU.001,val,-7.6295776,0.1723361
MvWDky9ZaWU.002,val,-9.50255,5.9718585
MvWDky9ZaWU.004,val,-7.9123845,1.9785035
N0s2M3bJkUk.004,val,-2.420976,0.67413116
N5YT0FFd3-s.001,val,-7.724101,0.094445586
N5YT0FFd3-s.002,val,-4.2867713,-0.021636022
N5YT0FFd3-s.003,val,-5.081623,1.7219124
N5YT0FFd3-s.005,val,-7.1735387,-2.4073672
N5nIQZMW_ig.004,val,8.183128,-10.320084
N7oR6_oMBFk.001,val,-3.5843825,-3.3084295
N7oR6_oMBFk.002,val,-3.4856381,-3.0591466
NDC375coN1o.000,val,12.898402,1.3753396
NDC375coN1o.003,val,7.559895,0.15859996
NDC375coN1o.004,val,1.2871479,-0.7258963
NFAlff6GUpA.001,val,-9.160868,1.0144433
NFAlff6GUpA.002,val,-2.890906,2.8804297
NOrjfF0-pQ4.000,val,-3.4089265,-1.0945055
NPOSIyDF-Sg.002,val,10.563738,-6.1015644
NTATNIs2sSc.002,val,-7.461043,4.115257
NTSMogqhvBg.003,val,-3.5274096,-0.7816123
NVvKBE5FTMk.001,val,-1.7151146,-0.30010384
NYlFsljF0VM.004,val,-10.460867,3.9709647
NhyVkwcZbTA.000,val,7.135049,-3.9462507
NoHext7JXYU.004,val,4.682489,-0.10322681
NpiglwrZzsA.000,val,4.890588,8.035099
NpiglwrZzsA.003,val,6.5710464,6.3685327
NpkHOa4uIn4.000,val,1.0751836,-0.43736997
NyQ2K2J3N0s.001,val,4.178329,5.8156652
O2wMPdp2-Is.003,val,8.753286,-9.745449
O2wMPdp2-Is.005,val,5.693265,-9.437394
O3_j0d7mq7k.003,val,11.128786,3.7746358
O7h-kf7hPIU.003,val,-1.5305873,-6.105907
O7ke1Wjb1ZM.000,val,1.713199,-1.6530938
O8L2pHEIcuo.000,val,-9.707154,-0.41983536
OEKg-Tvwcbk.002,val,2.985602,-3.5335777
OIRq4d8IyKc.000,val,-0.21141656,-0.70624405
OIRq4d8IyKc.001,val,-5.904454,1.4889205
OLFhKCgexRU.003,val,-7.9764805,0.8618129
OSDlyk5ZgAk.000,val,-6.5749617,2.207459
OSDlyk5ZgAk.002,val,-9.717945,2.0480864
OSDlyk5ZgAk.003,val,-6.479091,4.2229342
OTeEvhxpoYE.004,val,29.009468,-15.107161
OXkDmd3nA94.001,val,24.289898,1.8012027
OZlpENU9h28.001,val,-6.6479897,2.1153245
OcS4H_dFeOc.000,val,6.617643,-1.4548051
OcS4H_dFeOc.004,val,9.406066,2.5277383
OdwK_oMdfSU.001,val,-10.055499,3.082045
Oe7ItP7gS4w.001,val,-14.539479,2.438
Oe7ItP7gS4w.003,val,-8.249369,8.761987
Oe7ItP7gS4w.005,val,-9.045232,5.0540195
OeGMd58Wgsk.001,val,-3.8252382,-2.8918009
OgPC4wnLJR0.000,val,-6.193805,1.0919902
OhHg1lyxe4I.005,val,-8.323161,2.2899284
OiDyfO2zB7s.004,val,-0.23928925,3.8780546
OiDyfO2zB7s.005,val,-2.475663,1.0205708
OmXuhT4yJpo.003,val,-8.97952,-0.65834546
On2c_8sU8Vw.003,val,-0.5887541,-3.4218645
OovRk5U9_GY.002,val,1.7711216,-7.0203676
OoxYhDbzWwg.000,val,17.21315,2.321868
OoxYhDbzWwg.004,val,-0.6467951,3.518056
Or2_bP4lWYI.003,val,-6.532343,2.1472886
Os7L5C-i9Fw.002,val,-7.9270096,1.2311007
OuE91U_n04E.003,val,-3.6352026,-2.3241096
OuE91U_n04E.005,val,-4.671275,-5.5529833
OwI3Q-qUqDw.003,val,-7.881458,0.8945767
OxaBanUE6KE.000,val,-3.0292284,-7.614094
P0ZzjnS8E24.001,val,-6.792794,-0.7112941
P0ZzjnS8E24.004,val,-8.385594,1.6591007
P0a209IS614.003,val,-5.7497225,3.8987498
P2B2K7DvUC8.003,val,-4.8521338,1.2643787
P2B2K7DvUC8.004,val,-3.9902864,-3.919368
P5HWmGQ1sbw.005,val,3.062708,-6.6000004
P63CUj9KnSw.000,val,-3.7502978,-1.4944459
P63CUj9KnSw.002,val,-4.2511473,0.2713391
P6CH9Q2wH24.002,val,-1.1955016,-4.9761696
P6g1mZ3f76U.000,val,19.60814,36.115685
P6g1mZ3f76U.005,val,11.855735,31.50322
P7poMmhYnM0.003,val,-5.9585223,-1.6445916
P9WDAY-MFzk.001,val,-11.473466,0.8130391
P9WDAY-MFzk.005,val,-9.877623,5.0377173
PEjFZNkbQos.000,val,9.805226,-3.0332203
PHUlL5ZzX5U.003,val,4.2080655,4.6867194
PHUlL5ZzX5U.004,val,7.710674,13.130341
PHmkN1cPl10.001,val,-9.132924,5.6803527
PHmkN1cPl10.002,val,-7.876464,3.0418038
PHoVRr0MQ5c.001,val,-8.327574,1.946401
PJxgOFaaUZM.005,val,-0.69538194,-5.395931
PK0EPT3k4RM.003,val,4.4458985,-6.3672037
PKtzsEqLGx4.002,val,-4.635903,1.680738
PKtzsEqLGx4.004,val,-2.0539327,-2.3118289
PQBGDxYGaXU.000,val,-10.168594,0.7095685
PQBGDxYGaXU.003,val,-8.445625,0.44764382
PReOtefm17s.001,val,-6.706636,-3.5131495
PRplbrM70sg.000,val,1.0418417,-2.8965108
PSFLaQYVg1I.000,val,-4.054819,2.3632784
PTV5TBVRHxo.001,val,-0.9645639,-4.5675044
PVm7Om88BSw.004,val,-1.8658696,1.0678341
PWAe9M2SxT8.000,val,-6.7273965,-0.6613709
PWM-bKcs2p8.000,val,-2.4546602,1.5795265
PWM-bKcs2p8.003,val,0.41970494,-1.2033588
PXJfSp2WvVY.001,val,-6.973751,4.3347216
PXJfSp2WvVY.004,val,-5.1852465,0.51440966
PYL8BGJKu20.000,val,-9.293668,1.0872806
PYYC0Jiwfdg.001,val,-0.6337827,1.1959746
P_wDFLJnW-o.003,val,-2.6608694,3.8768945
Pb7aNc6Kd40.004,val,-9.659949,2.3424957
Pc-oQQwkIv8.005,val,7.3804183,2.51379
PdE7qRRCz2c.000,val,3.8535888,-3.0027533
Pkgi4--hwfo.003,val,-4.8384023,-3.528857
Po4UGCJbCbw.001,val,0.39686233,-0.7571765
Po4UGCJbCbw.003,val,-1.7067212,1.6924301
Po4UGCJbCbw.004,val,-1.4797392,0.8021578
PooFvZH6fK0.000,val,-2.5245101,-2.2175794
PooFvZH6fK0.002,val,2.653125,3.407405
PpJ4S8ZM8mQ.003,val,12.728822,-6.879744
PpK8b_LrAfQ.002,val,-5.060819,-0.5541706
Pqy0NgxSvU0.004,val,-6.5864396,-4.0058265
PsHb4YHooKM.001,val,0.14168407,1.8056812
PsqpkFKX8co.000,val,-4.3193426,-3.3948662
PsqpkFKX8co.004,val,-3.3447938,-3.6972544
PtA7yAu9-VE.003,val,1.3374244,-6.495559
PxpbeM9VavA.002,val,1.1059613,0.7833339
PyPFJWirPjs.002,val,2.592005,0.049022567
Q4z4GRUtccE.001,val,-7.024481,7.886319
Q4z4GRUtccE.003,val,-8.3786955,3.47088
Q6We7dJplls.003,val,-4.9852247,-3.393932
Q8Hfg0odW2k.000,val,0.7196269,-5.257445
Q8bdpKNp698.000,val,10.587787,7.1882944
Q9B3SJkH2Q8.000,val,-4.903246,3.4091911
QJcc95Y0XPw.003,val,10.997898,-5.4420447
QKcx5msA7iA.001,val,-7.1569734,-5.444205
QKcx5msA7iA.002,val,-7.348325,-4.0661983
QNVsr2mGwGs.000,val,4.2801003,-8.829575
QOIP8pV85D8.003,val,3.5480342,-4.652857
QQzeQOoqO20.002,val,1.7681798,3.5786393
QTtTAFqT-no.000,val,4.9191465,-7.826941
QTtTAFqT-no.001,val,5.763694,-6.333653
QV4TV3aHxfE.004,val,-16.00718,5.199946
QXFRE_pjrAE.004,val,4.4608436,-2.9422114
Qa-yF-tByDM.003,val,-0.066021554,3.2338328
QdafN9Y_j-Y.000,val,-3.9235709,-2.498317
QdafN9Y_j-Y.005,val,-0.9942781,-4.5865293
QfU5JsVMjfI.002,val,-3.6533806,-5.028708
QiPb8vlGDFo.005,val,11.128528,6.1958385
QiR6yJbFCfM.003,val,-6.5615425,0.21503143
QqTw0lnrtBo.005,val,-5.749837,3.3941975
Qqc1539E6rs.000,val,-4.1518326,-4.4409156
Qu81v9Aybv4.001,val,-3.0594475,-4.4428697
Qz_cjgCtDcM.000,val,-0.96453476,-6.8046713
Qzu9b49qvKo.000,val,16.217756,3.285922
Qzu9b49qvKo.004,val,8.440471,3.5215802
R-qB2FX7ZbE.002,val,5.427669,11.597953
R-vly7LKotQ.000,val,-0.75567126,-0.87661546
R42dmIPCXwo.005,val,3.3300805,-6.3214374
R5uXsQsO6Uo.004,val,-1.711586,-3.474439
R6NTuhZtOks.000,val,-3.3587687,3.4016387
RB9vu-0Y_Fk.000,val,4.303197,0.04995805
RCr48dXuZYE.003,val,-1.4018646,1.8085103
RDdB2AqJpog.000,val,26.949043,-8.121246
RGuHfwIRKpA.002,val,-7.552262,0.63622177
RGuHfwIRKpA.005,val,-9.928894,0.71604013
RJe5yobV8n4.003,val,-9.717613,3.036453
RQdZHLGGR_E.002,val,-6.529022,-5.1607833
RQeoo3idUJc.002,val,6.224728,-5.871366
RQeoo3idUJc.003,val,14.003002,-1.3298994
RQeoo3idUJc.005,val,22.455767,-1.6381596
RW4a2ERzTO8.002,val,-7.6337814,2.3020892
RWhyKkFI3zw.002,val,-1.6713216,3.4465647
RYG6XhdmPY0.003,val,8.255571,-8.673207
RZgTERiRDjA.000,val,-7.659384,2.9031625
RZgTERiRDjA.002,val,-8.884563,2.905555
RgZTZIf8K8g.005,val,-8.651641,3.4798987
RhFPotjd0hM.005,val,-5.2087727,9.430117
Rops7WYMCCY.004,val,-0.9094856,2.5418758
Rp_gyvKE4hI.003,val,-6.0454507,0.71203035
RsYSOFRFszk.003,val,-1.0181078,6.0459085
RtbBc9kI6tE.000,val,-1.4156613,1.8716067
RuRn2t7iPSc.001,val,-5.1722517,-2.7180104
RuRn2t7iPSc.003,val,-2.2158997,-0.28674826
Rwsss8y1bf0.001,val,-8.179639,4.030934
Rwsss8y1bf0.003,val,-5.7387166,-0.09575638
Rwsss8y1bf0.005,val,-5.927857,0.68410295
S-e9-bW4seo.003,val,-7.640748,6.6686783
S-e9-bW4seo.005,val,-8.101353,-1.2368993
S1AEj1kO5dc.001,val,4.033117,-3.276855
S8GxCRs1SbQ.000,val,-4.8618636,-2.3796475
SBPcIiyUHhE.000,val,12.188692,-7.8372912
SFHklR7lWCA.001,val,11.96556,-6.931705
SFRis1tTZWk.005,val,3.2924874,-4.4032035
SFxiMxHvJuo.002,val,-3.8243773,0.41831392
SGnhyxlbqaE.005,val,-6.52628,-0.118563205
SIpQm4G4DDg.002,val,-4.918814,1.5712101
SNEoE1c-k64.001,val,17.617254,45.965942
SPD5fXHVyIk.000,val,19.11012,-0.9974914
SPD5fXHVyIk.005,val,22.468975,3.9476335
SR1Q5M2urxY.005,val,19.895515,-11.068278
SRjhmQTPOmA.000,val,-5.495309,-0.8722795
SRjhmQTPOmA.003,val,-1.20012,2.885418
SUI6WNryjqw.001,val,-1.8164237,-6.044385
SUI6WNryjqw.004,val,-3.812198,-5.840088
SUI6WNryjqw.005,val,-5.832387,-4.736322
SYlV95nPTPs.002,val,-4.4645114,-0.3392598
Sb1b8JMVhLs.001,val,-9.590395,3.0259857
Sb1b8JMVhLs.003,val,-8.772559,5.1769714
Sdqg-jn_tBk.003,val,-3.4004605,7.120725
Se3Gts4u1vs.001,val,-4.8854117,1.053528
Se3Gts4u1vs.003,val,-6.2161717,-0.0802559
SfldZBPyPFo.000,val,-5.206075,5.2652884
SgWtBK48AjE.000,val,1.523597,0.67561513
SkNO4x-LSgE.000,val,-3.0102518,-0.2891768
SsoZjq7x4MA.003,val,3.1254644,-2.7863185
Ssy7T1T0yKg.003,val,37.031673,-9.237546
T-mK85acIOc.000,val,41.088856,-14.624549
T1--98_78ns.000,val,-5.4611025,-0.8863235
T3v3-2tvV0s.001,val,-5.3473973,8.695533
T3v3-2tvV0s.002,val,-9.405865,1.4190174
T3v3-2tvV0s.005,val,-8.940076,0.8263509
T4eZ81aJwJI.002,val,-3.5056818,-3.1415515
T6CMGXdPUTA.003,val,2.8474505,-5.1939955
T8ibN-b3h7Y.004,val,-5.773878,-1.1458138
TD2jIXMD-SM.004,val,7.25918,2.9568856
TEGJrmNFvXY.005,val,-5.6125884,0.43061116
TIRrlL71dEQ.003,val,-7.172741,1.220658
TJJJfJfj46M.003,val,1.8228792,-1.3872567
TK6hBCARiHI.001,val,-0.7982676,-5.345455
TK6hBCARiHI.005,val,-1.4511197,-4.878935
TNtcyfM9jak.004,val,1.4372975,-7.9208436
TPRQyuiNYmI.000,val,-9.529958,1.8307629
TPRQyuiNYmI.003,val,-9.45961,4.669654
TPRQyuiNYmI.004,val,-13.616634,3.983706
TQHzCznQ14Y.001,val,-0.95368,0.252935
TQHzCznQ14Y.002,val,-1.5995814,-2.3743198
TSGpD2NBeCQ.000,val,-7.631706,4.028496
TSGpD2NBeCQ.001,val,-9.218982,5.6922426
TSGpD2NBeCQ.003,val,-8.07858,5.162895
TTx4lC7LLcI.002,val,6.037974,-6.4270544
T_X16g5ExgE.003,val,7.105182,-3.9298117
TaTMtWvSmu4.002,val,-5.4297876,-3.6457734
Tg8a_iNEamM.003,val,6.2746844,-1.6580527
TjdXLXsOnkw.001,val,2.7299538,-9.38375
TkCDs7NlXyU.002,val,-5.0460634,3.8378398
TmpP2fXeVtk.001,val,-5.6015577,0.2836794
TmpP2fXeVtk.004,val,-5.2351527,5.204366
TyE0bVJZZto.001,val,28.195978,-1.8078368
TzW_VxrCR30.001,val,-10.634978,3.273271
U-XrzfFzMkg.000,val,17.189213,-9.868888
U-XrzfFzMkg.003,val,13.217057,-12.477812
U22Jy0m5xSQ.002,val,2.3410413,-4.9360113
U2RemWUyjts.001,val,-8.718,-1.4582524
U3UaF1aFek4.000,val,0.41741785,-3.8757813
U3UaF1aFek4.004,val,-0.6222633,-2.5888243
U4tSfXq-neQ.005,val,-1.0446975,0.1776627
UA6UY69EVSI.003,val,-3.9626741,1.2410079
UCKiPkp4ZkA.002,val,-2.5420728,-3.0283124
UGp1GNK0GWg.001,val,7.1986623,1.7652274
UGp1GNK0GWg.002,val,-5.0710278,-1.4386514
UGsr6Vnqf7I.000,val,-8.149184,-1.1680124
UMMhvyjgRnM.005,val,-6.176062,1.3981005
UQeuBvZNusI.005,val,-6.6708517,3.1818402
US4PxgfKDeA.001,val,6.9194226,-3.1112454
US4PxgfKDeA.005,val,1.0709647,-2.6437294
UWVOT3YPQH4.000,val,-8.152073,0.26153007
UhNyHUwo1SY.002,val,-11.529943,4.165495
Ui1ajQU5Ib8.002,val,15.14293,-11.039624
Ui1ajQU5Ib8.004,val,17.690596,-11.397488
UipoC_HLOP0.000,val,-6.870341,0.9813789
UzgW75Fd4jU.000,val,10.544392,-1.1800631
V1TjmLtgNm0.003,val,-4.816658,-3.0573866
V1TjmLtgNm0.004,val,-6.921078,-4.2972164
V2nvyZB-JNM.000,val,-7.5092835,10.404175
V7_h3URfSFY.001,val,-12.297915,-0.4203837
V8w2Lo5wxl8.005,val,-8.107268,1.1125526
V9roK_mLM-w.001,val,-3.8343472,-2.6279447
VForU0EmBr0.002,val,-2.437189,1.5010601
VJf0lkXcy2A.000,val,-1.977134,1.746872
VJuVsi6G96s.005,val,8.836257,0.20347705
VNK6LQHh25w.003,val,-4.89449,-1.733007
VPFrKx72gvo.000,val,3.0943725,3.8503215
VQMizni7nY0.002,val,-3.4237514,-3.6657119
VQMizni7nY0.004,val,-5.99391,-1.9976898
VQMizni7nY0.005,val,-5.9197035,-2.8689454
VUgKH9DIs-8.004,val,15.691419,14.159451
VZ6jhnbk-5g.000,val,-7.8319316,-1.4445883
VbiUhNAdzus.001,val,-3.4850159,-4.6319394
VbiUhNAdzus.004,val,-5.490494,-3.4111707
VhHnmeRABJw.001,val,-8.47737,5.3971834
Vimaz7NzPIg.000,val,-7.6085763,-0.9600146
Vj-Cmtqv_qY.000,val,-9.671659,-1.9048994
Vk3scj5vhd4.002,val,-0.5022578,3.0581784
VmXZ2jMWuvk.000,val,-4.7627196,4.6649966
VmXZ2jMWuvk.002,val,-5.3232064,3.3163998
VmXZ2jMWuvk.003,val,-8.8354435,-0.27223897
VmyIItgMzpE.000,val,-6.490509,4.785974
VnUkBYQkJms.001,val,19.86401,-3.508065
VqKQeFMo0pI.001,val,-0.5556131,-2.453247
VuadgOz6T7s.003,val,-9.199096,5.4654903
VugKq4gOi50.001,val,-5.086754,4.454998
VugKq4gOi50.002,val,-7.1512065,1.0735483
VugKq4gOi50.003,val,0.09455009,9.851922
VvVigAr4hZc.001,val,-9.211309,-0.48768035
VxtZDXM0cuQ.004,val,0.5481962,7.655287
Vyktsh14Kww.003,val,10.484591,-12.706543
W0Ay5uul8j0.005,val,9.502248,2.0302854
W0FCCk0a0tg.002,val,-2.1404216,4.308009
W0LRjSS9pVM.005,val,-7.3996735,-0.063692175
W7BbL3NZvrU.003,val,3.9006207,-0.66809845
WATt9OOVZh8.005,val,-5.27125,-2.3450344
WD1WsbooU2w.000,val,-3.6842117,6.2397213
WD1WsbooU2w.003,val,4.242777,12.909489
WD1WsbooU2w.005,val,0.94402796,19.680626
WER4ww680QQ.000,val,31.499945,-12.675299
WER4ww680QQ.002,val,20.81533,-5.005788
WER4ww680QQ.004,val,22.04041,-7.8283195
WFY3xwXQ0Zw.003,val,-4.902306,0.14788595
WMp0lsXbOqM.001,val,5.0119395,-11.44517
WRz1F6DqmRQ.001,val,-6.29642,2.696475
WT1YjeADatU.004,val,-0.6143315,-3.698866
WTzDOt2GO1M.000,val,3.714929,-3.1280456
WTzDOt2GO1M.001,val,3.249984,-3.0059729
WTzDOt2GO1M.003,val,6.0054455,-3.0748918
WUNXs4r_xCU.005,val,-2.6004634,-1.9672062
WZnLayQeIZ0.001,val,23.58527,38.947464
WZnLayQeIZ0.002,val,2.7092211,-8.097831
WZnLayQeIZ0.003,val,-0.8935223,-7.0217795
WfCSCxADlrg.000,val,16.068832,-2.619152
WfCSCxADlrg.001,val,20.850018,-1.0410014
WfCSCxADlrg.003,val,17.147371,-2.3045163
WuHLxhCSnGs.000,val,-1.5517533,-2.6472943
WuIKjBb7s4Q.001,val,-3.5345554,-4.3297544
WuoQDp7pU24.000,val,-4.4945145,-1.7788521
WuoQDp7pU24.004,val,-2.606944,1.2478008
WwGca41TJVU.001,val,3.490143,-5.3757935
WwmWN63mkT4.000,val,-3.9757462,-3.8619897
Wx_oe0SxD9w.004,val,-13.693746,4.569605
Wx_oe0SxD9w.005,val,-11.2676525,2.643685
WyLqK6wzYLU.004,val,-0.45112082,6.5476313
X1EjfXX3NTk.001,val,2.362138,3.1784563
X1EjfXX3NTk.002,val,5.67533,4.569001
X1kqn3XDFRw.000,val,9.168535,-3.3746006
X5aKCrWf6a4.004,val,-8.68333,-2.9188454
X9AEEGzWSU8.004,val,-9.646105,2.0412242
XAO4l8Ej-J8.001,val,-3.0328066,-7.3325987
XB81sertsYU.004,val,17.444946,-12.55423
XDwSKV_-Rhc.000,val,-5.3451777,-5.301153
XFpzukISe6s.001,val,-5.2238913,5.156413
XH4rem3vS9w.003,val,-6.4161425,0.091859296
XLKNGnpTO9k.004,val,-4.6499634,-0.29851237
XNWN7ScxVIA.000,val,-1.2460041,-3.2212143
XPV4pavXh94.000,val,11.076018,-2.765947
XQ3do4LDFv8.002,val,3.1157453,-3.6520727
XQZ5M9oLkXw.000,val,-11.058739,2.4983041
XQZ5M9oLkXw.004,val,-10.805349,3.7002525
XRoSKIIFp9c.000,val,-7.419574,-3.6590374
XRoSKIIFp9c.001,val,-8.575747,-3.4327753
Xauhek9-iKA.000,val,-4.6896415,-1.643111
Xauhek9-iKA.005,val,-1.7817975,-3.7349384
XbsA_lCKQLs.000,val,-12.038122,2.769905
XbsA_lCKQLs.005,val,-12.174817,3.889812
XfK7WZ3skUM.002,val,-6.279829,-4.6786256
XfUqFt2amrM.001,val,-2.8964715,9.695787
XhgDsQlEnuU.005,val,0.3158407,-4.0335326
XndWJ1ieKwY.000,val,-12.079492,3.2866125
XoyQKsK7OtA.001,val,-4.7232914,-3.7381039
XpY-cxkbYdo.005,val,12.582381,-6.973716
XtI2ju2a8iM.003,val,-2.594719,2.5154157
XuXhY_SCkNI.005,val,-4.7425065,-5.2213545
XvV4YdhpC2w.000,val,0.37360498,-5.990155
XvV4YdhpC2w.003,val,-0.6860799,-3.1340964
XvV4YdhpC2w.005,val,-0.6955572,-2.2081668
Y-YdRocu0os.002,val,0.86907893,-0.7481886
Y-_JeJoCjUo.004,val,-3.2152963,-2.1921217
Y1LrgyCJtpU.004,val,-8.959849,5.2084317
Y6iogSmj6FQ.000,val,-4.3070836,3.2056468
Y6iogSmj6FQ.004,val,-1.8451765,6.7245727
Y8gv_ZK3w4A.001,val,-2.0064766,-1.1514328
Y9wnqLKhNNI.002,val,-6.872382,0.9703375
YGrCXe2-fVk.005,val,-5.084869,-1.2180762
YHpEi96AY9w.005,val,17.361746,-5.1309175
YN0Xd70SqEo.000,val,6.109694,-4.638051
YNlhBpVk1tw.003,val,8.80626,0.99130315
YOdKAtXbOoQ.000,val,-6.4501204,1.3961319
YP7N98ECZaI.000,val,10.913982,-8.687089
YPMffqhP0C8.003,val,-1.8814449,-2.5246685
YPnuq0tDDqk.001,val,7.2056117,2.5775304
YPnuq0tDDqk.005,val,5.830696,5.334514
YSqiT8g7SYM.002,val,-0.9798701,-2.052414
YZp79VcnY0w.005,val,3.3416846,-2.6730266
YbdJd16c3eo.002,val,-1.708611,-5.45356
YbxdeEd7wq4.000,val,2.339109,-9.082497
YdxS3f4HXaA.001,val,-0.87795043,5.3684893
YdxS3f4HXaA.002,val,0.949997,1.1979135
YdxS3f4HXaA.003,val,2.25704,3.4363189
YdxS3f4HXaA.004,val,3.0244923,-0.23205806
Yj36y7ELRZE.003,val,5.5865345,10.428248
YjXUMygVw7U.004,val,4.32366,3.5192976
YocrYFLm4CM.005,val,-7.957756,-1.0002898
YqgiL3iN2ak.000,val,5.28394,-9.202853
YryBLVZgJj0.004,val,-9.713417,6.591348
YuoLr4xDvbE.001,val,-2.127973,-4.2467213
YuoLr4xDvbE.003,val,10.677799,27.419153
Ywfun1LIwOE.000,val,7.2126017,-7.482805
Ywfun1LIwOE.001,val,-0.04437209,-6.177899
YygvfVxOWP8.001,val,-9.425232,-0.5797252
YygvfVxOWP8.002,val,-9.434,-0.32644427
YygvfVxOWP8.004,val,-9.590547,-0.33872443
Z3E1jkaNRKs.004,val,-8.767702,6.098441
Z3E1jkaNRKs.005,val,-7.406722,1.7581053
Z3FdUfZLHyw.003,val,7.931352,8.204258
Z5S5uGXkNuc.000,val,-7.6262794,0.43992567
Z6Yb7xE4Jb4.001,val,2.45867,-6.6742697
Z6vQQvro86Y.000,val,22.832548,-9.899004
ZGox7tevC6A.001,val,-6.4991937,-0.31725967
ZNRfeL8nPfw.002,val,-5.8487973,-1.8679675
ZNymNgd5EuQ.002,val,-3.9309516,-2.7844193
ZNymNgd5EuQ.005,val,-2.04388,-4.188634
ZRl_k6DzTeI.002,val,2.730233,-5.227287
ZRrduU1CXqU.000,val,-1.8065121,-2.77587
ZYrFfvp7_Mo.001,val,-10.485545,0.9689687
Z_STuUHKQTg.000,val,3.7346048,-6.6354237
ZaihsIQZCx8.000,val,-7.4025636,7.5012007
ZaihsIQZCx8.001,val,-8.97348,3.2240977
ZaihsIQZCx8.005,val,-7.9586296,5.8127446
Zb5BstGpJ48.001,val,7.746024,2.0212262
Zcw2LevK-EY.004,val,-6.664978,2.95411
Zdz0TqboSNI.001,val,-4.2527003,-1.5942599
Zdz0TqboSNI.002,val,-2.7347856,-0.29326177
ZeGT9pSG734.005,val,-7.871216,7.536287
ZhPQrqxo2mw.001,val,2.9960876,-8.095494
Zi7QHI_5ipU.002,val,11.772358,-12.515227
ZoHY-rWJsyw.002,val,-5.4751277,1.2267491
ZqbJIM7rmO8.004,val,-2.9981308,5.624413
ZvxUUh2wN7s.000,val,5.537221,0.9688004
Zwu5Y5r3Lrs.000,val,-0.7251963,-6.033507
Zwu5Y5r3Lrs.002,val,0.694837,-2.812156
Zwu5Y5r3Lrs.004,val,1.2348629,-5.834183
Zwu5Y5r3Lrs.005,val,0.026392613,-3.669387
ZxxRJRz2hf0.001,val,0.21710406,-10.517091
ZxxRJRz2hf0.005,val,4.224724,-11.735003
_01AyUz9J9I.000,val,-2.9453998,-0.49639228
_01AyUz9J9I.003,val,-4.823746,-1.7458035
_0bg1TLPP-I.003,val,-7.6005654,0.68864477
_2DSmy36OEM.000,val,13.475969,0.4893972
_2DSmy36OEM.005,val,27.333904,4.1510797
_5ltHlmGvq8.000,val,-2.9414475,-2.9699202
_65KGQpiabs.000,val,-7.0559564,2.1821566
_7s27dUoYVg.004,val,-8.147311,1.4860778
_G3kw9HwCqY.001,val,-5.0737786,4.342385
_GFregyrwfo.000,val,-6.1160655,1.6355265
_IQX3zjINy4.003,val,1.0971646,-8.240396
_IS6GFmQYj4.001,val,-5.073,0.9966563
_IS6GFmQYj4.005,val,-6.542306,1.9282129
_Q4wOgixh7E.003,val,-1.1633301,15.861824
_QXI4n_FRN4.000,val,4.193359,1.8865128
_QXI4n_FRN4.002,val,5.652642,-3.1200492
_QXI4n_FRN4.003,val,-1.8586539,-2.9587028
_RfHkyf68Zs.000,val,-0.84960026,-0.42734656
_TbRQa4InvM.004,val,-3.8631053,-1.5364984
_UnoRkHkYB8.004,val,1.5621028,-3.4446104
_VsE38xSmdM.003,val,-3.1278908,-6.1508503
_ZAqTHlu2ts.000,val,-3.305197,-3.8678157
_ZAqTHlu2ts.002,val,-5.827939,-5.005445
_ZAqTHlu2ts.003,val,-4.6377125,-3.3389862
_fFmEyvWgfA.001,val,-5.648749,1.3916513
_fJcW5234bY.001,val,-4.753825,-2.2200613
_fJcW5234bY.003,val,-6.295902,-2.0514932
_g3M_MoFIvA.000,val,6.0816274,-7.055243
_g3M_MoFIvA.002,val,-0.27846107,-3.5329804
_hR9AD-eIy8.001,val,-3.3704093,-1.8278806
_hR9AD-eIy8.002,val,-3.2883685,-1.4173152
_kK9tGN883Y.001,val,-5.2734547,6.9607034
_kK9tGN883Y.003,val,-3.1204062,19.77337
_mvqVnzddCw.001,val,1.7544316,-7.6554656
_uNup91ZYw0.000,val,-3.3067138,-5.415658
_zI6qgTJOSA.003,val,19.303886,-3.3789394
_ztmNiy8D3c.002,val,0.95406216,7.642949
a-nUsP7oETI.004,val,-0.46311784,0.75438565
a38rz5AIslE.000,val,-1.5148331,-0.10877713
a38rz5AIslE.002,val,-2.286283,0.49842992
a84s1DYag-I.000,val,5.183415,1.8455716
a84s1DYag-I.003,val,1.9101002,-1.6834725
a97PXgrKSxo.001,val,-5.3566236,-3.173512
aFVFvJNnFt0.002,val,-3.0790887,3.554263
aIwWcLojoh0.000,val,-0.008800183,4.716158
aL0oPOOeoB8.000,val,4.0583467,6.1303573
aLAqJkRWKuk.001,val,2.0089827,0.060554072
aLAqJkRWKuk.003,val,-0.0110529745,-0.2635823
aLvpOYqzErk.001,val,8.596999,4.411665
aLvpOYqzErk.002,val,9.865788,10.275902
aLvpOYqzErk.005,val,1.0766954,-0.46084246
aPTNxA43WHY.001,val,-8.3371725,-1.5131686
a_HpQgY5vb4.000,val,-10.499824,2.9982471
aaDlp62qn60.000,val,7.576572,2.0205486
adBtc3XrSsg.003,val,0.40750283,4.195208
aenedH_X3Us.000,val,19.814749,-11.809532
ahqyOhg6D7c.001,val,-3.2324152,-2.216843
alucqviYJFE.000,val,-6.8400354,4.2047853
alucqviYJFE.005,val,-6.883167,3.105301
aptKaxP81xA.001,val,5.477629,-6.3055997
aptKaxP81xA.003,val,1.3630713,-4.553999
aptKaxP81xA.005,val,1.15145,-1.3630173
ax1Fck6zMzk.001,val,-9.792585,3.634604
ax8wm9K41og.002,val,-4.2805576,-3.0630665
ay4cdKr1I0o.002,val,-9.757727,2.7427824
b-qfeGqPd04.003,val,-5.7360215,2.0802634
b2Y41GrCrPs.004,val,19.324274,-12.584872
b2Y41GrCrPs.005,val,32.857788,-16.010952
bAxlTgobVHE.003,val,-0.89069027,-2.5829525
bBqZyG-9ksM.000,val,16.325054,-6.089568
bBqZyG-9ksM.003,val,14.614341,-6.3609185
bBqZyG-9ksM.004,val,10.922794,-6.878871
bDjqDn6susQ.002,val,-8.39845,0.72972876
bFwtVtZodIg.001,val,-2.6313295,-2.0884144
bFwtVtZodIg.003,val,-2.9764931,-2.44754
bJktioZ5Yxk.001,val,-9.041529,2.7753992
bJktioZ5Yxk.005,val,-5.6266475,-0.9250789
bLOSPQ8MAC8.000,val,-0.702075,12.962299
bN2IM-rqZlc.001,val,31.08992,40.343346
bN2IM-rqZlc.005,val,9.566185,16.334373
bPLhV0PGR50.000,val,-2.0345924,-3.4072337
bSeTNdOtK7I.002,val,-8.449908,6.634512
bSeTNdOtK7I.003,val,-5.986398,8.891822
bTLTLzXehPE.000,val,-5.675194,-0.07945036
bTLTLzXehPE.005,val,-5.5553517,-0.45542446
bYXRyimxh7A.005,val,2.6792111,3.777962
bcRPLKygrNk.002,val,-0.15749387,-2.974108
bcRPLKygrNk.005,val,-0.08411515,-3.2613208
bcx6xr9Ja-8.002,val,-9.5488474e-05,3.2982821
bej-DbxTkWA.001,val,-10.765023,2.9143817
bkzgccBFztM.002,val,-5.603512,-7.905987
blAjqQ0ja8Q.001,val,-10.030726,1.0876186
blAjqQ0ja8Q.002,val,-9.663673,1.9931084
blAjqQ0ja8Q.004,val,-11.17948,2.0447938
bnoPmV0_aIc.001,val,-3.0159924,-3.0455434
bt-ev53zZWE.005,val,7.2710648,-4.037806
bviHajVIie0.001,val,-10.4329605,1.9213703
bzaOB8BoWPU.001,val,9.972613,9.096422
c2LeNguVNrI.000,val,1.0504048,9.172928
c2LeNguVNrI.005,val,-4.2541337,2.7676873
c3esnCQDoKc.000,val,-6.31271,-0.9906303
c4XnKouozXU.002,val,-9.790827,-0.67535585
c4XnKouozXU.005,val,-9.409499,2.7033386
c5ZnKbaNCE8.001,val,5.7395473,-2.7509074
c5ZnKbaNCE8.002,val,1.6690232,-0.97947603
c70zW-HoZUA.001,val,-7.0724716,1.2110218
cA3KzjBNr4M.001,val,17.795002,-9.95868
cA3KzjBNr4M.004,val,25.716444,-12.740227
cFGjJg-2zOk.004,val,1.4558113,-2.5132987
cJs_LosR-u8.001,val,-6.74215,-1.3136005
cJs_LosR-u8.003,val,-4.7557845,0.946449
cJs_LosR-u8.005,val,-7.101051,0.4725193
cMLkNVKkaOQ.001,val,-8.261503,1.0861375
cNXnowQb7rs.001,val,-5.2953496,-2.774868
cOo5N1qblyw.000,val,10.551231,18.32244
cOossY5pTrU.005,val,-0.29326588,-3.911972
cQRFb-xa4Vc.000,val,-10.382621,3.898912
cRDYrvxRJ6U.004,val,-9.135493,-2.5022326
cT3oyHhUznw.000,val,12.824486,-6.073879
cY3nHc5fDYE.004,val,13.688897,-9.584833
cZ6xhB5yhfY.005,val,-5.876782,-2.4400601
cdtZKwM5NIM.002,val,16.766853,-13.151953
cdtZKwM5NIM.003,val,16.072168,-10.166626
cgGCyBMdGrA.004,val,3.0271876,2.6105835
cgT-3CHBmKs.001,val,4.108631,-0.50433856
ciWUq6iQTIE.001,val,9.029172,-0.8373926
cjbh1lfr43c.001,val,0.24328177,5.5852675
clMg72MI8rw.000,val,-10.119985,0.1490778
clMg72MI8rw.001,val,-8.504033,1.8804297
cpzY1b6wJqs.000,val,12.445404,-11.631934
cvHqtadNJDo.002,val,-8.211502,3.2752445
cx8IycWgMVs.000,val,18.250149,-7.797478
cx8IycWgMVs.002,val,14.726855,13.294164
cxJ0u6r0-pU.004,val,-7.4838796,2.5431724
d4cPiUXpGbc.001,val,-7.0763736,-0.29396677
d4cPiUXpGbc.003,val,0.6424367,3.795065
d4cPiUXpGbc.004,val,-6.298774,1.4776049
d4iSwRMV0bA.001,val,27.073421,-14.024154
d5ujzxBlvwY.000,val,5.6506424,-4.4606004
d8skGb2ycio.004,val,-9.028297,1.6031524
d8skGb2ycio.005,val,-9.991184,1.1276478
d9_YDJdF-7I.004,val,-5.9567423,0.44680393
d9_YDJdF-7I.005,val,-4.0669193,2.3308923
d9ekvXz64Mc.001,val,-0.46673298,-1.3510034
dB-kMg4t-V8.000,val,-11.447096,3.808849
dB2XYhvqUBU.005,val,-0.23256278,-0.1850732
dB65He57Ki8.003,val,-3.4751158,-5.502635
dB65He57Ki8.004,val,-5.344691,-4.447352
dDi6vy-OZRg.001,val,-5.482266,-5.1429224
dLaqub4BEsA.000,val,-7.237164,-2.9645288
dLltwqkvsNg.004,val,1.8566161,-4.9195147
dNXqs5HNijI.000,val,-9.354252,6.1678076
dOFnHXRLEdM.002,val,-6.839588,-1.7874333
dOFnHXRLEdM.004,val,-6.0958214,-3.6610644
dQOeQYWIgm8.003,val,-0.5717362,2.515149
d_POf1pikX0.004,val,-3.5225008,6.557433
datcFOBWYxc.000,val,-7.707657,1.6721255
datcFOBWYxc.002,val,-1.6107596,1.7083606
datcFOBWYxc.004,val,-5.384551,3.7012
dh6iOU2RtTA.000,val,4.024917,-7.980824
dl9IT3OvI0o.005,val,10.725358,-11.215475
dmOKZLeFKCM.001,val,-7.565167,5.119784
dmycfNpiWCE.000,val,-7.4059258,2.1688063
dmycfNpiWCE.003,val,-6.7762823,-0.6640589
do8FmnQbI5I.002,val,-0.6256736,-6.7692533
do8FmnQbI5I.005,val,-1.0765109,-4.9824567
dvCKoyBG1pE.000,val,3.1512823,-2.1800556
dvCKoyBG1pE.003,val,7.1716995,6.1745634
dvMeqVbpKW8.000,val,-0.90511036,0.97209334
dvU5jYExl0o.000,val,2.5927498,-0.19937797
dvU5jYExl0o.002,val,3.908124,-4.556355
e07IozLUeKc.004,val,0.22069256,-1.2702953
e3Y7na4SBh4.003,val,-2.9937098,-2.9171472
e5gDLMLOE9U.000,val,-10.038398,0.07857553
e6YTvjDXEl0.000,val,-3.6786633,-3.7311926
eAkWSjU-JyY.003,val,-0.72738713,-2.4191353
eI_7SimPnnQ.004,val,-5.855562,-3.4343858
ej0RpdM9kJA.004,val,-2.5885837,4.640091
encC96iqr9Y.000,val,-0.9849964,5.0839043
eqXrUXW4yHY.000,val,-7.744742,1.7797043
erjlIt61pUk.001,val,-1.4262989,-4.7686996
esk_mav4MRk.004,val,-3.5063436,-2.1248372
euRnmvd_dus.000,val,-2.1912327,-1.8572913
evrzg3Pzyc0.004,val,4.164874,-5.885323
f0LnGz5Z6kA.003,val,-5.202495,0.10650131
f7E26XfU8rw.001,val,5.4412694,12.261507
f7togdqxEoo.001,val,-6.660865,1.839034
f7togdqxEoo.002,val,-1.6584148,6.266722
f7togdqxEoo.004,val,-0.17937851,10.267636
f7togdqxEoo.005,val,-5.655981,1.9804825
f83xK4chMJs.001,val,-2.3296206,-0.13856857
fBMKlYUjA9E.004,val,-1.3295935,-4.1055226
fBMKlYUjA9E.005,val,1.1515697,-0.076963
fBcc1UMtZME.000,val,2.9638114,-3.7229478
fBcc1UMtZME.002,val,1.0501673,1.5216953
fDBpO2TyB-Y.001,val,-2.915753,1.29982
fDw_PAgW07o.004,val,0.07521258,12.850911
fEC3lEDxRnc.003,val,18.230429,-8.314592
fG-hvGTHoec.000,val,-0.04159541,-6.4909306
fKrX-KXgXYM.001,val,1.9582974,-4.800423
fSDA4eEyGHk.001,val,-3.2935753,6.1900067
fSkQXqXR7D0.003,val,-3.6896954,-1.5311166
fUIWjaZCYwM.002,val,13.946891,3.9234774
fUf2XzWpSVo.003,val,5.8332973,2.8550823
fUf2XzWpSVo.004,val,0.83147377,-1.8372068
fY4gU5NiV_I.001,val,1.4231616,-4.674924
fY4tctYZTz8.000,val,-11.258712,2.056686
fY4tctYZTz8.001,val,-9.639473,2.9541285
fY4tctYZTz8.004,val,-7.7590218,4.016255
f_mEEFFeh-0.002,val,-9.063006,-3.3243484
fczufbliJfQ.000,val,12.688278,-7.3573446
feg-RNvT-t0.002,val,1.0799272,6.43504
feg-RNvT-t0.003,val,6.0671597,6.2361984
fiVORaERbP0.001,val,-8.453235,4.8369546
fiVORaERbP0.003,val,-7.7503157,6.1635766
fipvPdFbKN4.001,val,-2.3362868,2.7168381
fipvPdFbKN4.005,val,7.867589,14.007452
fkDqn2muw-A.004,val,-3.8130484,-4.5016594
fk_ggmC872E.004,val,-3.2283413,-1.9798261
fk_ggmC872E.005,val,-8.961283,7.1352134
foj4bqLSmF8.000,val,-9.563046,2.609675
frEf7Kz1Usk.000,val,-4.543276,0.8031416
fsCK8Xuzl1Y.002,val,-5.2829194,-3.0851166
fsLf6Xv_Gbk.004,val,-7.0695796,5.6915827
fsaslN7xV-w.003,val,-5.118141,-3.528229
fwJykIyvS04.005,val,4.5587463,-11.09848
g0PWBzU95sI.002,val,-7.2475834,-1.3077179
g0Zlp-F6Z6E.005,val,-2.7334871,-4.0175147
g9zgIN56MnQ.002,val,-6.369953,-0.90996337
g9zgIN56MnQ.003,val,-6.0062184,-1.8952894
gCLfduV3Phw.001,val,-3.9514298,0.84145814
gCLfduV3Phw.002,val,-3.0690355,1.9445084
gCQT7zfS7sI.000,val,-11.335133,3.27695
gCQT7zfS7sI.005,val,-8.796914,2.6782348
gCd5bIDNAbI.003,val,-11.493459,2.510349
gChqk1izWkc.001,val,0.63898057,-3.6751535
gIWZPg1BxlU.000,val,-6.276384,2.5122442
gJMH7pfz-14.005,val,0.7907642,-2.5388842
gKxJl7pIYMo.001,val,7.0838943,-3.4289641
gM_KAA-ejJA.000,val,4.555271,-6.457919
gZblxCs4EV4.002,val,9.108215,-8.835879
gZzB49daFfA.000,val,-4.124086,-1.4670674
ga_XczsO4eY.002,val,6.6168118,5.1655226
geji1U2YAvg.003,val,48.075657,-1.9255154
gfTTzlRNF8s.002,val,2.7228715,-4.640715
gggp205gPMI.000,val,-3.0505662,-1.7613912
gipWTZy9mjI.004,val,-5.59871,1.971099
gj3-xvhPeWg.000,val,-5.525879,-1.0244242
glgfB3vFewc.001,val,-4.972882,-4.046914
gq0yaEv6gSE.001,val,0.3404619,0.73726577
grhDDOLsBho.001,val,-0.28643534,4.483637
grhDDOLsBho.003,val,-3.0314004,0.94952273
gsleSGEZHAs.003,val,-3.2142177,-3.4065218
guthEFaGEiA.001,val,33.916103,-15.920556
h2-_bQdTZYY.005,val,1.9910575,-2.027761
h6LOjpCRXtY.003,val,-2.7794843,0.8302651
h6LOjpCRXtY.005,val,-4.019696,3.7832887
h7qbP1GS50U.000,val,-5.86576,0.5560649
hDqsuyVeWmw.002,val,-10.12808,2.376347
hDqsuyVeWmw.005,val,-10.621943,0.80384827
hG0I7DLSSYg.000,val,4.6959143,0.4399157
hG0I7DLSSYg.004,val,1.6582572,0.047440737
hIxLNK_x_QA.004,val,7.9476233,-1.0809234
hK5lmI9pwck.001,val,-5.096956,-0.19839737
h_GDQ9_H1es.000,val,2.3304243,-7.5994105
heE4ZZXwehI.000,val,-0.40339363,6.7344756
heE4ZZXwehI.004,val,0.92075163,3.3348868
hjQpiGBO1Ao.000,val,-2.0358653,0.9080927
hnMp0eX28es.002,val,-0.04803563,1.6885687
hnWMsZEQWt4.000,val,-11.889662,3.7161555
hqe-8SMJGmc.000,val,-5.4686513,-3.0188334
hqe-8SMJGmc.002,val,-5.392418,1.8404084
hqe-8SMJGmc.004,val,-4.533751,-1.4437416
hqe-8SMJGmc.005,val,-7.8054748,-0.57264477
hquzfo9MVDo.004,val,-7.453173,2.6802816
hrat_RJczFM.000,val,-5.01716,5.135035
hspeWl-Bip0.000,val,8.350083,-5.9623604
huIQlWsIEvY.001,val,-6.484949,2.664654
huIQlWsIEvY.002,val,-7.9233413,1.9841801
hvGLlMhj7iE.002,val,-8.061928,-0.39653933
i3s5XtbhSrE.004,val,5.2899394,-10.460285
i4IVTm3uvoM.003,val,-3.4533358,1.5055608
i4IVTm3uvoM.004,val,-7.08672,2.3454185
iFSF6v3xw_k.000,val,-5.4970317,-2.371801
iGBVrJMr62U.004,val,10.908783,-1.8827076
iJGHwoJKEpA.000,val,-8.163109,1.3841435
iOB65zCiOFM.000,val,7.576057,5.1844716
iOB65zCiOFM.005,val,-6.25806,2.7045882
iOv0_RdVPCM.004,val,15.100259,36.755596
iQvoDdxt06M.004,val,-0.04302057,-3.8050475
iW1t-ZiG2rc.002,val,-9.101599,-0.27592123
ibawV2tqKug.002,val,-6.9616423,0.57309335
ibawV2tqKug.003,val,-8.390572,2.383036
ic_LECbCm5M.005,val,-6.070943,-3.1887102
iiW_nu6JITY.000,val,-6.12074,-3.21674
iiW_nu6JITY.003,val,-4.8827505,-1.5897343
ikCqtEGQbrg.000,val,-5.1542964,-3.1882594
ikCqtEGQbrg.003,val,-4.9864945,-5.4881096
ilOi-sQo9HI.003,val,-4.7066336,6.105872
in-HuMgiDCE.000,val,-5.9294467,12.181296
ins5QQc2dR0.000,val,3.437969,-2.3262973
ins5QQc2dR0.002,val,4.463719,-4.408016
io0aNQE8En8.004,val,12.531751,8.764698
ipP--IqIuWU.000,val,-1.347008,-0.38718557
iqs7mZbg5UI.002,val,-4.2231774,-1.0493811
iqs7mZbg5UI.003,val,-2.3621178,-3.3764906
iqs7mZbg5UI.004,val,-1.6196904,-0.26948383
itQ2wSlXqCw.002,val,7.67937,-9.491288
itQ2wSlXqCw.004,val,32.039803,-0.8438814
ivcVlDXJCDo.004,val,9.821526,2.8250563
ivpw58MIRtQ.004,val,3.6046968,-7.708362
iz_eT0DXx3s.001,val,-5.41238,1.8530805
j-F-t4BS0yM.002,val,5.9178047,-11.956633
j08b_trEQrU.001,val,-11.013595,6.009141
j5fXaXrNPoA.003,val,6.809329,-6.005037
j6Rvmjjp7pU.003,val,-1.4805856,-0.88225836
j7VLzb0qw8Q.003,val,6.0014367,-6.239352
jFx6AEw6viQ.000,val,-9.8691025,0.5776012
jKHaHWuaU14.000,val,39.575756,65.319695
jKHaHWuaU14.002,val,16.979326,35.939186
jKHaHWuaU14.003,val,11.00433,17.321102
jKHaHWuaU14.005,val,32.93244,39.12501
jPpZkVzQywk.002,val,23.293467,7.298057
jPpZkVzQywk.004,val,18.913292,-4.063519
jTkEWnuDnbA.005,val,4.6088905,-6.550431
jVGTEDAYWZ8.002,val,-2.4248035,-4.9834223
jZDlFzVUZwY.004,val,-7.505921,1.4074999
jZl3Rq1MRQg.001,val,23.11738,-11.983973
jd9_8OPxM3A.001,val,-9.640102,1.7632736
jd9_8OPxM3A.002,val,-7.812193,2.915206
jd9_8OPxM3A.003,val,-6.5598764,9.368381
jd9_8OPxM3A.004,val,-9.42181,7.2081313
jdli4DDP7XM.000,val,-1.4508048,-4.0475225
jlHKgXrxCu8.002,val,-7.1504164,-0.008267089
jlHKgXrxCu8.003,val,-5.676307,-0.5004059
jmuVZ3HBiWA.005,val,-5.4032493,-4.835757
jnEHHvlBgxE.001,val,4.610104,-6.5833693
jolhoLhAurM.000,val,-2.1228104,-3.7929087
jpPZVmzleAo.003,val,1.68962,-2.031505
jpPZVmzleAo.005,val,1.6596245,-1.875523
jpRnHWTLDUs.001,val,-11.721772,-1.1427709
jpRnHWTLDUs.002,val,-3.01472,2.6607285
jq1dLOVUQJA.003,val,-7.6765122,-1.1452045
jrhvXPaXo-0.001,val,-5.089512,-0.560561
jrhvXPaXo-0.002,val,-9.0894575,-0.11051996
jrhvXPaXo-0.005,val,-5.894118,1.5068604
jwcSbw4NDn0.000,val,-0.8102514,1.1286473
k2buv6xZ4_o.002,val,-9.924955,1.025045
k4QmzZuQl9s.002,val,-2.815401,0.8926551
k4eeYoHtnnI.002,val,6.80697,-4.2478385
k4eeYoHtnnI.003,val,4.952343,-2.3812187
k4eeYoHtnnI.005,val,1.9000617,-2.3570192
kAjvzIWWrWA.001,val,6.3488674,-8.145695
kDJigDGDJTo.004,val,-6.2006106,1.1823511
kFak4VnRnRM.002,val,0.6174431,-6.2303476
kJLeYUobR0M.000,val,-1.3909845,0.08629703
kK4QL7pOrhs.005,val,5.8930745,-7.585359
kK534gUcRF4.003,val,-3.5406098,-2.5951042
kKRc2aXzQyM.003,val,-6.8876314,1.0021794
kPXVZD3ac8s.000,val,-2.6167903,-0.6096814
kPXVZD3ac8s.002,val,0.81787926,0.26864064
kSk-rf7a1Ig.002,val,2.7628138,-0.22560383
kSk-rf7a1Ig.004,val,0.4649755,-1.150755
kUpkeJDcxaE.001,val,6.6019297,-8.587754
kUpkeJDcxaE.004,val,2.215791,-6.052768
kV7MFI2_ddo.001,val,-11.284626,1.3525815
kV7MFI2_ddo.004,val,-5.796289,-1.3935996
kY_4WyAXxrQ.005,val,7.7936754,-8.11446
kco35S1k5Ks.001,val,12.266981,-2.4780629
kdPRPO3wgg0.003,val,-9.005395,0.87724626
keW8-eSiQ70.002,val,31.807673,41.494366
keW8-eSiQ70.005,val,-0.81210274,-3.533685
khCsAN1Bk_I.004,val,35.285286,-4.6432314
knpgk7LAMb0.001,val,26.60396,4.8452926
kppgmuWEv-A.002,val,-4.4708433,2.1050673
kvNiQ7LVQnY.000,val,-8.438978,2.6526563
kxJVM1-pYxc.005,val,-3.5351481,-0.42467585
kxlqIrk0WnY.000,val,-1.0696851,-0.99635243
kyq-X4IFMtw.004,val,-5.2552137,-4.649446
l-WgXcGLdZk.000,val,2.8428376,-0.63513106
l1V-DuJ-WgU.003,val,23.695759,-9.892985
l3IoZ_QmOQo.002,val,-1.6252489,10.145828
l3RE0rN7oEg.004,val,-6.178961,-3.5651963
l8weBJSCHbA.004,val,7.3535237,-2.2864692
lAJWoIcgXlU.003,val,-3.861306,-3.7260618
lErjGxBb1Bk.000,val,1.0362439,-4.368514
lErjGxBb1Bk.003,val,-2.2546,-2.567109
lErjGxBb1Bk.005,val,3.5469985,-7.115631
lK1HFH7j93c.002,val,3.6563854,-9.503945
lK8qOASUwFE.005,val,0.26667795,-1.9028796
lKePJbjYiy0.004,val,0.37873283,-3.9193647
lLObIVKYDUI.001,val,-3.2001433,1.8707316
lLWOcztaIBI.005,val,-6.656762,2.691557
lNG_XdqMf0g.001,val,-3.5798337,-5.5044646
liRQoL7SsPw.003,val,-2.96956,-0.24380428
lkdQjIunxSE.005,val,2.7348135,-6.501193
lnawWqnGpMc.001,val,5.9662356,9.827852
lnawWqnGpMc.003,val,-4.1540723,-2.7402382
lsVwEApsljU.001,val,1.8710972,-0.11184676
lsXw8u4QXIU.005,val,-7.8201313,-1.4071518
luH2RoZW-eY.002,val,11.723873,-7.9990206
lx6A8s_Ega8.005,val,6.378268,-4.075832
lxnV9X8T2Zc.005,val,-9.308627,0.35982788
lyZZSU1ziCQ.000,val,-1.2148019,1.2680181
lyznxF-Pj6g.000,val,3.2152116,-3.9383066
m04e9ylCoK0.002,val,-8.627516,7.0911117
m04e9ylCoK0.004,val,6.0917153,28.59452
m0tNIKbEwHE.005,val,-3.8481493,-3.327189
m2uxFfpb5xU.000,val,-2.9902947,-1.7622373
m5kTITzj1bY.000,val,-3.1283844,1.0469441
m6JOFpKvkE0.002,val,-2.742527,-7.887738
m6JOFpKvkE0.005,val,-1.9740361,-7.2155137
m7zdWVDT-34.000,val,-9.435414,-0.06208095
m7zdWVDT-34.003,val,-8.892061,-1.7150416
mAjagYWuT7A.003,val,7.8295364,-10.776236
mAjagYWuT7A.005,val,9.095182,-9.601982
mBdVuEXRlfQ.002,val,-2.9144113,-4.543955
mDRMCwSD3Ms.001,val,-7.5897617,-1.5445682
mDRMCwSD3Ms.004,val,-8.296393,1.1898328
mEQBB6XsJFk.000,val,-2.5775976,-3.0018442
mEQBB6XsJFk.004,val,-3.8067503,-3.7697191
mFz5Fbs97QA.001,val,-0.14276658,-0.99404985
mIQnQ8Nmj-c.000,val,15.072844,-5.400681
mIQnQ8Nmj-c.003,val,16.219406,-4.0403047
mKWscEow1U8.001,val,-4.042478,2.4819243
mKWscEow1U8.004,val,-8.685622,0.9439797
mKsGK9nCTxw.004,val,12.731971,-5.0762525
mLZw7Hf8AYI.000,val,-0.64624614,-2.4107072
mLZw7Hf8AYI.001,val,-1.4188985,-4.1305423
mQpNe8f5xA8.001,val,-3.175222,-4.0564814
mXaI17Dx7u0.002,val,10.48729,-3.4359908
mY1ZTvNVkSA.000,val,6.4678926,-6.151285
mZ2CHgzwDt0.004,val,-6.927831,-0.17336102
mZ3vypXAfHg.001,val,-4.7827206,-0.90912354
mZ3vypXAfHg.004,val,-6.2088914,-0.82222646
mZQP06F94u8.005,val,12.016049,1.067459
mZzWhUI0CP0.001,val,-6.6399984,-0.6519535
mZzWhUI0CP0.002,val,-7.449825,-1.2252401
mZzWhUI0CP0.003,val,-9.642195,-1.3175341
mZzWhUI0CP0.004,val,-9.780966,2.0830657
m_2k0dL8CRM.000,val,-0.38295835,-0.8086397
m_9aygJNij8.000,val,-1.3998682,4.563892
me15sHPOjKo.001,val,-4.4919534,-0.29189724
me5UoRny6NU.000,val,-1.4514313,-7.8535476
mfGhtr0zy3k.000,val,-4.154147,8.853713
mfGhtr0zy3k.005,val,-7.5593896,3.58172
mfcs3Ta49K8.000,val,2.2537978,-1.0146744
mhvkJjOAjYI.001,val,-4.25784,0.17235604
mlXZQ8dO0nQ.001,val,-1.0429271,-5.5156374
mlXZQ8dO0nQ.002,val,2.8143866,-8.589064
modNfUPt3F4.002,val,-6.1596103,-2.4342885
modNfUPt3F4.003,val,-5.518182,-1.8927311
mpXOSY5dW7c.003,val,-5.4008565,-1.7780433
mpk5Ubw2fj8.001,val,-6.6176877,1.564565
mq9NNKmKYdk.002,val,-8.38362,-1.5366935
mqDv8688ztg.000,val,4.511436,1.7418399
mrMp9EorOxE.000,val,3.551545,-6.4572105
muLgzV1gGao.002,val,5.9171553,-3.2937732
mwjoabuP-GM.000,val,-3.1863916,-1.6973894
mwjoabuP-GM.005,val,9.020314,7.7965174
mxLRr3YqgMU.002,val,-9.411242,8.506642
mxLRr3YqgMU.003,val,-10.497159,4.082956
mxLRr3YqgMU.005,val,-7.792639,1.9230522
n0acEDmc0mA.001,val,-6.6183357,2.3815727
n0acEDmc0mA.004,val,-7.398431,-0.19315831
n2BuwHbdilY.000,val,5.093021,-3.738951
n6JNJurop2U.005,val,-2.1352046,4.38048
nB-fPmvZg3U.004,val,11.956365,-2.8145998
nBjBfN9SbpM.000,val,-0.675345,7.1136756
nCWEEoJfjgE.001,val,-8.337496,-3.4384482
nDsTSmE73M0.001,val,-4.6313186,-1.5439545
nEm44UpCKmA.001,val,-4.1594024,-4.6145263
nEm44UpCKmA.003,val,-4.4144845,-4.783331
nFP7EEgz0Xg.000,val,2.8256264,9.4339485
nHdhGsdsKPI.000,val,22.965408,-6.092708
nKLhatlbqEw.003,val,-1.9204984,-4.3143063
nKx64KH7Xks.000,val,-0.22429381,-3.2354648
nLy7x9kXURM.001,val,5.9264317,7.894162
nOCSTnpB_F4.000,val,-5.4204946,-4.8104978
nOFHZ_s7Et4.004,val,-4.742213,3.7928898
nUazOUcW_AM.002,val,-7.3239417,-1.5272526
nUbhRInpVbA.002,val,6.191266,-1.0937258
nZC82V87Pm0.001,val,-8.614197,-0.10182214
nZC82V87Pm0.003,val,-9.292698,1.2786351
nZz1hK90gwA.001,val,34.766125,-11.181742
nex61B854Ms.000,val,10.4261875,4.298131
nfEhF5GBQpo.001,val,-3.0882902,-0.13746291
ng42eoHytOA.000,val,-1.0177274,7.6327744
ng42eoHytOA.004,val,2.290384,11.818085
ngB_cSxOjx0.005,val,8.045203,-11.948278
nlIrqbcvqLk.002,val,-7.4266186,-0.5616473
nlIrqbcvqLk.004,val,-8.306662,-2.0071247
nmZRXxKPPuQ.000,val,-4.8718805,-3.1761737
nndDX4RgU1w.002,val,-7.4688234,0.78044814
nndDX4RgU1w.004,val,-5.962476,-1.6955271
nndDX4RgU1w.005,val,-3.0298834,0.51334506
noepjVnUVFY.002,val,9.345929,-4.9733987
noepjVnUVFY.004,val,6.868103,-4.899089
o1mTIo1vPas.003,val,-3.5107908,-3.3519707
o2wtRccAgjE.000,val,4.39666,4.4595523
o2wtRccAgjE.001,val,1.4566957,-6.132282
o2wtRccAgjE.004,val,0.6382303,-4.5086823
o2wtRccAgjE.005,val,2.6538427,-6.385023
o5eCmKiomvo.000,val,-7.6956434,2.9492998
o5eCmKiomvo.003,val,-9.627182,0.068944
o6JCQlOC3oE.001,val,-1.5453684,4.6820908
o6JCQlOC3oE.004,val,-5.277022,4.5799756
o6xswp0D8tc.000,val,-5.749755,0.47112063
o6xswp0D8tc.003,val,-5.92739,0.80304754
o7J2fWIJndQ.001,val,-5.274074,-2.7451715
o7J2fWIJndQ.002,val,-1.3559967,-5.1301
o7rFDFvW300.000,val,-1.2819655,0.79515857
o7rFDFvW300.001,val,-2.2045903,1.8090242
oG84VxrGfj0.004,val,-1.8215129,-2.456218
oGa05H9UXxU.000,val,25.536882,-3.0199587
oJPdfhG4hT0.000,val,7.420576,-8.708035
oU7zAWm_01o.005,val,-11.366793,0.35940105
oVSMxtPpQ0M.004,val,-0.46321383,-2.1247165
oYiWW-Qc0rs.003,val,2.1856616,-5.857792
o_kTWEEjtyw.000,val,-1.8156414,19.896751
o_kTWEEjtyw.002,val,-2.839972,12.789156
obr7ktzX8w8.005,val,19.615435,-1.7514329
odRqijkG28U.002,val,3.047733,-9.927962
okSmKH2k5lE.000,val,-9.5018015,1.9725858
okSmKH2k5lE.003,val,-8.314224,0.74629045
okSmKH2k5lE.004,val,-9.269233,3.314651
okdZnQbLnf8.003,val,-4.678998,-0.66794413
omeHsKF7InA.002,val,-1.304013,3.005261
onbyz01BC_Y.002,val,-4.8620443,-1.8090338
opEoJBrcmbI.000,val,-3.0728958,7.067079
osqQpQsJNPQ.002,val,2.443907,-1.2121774
outvbZgNX58.005,val,-1.6664777,3.0086048
owRKOW0ymCM.005,val,-5.109052,-1.5782136
p-OcwNFQB0U.000,val,-6.185668,3.1992528
p-OcwNFQB0U.003,val,-3.4826329,2.9051187
p-OcwNFQB0U.004,val,-5.9889536,-0.6536472
p-V78q8dtYo.003,val,-7.833447,5.4311676
p1ORMiJ0fPU.000,val,5.5191364,-6.3497753
p5QXPhJS8Ks.004,val,-8.355184,3.187563
p7-JUvStF4w.001,val,-1.6702843,-0.13150749
p9tAC-RqZPI.005,val,1.232785,-3.1452541
pEYFpmjwKC0.005,val,-7.7999344,1.7967744
pEr7WTIPW64.003,val,11.727086,4.3541255
pHCPbKprJGY.004,val,13.977826,-5.533054
pPtzEnf5afw.004,val,0.012652711,-0.08557639
pT8nyxks1Q4.000,val,-3.779116,2.286133
pT8nyxks1Q4.004,val,-6.476273,1.7645656
pZxqWp0e-Ik.002,val,-1.9639628,3.5343745
pZxqWp0e-Ik.003,val,-4.479694,5.6531863
p_mu11crx-s.000,val,-6.590747,-0.17533927
p_mu11crx-s.002,val,-2.2477987,5.571951
phjVMKGYBKs.000,val,-12.302781,1.8209492
phjVMKGYBKs.003,val,-9.537086,3.2079535
pkwzo1OkEmY.004,val,-1.0769062,8.26112
pzG2VeUbefw.002,val,3.453029,-6.672447
pzfDth6nFQE.002,val,-6.349332,10.656107
q6au1xn_wIE.000,val,3.3223562,-4.034461
qAisk1lgv2I.001,val,3.3045716,0.8374355
qAisk1lgv2I.002,val,3.1421287,-2.138691
qBG1mjC7Zgg.002,val,-0.50998884,-3.319177
qCFFW1dM8V8.000,val,-7.4855924,2.5655124
qD15qWMepxU.002,val,-4.1710715,11.005366
qFYgMFMal_s.001,val,-8.334844,-0.017106654
qFYgMFMal_s.002,val,-6.5158014,3.9097664
qJ6_xSx9kCM.004,val,-0.5299318,-1.12189
qLV1a_611kA.000,val,-4.027683,-3.3661556
qLV1a_611kA.005,val,1.2039107,-1.9003348
qMARpi60Hhs.002,val,-4.880064,2.1317773
qMARpi60Hhs.003,val,-5.0926642,1.9055446
qMARpi60Hhs.005,val,-3.904186,3.6752503
qP1UtCbMaW4.000,val,-3.3257358,-7.613387
qP1UtCbMaW4.002,val,-3.0162587,-5.1970544
qP8YzH6LT9c.000,val,-1.5241092,-6.8593173
qP8YzH6LT9c.004,val,1.6924503,-6.900736
qVcw5-mm31s.001,val,-4.0786653,-3.9352548
qVcw5-mm31s.002,val,-3.2331219,-0.013096298
qYxxTubipSs.004,val,0.1577408,-2.9217594
qfL0ml0f84g.000,val,1.7418604,-7.063332
qjU3GX3jgSY.000,val,-5.51241,-2.174137
qjU3GX3jgSY.005,val,-9.092817,-0.55764174
qjWi69HY2Fc.001,val,11.524635,-11.491662
qjWi69HY2Fc.002,val,3.7230017,-6.4923596
qkmEt0ofGq8.001,val,-5.622534,-4.423661
qkx4lCA1iZo.000,val,-5.466746,-1.508535
qmiBcHJpKR0.001,val,-10.270759,0.19661881
qmiBcHJpKR0.002,val,-8.882694,-0.37434903
qmiBcHJpKR0.004,val,-12.714102,2.042734
qoztP0w5-Vo.001,val,-8.790069,-0.51627433
qoztP0w5-Vo.003,val,-13.549617,2.8626735
qpwcdPnPeFM.000,val,8.828853,-2.410513
qssXr_Fg96o.001,val,-7.342391,0.33032247
qyHn_jrNL48.001,val,4.83111,-5.097442
qzwUad9KICA.000,val,5.083769,-11.983998
r1YAW67aevY.004,val,4.0868897,8.283187
r1v6EmZv7-o.000,val,-8.524943,3.1553922
r2HcJYjGK5s.002,val,0.28538477,0.8456221
r4BGKIXrD9c.002,val,4.3537254,-0.026307082
r93dLeVRk3U.001,val,0.94210684,-6.8180256
r93dLeVRk3U.005,val,4.7357526,-4.0605063
rBxWZzkEncE.001,val,5.521367,-12.689448
rCxlfusNJlY.004,val,-6.9759207,0.55178666
rD6NViDdyOU.000,val,-5.1141424,-1.5696007
rFs0AC2qV6o.004,val,5.9482822,6.1351566
rGNeR3p1jKU.004,val,-4.887053,1.6763244
rJgbslC72gw.002,val,-11.745117,1.4145317
rLEfJzLcVdg.001,val,-2.970902,1.7702838
rMFJmA5dRFQ.001,val,-0.81113815,-1.8121628
rNDxXRvuSDg.000,val,10.574061,-11.468187
rTG9gtci67c.000,val,-0.015965207,-2.1991222
rTG9gtci67c.003,val,-2.025848,-1.4578089
rUGAiuYHNgE.005,val,2.0560007,-1.7421858
rV6Vdn-JrTA.004,val,0.0028052956,-7.211893
rW7b48Dy_80.000,val,-2.9078093,0.65045506
r_cVo5qZ9n0.000,val,19.84804,-12.372616
rag7X1kTyBc.000,val,9.307482,0.60973835
rjS0PIwS47M.003,val,3.641353,-4.143228
rrdSLfnU2pg.004,val,-1.5743171,0.21426456
rwinPicu_aw.003,val,-6.1282845,-1.4851816
rwinPicu_aw.004,val,-4.8839884,3.5419676
s-jZlMKQGwc.005,val,-6.0772414,-0.31928623
s0MKUEnyHSE.005,val,-4.3639097,-5.725682
s1DOqsQoN5s.000,val,-1.4936281,1.0183064
s1DOqsQoN5s.004,val,5.105187,7.9747415
s1DOqsQoN5s.005,val,-0.49669728,0.6792327
s6N1pv5lzrU.005,val,-8.67901,-0.49236128
s6gN_358tk4.002,val,-11.639919,0.19824529
s6gN_358tk4.004,val,-8.618177,5.2522035
sC2k2CD1jC0.002,val,-5.286364,5.090226
sDWJMBZ1mVA.000,val,-2.7303908,5.6203923
sHVXhr7_EOs.000,val,-7.0575767,-0.36822355
sHVXhr7_EOs.004,val,-6.745385,1.0647447
sHafPWyXs6k.001,val,9.696664,7.153648
sHafPWyXs6k.002,val,5.6382685,1.6716305
sNs4yCA11wk.004,val,-1.2895166,-3.6787758
sPMNhG1Sehc.001,val,28.31629,-15.671024
sSR1a5XW7n4.005,val,1.699075,-0.7831415
scifP1EXSdo.004,val,-2.8664646,-2.151905
shEsu57CYnA.000,val,-0.058792476,-0.28977126
shtirfEzWFA.003,val,-1.7909855,3.080112
shtirfEzWFA.005,val,-1.0335871,3.7544618
siEnTktB4lQ.003,val,-4.743208,2.986111
siEnTktB4lQ.005,val,-5.524311,3.874342
si_gZCrLa4A.003,val,-6.9071417,1.6381646
si_gZCrLa4A.004,val,-5.8128943,-0.31286293
simc6hmrUOE.003,val,10.038604,15.318948
slE2PWIwzus.003,val,16.936033,-15.848083
slE2PWIwzus.005,val,11.856732,-14.611318
spodWGLGBiw.001,val,0.91736954,-0.7778296
sqnW6xXYTKg.005,val,-5.7848706,4.252086
squHxV3QXlQ.000,val,5.2874827,-3.3646517
squHxV3QXlQ.005,val,0.93279123,2.484216
ssexxLJLuhU.001,val,-1.584431,-3.5960073
sx57p5HyekI.001,val,5.759842,-6.574236
t0AupkXkkZw.000,val,-1.7130548,-1.0124345
t0AupkXkkZw.002,val,-1.982355,-0.31223273
t0_DAgeU4nM.001,val,-9.294742,2.714672
t0_DAgeU4nM.005,val,-5.1185193,0.90092266
t30ERiF6b50.001,val,-2.187284,0.4182654
t9wFHk9TM-U.000,val,-1.5556908,2.0096245
t9wFHk9TM-U.001,val,1.9836612,1.0860997
tASMzbFSxsQ.004,val,21.683508,-15.4338045
tCnfvBwWVKw.001,val,-4.526534,6.5634747
tEQEKN07KgQ.002,val,-2.8496094,-2.0941436
tYpxPqwle5k.001,val,-4.1051188,0.17157646
tYpxPqwle5k.003,val,-8.530744,-1.4458467
tYpxPqwle5k.004,val,-3.5822408,-0.55756724
tZiRqu8joX8.004,val,-2.275399,-5.038501
taSAaWKcmTw.001,val,9.897071,-8.6825
tcmYlyeqwuI.001,val,-7.2103605,0.7159436
tcmYlyeqwuI.002,val,-7.624815,0.84216666
teRgvZ63_2I.002,val,0.2122198,-5.0739627
tiVKJWLzmk4.002,val,-13.266374,1.6382402
tiVKJWLzmk4.003,val,-9.692911,0.9306015
tiVKJWLzmk4.005,val,-12.405393,2.140755
tomb22yfjTc.000,val,-6.252821,5.417864
tvKUJujTUEo.002,val,-7.4824853,1.9923543
twO6ceVTuII.004,val,0.3576419,4.694603
twmdh5zdvfg.001,val,0.38787615,2.60796
twmdh5zdvfg.003,val,-0.959975,-1.1376928
txU8yE9d-4k.002,val,2.80666,0.4581109
u0ge93spFvY.000,val,12.45459,-8.569791
u50B6bIkN9g.001,val,-3.4051304,-0.26620683
u50B6bIkN9g.003,val,-2.6544855,-0.5629953
u50B6bIkN9g.004,val,-2.94697,-1.6159317
u5mRlNCQ0BQ.001,val,2.2548866,-10.542825
uCJNAX_b9mc.001,val,-2.4323301,-0.036601976
uDm7iZuX5DQ.001,val,-4.482645,7.219289
uDm7iZuX5DQ.002,val,-6.795164,0.23006111
uDm7iZuX5DQ.003,val,-2.1985219,10.576757
uE2U_Y7QrIw.004,val,-8.10833,4.3315644
uEBTnI1zqhs.001,val,25.040386,5.33857
uRY3aJAaogw.000,val,-8.065303,1.6091467
u_qvbRpm88k.003,val,-4.3881226,-0.8723538
ua5c716lu5s.000,val,-3.597823,-3.405213
uf_sIIw4zxY.004,val,-0.7984795,1.7433265
ukcUhZbkVBI.002,val,20.559967,0.15753335
uoLDJJMK5Gw.001,val,-7.3682833,-3.877079
uqd_cEJMJ4o.002,val,14.045177,-5.5223255
usG6pVxbQkw.004,val,-13.563051,5.631165
usG6pVxbQkw.005,val,-11.368365,8.358193
utv9RBNcL5w.001,val,-3.2315295,-4.324253
uwYQKM_STCw.001,val,12.648545,-11.536598
uwYQKM_STCw.003,val,9.76671,-8.150089
v1ScttBOQc8.001,val,-7.4569926,6.41432
v5hZeuRW6m0.003,val,-6.1226125,8.1053295
v68FyWS-Q9s.000,val,8.406752,8.2258215
vAV6ovUKPDg.000,val,2.504117,-7.325666
vCCRvatOFLA.002,val,-3.659443,14.70534
vCV-5LypZCs.002,val,-3.6884563,-3.716065
vCY4uvfrWXA.001,val,5.510528,-9.221303
vHIBCKwJLEY.000,val,7.7986674,20.99904
vHc0pnY9BoI.000,val,-0.360222,-0.1402926
vHn6-GQAI_Y.002,val,5.354581,4.2547593
vIW7gDmhYMk.002,val,-9.702676,3.8270195
vLAHfIjmRMc.003,val,-9.057469,0.07660206
vLAHfIjmRMc.004,val,-7.487391,11.376312
vNEs2yGe77s.005,val,5.8869104,-1.5233979
vOEQlAMABWM.002,val,-5.2168245,-0.86767334
vOEQlAMABWM.005,val,-7.3983927,-1.0809573
vUKex2msIEU.000,val,3.6083262,-6.3570676
vUo6wnBOBpo.000,val,8.710373,-11.047429
vUo6wnBOBpo.003,val,11.458214,-11.488189
vfqYI2QmfeU.003,val,10.524867,-7.160518
vhugKRUnd-c.002,val,-0.19895531,19.78405
vhugKRUnd-c.003,val,5.2396927,30.756836
vo-Y5kgSBa8.004,val,15.785185,-9.510423
voB6O-ky9cA.000,val,10.136794,1.4348502
voB6O-ky9cA.003,val,8.624766,-0.13502283
voB6O-ky9cA.005,val,13.649154,-1.378238
voXr6-ykd1w.001,val,17.50529,-0.69505316
vp9p1osOaLI.005,val,16.880383,10.434774
vqLtOsoNPnU.001,val,-2.4372025,-0.7894944
vqLtOsoNPnU.003,val,-3.490205,-2.0804048
vtOEl_Mg0Io.002,val,6.089152,-0.8991184
vxuBHsokOX4.001,val,-6.8064923,3.035476
w7O2QJu2Wl4.000,val,6.6861467,-7.074882
w7wPDiQkiA4.000,val,-3.1197543,-4.4629455
w989xx44UQI.005,val,1.8544798,-9.740941
wBCSJVBr4ZE.002,val,-10.334022,5.239259
wBCSJVBr4ZE.003,val,-11.292289,4.820528
wDvZdcb00Bg.000,val,1.3688966,-1.7876009
wFZJ3gTKwwM.000,val,6.880859,-0.7626069
wVpjBxCirAQ.000,val,1.3616416,0.325328
wYZJ2HXfvmQ.004,val,-1.228866,-0.31540576
weggLuKPv0M.000,val,-0.64352465,7.2867827
wm94g-5Cg5s.001,val,-3.6376262,3.1091845
wr4dP9MuHME.000,val,-6.2756557,-2.239736
wr4dP9MuHME.002,val,-3.6040282,-1.3925711
wuTgJGTEK-0.000,val,11.363763,-8.67036
wuhoIm_jPc0.000,val,-8.866231,0.7091433
wuhoIm_jPc0.001,val,-9.441258,2.2495801
wy1szFSVpEI.003,val,-1.8424412,-5.990984
x0CZuHnJ0Hs.001,val,-10.873409,2.5415015
x0mD5kr2hu4.000,val,-3.4438357,-2.6982481
x0mD5kr2hu4.001,val,-0.41440365,-0.30527082
x57nEfACdXA.000,val,-8.008678,1.174997
x57nEfACdXA.004,val,-5.884472,0.73661304
x6Tluj4dJTU.000,val,-5.15744,0.83038336
x9FAFeaizu0.005,val,2.205662,-3.5906081
xA2OJtxFoeg.002,val,24.193613,-7.0890656
xDjhf8wrNWQ.000,val,-9.728044,5.599805
xEmwNv4OxGE.000,val,-4.8829713,-0.7334716
xEmwNv4OxGE.002,val,-5.633832,2.4077687
xHb5_bc1JOA.002,val,-3.7515914,-0.5586868
xHb5_bc1JOA.004,val,-0.4732422,2.0621214
xHb5_bc1JOA.005,val,-3.1600018,-5.3028135
xLfLuyIQOJE.000,val,-7.329157,3.8945801
xLfLuyIQOJE.001,val,-7.9796944,-1.5919843
xQHmbJ_lPjY.002,val,-3.8063388,-1.6803391
xRhUBifOWiI.002,val,18.292057,-8.338735
xVJDjbiIjTo.000,val,-5.1857142,-4.2609572
xVJDjbiIjTo.002,val,-5.917242,-3.1750305
xVJDjbiIjTo.003,val,-0.17334634,6.3248754
xYXVkQOmSfk.001,val,-11.335301,2.29937
xYXVkQOmSfk.002,val,-7.784484,4.162492
xZ9iwqHw7GY.001,val,26.479504,-13.190751
xfLVThCzEEk.001,val,-3.1977355,0.6224813
xmD4FKMq2rk.003,val,-6.5408545,0.50224644
xpSCu7PgJts.001,val,-9.965758,8.971911
xq0-QVHxp-Q.001,val,3.5958295,-5.738877
xqGyF2T3pso.003,val,-0.82004285,-4.583158
xrxAyO8pKUo.000,val,-6.3701725,-1.4649572
xrxAyO8pKUo.001,val,-12.495456,0.5747979
xrxAyO8pKUo.004,val,3.5075011,14.828905
xsDABUrvs6w.000,val,-6.6152873,11.037355
xsLvl2qGrxU.004,val,-5.005199,-2.1827729
xsLvl2qGrxU.005,val,-2.8304696,-2.5737598
xtDw9TlWiww.001,val,-10.021561,3.2728717
xtDw9TlWiww.004,val,-9.444746,4.0148168
xyOq5SL0Evc.005,val,-7.105343,0.47141498
y--uBBy7ebM.001,val,8.144372,2.7673044
y-0p6fGXLD0.001,val,-5.1598573,-3.023024
y-0p6fGXLD0.003,val,-4.7492104,-3.1651156
y-0p6fGXLD0.005,val,-4.324708,-2.0915804
y3_71Wpt9eA.001,val,-1.5598298,0.9117906
y3_71Wpt9eA.005,val,0.1496644,0.29852214
y4Ej1YSEQf0.004,val,-5.37514,-3.0614114
y4w-PiVPfjI.001,val,6.34486,-9.582411
y6LC5kAJmHw.001,val,0.3869612,1.7753203
yEE9FoKWdpU.004,val,-7.5910215,-1.7531824
yEY_2BYZhnQ.003,val,-4.016943,-1.9382058
yIe7Rp54-bU.005,val,-4.5792675,-1.9700009
yOzHZOg95Ug.002,val,29.109917,30.18907
yRVvI1x2DBI.000,val,7.219599,13.648738
yRVvI1x2DBI.003,val,0.45745835,-3.1997778
yUESJPS0wS8.003,val,6.2076297,-8.1622505
yVSfQZGt1co.002,val,5.281321,0.88870066
yVSfQZGt1co.005,val,5.7503104,-1.0345453
ygUEI08LgcM.000,val,-7.542406,-2.3557599
ygUEI08LgcM.003,val,-3.005927,4.5590177
ymrFbEMNBME.000,val,5.4807115,-4.3499036
ymrFbEMNBME.002,val,10.725526,-8.180523
yp-tfq1NxBk.005,val,-3.9924657,-4.531721
yyqXzlF8Fgc.003,val,-8.340941,1.8643584
z-CV743owek.002,val,-2.0109692,-2.70838
z-CV743owek.004,val,-0.590796,-1.9134262
z0v9LukQRHU.000,val,3.131735,1.8603159
z0v9LukQRHU.004,val,-0.439974,-2.032579
z1q3ktuRdII.005,val,-5.3634076,-2.254047
z3DO3tdrsnQ.004,val,15.643676,-1.6258959
z3DO3tdrsnQ.005,val,0.69269264,-4.912787
z6E5hLYhaZk.001,val,1.2405329,-8.17681
z6E5hLYhaZk.005,val,2.1931455,-9.40582
zDRQAU7MtjA.002,val,2.6754122,-4.553044
zEyRyTnIw5I.004,val,3.2701986,-1.274556
zFVjcb45pjI.004,val,-4.241168,-0.7103421
zFVjcb45pjI.005,val,-1.0949389,4.5149717
zH9pTx5_ZwY.001,val,-1.8535832,12.514971
zMXIf66PPhU.000,val,-7.8288255,3.7837908
zRevZ94Rxjc.003,val,5.917037,-1.2254138
zT_s9X21gAE.000,val,-6.683361,-2.0384037
zqpXz9h41jg.003,val,-8.301152,-1.2318146
zrbcY4TMVyc.001,val,23.264364,0.43075398
zupxsNi2er8.000,val,-4.8928123,11.240309
zupxsNi2er8.003,val,-9.389592,2.4874666
zvX4fNj0uxk.002,val,-3.4809518,-0.38707155
zwO2zBdbCb4.001,val,-8.112119,1.9367111
zxuPCshTSOs.000,val,-10.270624,3.6785657
zyGz_H1UTnQ.002,val,-10.564814,2.6124802
zyGz_H1UTnQ.004,val,-9.773086,4.37908
zyGz_H1UTnQ.005,val,-9.846779,1.530413
--Ymqszjv54.000,test,11.062732,26.233366
-10-QQDO_ME.001,test,13.262151,12.884217
-10-QQDO_ME.002,test,17.360756,22.341936
-10-QQDO_ME.005,test,18.32282,-1.4632478
-4J4xkfN5cI.000,test,26.850353,-11.023122
-4J4xkfN5cI.002,test,25.369442,-11.939112
-6otZ7M-Mro.002,test,-5.3136454,-0.88541853
-6otZ7M-Mro.004,test,-4.4757195,3.2264764
-8asrRvfJWA.002,test,1.2745686,-7.510665
-DOqN0d8KHw.004,test,0.05686555,3.2347755
-DOqN0d8KHw.005,test,-5.000956,-1.8677758
-Gl98Jn45Fs.004,test,-1.7840378,-1.8800429
-KtFfRqPFXA.003,test,-5.6358924,4.5990915
-N6QKrbnaDs.000,test,-8.195744,1.0407826
-N6QKrbnaDs.001,test,-7.905385,2.811572
-N6QKrbnaDs.003,test,-9.441272,2.5947561
-N6QKrbnaDs.004,test,-8.481141,2.436495
-NwfYYf5xLo.002,test,0.19506666,-3.199057
-PWjgx2czwY.001,test,-7.513916,-3.264348
-R2SZu3SYgM.001,test,-9.172668,1.5601971
-RqxrwIxMvE.004,test,0.35657385,-1.8383595
-VTqcHNgH7M.000,test,-3.4375784,-4.729737
-Wqk9eex6bQ.000,test,-9.032109,4.3901505
-ZP25UpJeJ4.000,test,-4.3749847,2.4400382
-aU2FN5pkWA.000,test,-2.171254,1.8445964
-agCXYgb7pI.002,test,1.8458831,-0.312164
-awAu11kBZ0.001,test,1.5152618,-10.585847
-fqiCqZtgYs.005,test,10.009411,-2.8272545
-lSBwF052u0.005,test,-3.308927,-6.9375215
-m5QCnnp-vI.000,test,-3.903384,-3.4965725
-mt-IKgGhuY.002,test,-8.606719,0.7880929
-rxiLMvlZqM.002,test,13.558264,4.398631
04oq2yrBwMg.002,test,-2.3531792,27.189817
05l5bteT_qA.003,test,-0.97236305,-3.3527622
0G2o3fik36I.000,test,17.009436,52.30118
0G2o3fik36I.001,test,-8.158332,-3.371144
0G2o3fik36I.002,test,-8.193498,-0.14751217
0MB91ku0eEw.000,test,-10.598074,4.2710347
0MB91ku0eEw.001,test,-10.480455,4.5036173
0MB91ku0eEw.002,test,-6.990672,5.715376
0MB91ku0eEw.004,test,-9.5190525,1.1947331
0MB91ku0eEw.005,test,-8.064424,5.77838
0ObEtA6Q8vU.001,test,-1.1726516,-1.4993788
0QTR0WiJSNk.005,test,1.4068102,-3.4879801
0SS47KwVOQ4.001,test,5.691696,2.346956
0_xOGmydDN0.005,test,-6.572751,6.752507
0axZSeaUbfs.000,test,-8.529418,-1.089159
0iQIfGnKflc.000,test,-5.3509836,0.41383266
0iQIfGnKflc.003,test,1.2505118,6.2329326
0kg6pmbSN6A.003,test,2.539556,4.329781
0kg6pmbSN6A.004,test,6.2418313,2.2290037
0u56Q_QmxIM.000,test,-2.574094,5.0857162
0uCqd5hZcyI.002,test,-1.934766,-2.408965
0uCqd5hZcyI.003,test,-2.0446093,-4.608588
1-GgVRmAEoo.001,test,-0.8757745,0.24683689
12Ezy1y1cWY.000,test,7.1745443,10.668615
12lqQE6oPNE.003,test,6.0795,-5.920947
13KtmgntgQw.004,test,-7.9174023,1.0357223
13kjwEtSyXc.003,test,-2.7094433,-3.6926563
19cplBTXyoY.001,test,8.085177,-3.7724044
19pTUX8KfYM.001,test,-8.671283,0.21415517
19pTUX8KfYM.002,test,-6.969505,-3.5331666
19pTUX8KfYM.003,test,-7.3266726,-2.635016
1DCnIad1Y0w.001,test,17.918537,-8.352703
1Kb5d-w3YJ8.001,test,3.0776725,10.003514
1Lv72Si4GnY.000,test,19.74738,-7.3178644
1Wh2mIFrGvk.000,test,14.978461,-7.720494
1XqMZQu_pP4.004,test,0.44398886,-8.527617
1hpZ2ecWqtI.004,test,-3.5522857,3.3869934
1mHjMNZZvFo.001,test,-6.700248,-1.891365
1mReUxIEuw0.004,test,14.613027,7.053571
1mdMhaq5p4w.003,test,5.7547565,-9.386738
1q-N_zbsAg0.002,test,-5.756949,2.2855968
1q-N_zbsAg0.005,test,-3.8964705,2.673281
1tPH6PNeOSk.005,test,0.82641786,-1.9453007
1uC-2TZqplE.003,test,-4.9614406,0.1774164
1yIGI42lzak.000,test,2.0388896,6.4849944
2-LDYe7OXZU.002,test,-4.5865088,1.0514671
26CMYJn3u6Y.000,test,-3.5159388,-7.100717
26CMYJn3u6Y.001,test,2.840618,-8.772257
26ZnknvfdNM.000,test,-0.25783962,-3.7018175
29UCGJldICw.000,test,8.031889,-12.068301
2AV8m02PjdU.001,test,26.543957,-4.212732
2AV8m02PjdU.004,test,13.347341,-9.026854
2AV8m02PjdU.005,test,8.400003,-4.6368246
2AYq7CdNXNo.005,test,-1.4635712,-4.7745986
2DZb5yIc6Fg.000,test,24.410635,36.207253
2Fgn78rYjPM.004,test,-1.6198977,7.9581647
2GHz8LYflE0.001,test,11.853916,-7.7634478
2GHz8LYflE0.003,test,17.01786,-7.346763
2HE6cw3HFPk.000,test,-2.8977845,-6.4857807
2NNYN1ZCJhw.001,test,-4.765008,-3.8994308
2PSGksTyrnI.000,test,-1.2311964,5.833303
2SzC9dm4Yy4.000,test,31.946222,-12.469903
2SzC9dm4Yy4.004,test,2.1265128,-3.8726122
2SzC9dm4Yy4.005,test,18.785042,-12.072221
2TMl5EMrdVI.001,test,-4.263511,-0.4397627
2TXrDZgbDHE.000,test,12.607121,17.677946
2TXrDZgbDHE.004,test,18.911667,21.466692
2TbU3Eg2i4A.000,test,-2.8625903,-5.996562
2TbU3Eg2i4A.002,test,-0.6258956,4.43337
2UxhlaDEPmI.001,test,31.10652,-6.712257
2Z8Xi_DTlpI.000,test,12.871064,-12.986949
2Z8Xi_DTlpI.005,test,10.204418,-12.391621
2bAsXLQjlt8.000,test,-10.996315,-1.0891173
2bAsXLQjlt8.003,test,-9.291167,-0.4514359
2c42A4Z7qPE.001,test,0.6467654,-1.7351967
2d6btbaNdfo.000,test,-6.592054,-2.798752
2d6btbaNdfo.002,test,-3.6429713,-1.9969891
2f7rLXwzP3s.005,test,1.0170426,-10.240343
2fzLibPAtvI.003,test,1.6212586,-4.810268
2hhqEWiv4eI.005,test,-10.32129,1.7830334
2kqPuht5jTg.000,test,6.866483,29.910023
2mfmw63l88g.000,test,-3.352056,-0.3726043
2oEUp9sGRGk.002,test,-6.8683662,-0.1972007
2q8orkMs2Jg.004,test,4.230287,-2.3325708
2uAJJH7B5aw.002,test,-7.0406313,-0.96239567
300gK3CnzW0.001,test,-6.172352,0.8936941
300gK3CnzW0.003,test,-0.19377188,9.410875
36sZ__mv_KY.000,test,-7.4990296,-1.4527487
383HhOtOBwg.005,test,9.878906,-10.958682
38fE5B4ghw0.001,test,1.6796558,-9.285803
39o1zJFeM7E.000,test,-3.6874838,-2.2218106
3CyIOM2izmI.000,test,31.030054,-14.45297
3DURnr95fMg.001,test,-4.424433,-0.5207757
3DURnr95fMg.003,test,-1.1193316,2.906449
3DURnr95fMg.005,test,-3.7786517,0.18494864
3J7Cl3FXs1o.005,test,-2.9363554,-1.5408359
3JAFkk42zPs.000,test,-2.3860357,3.2372227
3JAFkk42zPs.003,test,-3.4335628,3.0929134
3LAaFUSGvsU.005,test,-12.425093,6.855028
3P_D_bd-_NM.004,test,8.428886,-3.891526
3S72dDIm1fM.002,test,-4.352099,1.7551438
3S72dDIm1fM.004,test,-6.381816,0.43469045
3S72dDIm1fM.005,test,-5.4713016,1.2283096
3VTL2kFt17M.003,test,10.917664,-1.6743729
3Vr5-zedeWk.001,test,-9.762566,2.7521243
3VyriB3isO8.005,test,18.419245,6.807657
3WmWJ1lNy-U.002,test,-1.2752568,-0.8599223
3WoXkI06zGk.000,test,-2.214835,0.8989225
3b9fhd-EDaY.000,test,-0.8147847,7.1160464
3b9fhd-EDaY.002,test,-3.8407,5.2040195
3df_Uk9EmwU.002,test,22.999687,-13.790206
3g6Ab-BIbR4.004,test,-2.722034,2.8054307
3gmc2kLV4Bo.003,test,-1.0323771,-6.125148
3hKgh9AB3tk.003,test,-4.3120785,1.7030196
3hKgh9AB3tk.004,test,-4.820702,-0.3910704
3tPq9fNOXZQ.000,test,0.21719548,-0.7412656
3taD1fEPfC8.005,test,-2.2867157,0.958112
3wRj39GKLJ0.000,test,-4.957209,1.7240982
3wRj39GKLJ0.002,test,-1.3443631,5.5204496
3wRj39GKLJ0.003,test,-2.1090035,3.394115
3wgZrRMosvY.001,test,7.7905283,4.440774
3wgZrRMosvY.004,test,7.5396447,1.7777827
3ySH8eJQRCI.000,test,-8.251526,5.3604603
3zAyM2edy1g.002,test,3.080412,0.054016415
3zAyM2edy1g.005,test,9.113301,-2.007905
40rn4A64Bdk.004,test,0.017074907,2.1836271
41NNb7cucVo.004,test,6.112892,-8.360948
43tayteIFRk.001,test,-9.564139,2.6689756
43tayteIFRk.003,test,-10.367296,5.3681154
48S9_KZvzVw.002,test,-14.588565,2.4944508
4CSV8L7aVik.003,test,20.943733,-15.472482
4CSV8L7aVik.004,test,29.129213,-12.220641
4FS7wEOOBNk.004,test,-0.38859853,-4.824023
4JjpfL4y3XM.002,test,7.7376275,4.9050775
4JjpfL4y3XM.004,test,4.5835686,1.0517398
4OKYywIqnqg.000,test,-4.9748974,-4.8380265
4Qr1BjZhnpg.001,test,8.700862,-7.7339497
4RKQGZzPClk.000,test,-7.7264524,4.3802743
4XdZDodpzac.004,test,-2.4135365,4.643301
4a6-tNo-NDM.001,test,0.36569154,4.287909
4bDOetaLvZs.002,test,-3.0292373,6.622755
4bDOetaLvZs.003,test,-3.1254203,17.00339
4fN-DKUzgWQ.004,test,-5.324908,8.198255
4kIHxR6s1L4.003,test,-6.685729,-1.0440797
4kYaYIcuLpM.000,test,6.241349,-3.4272656
4lIbWq27O84.003,test,-8.594515,0.17891511
4lj66h4CXI8.000,test,0.3573405,-6.1517587
4nJLbAKgwfw.003,test,-4.5019712,2.4794888
4vJ69g7gAH4.002,test,-12.0519495,5.3358383
4vdJGgZpj4k.000,test,-3.4245117,3.3593473
4vdJGgZpj4k.003,test,2.7206714,2.616314
4yogPbHFQ9o.001,test,-1.9751304,11.174016
50gokPvvMs8.001,test,-1.4611741,13.451394
50gokPvvMs8.004,test,-0.093244776,12.343752
50gokPvvMs8.005,test,6.3313413,25.040426
51KRxB3g7A8.002,test,6.3542047,-3.561057
51z2rCqPqPE.004,test,5.426443,-10.623013
53QFyec0uN0.000,test,-2.1174443,-3.8978455
53QFyec0uN0.001,test,3.752716,-5.5465956
53gtUkC7IZM.000,test,14.938808,-6.592081
53gtUkC7IZM.002,test,16.300001,-6.3237877
54JawR1x0II.000,test,-6.8464394,1.072536
54JawR1x0II.004,test,-7.7623463,8.068243
57o4odfqTs8.000,test,-10.938845,0.11404464
5BPGRteF64Y.003,test,-9.453082,1.5753397
5BPGRteF64Y.004,test,-5.1105714,2.2760875
5CRqN54uejE.001,test,-3.23221,0.87995684
5Eez38v8TuU.004,test,16.019848,-6.8737593
5IqtX-uq28E.004,test,-4.9649563,-2.6779654
5Ku4_r_Yxsk.003,test,0.5585678,-0.8019656
5QUDu-PC7N4.000,test,8.100731,-7.1929345
5T2PhH-OMds.002,test,10.2243,-3.4036567
5VG1EgzvprE.004,test,17.242811,-7.3957624
5Wmlo8Z5yVA.000,test,-1.1017866,-2.8450027
5bYq8LXMRaw.004,test,-5.694675,-0.5861783
5bi_PM3XMEQ.001,test,11.708958,-6.2819486
5ghk5950BhU.000,test,-4.193917,-0.6412192
5ghk5950BhU.003,test,-3.2744396,3.7851398
5kwoq4EZixQ.000,test,6.643742,18.573029
5xA5iKk4v6w.000,test,-4.6539626,1.1311795
5xA8-Y5qgT0.002,test,-8.370709,7.627539
5xA8-Y5qgT0.005,test,-8.284788,5.07652
5z4G0biL9B4.005,test,-11.707146,1.7322642
6-_1-vBNl_0.000,test,0.9220878,-9.622832
69BopbFc34U.002,test,-4.7688427,6.468782
69BopbFc34U.005,test,-5.6990757,6.3817477
69EsTnCVCp0.000,test,-10.272405,1.2186537
69EsTnCVCp0.002,test,-8.649459,1.3572282
69EsTnCVCp0.004,test,-12.706297,4.0915213
69EsTnCVCp0.005,test,-10.044995,1.2205873
6EMgu2djYrU.000,test,14.358616,-0.9597623
6JfSPPVUgIg.000,test,0.37433764,7.80891
6M8OQNo64Tc.001,test,1.6670802,1.1064339
6N02tjYPLh8.003,test,-2.6149883,1.4140116
6N02tjYPLh8.004,test,-5.8531885,-1.2052811
6NjuNY4LfQc.000,test,-4.6464953,-5.21664
6NjuNY4LfQc.003,test,-1.5575714,-2.046994
6NjuNY4LfQc.005,test,-1.56891,-1.3296667
6RwVJK3husE.001,test,18.587921,-1.3745308
6RwVJK3husE.002,test,16.25306,-6.8821144
6RwVJK3husE.003,test,13.948124,-2.4283946
6SoFnys6mf0.000,test,0.112330176,5.5567937
6V807Mf_gHM.003,test,0.55770236,-2.8426843
6V807Mf_gHM.004,test,1.3004096,-4.359574
6WSr4IW6cNI.002,test,-8.487343,0.20010613
6WSr4IW6cNI.004,test,-8.3315115,1.1925837
6l0RBbxg4fk.000,test,-4.0387573,-0.42276144
6oL9yyc9iJc.004,test,-2.8498049,-5.151259
6tiGdvduOaA.000,test,-3.8657458,-0.29414394
6wHQsN5g2RM.001,test,-4.6061597,-0.6026664
6wIEiqmuHOM.002,test,3.870793,-4.1396646
6waL_gUxtAM.003,test,3.2171683,-7.2348046
6waL_gUxtAM.005,test,2.4000006,-4.834203
6zm71IHOCZA.003,test,0.23917988,4.1383033
6zm71IHOCZA.005,test,1.7749515,3.6711855
7-7qX0heWkg.002,test,-7.6091075,2.9503186
75XbCb7G8kw.003,test,-10.938289,2.2312443
78zauTEQ-k8.002,test,-2.8503633,-4.02104
7BgScfRre5M.000,test,-1.4434906,2.3177273
7FXs86Z98E0.003,test,-3.1168706,-2.1088457
7GRC7XjGzX8.002,test,-4.757423,-0.7437689
7Kn5VT9bB4I.000,test,-8.038936,2.2951162
7MwZm3mhSA8.003,test,-3.9826741,-2.3998444
7PYAn9njCHI.000,test,-8.820435,2.2865455
7PYAn9njCHI.005,test,-8.941674,1.7551364
7QpoDA8t6yQ.004,test,-8.442338,1.0575316
7WixH0aSfqI.003,test,0.237418,-7.782314
7Y3S4nfQHeo.000,test,-8.605989,3.351019
7Y3S4nfQHeo.003,test,-5.091969,2.6217494
7Y4cUPFEt-4.003,test,-2.029315,-1.5713654
7ZnijRlK5-E.000,test,20.259756,-16.18631
7ZnijRlK5-E.004,test,26.266891,-14.250759
7ZnijRlK5-E.005,test,21.034979,-13.9880295
7b9DirXrkHo.005,test,-1.8861282,4.1873894
7gXF3MVPXPU.005,test,-7.9704065,0.7333676
7kO7jYYUVWg.001,test,11.266634,-6.950413
7knYNR1tAig.001,test,23.991585,-5.445696
7knYNR1tAig.003,test,24.060019,-8.862723
7knYNR1tAig.005,test,31.583612,-10.923958
7qGYGbIg45c.001,test,7.3786836,15.051193
7qGYGbIg45c.003,test,-3.2747843,-0.21922617
7tB2Rtm4XeU.002,test,-6.6167707,-1.4144369
7tB2Rtm4XeU.003,test,-5.7553864,-2.118764
7u0o63Z7q9E.002,test,-3.2731173,-4.342519
836kYlEs9GI.005,test,-2.4219432,0.37433025
83cmR2fkyy8.000,test,-4.597975,1.6864822
84Lz5a9yRZg.003,test,-3.5160222,1.4548941
85isLsZHZpo.000,test,2.5527732,-5.915443
85isLsZHZpo.002,test,0.74922603,-6.0222664
86upzmhvpXw.003,test,-7.086789,2.0700958
87r3cLkrw4A.003,test,-5.0078197,-1.8054717
87r3cLkrw4A.004,test,-3.1126552,-2.4504383
8Bt-vEroq6M.005,test,-10.405443,1.7898687
8KyS0FKbKfI.004,test,-0.59566677,-0.70336235
8KyS0FKbKfI.005,test,0.64589965,0.31904027
8OckVmEZ8X8.000,test,4.1219563,-0.9939661
8OckVmEZ8X8.003,test,-3.0914242,-0.97044396
8PXQ_5tUv74.002,test,3.6035507,0.14659078
8QtlG5ujHyc.002,test,-1.8040589,-5.399836
8RObWRnyuG0.000,test,0.404235,-6.839041
8RVJqjILSD0.004,test,-8.291108,0.86707646
8WXW8ODj44k.003,test,-5.9886074,-2.546933
8XBprf4NyOg.000,test,3.3955255,11.504137
8YQKwMdiaAE.003,test,-5.9109216,-3.0150404
8YQKwMdiaAE.004,test,-6.25346,-1.5756733
8ZHpqRJ39HA.000,test,-9.617186,-0.58280236
8aPfoJiDeBY.001,test,-10.900724,6.5327044
8bn3HZY76xU.005,test,6.946466,19.971916
8cIuBkFoh0s.003,test,0.3316912,-5.2461295
8e4nnel_x-M.002,test,-7.340961,-2.3549976
8e4nnel_x-M.003,test,-9.541908,0.079786204
8g5jPiQ6XdA.000,test,-10.237533,6.522386
8g5jPiQ6XdA.005,test,-10.580357,2.096623
8gvBbE6iZNo.002,test,-8.927934,-0.31600082
8hGOOynn3ZU.000,test,-8.316929,7.4234524
8hGOOynn3ZU.002,test,-6.9526935,11.295036
8hfhLOXpCNM.003,test,1.4789777,-4.038381
8i7H-uSCQcc.000,test,6.7976437,-4.8774834
8mZZlnbmOYE.005,test,-11.210044,8.281491
8n6G3V3-Tk8.000,test,3.3514466,1.0803087
8qDKGnABATw.000,test,1.9387882,2.2723215
8qDKGnABATw.005,test,-1.4679085,-1.3359338
8yFYvQ_kxW8.004,test,7.9938235,-6.4398613
9-lptN92A68.002,test,-9.723453,1.8209786
9-lptN92A68.003,test,-4.020592,3.7089205
9-lptN92A68.004,test,-8.227422,-2.1354542
99OBSlFjLXI.005,test,23.949398,11.763911
9CPKW0sqR3E.004,test,21.716463,42.72381
9Crw2RtrBcY.005,test,-9.098443,2.102231
9DF_-PXbpkg.000,test,-10.62975,0.17130923
9J-KIPMQmqk.002,test,-6.7092423,0.93707633
9KAqOrdiZ4I.003,test,22.09104,-13.799244
9Lbj3wpwk-c.005,test,-1.959504,3.2476091
9NS6CgxJCGM.002,test,-3.8290367,-4.5166535
9NS6CgxJCGM.005,test,-5.0778093,-2.3930027
9RfE2-aTvaM.002,test,-6.3310027,1.1931714
9RfE2-aTvaM.004,test,-7.6708474,7.546432
9UEBU_yiTPs.000,test,3.1448405,-5.5188427
9UWCHrG5mys.002,test,7.5232906,-4.2654285
9XqeGs2MMic.002,test,2.1814473,3.1351154
9ZMIYSBYIh8.005,test,12.039079,3.3888454
9_6auSk_wkY.002,test,19.789383,46.555275
9_yDcQcapu0.000,test,-7.36211,8.237568
9_yDcQcapu0.004,test,-11.343321,2.761344
9a-3LrB7cDI.001,test,-12.687965,3.181235
9cHxDnk6SUs.003,test,-6.486763,2.2197492
9cj8rrj1wSk.001,test,7.2179484,-4.0237746
9cj8rrj1wSk.003,test,6.271954,-3.066281
9cxghgS9upg.004,test,2.2044415,8.278447
9eNHxfOV2Kg.005,test,5.7562737,-9.188587
9lA-PGQcHBc.001,test,6.8630085,-11.6176195
9mM_0vrO3wc.004,test,-8.13214,-0.23698248
9n8dNi-ERQ0.001,test,3.5366807,-8.561591
9n8dNi-ERQ0.002,test,19.905048,-12.962288
9uMpKla2OQM.002,test,1.1621993,-2.5267403
9xJ0rFCU-OM.000,test,33.810787,-10.401555
9yZEb6bdxNY.002,test,-4.630375,-4.1182656
9yZEb6bdxNY.005,test,-6.62423,-2.8359387
9z5cV1ANYwE.000,test,-0.64201736,-5.483694
9z5cV1ANYwE.004,test,1.2785257,-6.4540024
A0braVJH3Pw.005,test,4.0405774,7.1637416
A1lbD_OCuj4.001,test,-7.1576676,4.9045515
A1lbD_OCuj4.004,test,-6.7169056,10.002619
A29hMesGCEI.000,test,-7.945344,-2.9783182
A29hMesGCEI.001,test,-5.2315397,-0.0058776266
A3StIKMjn4k.000,test,-7.6753445,2.207128
A3StIKMjn4k.003,test,-7.750931,3.5562406
A4zSLp-1gps.001,test,5.1301017,-1.6847671
A7ZNwKJzGpk.000,test,-1.4186845,-2.690891
A7exx3pEPkE.001,test,-1.0241494,4.66293
A7qb47cmxJo.003,test,-4.7574563,-0.23341681
ABWFQuPG1LA.001,test,6.1018257,-7.8280177
ADBzMIo1jd8.000,test,5.0530815,-2.5759854
AEqpMdMeMZA.001,test,29.313704,-8.59485
AFvUxDwJB84.004,test,-3.6472285,0.93617934
AJIphVRpYrg.000,test,0.6765577,-4.419805
AJIphVRpYrg.001,test,2.5452306,-5.1867857
APqMkruLkoE.002,test,-7.1895213,2.1588511
AQz6_ZpzGIE.001,test,-3.9271216,-1.304136
ASDpn9yOYAo.001,test,-6.6172,1.0745555
ASDpn9yOYAo.004,test,-2.508468,5.6719832
AT9kY7tP710.000,test,11.290769,-7.1018324
AT9kY7tP710.002,test,12.2821455,3.5938003
AWe6ZZUmlZw.002,test,-7.9263926,2.674334
Af_F0IzHK6o.002,test,-4.8265915,2.4615946
Agg7z10B_iY.003,test,-6.552631,0.13444652
Ah5PEPT4xbo.000,test,6.5133953,-6.126467
Ahiq4zhmYco.004,test,4.8515773,3.9167113
AjCI_w9Szks.004,test,-4.0473437,-3.84552
AlEqtGWa43g.001,test,-3.3548853,-3.2303193
AlEqtGWa43g.002,test,-4.6566863,-2.0409436
AotbiNsU85A.003,test,-1.4981234,-1.5574571
AotbiNsU85A.004,test,-5.5107646,-3.361679
ApPnsnIZozw.000,test,-3.5216146,2.38363
ApPnsnIZozw.003,test,-5.6870255,-0.07966309
As93GgkTdt4.002,test,-0.42752084,-4.692077
As93GgkTdt4.005,test,-2.0696056,-5.5730915
AvuWv3LLmrA.000,test,14.401857,12.248975
Ay7bZ7Sgx9Q.002,test,-7.329481,-1.1370014
B-OJ_xZILLg.004,test,-3.4856749,12.111389
B3VQeeev0r0.003,test,17.257149,-9.649242
B4ducm9sydg.004,test,-0.11753504,6.7293873
B77ZCcCMrkM.000,test,1.8881464,-3.5763993
B8kzwm6ZaUo.003,test,14.334401,-3.7901042
B9NSU6gQdRw.000,test,-4.5795517,-0.77494067
BBSB9OJdb0Q.000,test,-6.798481,2.9876053
BJpWi1qGp1A.003,test,-0.18741827,-4.0920033
BLKXsX7-WIg.002,test,-9.466868,2.105875
BLc_GvsbI1U.001,test,-10.19157,-0.9741605
BLc_GvsbI1U.004,test,-9.874411,-0.1492215
BLc_GvsbI1U.005,test,-10.712391,1.1381779
BLwgxAWf7cg.002,test,2.5216894,-2.5101845
BS0wgLXqFgc.002,test,12.683128,48.135635
BSfClgoqf00.001,test,14.417006,-7.8534465
BStHNKV820Q.002,test,-4.074683,7.278276
BStHNKV820Q.005,test,-9.136193,3.5783627
BV6Pqy4fSwc.002,test,24.231365,-13.875921
BWAEpai6FK0.004,test,4.2307363,-5.1302505
B_DeKthR_V0.000,test,0.35687733,-1.6185259
Bbx88iJwZ5Q.000,test,9.610431,-13.984947
BeyIfaH64xY.005,test,-4.1507506,-0.035752267
BfTaDQvantk.000,test,-3.9979026,-1.3578367
BgfYyUAoNPs.002,test,0.12338777,-4.4098477
Bije9nsMl7M.002,test,-9.050997,1.1523614
BlvmREgt2C0.001,test,-1.8769066,-3.6394486
BmDClgdWlH4.001,test,-10.799305,-1.6517682
Bmn4YEhgBDY.002,test,-3.258159,-2.0110862
Bo-mrL28d8M.000,test,8.915213,-0.56359744
BuKzIqR4eBU.003,test,1.2810906,-6.0167365
BuKzIqR4eBU.004,test,-0.33829808,-4.389009
BxdFQhBNZys.001,test,-3.918036,0.24552888
Bz3Jx4QL_6Q.000,test,-12.338055,2.637561
C-48U5oDuvw.002,test,-8.166676,1.1588569
C-48U5oDuvw.005,test,-8.654594,-0.026751168
C0UMWrEJ2x0.002,test,-4.585155,-2.1733782
C23rns4ZCy8.002,test,18.805153,-10.050763
C2Y9Puk3Obk.004,test,0.7150715,-7.6497693
C3knX70mzxQ.002,test,13.351408,-8.038869
C47tB5JmEqQ.001,test,2.877288,-6.4846344
C47tB5JmEqQ.005,test,2.6759353,-8.758177
C5qRszPK9HY.000,test,-8.053511,-1.3971615
C5qRszPK9HY.004,test,-7.755957,-1.817416
C9W-AEBcQzo.000,test,21.857922,14.447825
C9W-AEBcQzo.001,test,28.932293,10.510131
CESTtNvDpww.002,test,39.047756,83.46661
CFK8ib0aWe8.002,test,-3.3439493,5.2297564
CFk4v2Kd5Ns.000,test,4.433887,-3.1595962
CGfr9jl8w4Y.002,test,-8.023428,-1.5559369
CGfr9jl8w4Y.003,test,-5.877428,-3.545529
CO7vZjYF6Zk.004,test,6.7199926,-7.9456334
CO7vZjYF6Zk.005,test,9.080269,-10.334729
CPtaCNonKlE.005,test,-1.0442792,-4.161197
CQMH9Qguuao.001,test,1.4805995,9.530513
CRLsCyMfskE.005,test,-2.772149,-4.673432
C_NtwmmF2Ys.001,test,37.336998,-7.1348243
C_NtwmmF2Ys.005,test,29.458965,-5.6372914
CbNAOLHByZQ.003,test,21.050867,-14.005984
CdUYBux3Vn8.001,test,10.173135,-0.8953681
Cdh_OCMZ4U8.004,test,-7.960147,0.46403846
Cl5jhuLQ9Dg.000,test,-6.2757697,-1.1162859
Cng72emlXAM.002,test,-1.6968006,-3.7241466
Cv_QK9bPagQ.004,test,-8.285662,3.2159834
CwmjP27fivQ.002,test,0.4022531,-2.422987
D4TU65xbF4g.003,test,-4.9882517,-1.171508
D4hPHPp1W-Q.003,test,9.91994,-9.788001
DChmTb-c9uM.002,test,10.664458,-6.181556
DChmTb-c9uM.003,test,4.193685,-7.1446085
DZfcVxy2ceI.002,test,0.6526934,0.038622614
DZfcVxy2ceI.004,test,10.350148,2.6992605
DcVwxxbKGF4.000,test,-6.5247917,-0.4833352
DcVwxxbKGF4.004,test,-0.265838,-0.45295084
DctPau1p7JM.000,test,-7.0251126,0.99081475
De4i7-FX9Og.002,test,-2.3324661,-6.070053
De4i7-FX9Og.005,test,-4.673263,1.5502654
DegRGUG4Wi0.004,test,1.6886593,-0.5560329
DegRGUG4Wi0.005,test,28.325535,-0.09157441
DfpKVl9Zpdg.000,test,-4.9284477,6.69981
DfpKVl9Zpdg.005,test,-2.4469492,12.641564
Dhbva5oGE7g.004,test,-1.7409616,6.745058
DhqfB9chceo.004,test,6.796453,-4.26836
DnTtbAR_Qyw.003,test,-5.4263134,1.8509105
DrlC4bEYcmw.003,test,17.69152,1.6347429
DvWzedL3QCk.003,test,5.9356327,-10.556433
DvWzedL3QCk.005,test,4.62128,-10.671768
DvmzcQI5cnM.002,test,-7.093126,1.930669
DyZlhseSuec.000,test,-9.402687,2.1027849
DzqJmiQjsZ4.003,test,5.8008814,11.026667
E3z1D7CKoOA.004,test,-7.3211584,1.3391302
EAMHqNxa9yY.000,test,16.549086,8.694755
EL1Q7x_1a74.004,test,-10.316345,0.06911475
EX3i4IMY1Pw.004,test,-4.3527737,-6.4224815
EYbPGTIcnjs.004,test,20.606928,-13.731745
E_xAcdGpPCI.000,test,-7.113495,0.45345655
E_xAcdGpPCI.002,test,-6.3463345,0.5075122
Ea0UKBPCm3Q.003,test,-2.1682355,0.9471942
EcOC7ZVRSg4.005,test,-0.9540735,-3.7085052
EelHLfeSJfM.000,test,-1.321867,10.402812
EelHLfeSJfM.003,test,2.10649,19.38689
EiXQ9RErt6c.000,test,-7.735311,1.7023691
EmGTj1DRMbo.001,test,1.4486655,-2.3978803
EoakbXJmcto.001,test,-5.7801685,-5.754037
Etw3iulV5Eg.002,test,-5.9430156,-1.922227
EwMMNKLjO9w.003,test,0.09910066,1.6517018
EwMMNKLjO9w.004,test,-4.4002614,3.0577238
EyX8QI5nPTY.003,test,-0.71415704,-6.783945
F4yC1_n6ApY.000,test,-3.6758065,-6.3432183
F5iykLTSCJc.002,test,3.5400488,-0.26711917
F5kL7RWS_f0.005,test,-8.375289,1.8767766
F9mZ6De_6Ko.003,test,-1.000043,-8.554584
FGkS4vJYOpM.001,test,-4.6620164,-0.27821738
FNHMXPaHll0.001,test,4.81917,-3.2002592
FPfgwGsy8dE.005,test,-11.433359,1.9415008
FSBBbxNi0iU.000,test,-7.5860543,1.0058821
FSBBbxNi0iU.003,test,-6.7783217,-0.9353527
FTk2SCmJI_w.002,test,3.8696828,-2.0792117
FU1ak530DDo.002,test,11.885193,-8.971491
FU1ak530DDo.005,test,14.579975,-0.49240476
FaBTYkzhuK4.003,test,-5.677766,8.454864
FcR9VhCxBb0.003,test,-1.4308553,-0.9911185
FcR9VhCxBb0.005,test,-0.97257155,-2.536708
Fco1CMgOadI.004,test,14.377936,-7.3413277
Fe9_SVPd_5I.000,test,-6.9535813,1.0164362
Fe9_SVPd_5I.001,test,-8.97462,-0.014684806
Fe9_SVPd_5I.003,test,-8.213735,1.056276
FksSYDfLH04.000,test,1.4451016,-5.7426853
FkzVX7SQ9wE.005,test,-3.8115396,0.21683079
FlAGm93fJa0.003,test,-8.019765,-1.1321809
Ft0ahViXZPc.004,test,-8.820383,1.0277197
FxVUG2R1y0Q.002,test,-3.3346543,-7.2069592
FxVUG2R1y0Q.005,test,-0.066203594,-4.7009926
G-25EWOIGNs.003,test,-3.919384,-4.4135313
G2D3qU6R_YA.000,test,1.1334935,-5.0438166
G2D3qU6R_YA.003,test,-1.5445493,2.3908606
G7hYffrZ1Hc.002,test,-3.285417,0.28854626
GG9WPQLI_rg.002,test,-8.463609,0.57840717
GG9WPQLI_rg.003,test,-5.8333426,0.29008794
GHetseJP358.000,test,8.049044,-4.668769
GJ0uTtD3kSg.000,test,5.4150834,-2.1717067
GO6s-qDADuU.001,test,-0.8280191,-7.0630007
GQczMGrVgbc.004,test,-5.498311,-2.915141
GR-P1m_Yvm0.003,test,-3.93336,0.12400718
GR-P1m_Yvm0.004,test,13.894537,5.1454372
GaUs3UUUtmw.003,test,0.14046314,-4.151721
GaUs3UUUtmw.004,test,-0.12160447,-4.8774323
GcuoyJPO-KU.000,test,-4.644171,-5.6101785
GcuoyJPO-KU.005,test,0.10469033,-7.4354787
Gdrgw7Z6tLg.001,test,-3.7777436,2.5675638
GiILhJbj5JI.004,test,-5.378043,-0.7892507
GiILhJbj5JI.005,test,-5.4459286,-2.3367567
Gk94xrcmFts.001,test,-7.5814457,10.715082
GkPz3-y6Les.000,test,-9.530879,2.7146113
Gl93Hw1A2kY.000,test,16.135717,0.93742573
Gl93Hw1A2kY.001,test,-0.19606666,0.9747368
GqFpXstFUZI.001,test,-8.599189,0.8306498
GquB5W7bzFo.004,test,5.943007,-5.6087823
Gtq5nfRlRx8.002,test,14.086726,-8.299055
Gvdh94z-SoM.000,test,1.8959193,9.199569
Gvdh94z-SoM.001,test,13.852212,18.243444
Gvdh94z-SoM.003,test,-3.6261606,-4.683687
Gvdh94z-SoM.005,test,2.3212976,8.187056
GyLjVOVPGKQ.000,test,-2.353743,-4.1846647
GyLjVOVPGKQ.002,test,3.6597023,0.25691926
H6yu96w7tUc.001,test,-7.62437,0.4598732
H6yu96w7tUc.003,test,-5.9371905,2.457193
H6yu96w7tUc.004,test,-7.5824966,1.8087308
HEHMW0uiFa4.001,test,-0.98453075,-3.5552337
HH03EXo0TB0.005,test,-8.260904,8.485762
HJkoeB_F4c4.004,test,1.3356808,-5.4320717
HL-K_PZXFR4.003,test,-6.5148525,1.5509355
HPEemWelY1E.005,test,-7.881802,-0.3683448
HTF8k56_Oxo.000,test,10.7669325,21.767467
HUHFlCs3YJ8.002,test,-4.456596,-1.5644747
HWuh0biZQ_c.005,test,-3.831941,7.209108
HekcZ0Em60E.001,test,0.56821746,5.4593062
HhC2cGFFZeY.003,test,10.063306,-2.9673886
Hklc55y7vUI.003,test,-2.0601099,0.059914514
HkqPfxphZsE.000,test,-3.6025712,-2.8682828
Hm5K_K0v718.002,test,-8.240237,-0.036369585
HoJXPFp9hYo.001,test,-8.045012,-0.8644456
HoJXPFp9hYo.002,test,-7.9563823,-2.2440574
I5x9T9ftW18.001,test,0.9568159,3.6222818
I5x9T9ftW18.003,test,-3.1692216,-4.606782
IFF47jVKMj8.005,test,-5.243258,3.367684
IFXaH_E54iA.000,test,4.2342,-0.1437423
IFXaH_E54iA.003,test,3.4609835,-5.6262255
IGjI8aP14gg.000,test,6.619411,6.7761946
IL5VgGakSNw.001,test,-5.6972404,-2.4243207
IL5VgGakSNw.002,test,-6.390082,0.2837635
IL5VgGakSNw.004,test,-7.6304293,-0.5609008
IP_Smb0hVSw.002,test,-9.938467,-3.4503212
IP_Smb0hVSw.004,test,-7.204629,-2.775829
IQNNEfYYYiw.000,test,5.431645,-4.970939
IQNNEfYYYiw.001,test,9.814002,-4.4133673
IQNNEfYYYiw.004,test,5.9181814,-5.218827
IV01x2GS61g.001,test,-4.620138,-1.3533424
IV01x2GS61g.004,test,-8.897997,-1.0414696
Ie2y_yOeKpo.000,test,5.367914,2.351586
Ie2y_yOeKpo.002,test,1.1163329,-5.3441515
It0-yCwOc5k.001,test,-0.031756833,1.3410589
ItkIHtgVhIk.002,test,-0.7997025,1.6232063
ItkIHtgVhIk.003,test,-3.7157042,3.7247765
IveGfOJ86wY.003,test,2.00936,-2.567481
IveGfOJ86wY.005,test,1.0084538,-1.1983304
Iy7rcTk7KsQ.000,test,5.3301196,9.476324
IyBCZySg-c4.004,test,-6.9463234,-2.2297163
IzsP0TRzFbo.000,test,8.676187,1.8795694
IzsP0TRzFbo.001,test,13.768389,4.753461
J0JrzUmZGcA.000,test,-7.990743,-2.2519412
J28DwJsK8Do.001,test,-4.307408,-2.361186
J30sMEMrKjA.003,test,-2.7209914,-6.7828684
J4GQm9j0JZ0.004,test,-0.6534973,-3.053401
J6RHl6U6Jcw.002,test,-8.240229,-1.6175492
J6RHl6U6Jcw.003,test,4.162593,-6.13629
J8N2OCqM6N0.002,test,-6.4392967,5.19609
J8N2OCqM6N0.003,test,-6.2681284,2.5451374
J8N2OCqM6N0.004,test,-4.813167,5.0661397
J8YpOUmN_aI.002,test,-7.0994606,-0.33845758
J8YpOUmN_aI.004,test,4.257989,8.117479
J9MfhPoJOaw.000,test,-1.2972751,-7.0135684
J9WyswA0vow.000,test,-0.69423276,-2.6316636
J9WyswA0vow.005,test,16.393454,7.8965535
JJs_HTelie4.000,test,1.3625551,-5.0425296
JJxLsbLQlIE.001,test,-6.1228366,-2.7608483
JJxLsbLQlIE.002,test,-4.1282625,-4.7780995
JJxLsbLQlIE.003,test,-4.5754604,-1.266529
JO44XCaQGVY.001,test,-0.81675917,3.3266032
JRqhE9jsamU.000,test,-10.29343,0.03893278
JSEx8RqGcPs.003,test,10.45751,-14.407655
JSmYRIDgryI.001,test,1.3300457,-1.2294453
JZNMxa3OKHY.000,test,13.295234,-10.779991
JbXgnjVWEoM.000,test,2.9628587,6.9174147
JbXgnjVWEoM.003,test,1.7318785,3.9970837
Jcw9NZkMn6I.000,test,-9.356604,2.2213883
Jcw9NZkMn6I.003,test,-6.1077576,1.2783906
JduPstuHv5A.002,test,-1.757917,4.652604
Jf8lqSpAjZ8.005,test,-8.367846,1.9612688
Jh8yMyNZkuo.000,test,-0.7881997,0.08361628
JmAQlC-FEV8.002,test,18.875254,4.152157
Jn76eAPxjNA.001,test,-5.0418377,3.0225008
JoQRNgGQCgY.001,test,-8.293193,2.2622128
Jog1-pYOSD0.004,test,0.3533226,-6.969544
Jy716zClCKs.004,test,-7.524077,1.4485396
JzS1ZJGBd5A.000,test,-3.682237,-3.557307
K-iwJMxjyx4.002,test,-6.0201883,0.0052007344
K9ZTOb6PbfQ.001,test,-8.230093,-0.5377973
K9h_wA30XgM.003,test,-0.43803266,1.4010197
K9h_wA30XgM.004,test,25.04293,-2.648963
KDwpjQiIfjY.004,test,3.0154905,-2.4793837
KGRUaRe3r7I.004,test,-11.287794,0.053356353
KH1PIMlztec.000,test,-2.5574994,-4.9416785
KHQJhOzdrYo.001,test,-0.059996605,1.6125956
KIJ9IYETe38.004,test,-3.9589555,-1.4622978
KJ643kfjqLY.000,test,8.539274,-9.614514
KLY518hfGhU.002,test,17.85744,26.258661
KLY518hfGhU.003,test,6.8943133,5.7710724
KM6Nc_VipyQ.000,test,-3.5683815,-1.1872107
KNOHhnRMpSw.004,test,1.4755261,7.860447
KNx7_ajRwDI.002,test,2.0611002,-3.8364122
KNx7_ajRwDI.004,test,0.27043542,-2.8865001
KNx7_ajRwDI.005,test,3.6242766,-0.7352992
KTdbKiGFzJY.001,test,-6.7442327,5.4169836
KVepk_9iPEU.000,test,-6.219216,-0.1154159
KVepk_9iPEU.001,test,-4.3572874,0.26387691
KYkfjIZEScM.000,test,-4.606145,-1.0032783
KYkfjIZEScM.002,test,-7.248633,-2.4331193
KYvMsMLNGvY.001,test,-5.253327,4.758093
KYvMsMLNGvY.002,test,-8.517417,1.7021319
KYvMsMLNGvY.004,test,-7.7344522,2.966507
KafUbLs_Fl8.000,test,-6.3824553,7.402046
Kga18VO9VwY.004,test,4.9405093,-7.1025662
KhMsmtSC5Lg.002,test,27.161457,-7.848836
KmHe8urs3LI.001,test,13.891605,3.0851405
KmHe8urs3LI.004,test,2.0291903,-1.2338563
KnbEca4Ibwk.003,test,-8.784612,2.838031
KnbEca4Ibwk.004,test,-4.2843137,0.7752451
KpTHRBaYny8.003,test,3.0366852,-3.6938062
KpTHRBaYny8.004,test,-1.2125304,-2.641767
KsToJAKi7xQ.001,test,-6.971774,-2.5754266
KtY6C83o2rs.002,test,18.933823,-7.287395
KueRj0rDWIE.004,test,-0.006816494,14.068806
Kv0kZgqZEM0.005,test,-9.1483345,1.7324027
L-C1blPD_ec.003,test,-3.161615,-1.0543115
L4uFD6434Pc.000,test,-3.027229,-1.1667486
L5PkZA1ErYY.003,test,-5.9562707,-2.1782112
L5kpy0SA7os.001,test,-7.608921,-1.5706897
L5kpy0SA7os.004,test,4.126211,12.598503
L9sG80PI1Gw.000,test,-9.675035,0.43471828
LBKbubsgpE8.000,test,-2.8227925,-5.261935
LBKbubsgpE8.002,test,-2.1465483,-7.93505
LBKbubsgpE8.004,test,-1.7362329,-5.6651907
LBrmHHzyIiY.004,test,3.351168,13.288497
LGPm8ok6kVo.000,test,-6.2016187,-2.0897841
LGdzP-r_G3U.000,test,-8.792283,0.8639924
LGgx7RVdL2Y.003,test,4.769379,5.95553
LKBoLbWHJYI.000,test,2.5604594,-7.6118393
LKc69Et2Jg8.002,test,1.8953294,-0.73653847
LKc69Et2Jg8.003,test,-2.912566,-2.3297296
LKqN07ryM5I.000,test,-6.7307634,-0.901879
LKqN07ryM5I.002,test,-5.6400723,-1.1101685
LNiiKncirQA.001,test,-4.2632036,-1.0500481
LP5N5uPfTdA.003,test,3.6908283,-2.6129327
LRczShwIVbM.003,test,8.163464,-9.812246
LSqijVxP0EM.003,test,1.8879521,8.506535
LWO2ZhalAEY.002,test,4.507006,-12.04345
L_gmlaz-0s4.000,test,3.3101487,12.077409
L_gmlaz-0s4.004,test,-4.570917,8.284654
Ld8ouPJpdDU.000,test,19.32436,25.040956
LeQKH1vAVpg.002,test,-8.792138,-1.1899464
Lj1WuMXFa-4.003,test,14.0419655,-9.782609
Lj1WuMXFa-4.005,test,31.362892,-15.017467
LmA23EIaXqg.004,test,7.0000744,-5.2428217
Lt89YrQHF_w.003,test,-4.753374,11.23518
M17x1DCxFj4.000,test,-1.3406458,-2.3092353
M20gRMBy-4I.005,test,-6.0929637,8.48662
M39PNQ8Omhc.002,test,3.9532979,-4.139151
M5_x5J-H2I0.002,test,4.6476336,-4.368914
MCr6FmFAhak.000,test,7.1372123,-5.4316382
MDoZUDTSayc.004,test,14.469259,-6.4010444
MI_GQLbnoew.002,test,-6.817374,-3.2181494
MI_GQLbnoew.003,test,-5.8099294,-2.3753698
MK7KveAeb6Y.001,test,-2.8329947,-4.359828
MLCIfM5jYlI.002,test,-4.8278317,1.0130447
MOobNUpfWiY.001,test,2.5679965,2.3901768
MZkDsB04kt8.001,test,14.484564,-12.4036665
MZkDsB04kt8.002,test,19.90753,-12.783976
MZkDsB04kt8.003,test,14.79394,-11.813697
M_OpMKBEOyU.005,test,-2.9671326,9.410225
MkVsl0hdphE.005,test,1.6330563,1.9645016
MlBwEhjftAw.004,test,-3.811045,-2.701666
MsGTYOOp4hE.000,test,0.9005497,-1.1657516
MuYYY3XaJ7Q.001,test,-5.809076,-2.052047
N0UweTwwQqQ.002,test,-4.260997,-3.3749323
N0UweTwwQqQ.005,test,-4.924086,-2.8538375
N4tuu9aCXkw.002,test,0.1894806,2.2468746
N7oR6_oMBFk.003,test,12.771229,-4.686613
NF8nb3SQPNg.004,test,-0.55522656,0.07772357
NFAlff6GUpA.004,test,-9.552516,-0.6805857
NG8qWulkRM4.003,test,2.4883795,3.1928883
NG8qWulkRM4.004,test,12.786507,24.273249
NVvKBE5FTMk.002,test,-2.7211392,-5.190254
NVvKBE5FTMk.003,test,-4.3617716,-3.9515297
NVvKBE5FTMk.004,test,-4.166692,-0.34685922
NXG4n1pr4Ok.000,test,-0.24488156,11.5843725
NXG4n1pr4Ok.003,test,-6.902774,2.8114927
NXG4n1pr4Ok.005,test,-2.8930151,7.9014935
NYlFsljF0VM.001,test,-10.472291,6.237507
NZXtEENlWL4.002,test,7.789043,-9.196181
NdAJGXf8aos.000,test,14.988261,-12.797779
NhyVkwcZbTA.001,test,4.210714,-6.2388654
NoHext7JXYU.002,test,4.5906506,0.93359345
NoHext7JXYU.005,test,-1.3484668,-0.7361664
NpMRzuRmeDQ.002,test,6.603338,2.4930685
Nv0-x4K9YFI.003,test,-0.021334583,-0.41608125
NyQ2K2J3N0s.002,test,32.942307,-8.2991085
NzCflfxgvwo.001,test,-1.1974792,3.0489748
O2J_3ScUCUQ.001,test,8.876459,-6.8866954
O2wMPdp2-Is.000,test,5.6101947,-9.923394
OACoHiwOdXQ.000,test,-9.582345,-0.06258262
OACoHiwOdXQ.001,test,-10.749001,3.1467097
OD3cfWeJaOY.000,test,0.39606488,-7.550534
OD3cfWeJaOY.002,test,12.381057,-11.970558
ODDGS0hTcUc.002,test,-0.45473742,-1.6673036
ODDGS0hTcUc.003,test,-4.55226,-4.0639668
OLFhKCgexRU.005,test,-10.063012,0.70078963
OMHlfDF99Mw.001,test,-6.4890385,12.275644
OMHlfDF99Mw.002,test,-2.7351947,9.983733
OMHlfDF99Mw.005,test,-7.0811872,7.66141
OMTlpgrJYFk.004,test,-2.773517,-4.571307
OSDlyk5ZgAk.001,test,-6.2604895,1.5720476
OSDlyk5ZgAk.005,test,-6.782158,0.86026186
OTXGM3Guxy4.002,test,-1.0040016,5.3728676
OXkDmd3nA94.005,test,23.243515,-1.200685
OZlpENU9h28.004,test,-1.2378657,3.337571
OdwK_oMdfSU.004,test,-9.988768,-0.18018927
OhHg1lyxe4I.003,test,-7.872258,4.955119
OiDyfO2zB7s.003,test,-2.5860846,2.6357148
OmXuhT4yJpo.001,test,-8.10207,-0.86124605
OmXuhT4yJpo.004,test,-7.0224323,2.433183
On2c_8sU8Vw.000,test,-2.3332438,-5.7937293
On2c_8sU8Vw.005,test,-2.9539807,-4.317158
OovRk5U9_GY.001,test,-0.8851773,-6.1688166
OovRk5U9_GY.003,test,4.9452753,-7.995929
OovRk5U9_GY.005,test,-1.5968014,-5.2097297
OoxYhDbzWwg.001,test,-4.291969,5.1034546
OoxYhDbzWwg.003,test,-2.5704992,6.3059044
OtGJDbI9qkM.001,test,-8.630945,2.1736012
OuE91U_n04E.002,test,5.8018126,8.086596
OuE91U_n04E.004,test,-3.1833138,-3.5147238
OugdInDyt9s.004,test,6.885996,-8.627078
P0ZzjnS8E24.002,test,-9.405056,-0.3736046
P0ZzjnS8E24.003,test,-3.9446814,3.2316113
P0ZzjnS8E24.005,test,-5.7080956,-3.8580515
P0a209IS614.000,test,-8.266478,3.717621
P0a209IS614.001,test,-5.8867574,-0.12930052
P2T93mqAsWk.000,test,3.0233865,-4.2307982
P7poMmhYnM0.000,test,3.2506166,-5.033543
P7poMmhYnM0.002,test,1.8122665,-6.1391134
P7poMmhYnM0.004,test,7.431935,-1.184712
P9WDAY-MFzk.004,test,-9.800644,1.1118625
PEjFZNkbQos.002,test,13.032866,-3.7339163
PHUlL5ZzX5U.002,test,11.923902,7.6524715
PHv6CzBIC5E.003,test,6.453188,0.47647
PKe86w7jSGE.000,test,1.9397943,-2.6476638
PKe86w7jSGE.004,test,9.748529,3.5207543
PKtzsEqLGx4.003,test,-6.2251005,0.9033785
PQBGDxYGaXU.002,test,-9.504981,1.8073051
PReOtefm17s.000,test,-5.3933806,-1.8917495
PReOtefm17s.003,test,-2.431671,-2.6754456
PReOtefm17s.004,test,-1.3157337,-3.0085278
PRplbrM70sg.002,test,10.359452,-8.540498
PTV5TBVRHxo.004,test,-3.8165445,-4.4939523
PTV5TBVRHxo.005,test,-6.5179553,-2.3918858
PVm7Om88BSw.000,test,-0.6779852,6.550654
PVm7Om88BSw.002,test,3.3013384,14.979366
PVm7Om88BSw.005,test,-2.414643,-1.028178
PWAe9M2SxT8.002,test,-5.5685616,-0.15264869
PWAe9M2SxT8.005,test,-7.8747044,1.9261687
PWM-bKcs2p8.002,test,-1.325239,0.9132317
PWM-bKcs2p8.005,test,-1.8861592,-1.2560793
P_wDFLJnW-o.002,test,-5.262554,1.2901957
Pb7aNc6Kd40.000,test,-8.999271,1.1600125
Pc-oQQwkIv8.002,test,5.354391,1.0044264
PgpMUHH8lEI.001,test,11.4044485,14.417051
Pmhjv20yOl4.003,test,-7.7377915,4.471186
Po4UGCJbCbw.005,test,-0.37873185,3.3428118
PpJ4S8ZM8mQ.001,test,12.177609,-4.2639685
PpJ4S8ZM8mQ.004,test,4.8982725,-4.116931
Pr-RpZ4gYCM.003,test,7.953085,-4.8221855
Pr-RpZ4gYCM.004,test,-0.7563269,-6.8629684
Pr-RpZ4gYCM.005,test,5.6649942,-7.5140815
Prb5j6jLKBs.005,test,3.1030393,-7.4803233
PsHb4YHooKM.000,test,0.90473765,1.528589
PsHb4YHooKM.002,test,-0.6276488,2.7222903
PsHb4YHooKM.004,test,1.1995285,-1.3141614
Psahy1Vju4A.001,test,-11.669464,2.0710568
Psahy1Vju4A.004,test,-8.299624,1.5735337
PsqpkFKX8co.003,test,-2.5676935,-5.175274
PtBXYDPakZo.001,test,4.5802803,5.9167824
PxkMDzORBPE.002,test,-2.1608193,-1.4465895
Q0C0OU-j4DA.000,test,0.76157874,-3.2267048
Q4z4GRUtccE.004,test,-5.9226933,9.64106
Q8Hfg0odW2k.001,test,-9.929068,0.57857233
Q9B3SJkH2Q8.001,test,-3.8931277,4.30511
Q9B3SJkH2Q8.002,test,-1.857951,5.7145996
QBZieJiOl1w.000,test,15.195563,-7.4930267
QBZieJiOl1w.002,test,14.181944,-7.2100687
QBZieJiOl1w.005,test,11.798753,-7.534518
QKcx5msA7iA.005,test,-3.5968623,-5.8284645
QMRAbwZCTfI.001,test,-5.9427986,1.7750822
QNVsr2mGwGs.002,test,1.2834957,-7.844369
QS7TwjzkYiU.001,test,-6.379165,0.41861194
QS7TwjzkYiU.005,test,-8.567987,-0.18055263
QTtTAFqT-no.005,test,0.88134074,-5.6498857
QXFRE_pjrAE.002,test,-5.2803545,-1.263672
QXFRE_pjrAE.005,test,8.457859,-2.8730662
QXc2qhIHfAA.002,test,-4.9972963,2.7098227
Qa-yF-tByDM.001,test,8.093784,2.8885703
Qa-yF-tByDM.004,test,1.5958533,-1.6726944
QdafN9Y_j-Y.003,test,-2.9896398,-2.0887163
QipgesEKSNA.003,test,29.213871,5.330084
QipgesEKSNA.005,test,14.084421,-1.8871903
QovE6L-C9VY.005,test,0.15583234,-1.2731687
QpA0gj1y6KE.002,test,-1.2966661,-3.088253
QqTw0lnrtBo.000,test,-8.166734,2.7459595
QqTw0lnrtBo.003,test,-6.753292,4.839638
Qqc1539E6rs.001,test,-3.5114717,-5.960805
Qz_cjgCtDcM.002,test,4.876244,-10.183466
R-vly7LKotQ.002,test,-3.1931088,0.18520634
R0RURVpmU9M.001,test,16.401772,-2.3860655
R0RURVpmU9M.003,test,12.418725,6.9235864
R2LlBNLDOeg.000,test,-0.50858974,-7.815654
R42dmIPCXwo.000,test,18.889893,-6.755228
R6NTuhZtOks.004,test,-2.177724,4.1751614
R8Gpa-rRywc.000,test,-5.539858,0.20241998
R8Gpa-rRywc.002,test,-5.47989,-1.10718
R9JcmvLBbTs.001,test,0.10514346,-3.8255754
REAxeTWo1QM.001,test,9.923489,-5.402464
REAxeTWo1QM.004,test,25.711426,-8.085598
RF3JnDmv8WY.005,test,11.921435,-6.3081603
RGuHfwIRKpA.004,test,-6.9500256,9.663
RQeoo3idUJc.000,test,19.129904,-7.5517416
RQeoo3idUJc.001,test,9.502544,-2.6935496
RVEO1QNRAOU.001,test,-7.512596,-1.8577721
RVEO1QNRAOU.005,test,-7.317713,0.06422644
RWfY3Xk0XPQ.001,test,-6.962508,1.3489074
RWfY3Xk0XPQ.004,test,-4.6700826,1.1047134
RWhyKkFI3zw.000,test,-5.5042934,0.6816366
RWhyKkFI3zw.003,test,-2.9583833,1.2394916
RYG6XhdmPY0.000,test,17.54228,-11.596575
RZOimXPTG0s.004,test,-9.208577,-0.37590706
R_6hhFo7M3o.005,test,-1.4019077,2.2767882
Ra7BFLFFDv8.001,test,-6.7550216,3.3160276
RbX4q4KceVk.001,test,-1.4729718,8.151561
RgZTZIf8K8g.004,test,-8.613467,5.176227
RhFPotjd0hM.001,test,-8.111246,6.0847735
RlUuWWWFrhM.002,test,-8.084634,2.1964073
RlaaCqle7tY.004,test,11.359889,-0.6690957
RmEwRYfDn-4.000,test,-1.6828755,4.209731
Rops7WYMCCY.005,test,0.60780084,1.5060097
RpJkD_vCi0A.001,test,1.0983475,1.534513
RsYSOFRFszk.000,test,-7.0338545,0.9591101
Rsz-26AaL2o.002,test,-0.82580036,0.80638474
Rw_ZLT9vZTI.001,test,-14.095005,2.2263968
Ry5JJvTfP-8.000,test,11.699855,-4.6350164
S-e9-bW4seo.000,test,-8.673262,3.4559572
S-e9-bW4seo.002,test,-6.826379,2.380231
S-jhg6Y5OrE.000,test,4.2884736,-8.745722
S1AEj1kO5dc.000,test,12.37132,-0.010601116
S1AEj1kO5dc.003,test,6.9265037,1.090515
S4H50iotXF0.000,test,9.90449,-9.577607
SCnQFpdklMg.003,test,3.7400362,-7.622737
SGnhyxlbqaE.000,test,-5.571834,-2.1321816
SI93csgHMTk.000,test,3.5870113,-5.3323097
SI93csgHMTk.003,test,3.6054842,-7.35886
SIpQm4G4DDg.003,test,-0.98349315,7.535867
SIpQm4G4DDg.005,test,-4.9256086,0.0015869115
SPD5fXHVyIk.001,test,36.741745,5.736031
SPMDX6qt4I4.000,test,6.1477175,-3.0837135
SPpox8EGQqU.004,test,3.415849,-8.147392
SR1Q5M2urxY.001,test,26.878885,-7.7097235
SRjhmQTPOmA.001,test,-1.1916075,1.9201981
SSBC6EsBCro.000,test,13.756715,-4.6172013
SYlV95nPTPs.000,test,-4.885004,0.6753334
SYlV95nPTPs.003,test,-6.3634477,0.8594244
Sb1b8JMVhLs.004,test,-11.101824,3.0120158
Sdqg-jn_tBk.002,test,-7.743827,2.804681
Sdqg-jn_tBk.005,test,-0.3860356,10.535214
Se3Gts4u1vs.002,test,-7.4921627,0.39348808
Se3Gts4u1vs.004,test,-7.975547,-0.70251507
SfldZBPyPFo.004,test,-1.4666555,2.3669505
SfldZBPyPFo.005,test,-3.122612,5.9712725
SgWtBK48AjE.005,test,-4.5396323,-2.1946268
SkNO4x-LSgE.001,test,-1.8074294,-0.5539449
SkNO4x-LSgE.003,test,-1.4747323,1.8070158
SwXvcwQcqgk.001,test,-9.913593,2.748051
SxKLweLx_ZE.001,test,-3.6555865,-1.3555284
T-mK85acIOc.001,test,23.27689,-10.339482
T1--98_78ns.002,test,-6.429015,-1.8092096
T1--98_78ns.004,test,-4.3385816,1.5226843
T1_6sVNHG70.002,test,-3.2867117,8.220726
T1_6sVNHG70.003,test,-7.773103,4.176953
T1_6sVNHG70.004,test,-4.462423,5.5018783
T1tJTwlGqOM.003,test,25.691969,-7.6736693
T3v3-2tvV0s.003,test,-7.69914,5.605951
T3v3-2tvV0s.004,test,-10.764969,5.366992
T4eZ81aJwJI.001,test,-2.76701,-2.3242579
T6CMGXdPUTA.005,test,0.008965936,-2.0159574
T9xSEBSaL7Q.000,test,16.703785,-1.065176
TD2jIXMD-SM.000,test,8.136883,-0.54003173
TD2jIXMD-SM.003,test,13.290132,-1.2444409
TEGJrmNFvXY.000,test,-4.02376,-1.066852
THO-md3eEkA.001,test,6.2546825,-3.7258255
TIRrlL71dEQ.001,test,21.152672,23.15113
TJD__22fOr0.002,test,3.1429858,-0.47400257
TK6hBCARiHI.003,test,-4.3018427,-4.8115587
TNjEJGdqmH0.004,test,2.3377337,8.168232
TOdvDQQWlCA.001,test,2.7027483,14.830087
TPRQyuiNYmI.001,test,-8.80568,1.2110057
TSGpD2NBeCQ.005,test,-9.042246,6.1605406
TUaOp5eIU2c.004,test,-9.802824,1.9525089
TeNC9wOhlXM.001,test,13.714606,-8.29713
Tg8a_iNEamM.002,test,9.331352,1.1023349
TkCDs7NlXyU.003,test,-6.2311325,3.7317238
Tm44tg1zPwU.002,test,4.3051753,-1.9499792
TmpP2fXeVtk.005,test,-3.6698556,0.08060806
Tr3A7WODEuM.004,test,-3.378079,-5.4587398
TwWDFpN3occ.000,test,-0.8286843,-5.049096
TyE0bVJZZto.003,test,18.867872,5.4871907
U-XrzfFzMkg.001,test,16.411245,-12.167586
U-XrzfFzMkg.002,test,16.37126,-11.163275
U2RemWUyjts.002,test,-9.078584,0.039776325
U2RemWUyjts.004,test,-5.7235637,-1.9178857
U2RemWUyjts.005,test,-6.4162617,-1.1782417
U3UaF1aFek4.003,test,6.6164002,4.1371007
U9cidDFDTQE.002,test,-5.6334133,-0.08979786
U9cidDFDTQE.005,test,-9.844889,2.6905994
UA6UY69EVSI.001,test,-5.0125318,2.8749156
UANQntvIqVk.001,test,5.761298,1.8535069
UANQntvIqVk.005,test,-2.6162417,-4.9868207
UD-8YYU7GZs.002,test,-4.937794,5.8726177
UEYKBC_SuzU.002,test,2.0092158,4.0956883
UEYKBC_SuzU.003,test,-2.3048847,4.046466
UEYKBC_SuzU.005,test,-3.7020352,1.1416638
UHXueLgWoOw.002,test,10.551848,-7.195515
UMMhvyjgRnM.002,test,-3.4794793,-0.9253783
UQeuBvZNusI.002,test,-3.57246,1.9239858
UQeuBvZNusI.004,test,-6.426586,1.890426
US4PxgfKDeA.002,test,-2.1842506,-1.1891482
USicjVA1trA.000,test,8.770409,-3.9291325
UUQQf9N2ce0.000,test,4.6205044,-6.0597005
UUxEpR5Jgt0.000,test,-4.6016464,2.6793497
UVMEzA3yHsM.004,test,0.22654513,-2.188786
UWG7Jyqc1CY.000,test,-1.1923074,1.0994924
UWVOT3YPQH4.003,test,9.729202,-3.4329495
U_QQ8EuuWPg.004,test,-5.220834,-4.678956
UhNyHUwo1SY.004,test,-9.0328665,1.3362348
UipoC_HLOP0.002,test,-5.061412,6.055554
UoC_4qi_m9c.004,test,8.879443,7.166545
UrOamWOcOwQ.001,test,-9.717753,3.9669185
UtVo107m5lg.000,test,-5.7428293,6.300138
UtVo107m5lg.004,test,-8.523192,-0.113306426
Uu-NbXUPr-A.003,test,-2.111628,-6.5905895
Uu-NbXUPr-A.004,test,-1.6955634,-4.879248
UvX6ctu2ObM.000,test,21.169855,0.94657916
UvX6ctu2ObM.003,test,6.747054,-3.5451548
UvaGeSNcw8I.000,test,-7.3355756,1.1290832
V1I40vVRk78.000,test,-5.401552,-3.6480238
V2nvyZB-JNM.005,test,-10.646843,4.3447742
V4ibYU1O-YI.003,test,-0.54409456,1.925209
V7_h3URfSFY.004,test,-10.08278,-0.13743536
V8w2Lo5wxl8.003,test,-3.8231635,6.286674
V9roK_mLM-w.004,test,-4.365961,-3.7116513
V9roK_mLM-w.005,test,-4.5045743,-1.9086894
VAZLQqJa9rQ.000,test,14.435181,-6.3428555
VForU0EmBr0.004,test,-2.361227,1.2836907
VIKk25Ozx40.001,test,-1.7724056,-0.16597232
VIhStXxpAr0.002,test,-0.6641128,3.0816903
VJuVsi6G96s.004,test,7.9086375,-3.455061
VNK6LQHh25w.002,test,-1.7666763,0.103437625
VNK6LQHh25w.005,test,1.0215774,1.6745553
VPFrKx72gvo.003,test,-5.064074,-0.9749326
VPFrKx72gvo.005,test,8.68967,7.457972
VQMizni7nY0.000,test,-3.6632783,-1.7119236
VTrqCDYHVqU.000,test,-5.8533416,2.108399
VTrqCDYHVqU.005,test,-4.8233504,0.46194455
VTv4BAYgJpk.000,test,-7.917709,1.4560494
VTv4BAYgJpk.004,test,-5.9564533,0.44909528
VUGWfw5PVLY.001,test,-2.5342903,0.31458035
VXcccqr-IAU.000,test,-9.583874,1.6377966
VZ6jhnbk-5g.005,test,-7.1411324,-2.1319675
VbiUhNAdzus.005,test,-5.383879,-2.5302758
VhHnmeRABJw.002,test,-5.548107,2.002786
Vj-Cmtqv_qY.004,test,-6.7543545,-2.9078746
Vk3scj5vhd4.003,test,-0.10159999,3.182296
VmXZ2jMWuvk.005,test,-0.20899232,2.2093241
VnUkBYQkJms.000,test,16.824951,-6.5625176
VoPuhcQc_mg.001,test,-2.9666245,-1.9767598
VoPuhcQc_mg.002,test,-5.731493,3.9302285
VoPuhcQc_mg.003,test,-0.70273924,1.9713832
VoPuhcQc_mg.004,test,6.1341944,31.056986
VoPuhcQc_mg.005,test,-3.4850721,2.5701976
VuadgOz6T7s.004,test,-11.343262,2.212293
VuadgOz6T7s.005,test,-8.769156,1.2198143
VvSk5m90xOs.001,test,14.624847,-7.028141
VvVigAr4hZc.000,test,-7.1216297,-3.0557969
Vwdi8vyTAUg.001,test,14.216776,-9.716935
VxtZDXM0cuQ.000,test,-3.453069,3.1779068
VxtZDXM0cuQ.003,test,-0.18672222,5.5919952
Vyktsh14Kww.001,test,2.7626863,-7.7522774
Vyktsh14Kww.002,test,4.950468,-8.795151
W0Ay5uul8j0.000,test,11.205436,-7.4441085
W0Ay5uul8j0.003,test,8.122096,-9.233194
W0LRjSS9pVM.002,test,-10.781866,0.11015393
W48yW9XTI4c.000,test,-1.1248515,-6.5592055
W4tz3plvvKI.001,test,-0.26681435,1.0388483
W4tz3plvvKI.002,test,-0.3371699,-0.30410647
W4tz3plvvKI.005,test,-2.0987012,4.557554
W7BbL3NZvrU.002,test,12.170291,6.531471
WATt9OOVZh8.000,test,-7.842007,0.45979795
WD1WsbooU2w.004,test,-3.3136935,4.0662365
WFY3xwXQ0Zw.000,test,-8.3280325,-0.56868637
WGP2HLnoma0.000,test,-9.434331,3.785048
WTzDOt2GO1M.004,test,2.942225,-3.5279348
WYXRdYT4F0Q.001,test,2.1251333,-7.589334
WZnLayQeIZ0.004,test,3.949792,-6.0469685
WeyuzDseGg4.002,test,-2.975886,4.8541636
WfZodMIIGR0.001,test,-2.5379126,1.1546627
WfZodMIIGR0.004,test,-4.0584335,-0.9356855
Wj8ZY5d1lbs.001,test,-4.0728865,-2.9744666
WkbvQZU475o.002,test,0.7524624,-6.252021
WnmPDmb00Mc.000,test,-3.3680837,-3.808538
WnmPDmb00Mc.001,test,-1.0803717,-3.2305615
WnmPDmb00Mc.002,test,-4.4255195,-3.5879872
WosLI6krxUg.004,test,14.978677,-4.088548
WosLI6krxUg.005,test,8.049126,-6.2634544
WpEZOSrENL0.000,test,-10.792378,-0.59166515
WpEZOSrENL0.001,test,-9.082291,2.0855324
WpEZOSrENL0.003,test,-11.030056,2.024356
WpEZOSrENL0.005,test,-8.698749,5.9554152
WwGca41TJVU.000,test,11.268914,-3.885515
WwmWN63mkT4.005,test,-5.0252147,-1.1934701
Wx3BaKp74Ig.001,test,-1.7347003,18.101553
Wy4hWbeibhU.001,test,-7.95404,0.6469492
X-GXO_urMow.000,test,-2.872259,4.605452
X-i_eQ48DBw.002,test,-3.973132,0.69279414
X-i_eQ48DBw.003,test,-1.0905222,-1.1060642
X1EjfXX3NTk.005,test,-7.919879,4.775975
X5aKCrWf6a4.002,test,-9.228666,4.218434
XEpdSMQfEOs.001,test,9.538814,-10.040484
XFpzukISe6s.002,test,-6.547295,2.7045588
XJj34u5IzU0.005,test,-1.995788,-2.2854252
XN5vpJU3ifw.002,test,34.85022,30.015387
XNWN7ScxVIA.004,test,-2.9805033,-0.9936073
XNWN7ScxVIA.005,test,-2.7602541,-2.996338
XOioICna1hc.002,test,-4.893735,-2.3785233
XQZ5M9oLkXw.002,test,-11.795201,4.4558554
XT4rTk6-Etc.002,test,-10.830228,3.5179098
XT4rTk6-Etc.003,test,-7.240015,0.99398774
XT4rTk6-Etc.004,test,-8.678706,3.2675533
XfK7WZ3skUM.004,test,4.4945383,0.1732096
Xfmu-7JuDGg.005,test,-8.904412,5.658892
XhgDsQlEnuU.004,test,3.3618543,0.06749776
XmWA7zTJj-c.005,test,-4.393701,-5.474661
XnSbc0tEzQ0.005,test,19.794544,-0.35151568
XtI2ju2a8iM.002,test,-2.7104158,-4.239063
Y1LXjxAQihQ.000,test,-11.863493,1.806345
Y1LXjxAQihQ.002,test,-8.868685,5.267012
Y6iogSmj6FQ.001,test,0.50310713,7.199312
Y98eRPs-78E.000,test,3.0469775,-6.9006877
Y9WX7ucPP-o.003,test,-1.9011656,-5.2205925
Y9WX7ucPP-o.004,test,1.535293,-2.8326147
Y9WX7ucPP-o.005,test,-0.35759142,-4.146833
Y9wnqLKhNNI.000,test,-5.3123527,-1.5406994
YBsKLg3GMrE.001,test,3.5327945,-6.128314
YFm-8VGsUGg.004,test,-5.9535737,0.16892563
YGJ33FXzJO8.001,test,-0.28082547,-4.6630654
YGrCXe2-fVk.000,test,-3.2883346,-3.3629155
YGrCXe2-fVk.002,test,0.81027967,6.110462
YJ5CINQ8v_E.002,test,0.37873966,-4.0926156
YLKPVl-M3Ck.002,test,14.264835,-11.66438
YPMffqhP0C8.005,test,-1.2824311,-3.1631892
YPnuq0tDDqk.002,test,7.8543653,6.8932242
YPnuq0tDDqk.004,test,11.381899,12.159661
YQwkdwB9Sxo.000,test,2.5872157,8.938783
YZp79VcnY0w.000,test,-3.6273987,-2.3721159
YiX6thczM1w.000,test,-8.0043545,1.6601455
YiX6thczM1w.004,test,-7.1263185,3.593612
Yj36y7ELRZE.002,test,15.570582,17.774485
YliKljQIX2o.005,test,-12.575339,0.69093525
YocrYFLm4CM.001,test,-8.085872,-1.6883886
YocrYFLm4CM.004,test,-7.2070684,-2.6570091
YryBLVZgJj0.002,test,-10.793685,4.295418
YucC--PknOo.000,test,8.773535,-7.1516557
YwsVpkumbJc.001,test,-7.24377,-3.208862
YyHOKFYDZ5Y.001,test,-6.859807,1.8234416
YygvfVxOWP8.003,test,-9.716838,1.303959
Z3E1jkaNRKs.002,test,-9.190911,1.8519747
Z5S5uGXkNuc.005,test,-7.449644,0.65668416
Z9GzSxQHKSI.003,test,-0.44119793,4.1020265
Z9GzSxQHKSI.005,test,-1.8561753,-2.7173645
ZCLfVue6xAg.000,test,8.550161,4.0213413
ZGox7tevC6A.000,test,-9.220166,2.0287397
ZGox7tevC6A.002,test,-6.270223,2.324592
ZGox7tevC6A.003,test,23.878525,36.482246
ZHya-p83XPQ.000,test,6.43071,-5.485471
ZIyfXdCxN9E.001,test,-9.163853,3.7586112
ZMOcuCj-86c.001,test,-2.8537767,-7.370597
ZNymNgd5EuQ.001,test,-3.6085489,-2.8117797
ZNymNgd5EuQ.003,test,-2.623509,-0.6322264
ZO5JoyVTat8.003,test,-6.8140454,1.0558801
ZRl_k6DzTeI.005,test,0.2638387,-2.5483487
ZT7cEiaYGp8.002,test,1.1659254,-6.5289
ZT7cEiaYGp8.005,test,-0.7090943,-6.6780233
ZYmZ6fOnEVg.000,test,1.7992036,7.7674804
Z_STuUHKQTg.001,test,2.7158985,-7.508441
ZaihsIQZCx8.004,test,-8.167781,4.677498
ZeGT9pSG734.000,test,-5.02642,8.020482
ZeGT9pSG734.001,test,-6.785115,5.791141
ZgFh3JPMs3Q.005,test,-3.217418,-5.82694
ZhPQrqxo2mw.003,test,4.592124,-8.429066
ZkypeQdzgvQ.001,test,-8.799144,1.0808557
ZlcINjtdkQQ.002,test,-4.1998205,0.31527448
Znixev2a1AI.005,test,-5.905354,-2.5696266
ZoHY-rWJsyw.003,test,-3.884733,7.0768147
ZoHY-rWJsyw.005,test,0.26361766,6.115898
ZqbJIM7rmO8.000,test,-3.9473994,5.1579456
ZqbJIM7rmO8.002,test,-3.9876182,2.3406055
ZxxRJRz2hf0.000,test,3.49691,-10.515719
_01AyUz9J9I.001,test,0.9233868,1.8850082
_01AyUz9J9I.004,test,-3.0746477,-2.329272
_0bg1TLPP-I.000,test,-9.318667,0.9371326
_65KGQpiabs.002,test,-2.8757596,2.587697
_7hGh6VU4IU.001,test,-7.247071,-1.7860887
_7hGh6VU4IU.002,test,1.1014367,-2.0217788
_7s27dUoYVg.002,test,-8.552233,0.13155378
_GFregyrwfo.001,test,-2.5245526,12.658972
_Q4wOgixh7E.001,test,-9.545504,0.73642826
_Q4wOgixh7E.002,test,-7.074092,1.2528235
_Q4wOgixh7E.004,test,-5.154107,-2.1421285
_Q4wOgixh7E.005,test,-6.1869507,6.6060643
_TbRQa4InvM.001,test,4.9204865,-2.2206783
_UnoRkHkYB8.001,test,6.4938154,-2.0218039
_X6_C_Oy9VA.002,test,-9.518409,0.24513075
_ZjEr8ybbFM.005,test,-0.6462478,2.1743577
_bOOlidEWgY.000,test,-5.684387,1.4854679
_fJcW5234bY.005,test,-4.872536,0.051116597
_g3M_MoFIvA.003,test,4.8359323,-6.3545384
_kK9tGN883Y.002,test,-5.629192,12.972452
_kK9tGN883Y.005,test,-1.5659074,16.794151
_lQinJGE7Qs.005,test,10.424732,28.068483
_mtiuHyOFXg.004,test,-10.150299,1.1796391
_mvqVnzddCw.003,test,1.8329061,-6.748101
_mvqVnzddCw.005,test,0.67770964,-4.858613
_plk5k7PBEg.003,test,-4.3048744,-0.38650766
_plk5k7PBEg.004,test,-8.014838,-1.1680268
_tq-VgoXGMo.004,test,34.55601,-12.9888525
a38rz5AIslE.004,test,-1.9396175,0.13994476
a38rz5AIslE.005,test,0.55104995,3.2303612
a5NTqK367wo.004,test,2.0378616,-2.7748623
a5NTqK367wo.005,test,6.3215327,-4.1686964
a5tVPpLsaGc.004,test,-4.836264,-2.9012887
a84s1DYag-I.002,test,2.306859,-0.4986873
a84s1DYag-I.005,test,2.9286544,-0.44342718
a97PXgrKSxo.002,test,1.1489117,16.571455
a97PXgrKSxo.004,test,-4.5854874,-1.2218658
aIh8DTa3RVg.004,test,-8.740554,5.138543
aIh8DTa3RVg.005,test,-6.7905827,5.7016087
aJjAtOC8AQU.000,test,-0.9279986,-5.3035307
aJjAtOC8AQU.001,test,-2.0160441,-5.003242
aLvpOYqzErk.003,test,5.8851576,1.5668019
aQVGVhcMBtE.002,test,13.790496,-1.128439
aQVGVhcMBtE.005,test,3.5655084,-2.893807
aaylz9A9K80.000,test,-2.9531095,-1.8267496
aaylz9A9K80.002,test,-4.6387744,-3.000001
ai-RZb0ZpKI.000,test,-7.461507,-2.0162573
ai-RZb0ZpKI.001,test,-8.157728,-2.158868
ai-RZb0ZpKI.005,test,-6.769221,-4.0704393
aqd4_4ga1fQ.002,test,28.254902,-12.118311
ask-ZFRztf8.000,test,-2.15746,0.49826553
ask-ZFRztf8.003,test,6.8047905,-2.7278764
auhe41Tf50M.005,test,-1.0450562,-5.169584
ax8wm9K41og.001,test,-2.7232485,-4.1292825
b-qfeGqPd04.002,test,-6.594838,2.6676536
b5uTy9czllM.002,test,-4.104341,-5.890688
b6eoqD1J_qU.000,test,-3.9195642,3.6362908
b6eoqD1J_qU.001,test,-8.842585,1.9065696
b8GPFr11adA.000,test,11.640822,-1.734917
b8GPFr11adA.003,test,12.7775,-7.794337
b9nbAAe8F7o.001,test,1.7347287,-1.6574894
bAxlTgobVHE.005,test,2.0393581,-6.6880684
bBqZyG-9ksM.001,test,14.796797,-5.046999
bBqZyG-9ksM.002,test,14.850042,-6.142928
bDjqDn6susQ.001,test,-3.4435716,7.1407375
bEXDNfLBy1I.000,test,15.426458,-1.2494807
bEXDNfLBy1I.001,test,5.096645,-3.7029772
bEXDNfLBy1I.005,test,5.003858,-5.0047255
bGLwxQ1lonQ.000,test,-4.2076235,-0.48145992
bLOSPQ8MAC8.003,test,-2.2947552,9.240146
bLOSPQ8MAC8.005,test,-5.3582892,2.272067
bN2IM-rqZlc.000,test,15.600845,28.369684
bN2IM-rqZlc.003,test,53.143066,80.06875
bN2IM-rqZlc.004,test,34.262146,46.00088
bPLhV0PGR50.001,test,-3.3387592,-3.507817
bPTYw89PzLM.001,test,12.167351,-6.616585
bSeTNdOtK7I.005,test,-6.964291,4.8283353
bYXRyimxh7A.001,test,6.8923383,5.576268
bZAKBS9q0ZI.000,test,-6.4342833,-1.5835243
bcRPLKygrNk.004,test,8.7303705,-5.0190997
bcx6xr9Ja-8.000,test,-8.748656,0.7388158
bcx6xr9Ja-8.003,test,-2.7154179,-0.47817868
be0DQawtVkE.002,test,1.602923,0.9589377
bj9kSmBeQRg.000,test,-10.799757,0.3049092
bj9kSmBeQRg.002,test,-9.242582,0.2896359
bkzgccBFztM.005,test,-4.1308894,-7.1162934
bmj4khBLUOs.000,test,-0.6867182,-4.827434
bnM9Ow52x3o.003,test,-4.413851,-3.0186086
bnoPmV0_aIc.003,test,-6.6132493,-1.2347689
bt-ev53zZWE.000,test,12.137853,-1.7970637
btcCanysQsw.002,test,7.515013,-3.7522402
bzaOB8BoWPU.004,test,5.1076107,-0.5853112
c-c6xhtIq84.003,test,-5.366849,-1.7952125
c2LeNguVNrI.001,test,-0.81623507,4.08009
c3SQSM9OIsA.002,test,-7.4421587,-0.81651646
c3esnCQDoKc.001,test,-6.657487,-4.448912
c3esnCQDoKc.002,test,-4.458665,-1.7876484
c672aEuUa-g.000,test,1.9071622,11.938975
c672aEuUa-g.003,test,6.674747,-1.7229464
c672aEuUa-g.005,test,-2.8363733,4.276361
c70zW-HoZUA.000,test,-7.4741893,5.668154
c7tczvW3_dQ.001,test,-9.091337,3.9363298
c7tczvW3_dQ.003,test,-10.022663,3.9899182
c7tczvW3_dQ.004,test,-10.584075,7.2374797
c8idT3lRnQ8.004,test,-6.522916,-2.3319979
cA3KzjBNr4M.005,test,9.603803,-3.81251
cA43Gfcg0QA.005,test,5.1524067,1.4829469
cJs_LosR-u8.002,test,-8.992395,1.3211937
cJs_LosR-u8.004,test,-3.108537,1.1861155
cLaZxEf1nE4.000,test,32.352127,-8.513418
cLaZxEf1nE4.004,test,16.218204,-7.227096
cMLkNVKkaOQ.002,test,-8.501879,-1.1210113
cMLkNVKkaOQ.004,test,-4.750614,6.7528615
cNGvJfbdI1o.001,test,-3.2925003,8.253379
cNXnowQb7rs.000,test,-4.98544,-2.3537548
cQRFb-xa4Vc.001,test,-9.878651,0.5435171
cQRFb-xa4Vc.004,test,-10.0137415,0.65757823
cRDYrvxRJ6U.000,test,-7.261953,-2.1852624
cT3oyHhUznw.002,test,11.668895,-5.3208237
cWZudzeJVXg.001,test,3.713161,-0.5215743
cWvZnl5XjwI.000,test,-6.830314,3.0158753
cWvZnl5XjwI.001,test,0.075415164,4.836584
cWvZnl5XjwI.002,test,-5.79737,-0.35441998
cXqH7_dYM_k.001,test,18.04636,-3.1924636
cY3nHc5fDYE.001,test,17.27801,-9.867013
cY3nHc5fDYE.002,test,12.975713,-8.842161
cY3nHc5fDYE.005,test,14.85929,-8.459787
cZ6xhB5yhfY.000,test,-6.2657485,-3.350899
cgGCyBMdGrA.005,test,-1.891117,5.374421
cgT-3CHBmKs.002,test,10.055152,2.0635483
cgp1OzTOq1o.001,test,13.193482,-4.9028096
cgp1OzTOq1o.003,test,4.978129,-5.658259
ch2BcBv4SdQ.003,test,-0.62011474,-4.4490266
cjbh1lfr43c.003,test,-2.7510092,0.5614019
cjbh1lfr43c.004,test,2.2835147,2.1323156
clMg72MI8rw.005,test,-9.47577,-0.21900363
cnsvc0alWOA.005,test,-0.55626357,-3.180012
cpch8WDydcM.004,test,-2.3219566,1.6500984
cpzY1b6wJqs.001,test,9.101611,-10.384373
cvg03XGFjCk.003,test,-1.8709705,-2.494566
cx8IycWgMVs.001,test,20.350372,-4.3610077
cx8IycWgMVs.004,test,14.460252,-2.5075712
d1eh3dHNi1Y.005,test,-8.8711815,2.722033
d69zeSpdyCI.004,test,20.564342,-16.619276
d8skGb2ycio.001,test,-10.914273,0.35031155
d8skGb2ycio.002,test,-9.230235,2.3113613
d9_YDJdF-7I.001,test,-5.8104854,3.7540214
d9ekvXz64Mc.004,test,-7.7431474,-0.63873297
dB2XYhvqUBU.002,test,-1.2634813,-2.1131108
dB65He57Ki8.000,test,-3.9830058,-4.4067035
dJlEHhyij5k.002,test,-1.1397469,-2.7765455
dLltwqkvsNg.000,test,1.0575157,-1.2060658
dNXqs5HNijI.005,test,-3.5533726,14.180262
dQOeQYWIgm8.005,test,-2.9825351,-2.2861068
dRP8ZaAryro.002,test,4.791701,-7.3581767
d_POf1pikX0.001,test,-8.866025,2.903995
d_POf1pikX0.003,test,-4.927922,11.1071205
dd0z9mErfSo.000,test,-9.649463,-1.5060521
dl9IT3OvI0o.000,test,9.0119915,-9.014764
dl9IT3OvI0o.003,test,15.405179,-11.184681
dqVPzqpGX-w.001,test,-6.00649,-3.021061
dvMeqVbpKW8.003,test,2.314123,2.3627293
dy9EqbKLDP0.000,test,-11.419544,1.2225338
e07IozLUeKc.003,test,-1.7443097,-3.7366846
e3Y7na4SBh4.001,test,-1.6845973,-3.8756864
eAkWSjU-JyY.005,test,-0.7317594,-2.7859867
eCoEQ_R5C3U.001,test,-9.953133,1.5304608
eXtskPoi58A.004,test,-6.748506,-0.09987421
eZwGkhUa0TQ.002,test,2.828814,4.043769
ej0RpdM9kJA.005,test,-5.6526947,1.3172437
el2DOd8E5io.003,test,18.300014,-0.85175765
encC96iqr9Y.001,test,-0.5631034,6.520769
encC96iqr9Y.005,test,-4.115581,2.5475044
eq1_h17oue4.004,test,2.5639617,-5.0183187
eq1_h17oue4.005,test,6.004722,-5.836376
eqXrUXW4yHY.001,test,-7.2425585,-1.9194719
ev42vngXERU.003,test,2.051174,-0.9891772
evQsOFQju08.000,test,-5.6051025,2.049157
evrzg3Pzyc0.003,test,5.127511,-0.8816254
evrzg3Pzyc0.005,test,6.116687,-5.961358
ezMO8EHKAVw.002,test,9.157927,21.314342
f39E4ct09Cc.003,test,1.9712951,-8.387957
f4rQJiW6oSk.002,test,-6.4268093,-2.0454068
f7togdqxEoo.000,test,-3.7546768,3.4528635
f9GeYKAXgAQ.004,test,-9.975707,6.6227465
fBMKlYUjA9E.001,test,-0.26819572,-2.4478233
fBMKlYUjA9E.002,test,-1.2787404,-3.8866768
fBcc1UMtZME.004,test,1.2116472,0.31028047
fEZrAGQoh_g.003,test,-8.729768,3.0141964
fEZrAGQoh_g.004,test,-6.8873796,2.098891
fEix0DPOWtg.004,test,-5.019265,0.798238
fG-hvGTHoec.001,test,2.3392925,-10.022056
fG-hvGTHoec.003,test,-1.1719602,-7.16537
fGAcEyZXFTo.001,test,17.797132,-4.2045755
fGAcEyZXFTo.004,test,-2.1168766,-3.1985428
fKrX-KXgXYM.005,test,1.0642868,-6.1382356
fL8VYpOTLSM.000,test,14.892681,-5.225912
fL8VYpOTLSM.003,test,3.7040796,-5.6183424
fSDA4eEyGHk.005,test,-5.578836,1.9268125
fSkQXqXR7D0.005,test,-3.7521398,-0.7201076
fTpemcfElxI.002,test,9.679748,2.0616975
fUf2XzWpSVo.002,test,2.928746,3.4554384
fY4tctYZTz8.002,test,-10.75199,2.5829482
f_mEEFFeh-0.004,test,-7.602776,-3.6637423
feg-RNvT-t0.004,test,2.4251966,5.2114615
ff-3k-nzoXA.003,test,16.667915,-12.585002
fgEddXirQvQ.000,test,-4.618182,-4.9514074
fhUGU2uiS1U.002,test,-0.69144493,-4.811435
fiEEjrKhlNU.000,test,-4.2165713,-3.5962648
fiEEjrKhlNU.003,test,-4.562064,-4.023488
fiVORaERbP0.000,test,-10.319383,3.5512905
fiVORaERbP0.005,test,-11.643306,3.574638
fiVkE3iDWY4.001,test,-5.7821217,0.5607351
fiVkE3iDWY4.005,test,1.1404134,3.3159583
fipvPdFbKN4.003,test,-0.50386995,-1.6107197
fmjILOLc3eg.004,test,-2.1814506,6.880836
fsLf6Xv_Gbk.000,test,-5.2593536,1.1327462
fsLf6Xv_Gbk.003,test,-4.162447,1.382011
fsaslN7xV-w.001,test,-6.478979,5.113527
fsaslN7xV-w.005,test,-7.688536,-0.025635166
fv5lLeyRdd4.003,test,-8.750325,-1.4088486
fwJykIyvS04.003,test,13.2489,-14.79623
fwJykIyvS04.004,test,3.058034,-9.761971
fyXiORXmWHs.000,test,-1.5478469,-2.0381985
fyXiORXmWHs.001,test,-3.5563395,-3.212388
fyXiORXmWHs.005,test,-1.3716476,-2.206774
g0PWBzU95sI.003,test,-6.176596,-0.28908077
g1TMjzZH8bw.003,test,-2.645084,0.3430503
g1TMjzZH8bw.005,test,0.13866322,0.4389203
g24JGYuT74A.004,test,-4.6573715,0.869957
g9zgIN56MnQ.000,test,-7.4120636,-1.2264757
gAWA-fcIa_M.000,test,-7.545616,4.1497297
gCLfduV3Phw.000,test,-5.396585,1.5308069
gCQT7zfS7sI.004,test,-9.59682,4.1525664
gFEntQ_UKvk.004,test,-1.7086933,-5.481997
gGyV-rc-sKE.003,test,-3.4891233,-1.6068444
gJPlOShvaoI.002,test,1.7656757,-8.326122
gOS-CneQsxI.001,test,-11.107388,2.0274959
gWCgqVn3m3k.003,test,1.7618148,-7.310597
gX20EUUZc9M.003,test,7.9578986,-7.707415
gZzB49daFfA.001,test,-5.5331097,-2.105759
gZzB49daFfA.004,test,-5.622741,-2.414194
g_UeE-1ghtQ.000,test,-2.3217146,-5.1560407
gj3-xvhPeWg.004,test,-2.5268757,-1.6030879
gkhbUDIK-YM.001,test,-6.9070096,-0.1667435
gkhbUDIK-YM.002,test,-7.594356,-2.282583
glgfB3vFewc.004,test,5.2726607,20.366121
gngqDNTAXnI.001,test,12.349853,-5.859976
h6LOjpCRXtY.000,test,-7.643217,0.43681258
h6LOjpCRXtY.002,test,-10.7211685,0.5334738
h9jIdLBaMEo.003,test,17.388159,14.279239
hDqsuyVeWmw.001,test,-12.707634,3.4766908
hI-wCYzV8xs.002,test,-0.319474,-1.5720035
hIFNZ_ycngg.000,test,14.236968,9.40223
hIxLNK_x_QA.001,test,6.126881,-0.44111443
hIxLNK_x_QA.003,test,6.888574,-4.4441524
hM96SfN5_F4.001,test,12.207162,-6.159628
hPguTv1Zvg8.000,test,-7.071513,-0.0003042278
hPguTv1Zvg8.005,test,-8.102308,0.6377113
hX2TVefa5bQ.003,test,-6.812832,-2.6974182
hX2TVefa5bQ.004,test,-9.415044,-1.6419346
h_kjgcJ_bqU.001,test,-2.531505,-3.5090413
heE4ZZXwehI.001,test,-2.9082696,3.0882509
heE4ZZXwehI.003,test,-0.011752835,3.4922488
heE4ZZXwehI.005,test,-4.680572,2.46443
hhdoeK8SsiI.004,test,5.7913675,-3.9377534
hl70w5drc_4.005,test,5.8856425,3.4716942
hmTY4CubpiE.005,test,7.227376,-3.9533286
hmcLIjG-hS8.000,test,20.889431,-8.955027
hmy9XEvT2v4.002,test,-3.721994,-4.9985313
hmy9XEvT2v4.003,test,-0.12037917,-3.8715475
hnWMsZEQWt4.004,test,-10.622903,4.864767
hnWMsZEQWt4.005,test,-12.439646,4.605519
hqe-8SMJGmc.001,test,-4.9702935,2.3167996
hquzfo9MVDo.000,test,-7.481382,3.0369835
hquzfo9MVDo.005,test,-10.0828705,3.3178027
hrat_RJczFM.003,test,-1.9925098,9.858749
hrat_RJczFM.005,test,-6.0185366,1.8189462
hsXn0N8bAYs.000,test,-2.6190848,1.2931069
hspeWl-Bip0.001,test,1.4184067,-3.9197206
htH89DBizno.004,test,-1.4036398,6.6279335
i1gouUmZumY.000,test,-4.8386116,0.82199407
iEgV9E3xm90.004,test,-5.6655307,-4.553525
iFSF6v3xw_k.003,test,-5.135535,-1.3696731
iL6lNdRS0ZU.003,test,-4.1494627,-3.3927903
iL6lNdRS0ZU.005,test,-3.2285032,-3.1695013
iQvoDdxt06M.002,test,-2.501145,-1.4678584
iVtaXNWqFac.001,test,-10.173147,2.47545
iWyAQkMVNfM.005,test,16.921116,-7.748903
ibawV2tqKug.000,test,-8.117123,3.3763855
idsEawKW4X8.002,test,-0.30187514,-5.502258
ihA8DzHWyiU.000,test,4.269001,-10.670651
ihEFzP5S57g.002,test,3.729217,-8.757448
ihmTGSMvQM4.001,test,3.7100742,-0.7899442
ihmTGSMvQM4.003,test,1.0870386,-3.0733817
ikCqtEGQbrg.002,test,-3.5896425,-4.4207788
ilOi-sQo9HI.002,test,-5.412692,1.398094
ilOi-sQo9HI.004,test,-4.054155,3.2486882
in-HuMgiDCE.005,test,-7.1325245,9.735131
io0aNQE8En8.001,test,18.046978,28.583433
ioaBnmfoHgo.005,test,-2.1018813,-4.4981413
ipP--IqIuWU.004,test,4.247818,-6.766804
iqs7mZbg5UI.000,test,-5.312063,-3.5240521
isaP2l3rlBQ.002,test,-9.869953,5.2267413
isaP2l3rlBQ.003,test,-12.663567,3.342965
isaP2l3rlBQ.004,test,-10.36609,5.404819
isqmQc9AfBc.002,test,-6.437063,4.626075
isqmQc9AfBc.004,test,-9.537746,6.149801
itQ2wSlXqCw.003,test,12.327202,-9.497065
ixPqs7L8oAE.001,test,-3.3475692,-5.887376
j-9NUiMYbos.001,test,10.84812,-6.0754642
j1idNSoB7tA.005,test,-10.021221,0.14806217
j5fXaXrNPoA.002,test,11.260524,-6.652749
j6Rvmjjp7pU.001,test,-3.4097588,-0.28537384
j6d-KRDXnUI.002,test,-1.4613569,-0.7197668
j6d-KRDXnUI.004,test,-5.7857695,-2.168109
j6d-KRDXnUI.005,test,-8.561387,-2.5369825
j7VLzb0qw8Q.000,test,2.807778,-9.622555
j7VLzb0qw8Q.005,test,4.012332,-6.081571
jFx6AEw6viQ.001,test,-8.923861,-0.82158345
jFx6AEw6viQ.003,test,-12.007628,1.180074
jOTlJwOBSd4.001,test,-8.6639595,0.18266433
jQRFHBVs0dA.002,test,10.782927,-7.3110547
jSw-grsJCnE.002,test,2.5187502,-7.5691
jVSnAbEGKLM.000,test,14.047026,-6.840466
jVSnAbEGKLM.001,test,5.7152805,-8.309097
jVSnAbEGKLM.002,test,15.942199,-11.483865
jd9_8OPxM3A.000,test,-7.258364,2.8518574
jd9_8OPxM3A.005,test,-9.043673,1.804459
jlDYn537Pd0.000,test,3.2131968,-7.8597674
jlDYn537Pd0.003,test,2.2129188,-4.8070626
jlDYn537Pd0.005,test,4.848701,-5.0877275
jlHKgXrxCu8.005,test,-5.313401,-1.6884372
jmbAPNTJ3Vk.004,test,-2.8218143,-7.331543
jpPZVmzleAo.000,test,-0.07528869,-8.142001
jrH_Pj-X0fs.004,test,-4.240297,-5.006975
jrhvXPaXo-0.003,test,-3.70002,6.3698606
jrhvXPaXo-0.004,test,-7.6583905,1.5487539
jub-AHFTH_g.001,test,0.4202061,-3.7378335
jvHDFrgu9PA.002,test,2.97729,-7.766833
jwbHWwySJW8.005,test,-4.920238,-4.576863
jwcSbw4NDn0.001,test,-0.28949896,0.8897121
jxoOEkSq0uM.002,test,7.121745,-6.5034113
jxt1W2WRNHQ.001,test,-2.97326,4.1144753
k4QmzZuQl9s.001,test,-3.9035306,0.72674626
k7-dMNJDc-w.001,test,11.872216,25.600615
k99PI3FGEj0.001,test,17.185062,-5.680256
kAjvzIWWrWA.000,test,8.805481,-7.619789
kAjvzIWWrWA.004,test,10.46859,-7.5318294
kDJigDGDJTo.002,test,-4.034509,2.5438764
kFak4VnRnRM.000,test,0.33007652,-3.2878227
kJLeYUobR0M.003,test,-5.3812146,-0.62622005
kK4QL7pOrhs.001,test,10.1081085,-7.2755675
kK534gUcRF4.000,test,-3.0028493,1.0811234
kKRc2aXzQyM.001,test,-7.219378,0.7281831
kL-CeaXG9jM.005,test,-5.723585,4.213529
kN9cs2nFhM4.001,test,-1.9570938,-5.5439563
kPXVZD3ac8s.001,test,-2.5711458,-1.1870248
kPife9TY9Pw.004,test,-0.39488286,-2.1291418
kQ8HhrysfaA.002,test,11.833016,0.69376004
kSk-rf7a1Ig.005,test,2.1927104,-4.9623017
kUpkeJDcxaE.005,test,5.5745273,-6.238982
kV7MFI2_ddo.003,test,-8.065181,-1.393748
kX-o1qmgWvc.003,test,-3.1963828,0.32004833
kY_4WyAXxrQ.001,test,-0.6636698,-3.6656392
kY_4WyAXxrQ.002,test,4.873713,-3.870562
kdPRPO3wgg0.005,test,-7.7203584,-0.98856795
keW8-eSiQ70.000,test,0.1371939,1.3478212
knK0zyX8bS4.001,test,1.0709981,-4.421523
knpgk7LAMb0.003,test,7.406303,-2.335659
knpgk7LAMb0.004,test,21.324408,20.761852
l-WgXcGLdZk.001,test,1.745974,0.051732987
l0qApUuiDjo.000,test,4.399911,15.873947
l3IoZ_QmOQo.003,test,-9.576469,0.90331286
l3IoZ_QmOQo.005,test,-0.41796398,-0.44816527
l7U3YDIOE_s.004,test,15.971212,9.697836
l7U3YDIOE_s.005,test,12.196737,4.3474464
lErjGxBb1Bk.001,test,6.0063944,1.0156134
lFzrVSbp254.001,test,-6.7398276,-1.6795754
lLObIVKYDUI.002,test,-3.3500896,-0.3838435
lLObIVKYDUI.003,test,-2.8377101,-2.2083309
lLhd1Cs3XDU.001,test,-11.229486,1.4869716
lNG_XdqMf0g.004,test,-0.2869888,-3.809782
lShOveDL2dw.003,test,-6.2733865,-1.6768608
ld7mBR4v3yU.004,test,-6.6913176,0.81721
leslBYwG8kc.001,test,13.963636,-9.466321
liRQoL7SsPw.005,test,-2.3864274,-4.148529
lkdQjIunxSE.004,test,-1.9260368,-3.0070662
lkeXyB-3Gs0.000,test,6.63797,-5.3943686
lsXw8u4QXIU.002,test,-9.106316,1.813325
lsXw8u4QXIU.004,test,-8.232617,-1.8025864
luH2RoZW-eY.005,test,8.71628,-6.2125673
lxnV9X8T2Zc.002,test,-8.271676,-0.14884552
lyZZSU1ziCQ.004,test,-1.352377,-1.7270435
ly_0m16694Q.001,test,-0.70341194,4.4439864
ly_0m16694Q.002,test,1.0872891,6.22652
lyznxF-Pj6g.003,test,0.6244913,-1.7142223
m-GLU7qAR28.001,test,7.294578,-12.780462
m-GLU7qAR28.004,test,9.514287,-11.641183
m0iznoJi8hw.000,test,-4.325732,-0.52027947
m0iznoJi8hw.005,test,-5.7221003,-0.6829439
m0tNIKbEwHE.001,test,-3.557042,5.977626
m2uxFfpb5xU.002,test,-3.8280816,-1.282832
m2uxFfpb5xU.003,test,-3.6419277,-0.4238226
m2uxFfpb5xU.004,test,-4.492427,-1.0914489
m5kTITzj1bY.003,test,-4.0591183,0.24713016
m5kTITzj1bY.004,test,0.34759572,9.855928
mBJTwQsDC4M.005,test,-4.5709887,-4.1168985
mBdVuEXRlfQ.005,test,-2.305484,-5.8449526
mEQBB6XsJFk.002,test,-1.5761393,-5.691013
mEQBB6XsJFk.003,test,-5.0858693,-1.2033504
mFz5Fbs97QA.000,test,-0.44956663,0.29537413
mFz5Fbs97QA.004,test,1.2034296,-0.37799197
mFz5Fbs97QA.005,test,9.895343,4.04514
mK8ebTJyrCI.001,test,-8.761549,1.9773372
mK8ebTJyrCI.004,test,0.7459805,17.631863
mK8ebTJyrCI.005,test,3.818859,20.825619
mKWscEow1U8.003,test,-1.3927945,-1.1778195
mMNjlGNWsZA.000,test,1.8437039,8.644695
mQpNe8f5xA8.000,test,-3.8235095,-1.8856174
mQpNe8f5xA8.005,test,-6.04757,-3.3767927
mXaI17Dx7u0.004,test,6.4186835,0.6374626
mZQP06F94u8.000,test,8.4324875,0.23282243
maDObxiOQRo.002,test,11.952249,2.6181266
maDObxiOQRo.004,test,10.240083,-7.807523
me15sHPOjKo.003,test,-2.6953866,-0.0680304
me15sHPOjKo.004,test,-8.58679,-0.4342623
me9kzWYVEoI.001,test,26.0868,-3.9142685
mfGhtr0zy3k.003,test,-6.5115356,6.9486747
mhF4kYTlVUE.005,test,-2.5178397,-1.1367993
mkJjaOADfj4.000,test,3.9219494,-9.249044
mkWfG-4vvGc.002,test,-6.9664097,0.08970708
mlXZQ8dO0nQ.000,test,-1.2082317,-8.677733
modNfUPt3F4.001,test,-6.6607566,2.49851
mpXOSY5dW7c.001,test,-6.6879015,0.91612077
mpk5Ubw2fj8.002,test,-2.8603919,1.4110085
mpk5Ubw2fj8.003,test,-2.5274162,-2.1608067
mpk5Ubw2fj8.005,test,-4.638682,-0.93463075
muLgzV1gGao.000,test,-2.1623554,0.3216429
muLgzV1gGao.003,test,3.662442,-2.1084523
mwjoabuP-GM.001,test,-5.9980364,-0.2098574
mwjoabuP-GM.002,test,-0.28157538,-0.090235725
n1nVCG0zqOI.001,test,-1.6749209,-5.607768
n2BuwHbdilY.005,test,5.5577984,-6.038189
n4NkVZ1_dfk.001,test,12.130278,-4.108043
n5Jeeqfj2_U.001,test,-12.267361,4.568549
n6JNJurop2U.001,test,6.971381,-4.8648868
n877YOU6Qy0.000,test,7.807857,5.118837
n8IiQJyqjiE.002,test,-8.707855,1.4177607
n8IiQJyqjiE.005,test,-8.281554,-1.5132737
n9eruV15f3o.003,test,-5.040282,5.97097
nB-fPmvZg3U.003,test,5.8182273,-3.3797958
nCWEEoJfjgE.003,test,-9.445025,-1.411936
nClvfVFYzbM.002,test,-2.4421406,-0.14635755
nEm44UpCKmA.002,test,-5.1869197,-5.5698237
nEm44UpCKmA.004,test,-8.7312155,-2.8899226
nGe8dIc-ecc.001,test,0.7899023,-10.865161
nGe8dIc-ecc.004,test,-1.4071512,-10.018845
nIwFocnmRFY.005,test,-5.027835,-0.29468653
nKLhatlbqEw.004,test,-4.2758784,-2.18521
nLB29nx1Jp4.000,test,2.3337274,-7.0825696
nLB29nx1Jp4.002,test,0.12931569,-6.4158125
nLB29nx1Jp4.004,test,1.2431866,-7.227832
nLuAoNAOGcQ.001,test,-3.8454797,-2.7488327
nLuAoNAOGcQ.005,test,-4.549354,-2.7132275
nOCSTnpB_F4.004,test,-3.5884256,-3.4252665
nOFHZ_s7Et4.000,test,3.7471504,19.339369
nQtiqrceBhg.000,test,6.9844303,6.199391
nQtiqrceBhg.004,test,10.777308,6.783366
nR0h3WFbPfA.002,test,-2.963884,5.458966
nR0h3WFbPfA.005,test,-6.8637137,3.8786027
nUbhRInpVbA.003,test,6.1817646,-4.372907
nYCuMoC5ibQ.002,test,0.6023481,-4.9438186
nYCuMoC5ibQ.003,test,2.4436429,-5.375379
nZz1hK90gwA.005,test,31.17454,-10.75316
naAGy30bnwA.001,test,2.5563147,-4.653842
naAGy30bnwA.004,test,6.4902534,-1.3555886
ncmnmmmWEpU.002,test,-4.929045,-3.05324
ndLtwmvPpr8.001,test,2.4030876,12.26233
nex61B854Ms.001,test,0.03034615,2.4719672
nfEhF5GBQpo.002,test,-10.556933,1.120831
nghDz0el8iI.002,test,0.48292732,-2.7708611
nghDz0el8iI.003,test,-0.524181,-3.259582
nghDz0el8iI.004,test,4.628605,-4.547745
niWi1hcuSmo.000,test,0.9716581,-0.909424
niWi1hcuSmo.004,test,20.593388,-5.578736
nkmYbzMmrYw.005,test,2.3428233,-8.502374
nmZRXxKPPuQ.001,test,-4.931845,-3.8243165
nmZRXxKPPuQ.004,test,-6.8192945,0.13509443
nndDX4RgU1w.001,test,-2.9039862,-0.26341105
nndDX4RgU1w.003,test,-5.3142996,-0.7628008
nvlqJbHk_Lc.001,test,6.4940896,-7.695425
nvlqJbHk_Lc.003,test,5.0438643,-8.507282
nvlqJbHk_Lc.005,test,8.738391,-6.1333394
o-fNF5QVMNo.001,test,4.169729,-4.3289976
o2lu6rkd5-Y.003,test,5.3727384,-6.4419312
o6JCQlOC3oE.000,test,-4.198844,9.99454
o6JCQlOC3oE.003,test,-2.5655687,0.9621768
oANKg9_grdA.001,test,35.0102,-3.95164
oC-qxnrmJws.001,test,9.12362,14.639628
oC-qxnrmJws.004,test,-6.4770203,-3.6355517
oG84VxrGfj0.005,test,36.00183,56.42793
oU7zAWm_01o.001,test,-8.733161,-0.7164554
oXRhk1PUPcQ.001,test,0.49523875,2.2108412
oYhWw97JYyU.005,test,-9.468835,0.9886949
oYiWW-Qc0rs.004,test,3.275216,-7.397126
oe1PZxExhzc.000,test,-3.84842,-2.7772214
oe1PZxExhzc.002,test,0.40821138,-3.7064707
oe1PZxExhzc.004,test,-1.2431368,-5.0064707
oe1PZxExhzc.005,test,0.08061329,-2.7872562
og8vtyRh_bc.004,test,9.3652,-12.643089
ogSLrHVeqLI.002,test,-4.5663342,-4.401125
omeHsKF7InA.003,test,-1.3439091,-1.1239953
omeHsKF7InA.004,test,2.060123,6.862882
oontew1LiUU.000,test,-1.3979641,5.3619556
oontew1LiUU.002,test,-2.9646573,-2.0240111
oontew1LiUU.003,test,3.7586062,12.737401
oontew1LiUU.004,test,-0.29083675,-2.267603
oontew1LiUU.005,test,-0.6873415,0.30245456
opqoflph5ZE.002,test,3.0504568,-2.2016292
opqoflph5ZE.005,test,9.812534,5.557771
oqXx6ipHfUE.004,test,1.7509857,-2.7210512
oq_v2yocx34.000,test,-13.350339,0.10753762
orlXEgAepGo.001,test,11.548994,6.8548017
orlXEgAepGo.004,test,9.169256,6.3338313
osqQpQsJNPQ.005,test,-3.983112,1.4116751
ouYYWCY__5A.002,test,-7.028412,-3.2328165
ouYYWCY__5A.003,test,-4.732675,-1.0297015
ouYYWCY__5A.004,test,-4.088169,-2.8037343
outvbZgNX58.003,test,-4.2723575,3.9010174
owRKOW0ymCM.001,test,-4.348805,-0.9634928
owRKOW0ymCM.004,test,0.235278,-4.199027
p-V78q8dtYo.000,test,-1.1425433,5.9531484
p-V78q8dtYo.004,test,-4.056166,0.3818949
p5QXPhJS8Ks.002,test,-5.5027676,5.1598887
p5v75vAZ7F0.000,test,16.518751,4.883373
p6UMx8dwHZQ.005,test,0.72449434,6.302366
p9tAC-RqZPI.000,test,-0.18056273,-3.047993
pDt0F4zFfBs.002,test,3.517782,-5.5954533
pDt0F4zFfBs.004,test,1.5136981,-2.1472156
pEYFpmjwKC0.000,test,-8.222734,3.6759696
pKm9lxa4cmg.000,test,-0.11985466,-6.527478
pOtWKOF07iU.005,test,4.816817,-7.187989
pPtzEnf5afw.001,test,17.01601,7.7381415
pPtzEnf5afw.002,test,1.8900265,0.3500247
pQy4omHIf7o.005,test,-2.2916138,-4.8661427
pT8nyxks1Q4.001,test,-5.4878335,4.102253
pT8nyxks1Q4.002,test,-5.6147113,3.2201548
pT8nyxks1Q4.003,test,-4.6278706,8.166163
pZxqWp0e-Ik.001,test,-1.4789289,8.4822855
p_kPnCD7WzU.003,test,43.013218,-16.52034
p_kPnCD7WzU.004,test,35.969116,-15.548256
p_wf-KszNlk.001,test,3.754415,2.4287148
phjVMKGYBKs.001,test,-12.327409,1.4576031
phjVMKGYBKs.002,test,-10.196545,10.490369
phjVMKGYBKs.004,test,-11.247303,-0.23083691
piNQPNAKzyU.004,test,27.637651,-11.492231
plNPzKp2DFw.003,test,-0.43601516,-4.6803546
pnY7YOgdl54.001,test,-3.2853777,-4.388454
pru5ut4lxkQ.001,test,1.0716606,-3.9762986
pslp6X3OWy0.000,test,-10.792514,-0.47478122
puLXzqUvm_U.002,test,20.744097,33.376602
puLXzqUvm_U.005,test,0.5560161,4.3374043
pvvff396Rqg.000,test,2.920452,2.9565458
pvvff396Rqg.001,test,3.1323905,2.242735
pvvff396Rqg.002,test,-2.2672262,2.325073
pzfDth6nFQE.001,test,-10.271161,5.043088
qAisk1lgv2I.000,test,6.440132,3.047361
qAisk1lgv2I.005,test,2.7421618,-0.79825497
qBpv0BfiGQk.000,test,6.2843537,-5.6497645
qFYgMFMal_s.000,test,-1.092984,5.106654
qFYgMFMal_s.003,test,-6.1238465,-0.079271995
qFYgMFMal_s.004,test,-8.842399,0.23293565
qLV1a_611kA.003,test,-6.678954,-3.1192844
qLbOPbx33dk.000,test,7.7071705,-4.008693
qP8YzH6LT9c.002,test,1.8154906,-9.72091
qRtKUGgULL8.003,test,11.823119,-7.3899784
qVcw5-mm31s.003,test,-5.7349772,4.9812818
qVrXROy4Ais.002,test,-2.840786,-4.9702625
qVrXROy4Ais.005,test,-3.082978,-1.8023582
qW0TYVtzq5A.004,test,-3.3606567,0.80878586
qkmEt0ofGq8.000,test,1.7003003,-4.295343
qoZwA4ESb7g.002,test,12.786332,-0.13968135
qoztP0w5-Vo.002,test,-9.256048,1.6380063
qoztP0w5-Vo.004,test,-7.0432315,-1.913872
qssXr_Fg96o.004,test,-6.1206155,1.6103858
qtB-CogljAo.004,test,-6.635771,-0.27818584
qyzuaettjU8.000,test,12.387067,-9.4539585
r1YAW67aevY.001,test,-1.0295864,3.731177
r1YAW67aevY.002,test,0.9735028,8.2563505
r2BoxB3kgYk.002,test,0.24956408,-2.80404
r2BoxB3kgYk.005,test,24.290434,2.7280295
r2HcJYjGK5s.000,test,-3.1275978,6.4612136
r4BGKIXrD9c.004,test,0.57925075,-0.58008903
r93dLeVRk3U.000,test,5.4974613,-1.1147224
r9TaaVTo8Y8.005,test,-0.85297894,-4.937821
rCxlfusNJlY.003,test,-9.097559,0.5091068
rIHcq2E67Nc.001,test,-3.0559769,-0.02189405
rIRBEkDhn6Q.000,test,8.013803,-6.52515
rJgbslC72gw.000,test,-9.1904,1.4941326
rMFJmA5dRFQ.002,test,-0.8818652,-2.3116865
rMFJmA5dRFQ.003,test,0.8905831,-3.2829733
rT0TqakPrAI.001,test,-9.786333,0.60455203
rUGAiuYHNgE.003,test,7.643617,7.7884035
rW3hFpfGMHs.002,test,39.252277,96.83603
rWT8N_yjf60.000,test,-1.4462763,0.02344948
rY_bqkNUp9I.005,test,-0.4436795,-3.3983757
rjS0PIwS47M.002,test,8.337008,-9.181375
rqfvIjzegpI.004,test,10.147388,-8.810173
s-jZlMKQGwc.001,test,-3.077588,5.432774
s-jZlMKQGwc.004,test,-7.113397,-1.8472432
s0pgZM5G6ds.000,test,5.381971,-0.5669172
s0pgZM5G6ds.002,test,-0.19563964,-4.9983807
s6N1pv5lzrU.001,test,-8.876966,1.5752263
sDNzrM6N7wA.004,test,-12.700756,3.8031805
sDWJMBZ1mVA.004,test,-3.3066556,8.214602
sHVXhr7_EOs.001,test,-5.494781,-1.3733335
sHVXhr7_EOs.005,test,-5.9087634,1.4142021
sOkGz6gEmGk.004,test,5.2145844,31.770996
sPMNhG1Sehc.000,test,24.085348,-15.97203
sR6UEGk-_mE.000,test,30.330185,-12.364161
sSR1a5XW7n4.000,test,-4.7506456,-0.13225454
sSR1a5XW7n4.003,test,-3.5908024,-1.3111691
sSR1a5XW7n4.004,test,1.2946489,-3.6311762
sa1ZACqr15U.001,test,-7.761762,-3.9415717
scifP1EXSdo.000,test,-0.04013462,-2.7193305
scifP1EXSdo.005,test,-3.0847557,0.16729972
sf29orxf4X0.001,test,-2.4877079,-3.4135702
sf29orxf4X0.004,test,6.7257314,8.103634
sf29orxf4X0.005,test,1.9082918,0.28243348
sf8TXpaKnt4.004,test,24.196712,-14.053189
shQmRW4CrGE.003,test,4.6267786,-7.1425343
shtirfEzWFA.004,test,-4.1701026,4.585799
siEnTktB4lQ.000,test,-4.43123,3.3340735
si_gZCrLa4A.000,test,-4.161366,-0.48374242
simc6hmrUOE.001,test,-0.237203,-1.060866
simc6hmrUOE.002,test,-8.286006,0.06285615
simc6hmrUOE.004,test,-2.980018,-0.8795177
sntohi33U5s.002,test,-5.783381,1.2881706
sntohi33U5s.003,test,-7.979218,-0.74580747
sqnW6xXYTKg.004,test,-0.7575865,9.565785
ssexxLJLuhU.002,test,-5.7100015,-0.6775722
struoSVUsUg.000,test,-4.4975214,-2.5079257
struoSVUsUg.003,test,-5.9001293,-2.6520638
struoSVUsUg.004,test,-7.2478304,-3.3262112
syJo_sm8IqQ.001,test,-0.33717403,-5.7025213
syTTeox8Yaw.000,test,-7.084544,-3.0609512
syTTeox8Yaw.001,test,-4.627315,-2.2300394
t1PKNXE-IiM.003,test,-5.3492756,-4.406369
t30ERiF6b50.002,test,-6.845939,-2.391115
t30ERiF6b50.005,test,-3.3794413,0.07846962
t6-ljEWQjW8.001,test,6.8152943,-2.8047287
t6-ljEWQjW8.004,test,5.6942225,-3.1573734
tCnfvBwWVKw.005,test,-9.989031,4.014952
tPVSlH_VmZk.000,test,-0.10158175,-2.2364008
tTBRJznaNi0.003,test,4.6366863,-0.34843934
tYpxPqwle5k.000,test,-6.1850643,-1.0503778
taSAaWKcmTw.003,test,11.658159,-8.0109
tcmYlyeqwuI.005,test,-3.5684435,0.7924365
tg0i-zxvQXk.001,test,-0.3465394,1.2570747
thl4HwoqyrI.005,test,-3.7006028,-3.8096223
tt-EaApaHx4.003,test,-9.696353,3.9138868
tt-EaApaHx4.005,test,33.449,25.978714
tuuQmKxW3iU.000,test,0.2349724,-8.814478
tvKUJujTUEo.000,test,-7.8197875,-1.8751717
txU8yE9d-4k.000,test,2.1098714,0.540688
txU8yE9d-4k.004,test,2.2170231,-2.923758
uDm7iZuX5DQ.000,test,4.6020465,24.312742
uDm7iZuX5DQ.004,test,0.47228202,13.757428
uE2U_Y7QrIw.001,test,-8.860307,3.4549305
uHrP02iwW1o.003,test,2.6436276,-6.6531515
uKy7lHuMQ_o.003,test,12.923544,-5.81316
uMCRfie1lkc.000,test,-9.876493,2.1997607
uRY3aJAaogw.004,test,-4.62502,9.447749
uStuc1OX0f0.001,test,-1.8353592,-7.2811036
uStuc1OX0f0.002,test,2.6096044,-8.605406
uStuc1OX0f0.005,test,-1.1841029,-6.6210604
uT-y9m7_-E0.000,test,-3.8818083,-2.1947043
uTluOTPA7e4.005,test,1.1303314,0.468276
uYvDMWWq2Jw.003,test,4.287275,-8.967422
u_OwN18tbCI.001,test,-2.4537973,-2.0373607
u_qvbRpm88k.000,test,-2.3286974,0.32816955
u_qvbRpm88k.004,test,-4.499427,1.8250631
uf_sIIw4zxY.000,test,-0.24591988,0.5791782
uf_sIIw4zxY.003,test,6.621351,7.5947433
uifW-cV-iQo.000,test,7.9897466,8.142411
ujC_Fik6sBE.000,test,8.038357,-8.702826
unfkD5YNaDg.003,test,2.367939,-10.138176
uoLDJJMK5Gw.003,test,-6.0208836,7.4658074
upgv7xmOb1I.000,test,-6.85971,1.2193948
urCVAp964Tc.004,test,46.095562,-3.8707983
usG6pVxbQkw.002,test,-10.483089,7.5641317
usG6pVxbQkw.003,test,-13.982578,4.721225
utv9RBNcL5w.003,test,-2.287527,-6.0377374
v1ScttBOQc8.000,test,-7.5227356,1.4654166
v1ScttBOQc8.003,test,-8.520582,1.3503326
vA1ytZ6QR5c.002,test,-1.5081223,-3.0335946
vAEqpUwBMJQ.002,test,-5.632765,-0.84842944
vCV-5LypZCs.000,test,-5.797562,-2.4931474
vCY4uvfrWXA.000,test,5.856119,-9.05184
vE9XgQL7DGE.000,test,-9.486897,3.681106
vIW7gDmhYMk.000,test,-6.132432,7.1788297
vJDx6TCX32M.005,test,-2.5337296,-0.940979
vLAHfIjmRMc.000,test,-11.130547,2.2337022
vLAHfIjmRMc.002,test,-12.350182,1.1078945
vNEs2yGe77s.001,test,21.059645,-8.8358555
vOEQlAMABWM.004,test,15.975799,51.221264
vQEZ5KF9I4E.000,test,-12.839429,5.0671864
vQEZ5KF9I4E.001,test,-10.551434,3.5443287
vYkHHVeNK_M.000,test,0.30213755,5.494359
vYkHHVeNK_M.005,test,1.0186512,12.817952
vZPLbzF0aSg.002,test,19.237642,-10.791245
vhugKRUnd-c.005,test,0.6212707,25.302713
voB6O-ky9cA.001,test,14.625203,0.3895193
voB6O-ky9cA.002,test,7.1688704,0.26815507
voSLxKtKr0Q.001,test,-0.16244893,-5.530788
vp9p1osOaLI.000,test,0.21264157,7.843353
vp9p1osOaLI.001,test,-3.978063,13.416193
vp9p1osOaLI.004,test,5.286369,7.213393
vqLtOsoNPnU.000,test,-4.8495817,-3.506238
vqLtOsoNPnU.005,test,-2.212793,-1.8680766
vr5FWHUkYRM.002,test,31.218788,-7.023923
vr5FWHUkYRM.004,test,-4.788779,-1.5659066
vwY6OhjDjOA.003,test,7.73344,2.411041
vzttwG7SKZ8.001,test,0.13527977,-8.906659
vzttwG7SKZ8.002,test,-0.60210526,-7.039399
w0CQ55sKmck.000,test,-1.9532212,1.2362422
w2FKw8IhbFw.004,test,21.310644,31.854782
w4cZStXMUII.004,test,-1.0514717,-6.7942853
w4cZStXMUII.005,test,-2.8434403,-5.764004
w7O2QJu2Wl4.003,test,17.924713,-8.779958
wBCSJVBr4ZE.000,test,-10.621506,4.7783337
wBCSJVBr4ZE.001,test,-10.804301,5.214377
wBSf7anTC_g.002,test,-11.6259165,1.0589708
wJl7DbsbrDA.002,test,-2.0849364,-3.0184133
wJl7DbsbrDA.003,test,-3.9414506,-0.34148335
wKBObhJXCSQ.000,test,18.015701,-5.2238727
wK_ExIjn5Q8.000,test,3.1814134,32.08401
wK_ExIjn5Q8.003,test,-8.526755,6.5939145
wTo1uZns2X8.002,test,4.8620977,13.828737
wTo1uZns2X8.004,test,-1.4992219,11.970935
wUkdpuWq_Q0.004,test,0.6195986,-6.9018598
wVpjBxCirAQ.002,test,2.2207754,0.095557466
wVpjBxCirAQ.003,test,1.4849036,5.009235
wXLL0teBlvs.002,test,0.32013217,-6.2287726
wYixHjntI-4.000,test,-7.6497307,0.53967845
wYixHjntI-4.003,test,-9.8682575,4.7767158
w_ExyXsnw2A.005,test,-6.2358465,-2.103916
wp59eOvygp0.000,test,-11.107659,0.7246486
wy1szFSVpEI.000,test,1.0486422,-5.629632
wyq_eWJClSY.001,test,-10.236591,-1.07324
wyq_eWJClSY.005,test,-9.1207905,-0.031661462
wzCdM6Fe_4A.000,test,-4.2190833,-4.446328
wzCdM6Fe_4A.002,test,-4.2392893,-2.8432212
x0mD5kr2hu4.003,test,1.180035,-0.7081523
x0mD5kr2hu4.005,test,-3.4530795,-0.73853546
x6Tluj4dJTU.003,test,-4.7105336,-1.5059083
x9FAFeaizu0.002,test,-2.3242254,-1.3832843
xA2OJtxFoeg.005,test,10.468421,-8.497118
xEmwNv4OxGE.003,test,-3.8950038,-1.4620563
xGo_wImhwkQ.004,test,-3.1956105,-3.9540918
xQHmbJ_lPjY.004,test,-4.308901,-2.0525854
xRhUBifOWiI.005,test,4.926992,-4.8586717
xVJDjbiIjTo.005,test,-1.487547,10.900517
xYXVkQOmSfk.004,test,-6.434056,1.4500155
xcMwMi4fdis.000,test,20.962084,-8.075002
xcMwMi4fdis.003,test,19.83207,-6.3526254
xeE08Vn-HXI.003,test,0.9886615,-2.4998996
xfMOELCuN94.005,test,-2.4421313,-4.714548
xgwiqo2AsCA.003,test,20.112162,21.238918
xgwiqo2AsCA.004,test,11.782956,5.289895
xgwiqo2AsCA.005,test,33.52788,44.746513
xmD4FKMq2rk.002,test,-4.9190006,6.696761
xmD4FKMq2rk.004,test,-0.86130005,-0.2740155
xmaC2XOhPaE.000,test,15.708859,1.0469148
xmaC2XOhPaE.002,test,7.9995527,0.7276284
xmaC2XOhPaE.004,test,6.605812,1.8670363
xq0-QVHxp-Q.002,test,16.797394,-3.3327885
xq0-QVHxp-Q.003,test,11.1147,-4.370232
xq0-QVHxp-Q.005,test,19.090258,-7.7802672
xqGyF2T3pso.004,test,-4.5436316,6.296704
xsDABUrvs6w.003,test,-12.030544,4.988399
xsDABUrvs6w.004,test,-12.2391,3.8531587
xsDABUrvs6w.005,test,-8.652037,4.9406705
xtDw9TlWiww.003,test,-11.488821,4.1988764
xun35caJTQI.001,test,-9.213482,5.671902
xun35caJTQI.004,test,-9.941782,5.2234573
y2UF49ddapI.000,test,-1.3585976,0.3659701
y3_71Wpt9eA.003,test,8.47484,3.5518386
y6LC5kAJmHw.005,test,3.4533129,4.8714113
y9nS5DkAInI.001,test,13.06831,-8.247749
yBlPsPBRv5E.003,test,-8.530827,0.84544784
yBlPsPBRv5E.005,test,-6.475882,-1.0062718
yEY_2BYZhnQ.001,test,-5.6301455,-1.2864187
yHwuRYr5lxk.000,test,-6.5351505,-1.4588755
yHwuRYr5lxk.001,test,-4.660679,-3.1039076
yHwuRYr5lxk.002,test,-6.1412916,-4.012611
yIM5bal1VVs.001,test,-13.673183,2.3900402
yIM5bal1VVs.002,test,-9.49465,6.570274
yIe7Rp54-bU.003,test,-3.9002182,-2.0977542
yOzHZOg95Ug.000,test,6.4229536,1.1354254
yRVvI1x2DBI.001,test,-2.3641589,-1.7409289
ySEeioc339E.000,test,-0.5372026,-0.06553163
ySEeioc339E.001,test,-1.7518296,-3.7572258
yUESJPS0wS8.001,test,7.157856,-7.427259
ya8Ec_yTai8.000,test,-0.19122204,-3.2352006
yftfxiDNXko.003,test,-6.002728,2.8783278
yftfxiDNXko.005,test,-3.9979267,7.3126016
ygUEI08LgcM.005,test,-5.575509,-0.28987515
yj2Y1Y26rd4.003,test,-6.3786497,0.42530277
yp-tfq1NxBk.001,test,-5.0998735,0.107489325
ytSIdQkw3gc.001,test,-2.5275707,-3.4330628
yw-2AGeAjFc.000,test,-9.024203,4.9738097
yyqXzlF8Fgc.002,test,-10.466797,-0.1712368
yyqXzlF8Fgc.004,test,-8.08115,0.41351116
yzKfXFT5KYU.001,test,-6.248325,-1.3512897
z0v9LukQRHU.002,test,1.0771539,8.611923
z0v9LukQRHU.003,test,2.7733448,5.2250195
z1q3ktuRdII.004,test,-3.6102247,-1.8515598
z54OqeICELg.002,test,-0.76166254,-6.656663
z6E5hLYhaZk.000,test,5.632763,-7.648164
zF3Uk2OAJAE.003,test,-4.523509,-5.2485733
zFVjcb45pjI.000,test,1.5901747,9.942897
zJEnT19uoPY.003,test,-14.211493,3.8274155
zMXfMcqpPwQ.003,test,-3.9958496,-4.842699
zMXfMcqpPwQ.004,test,-5.5356445,-4.6287694
zNmuwZkaeVg.004,test,-0.37200344,5.802951
zWetcoNHgrQ.001,test,-8.831752,-0.09874904
zeUC7e-4w1E.001,test,1.4817716,-5.21
zwO2zBdbCb4.004,test,-3.3860447,8.466689
zyGz_H1UTnQ.000,test,-12.802311,5.4349556
zyGz_H1UTnQ.001,test,-6.602442,5.8775053
