clip_id,gt_extraversion,gt_neuroticism,gt_agreeableness,gt_conscientiousness,gt_openness,pred_extraversion,pred_neuroticism,pred_agreeableness,pred_conscientiousness,pred_openness,abs_err_extraversion,abs_err_neuroticism,abs_err_agreeableness,abs_err_conscientiousness,abs_err_openness,mae_per_sample,embedding_row_index,embedding_norm_raw,distance_to_train_centroid_scaled,pc1,pc2,error_group
-10-QQDO_ME.001,0.53271025,0.41666666,0.5494506,0.5631068,0.65555555,0.37139654,0.3653644,0.41967764,0.4256627,0.47695255,0.16131371000000005,0.051302260000000044,0.12977296,0.1374441,0.178603,0.131687206,0,2.2799268,37.291237,-12.525508,12.859377,middle_80pct
-10-QQDO_ME.002,0.5794392,0.53125,0.6703297,0.5825243,0.65555555,0.36630604,0.33982724,0.44032192,0.3874482,0.45275003,0.21313316000000004,0.19142276000000003,0.23000778000000005,0.19507609999999997,0.20280551999999996,0.20648906400000003,1,2.3023176,43.018574,-16.526968,22.493595,highest_error_10pct
-10-QQDO_ME.005,0.53271025,0.5520833,0.51648355,0.61165047,0.6333333,0.4697672,0.44363466,0.47227407,0.42012286,0.53988796,0.06294305000000006,0.10844864000000004,0.04420948000000002,0.19152760999999996,0.09344534000000004,0.10011482400000002,2,2.1428304,30.384827,-17.906893,-1.2305492,middle_80pct
-IK--4uz5ZY.000,0.5794392,0.5625,0.6043956,0.6796116,0.5888889,0.5714671,0.6034267,0.60384667,0.5806883,0.6589811,0.007972100000000037,0.04092669999999998,0.000548930000000003,0.09892329999999994,0.07009219999999994,0.04369264599999998,3,1.9342712,20.061811,2.1244836,-1.5524594,lowest_error_10pct
-IK--4uz5ZY.002,0.5420561,0.6354167,0.52747256,0.66019416,0.56666666,0.54719937,0.5528591,0.5617146,0.48861393,0.65013105,0.005143269999999922,0.0825575999999999,0.034242039999999974,0.17158023,0.08346439000000005,0.07539750599999998,4,1.9531673,20.733658,1.4381803,-0.8482412,middle_80pct
-IK--4uz5ZY.003,0.6448598,0.6770833,0.7032967,0.66019416,0.74444443,0.531771,0.5593896,0.591248,0.55856866,0.59156287,0.11308879999999999,0.11769370000000001,0.1120487,0.10162549999999992,0.15288156000000008,0.11946765200000001,5,1.9424559,23.898102,1.2159373,-3.3301914,middle_80pct
-IK--4uz5ZY.004,0.74766356,0.6770833,0.74725276,0.6893204,0.8111111,0.54111886,0.58059067,0.59481317,0.57952577,0.61775786,0.20654470000000003,0.09649263000000008,0.15243958999999996,0.10979463,0.19335323999999998,0.15172495800000002,6,1.854235,22.070261,1.5772194,0.37725356,middle_80pct
-KtFfRqPFXA.003,0.5607477,0.6354167,0.64835167,0.6407767,0.64444447,0.41142356,0.5021303,0.5554837,0.52150613,0.522233,0.14932413999999994,0.13328639999999992,0.09286797000000002,0.11927056999999996,0.1222114700000001,0.12339210999999999,7,2.0839121,23.570349,5.5276423,4.4846683,middle_80pct
-R2SZu3SYgM.000,0.22429906,0.16666667,0.1978022,0.19417475,0.5777778,0.45672965,0.50140417,0.5437864,0.50107306,0.5486561,0.23243059,0.3347375,0.34598419999999996,0.30689830999999995,0.029121700000000028,0.24983446000000004,8,2.2199419,24.784086,10.455574,3.7092826,highest_error_10pct
-R2SZu3SYgM.001,0.17757009,0.21875,0.26373628,0.17475729,0.37777779,0.48762065,0.5607118,0.5440919,0.5430673,0.6058192,0.31005056,0.3419618,0.28035561999999997,0.36831001,0.22804141,0.30574387999999997,9,2.0613942,24.241556,9.203012,1.3341408,highest_error_10pct
-R2SZu3SYgM.002,0.317757,0.26041666,0.17582418,0.19417475,0.41111112,0.42423105,0.49754453,0.5185914,0.49319145,0.4938963,0.10647404999999999,0.23712786999999996,0.34276722000000004,0.29901669999999997,0.08278518000000001,0.21363420399999997,10,2.006891,24.206059,4.0619864,0.42305765,highest_error_10pct
-R2SZu3SYgM.003,0.26168224,0.32291666,0.2967033,0.21359223,0.3888889,0.39470693,0.45692927,0.52416503,0.53441745,0.54180294,0.13302469,0.13401260999999998,0.22746173000000003,0.32082521999999997,0.15291403999999997,0.193647658,11,2.0728786,28.27626,8.01638,5.1534495,highest_error_10pct
-R2SZu3SYgM.004,0.3364486,0.42708334,0.37362638,0.29126215,0.5888889,0.4687411,0.521973,0.5514046,0.5169411,0.5822691,0.13229250000000004,0.09488966000000004,0.17777822000000004,0.22567895000000004,0.0066198000000000645,0.12745182600000005,12,1.9930964,21.362213,6.971441,1.2506744,middle_80pct
-RqxrwIxMvE.002,0.5981308,0.48958334,0.51648355,0.5145631,0.51111114,0.5050392,0.5335207,0.5518809,0.57931674,0.58708984,0.09309159999999994,0.04393735999999998,0.035397349999999994,0.06475363999999995,0.07597869999999995,0.06263172999999997,13,1.9563245,27.854267,-8.570467,-7.8067827,middle_80pct
-RqxrwIxMvE.004,0.6448598,0.6354167,0.6923077,0.61165047,0.73333335,0.52705467,0.5230309,0.58821976,0.55533606,0.6065973,0.11780513000000004,0.11238579999999998,0.10408793999999999,0.056314409999999926,0.12673605,0.10346586599999999,14,2.002714,23.949461,-0.13141334,-1.7697929,middle_80pct
-Wqk9eex6bQ.000,0.42056075,0.5208333,0.5604396,0.592233,0.5222222,0.31797594,0.3768016,0.4590096,0.5049604,0.41515723,0.10258480999999997,0.14403170000000004,0.10143000000000002,0.08727260000000003,0.10706496999999998,0.108476816,15,2.0147738,26.131618,9.262145,4.159384,middle_80pct
-Wqk9eex6bQ.001,0.41121495,0.6875,0.51648355,0.592233,0.5777778,0.37723273,0.44273594,0.48647815,0.55930436,0.4581732,0.03398222000000001,0.24476406,0.030005400000000015,0.032928640000000065,0.1196046,0.09225698400000001,16,1.9690609,25.793592,7.9254923,5.254152,middle_80pct
-Wqk9eex6bQ.002,0.41121495,0.4375,0.4945055,0.57281554,0.44444445,0.32128578,0.39373255,0.46664572,0.5122805,0.4233505,0.08992917,0.043767449999999986,0.02785978,0.060535039999999984,0.021093949999999972,0.048637077999999986,17,2.0537417,27.372585,8.008894,6.79459,middle_80pct
-Wqk9eex6bQ.003,0.5046729,0.40625,0.3846154,0.5533981,0.5222222,0.34834528,0.3727665,0.47192794,0.50291926,0.40690488,0.15632762,0.0334835,0.08731254,0.050478840000000025,0.11531731999999995,0.08858396399999999,18,2.0584443,25.420942,5.481664,7.123145,middle_80pct
-Wqk9eex6bQ.004,0.2897196,0.3125,0.43956044,0.63106793,0.4,0.29841837,0.37629542,0.47431576,0.53085035,0.39128593,0.008698769999999967,0.06379541999999999,0.03475531999999998,0.10021758000000003,0.008714070000000018,0.043236232,19,1.9679233,23.540731,7.6522427,2.332128,lowest_error_10pct
-Wqk9eex6bQ.005,0.37383178,0.46875,0.4945055,0.60194176,0.44444445,0.3799865,0.43965077,0.5127555,0.54169077,0.43751478,0.006154720000000002,0.029099229999999976,0.018250000000000044,0.060250990000000004,0.006929669999999999,0.024136922000000005,20,1.9425229,25.495417,5.6732235,3.273622,lowest_error_10pct
-agCXYgb7pI.000,0.45794392,0.5520833,0.61538464,0.7281553,0.7,0.36586702,0.4131637,0.5129635,0.4725814,0.46081832,0.09207690000000002,0.13891960000000003,0.10242114000000002,0.25557389999999996,0.23918167999999995,0.165634644,21,2.0082169,27.786993,0.4383554,-0.043164343,middle_80pct
-agCXYgb7pI.001,0.40186915,0.5833333,0.6043956,0.61165047,0.56666666,0.3331229,0.39936218,0.48646814,0.44019353,0.4404502,0.06874625000000001,0.18397112000000004,0.11792746000000004,0.17145693999999995,0.12621645999999997,0.133663646,22,1.9809763,26.25274,-1.5220615,-2.4966676,middle_80pct
-agCXYgb7pI.002,0.47663552,0.59375,0.72527474,0.5145631,0.54444444,0.32480225,0.37746844,0.49629143,0.43047118,0.40607446,0.15183326999999996,0.21628155999999998,0.22898331000000005,0.08409192000000004,0.13836998,0.163912008,23,2.0827024,27.96171,-1.679946,-0.1962057,middle_80pct
-agCXYgb7pI.004,0.43925235,0.5416667,0.6043956,0.6407767,0.44444445,0.38469636,0.457568,0.5285763,0.50321215,0.49225616,0.05455599,0.08409869999999997,0.07581930000000003,0.13756455,0.04781171000000001,0.07997005,24,2.0050824,25.07544,-0.553682,-1.6618537,middle_80pct
-m5QCnnp-vI.000,0.46728972,0.5520833,0.51648355,0.63106793,0.5555556,0.56485116,0.5958099,0.5937848,0.63962835,0.6379187,0.09756144,0.04372659999999995,0.07730124999999999,0.008560419999999902,0.08236309999999991,0.06190256199999995,25,1.8582242,24.699705,3.7150154,-3.3146486,middle_80pct
-utrsarZeIY.001,0.5046729,0.45833334,0.5824176,0.57281554,0.62222224,0.51054674,0.52112246,0.543482,0.4914278,0.5889207,0.005873840000000019,0.06278911999999998,0.03893559999999996,0.08138773999999999,0.033301540000000074,0.044457568,26,2.0312672,26.884678,-13.897167,-7.311507,middle_80pct
-utrsarZeIY.004,0.5233645,0.33333334,0.51648355,0.4368932,0.41111112,0.47419417,0.48805267,0.5186716,0.47014204,0.51936716,0.049170329999999984,0.15471933000000004,0.002188049999999997,0.03324884,0.10825604000000005,0.06951651800000001,27,2.1152077,26.0522,-11.262861,-6.1984687,middle_80pct
-wO0oBNlEvY.005,0.44859812,0.5520833,0.47252747,0.46601942,0.64444447,0.50352526,0.60838395,0.63569003,0.5933544,0.63843936,0.054927139999999985,0.05630064999999995,0.16316256,0.12733497999999993,0.006005110000000036,0.08154608799999999,28,1.8924628,24.422174,3.6127934,-3.7659645,middle_80pct
-zNyDPzId4E.000,0.57009345,0.5104167,0.5714286,0.44660193,0.73333335,0.5578566,0.55070317,0.5749978,0.5377732,0.610003,0.012236849999999966,0.040286470000000074,0.00356920000000005,0.09117126999999997,0.12333035000000003,0.05411882800000002,29,1.8466859,30.737066,-13.049681,-10.612675,middle_80pct
-zNyDPzId4E.001,0.2897196,0.42708334,0.46153846,0.29126215,0.5222222,0.57889587,0.58754647,0.57042336,0.5512411,0.65923226,0.28917626999999996,0.16046313000000006,0.10888490000000006,0.25997895000000004,0.13701006000000004,0.19110266200000003,30,1.9766313,26.96532,-8.148188,-7.74461,highest_error_10pct
-zNyDPzId4E.003,0.48598132,0.53125,0.51648355,0.39805827,0.6666667,0.5306965,0.5165329,0.5529725,0.48413914,0.6067722,0.04471518000000002,0.014717100000000038,0.036488949999999964,0.08608087000000003,0.05989449999999996,0.04837932,31,2.0685112,30.859955,-15.338435,-9.802135,middle_80pct
0FVu7VKIg2s.000,0.39252338,0.48958334,0.48351648,0.41747573,0.5,0.41616362,0.46116003,0.5309428,0.4551081,0.508969,0.023640240000000035,0.02842330999999998,0.04742632000000002,0.037632370000000026,0.008969000000000005,0.029218248000000013,32,2.1258047,25.839903,-3.5276818,0.094855115,lowest_error_10pct
0ObEtA6Q8vU.001,0.682243,0.7708333,0.61538464,0.5631068,0.64444447,0.57664806,0.565052,0.5927224,0.5058855,0.6320341,0.10559494000000003,0.20578130000000006,0.022662240000000056,0.05722130000000003,0.012410370000000004,0.08073403000000004,33,2.0695243,24.925585,1.0891944,-1.6730642,middle_80pct
0ObEtA6Q8vU.002,0.682243,0.7083333,0.7802198,0.61165047,0.7777778,0.5257216,0.5838192,0.5836313,0.59243727,0.60896134,0.15652140000000003,0.12451410000000007,0.19658850000000005,0.01921319999999993,0.16881645999999995,0.133130732,34,1.9590737,22.86008,8.007536,-0.22109166,middle_80pct
0ObEtA6Q8vU.003,0.5794392,0.6354167,0.5604396,0.65048546,0.6111111,0.42612156,0.47083068,0.53047967,0.45963943,0.5127984,0.15331764000000003,0.16458601999999994,0.02995993000000008,0.19084602999999994,0.09831270000000003,0.127404464,35,2.0353458,25.534796,3.3822422,0.26821464,middle_80pct
0ObEtA6Q8vU.004,0.62616825,0.6979167,0.6593407,0.5048544,0.6111111,0.5191966,0.5275449,0.5801303,0.5066389,0.5712904,0.10697164999999997,0.17037179999999996,0.07921040000000001,0.0017844999999999667,0.03982070000000004,0.07963181,36,1.9920391,23.384996,7.7219896,1.7569244,middle_80pct
0ObEtA6Q8vU.005,0.5046729,0.5208333,0.7032967,0.592233,0.62222224,0.45668766,0.44921347,0.530358,0.4569379,0.50287414,0.047985239999999985,0.07161983000000005,0.1729387,0.1352951,0.11934810000000007,0.10943739400000001,37,2.0924752,24.135279,3.3431156,-0.3640674,middle_80pct
0SS47KwVOQ4.000,0.43925235,0.46875,0.5494506,0.63106793,0.51111114,0.45440546,0.48034775,0.53808886,0.48484594,0.5227799,0.01515310999999997,0.011597750000000018,0.011361740000000009,0.14622199000000008,0.011668759999999945,0.03920067000000001,38,2.0889916,21.986122,0.29094458,-2.0066934,lowest_error_10pct
0SS47KwVOQ4.001,0.3084112,0.5104167,0.43956044,0.5048544,0.42222223,0.41649428,0.43977094,0.51298785,0.44367528,0.4822625,0.10808308,0.07064575999999995,0.07342741000000003,0.06117912000000003,0.06004027000000001,0.07467512800000001,39,2.011218,24.896784,-5.282358,2.3340697,middle_80pct
0hWbtuRVUgM.001,0.5420561,0.6145833,0.74725276,0.60194176,0.7111111,0.51983654,0.61578757,0.61886466,0.61154896,0.6028167,0.022219560000000027,0.0012042699999998963,0.1283881,0.009607200000000038,0.10829440000000001,0.05394270599999999,40,1.9759202,21.607498,3.5161824,-2.799074,middle_80pct
0hWbtuRVUgM.005,0.58878505,0.7083333,0.5934066,0.776699,0.53333336,0.5101181,0.5983067,0.6199765,0.57241017,0.6132101,0.07866695000000001,0.11002660000000009,0.026569900000000035,0.20428882999999998,0.07987674,0.09988580400000002,41,2.0018942,21.374662,6.58528,-0.76872075,middle_80pct
0iXXdsO95O0.000,0.5607477,0.5416667,0.74725276,0.61165047,0.53333336,0.49417865,0.46858278,0.5436775,0.46949688,0.5551066,0.06656904999999996,0.07308391999999997,0.20357525999999992,0.14215358999999994,0.021773240000000027,0.10143101199999997,42,2.2257466,21.357853,-1.4528936,-1.1166635,middle_80pct
0tse0Fsy_rg.000,0.23364486,0.26041666,0.32967034,0.27184466,0.36666667,0.38255087,0.37281916,0.38265717,0.32930958,0.45328856,0.14890600999999998,0.11240249999999996,0.052986829999999985,0.057464919999999975,0.08662189000000003,0.09167642999999999,43,2.1745584,36.724693,-20.597456,7.1794605,middle_80pct
0tse0Fsy_rg.001,0.317757,0.4375,0.32967034,0.26213592,0.35555556,0.4074305,0.39006135,0.4077999,0.34132016,0.47816968,0.08967349999999996,0.04743865000000003,0.07812955999999999,0.07918423999999996,0.12261412,0.08340801399999999,44,2.242862,35.06556,-18.136032,8.844244,middle_80pct
0tse0Fsy_rg.002,0.3271028,0.26041666,0.41758242,0.30097088,0.42222223,0.45243946,0.4451214,0.4695205,0.38607526,0.49735782,0.12533666,0.18470473999999998,0.05193808,0.08510437999999998,0.07513559000000003,0.10444388999999998,45,2.0096362,31.65838,-11.92248,-3.382379,middle_80pct
0tse0Fsy_rg.003,0.39252338,0.375,0.3846154,0.2815534,0.35555556,0.42016032,0.4180975,0.40537113,0.38117337,0.5004858,0.02763694,0.04309750000000001,0.020755730000000028,0.09961997,0.14493024,0.067208076,46,2.0750427,33.551247,-15.441118,-2.6733842,middle_80pct
0tse0Fsy_rg.004,0.2990654,0.26041666,0.2967033,0.27184466,0.37777779,0.35437036,0.32005897,0.35433015,0.31673956,0.41795027,0.055304960000000014,0.059642309999999976,0.05762685000000001,0.04489489999999996,0.04017248000000001,0.05152829999999999,47,2.4448159,46.376396,-26.689075,7.3803616,middle_80pct
176vWywoq9E.000,0.39252338,0.5625,0.5494506,0.26213592,0.5888889,0.3766856,0.43212396,0.47508532,0.356478,0.46919903,0.015837779999999968,0.13037604000000003,0.07436528000000003,0.09434208,0.11968987000000003,0.08692221000000001,48,2.0274582,29.138653,1.6354929,1.4810519,middle_80pct
176vWywoq9E.001,0.57009345,0.5520833,0.6703297,0.44660193,0.5555556,0.28930643,0.3873033,0.44440424,0.3576467,0.38705564,0.28078702,0.16478000000000004,0.22592546000000002,0.08895523,0.16849996000000006,0.18578953400000003,49,1.9606912,27.497416,6.441387,3.8156636,highest_error_10pct
176vWywoq9E.002,0.34579438,0.36458334,0.42857143,0.3106796,0.3888889,0.41586053,0.47893608,0.5272169,0.4025628,0.49279743,0.07006615,0.11435274000000001,0.09864547000000001,0.0918832,0.10390853,0.095771218,50,2.045987,27.266153,0.14591484,1.1259751,middle_80pct
176vWywoq9E.003,0.36448598,0.35416666,0.5604396,0.33009708,0.5222222,0.31650096,0.40017095,0.4526689,0.38383397,0.41729152,0.04798501999999999,0.04600429,0.10777070000000005,0.05373689000000004,0.10493067999999994,0.072085516,51,2.0629144,26.401312,8.734543,1.4161813,middle_80pct
176vWywoq9E.004,0.5607477,0.6354167,0.63736266,0.36893204,0.6333333,0.35350043,0.46272904,0.5238564,0.412585,0.44048542,0.20724726999999998,0.17268765999999997,0.11350625999999997,0.04365295999999996,0.19284787999999997,0.145988406,52,2.0793743,26.149015,8.631175,-0.17189634,middle_80pct
1DCnIad1Y0w.001,0.20560747,0.1875,0.37362638,0.17475729,0.37777779,0.4919777,0.55511796,0.6050658,0.5662401,0.592676,0.28637023000000006,0.36761796,0.23143942,0.39148281,0.21489820999999998,0.298361726,53,2.0317214,32.407066,-18.184553,-7.8515244,highest_error_10pct
1DCnIad1Y0w.002,0.1495327,0.19791667,0.36263737,0.3106796,0.2777778,0.45523185,0.54225904,0.5832686,0.56032705,0.59736526,0.30569915000000003,0.34434237,0.22063123,0.24964745000000005,0.31958746,0.287981532,54,1.9273912,25.756304,-5.574321,-7.161436,highest_error_10pct
1Lv72Si4GnY.000,0.46728972,0.32291666,0.26373628,0.106796116,0.41111112,0.50311595,0.46326935,0.4677459,0.36899582,0.5319278,0.03582622999999996,0.14035269,0.20400962,0.262199704,0.12081667999999995,0.15264098479999996,55,2.175239,34.663242,-19.649239,-7.0219564,middle_80pct
1Lv72Si4GnY.001,0.5233645,0.39583334,0.43956044,0.18446602,0.46666667,0.5218067,0.5131539,0.48502672,0.42265028,0.5965668,0.0015578000000000536,0.11732056000000007,0.045466280000000026,0.23818425999999998,0.12990012999999995,0.10648580600000002,56,2.418787,36.92645,-14.905775,-4.0710154,middle_80pct
1S0SxmfbOus.002,0.5981308,0.42708334,0.61538464,0.34951457,0.64444447,0.55395395,0.5077474,0.5456285,0.46633923,0.61061287,0.044176849999999934,0.08066405999999998,0.06975614000000008,0.11682465999999997,0.03383160000000007,0.06905066200000001,57,1.864389,22.895237,2.3637547,-2.3976288,middle_80pct
1S0SxmfbOus.003,0.62616825,0.5416667,0.5824176,0.407767,0.5777778,0.5278585,0.52353144,0.53358537,0.46810398,0.6384294,0.09830974999999997,0.018135259999999986,0.04883223000000003,0.060336979999999985,0.06065160000000003,0.057253164,58,1.9314045,23.669857,3.2364116,-1.7456087,middle_80pct
1XkKu4LBvog.004,0.40186915,0.5208333,0.6703297,0.5048544,0.7111111,0.51374257,0.5697734,0.5966373,0.54732525,0.6118987,0.11187342,0.04894009999999993,0.07369239999999999,0.04247084999999995,0.09921239999999998,0.07523783399999998,59,1.8859,20.165161,4.215821,-2.1698725,middle_80pct
1XkKu4LBvog.005,0.41121495,0.5,0.52747256,0.42718446,0.6111111,0.5032065,0.5403023,0.5600535,0.53039545,0.5626062,0.09199154999999998,0.04030230000000001,0.03258094,0.10321099,0.04850490000000007,0.06331813600000001,60,1.9174255,26.146282,-0.35255712,-4.0531034,middle_80pct
1XqMZQu_pP4.001,0.55140185,0.5729167,0.4065934,0.6699029,0.54444444,0.51459324,0.57291067,0.5650091,0.5535433,0.61283594,0.03680861000000002,6.02999999999021e-06,0.15841570000000005,0.11635960000000001,0.06839149999999994,0.075996288,61,1.9309219,24.10525,-0.4854148,-8.007994,middle_80pct
1XqMZQu_pP4.002,0.3364486,0.45833334,0.5714286,0.49514562,0.44444445,0.50277853,0.5671541,0.53134125,0.5484872,0.61209226,0.16632992999999996,0.10882076000000002,0.040087349999999966,0.053341579999999944,0.16764781000000006,0.10724548599999999,62,1.9146323,22.313667,1.8662525,-7.2695193,middle_80pct
1XqMZQu_pP4.003,0.37383178,0.36458334,0.46153846,0.5048544,0.51111114,0.4825274,0.5189966,0.5489757,0.54738766,0.571228,0.10869561999999999,0.15441326000000005,0.08743723999999997,0.04253326000000002,0.06011685999999994,0.09063924799999999,63,1.9476587,22.040415,-0.11303885,-4.76863,middle_80pct
1XqMZQu_pP4.004,0.45794392,0.48958334,0.53846157,0.57281554,0.64444447,0.57019114,0.61571133,0.5665732,0.5435405,0.65644497,0.11224722000000004,0.12612799000000002,0.028111630000000054,0.02927504000000003,0.01200049999999997,0.06155247600000002,64,1.9474291,23.935827,-0.64765227,-8.199912,middle_80pct
1cqwKxx6GF8.001,0.34579438,0.36458334,0.5494506,0.407767,0.5222222,0.4383632,0.52480847,0.5733946,0.55368936,0.52768224,0.09256882,0.16022513,0.023943999999999965,0.14592236000000003,0.005460039999999999,0.08562407,65,2.1960092,24.419796,5.8302126,-0.55836016,middle_80pct
1cqwKxx6GF8.004,0.5233645,0.5104167,0.5494506,0.41747573,0.5222222,0.46213973,0.53091747,0.5833108,0.533417,0.54616165,0.061224769999999984,0.020500770000000057,0.03386020000000001,0.11594127000000004,0.023939450000000084,0.05109329200000003,66,2.011044,22.509836,1.0265774,-0.26425022,middle_80pct
1cqwKxx6GF8.005,0.41121495,0.44791666,0.64835167,0.47572815,0.5888889,0.48325363,0.5772412,0.61053056,0.6234422,0.57419837,0.07203867999999997,0.12932454,0.03782110999999999,0.14771404999999993,0.01469053000000009,0.08031778199999999,67,1.913428,22.303974,5.4877486,-2.3925865,middle_80pct
1jC4vsQsjwM.000,0.44859812,0.5520833,0.51648355,0.47572815,0.5777778,0.41952968,0.5180223,0.53083956,0.53834856,0.53128904,0.029068439999999973,0.03406100000000001,0.014356009999999975,0.06262040999999996,0.04648876000000002,0.03731892399999999,68,1.9399643,24.209696,7.1551976,0.85173064,lowest_error_10pct
1jC4vsQsjwM.002,0.5420561,0.65625,0.6813187,0.63106793,0.5555556,0.38937485,0.46731794,0.5166425,0.52898234,0.48367417,0.15268125000000005,0.18893206,0.16467620000000005,0.10208559000000006,0.07188143000000002,0.13605130600000004,69,1.936614,24.990091,6.68394,4.7175813,middle_80pct
1jC4vsQsjwM.004,0.58878505,0.625,0.61538464,0.47572815,0.62222224,0.41912162,0.47771817,0.5253496,0.53131753,0.5135449,0.16966343000000006,0.14728183,0.09003504000000007,0.05558938000000002,0.10867734000000007,0.11424940400000003,70,1.9047145,22.647526,7.0953894,1.4181366,middle_80pct
1jC4vsQsjwM.005,0.53271025,0.47916666,0.52747256,0.4854369,0.45555556,0.41226566,0.5146357,0.55170405,0.55530566,0.55289066,0.12044459000000007,0.03546904000000001,0.024231490000000022,0.06986876000000003,0.09733509999999995,0.06946979600000001,71,1.8808094,22.143915,7.059074,-0.28680822,middle_80pct
1m4WjLRKTwc.000,0.6728972,0.48958334,0.63736266,0.4563107,0.5777778,0.49711198,0.45886743,0.4718045,0.43619806,0.5356157,0.17578521999999996,0.030715909999999957,0.16555815999999995,0.020112640000000015,0.04216209999999998,0.08686680599999998,72,2.0240557,24.656193,0.3253563,-0.17385957,middle_80pct
1m67onLoRwY.000,0.42056075,0.46875,0.41758242,0.44660193,0.54444444,0.45197955,0.5457143,0.57418895,0.6400963,0.53890294,0.031418800000000024,0.07696429999999999,0.15660653000000002,0.19349436999999997,0.005541499999999977,0.0928051,73,2.0315487,24.13186,9.534011,0.66098917,middle_80pct
1m67onLoRwY.001,0.3271028,0.45833334,0.4065934,0.47572815,0.6111111,0.42613474,0.48743847,0.50555766,0.4963218,0.5057545,0.09903193999999998,0.029105130000000035,0.09896426000000003,0.020593649999999963,0.10535660000000002,0.070610316,74,2.0695531,22.380718,6.463702,1.4296966,middle_80pct
1m67onLoRwY.003,0.22429906,0.27083334,0.4065934,0.34951457,0.46666667,0.46520466,0.5666005,0.61197203,0.59278816,0.58095956,0.2409056,0.29576716,0.20537863,0.24327358999999998,0.11429289000000004,0.21992357399999998,75,2.015849,25.841808,7.9930553,-0.57314366,highest_error_10pct
1mODTfLRGdI.000,0.5140187,0.40625,0.50549453,0.30097088,0.44444445,0.62677205,0.60925317,0.57737017,0.5003372,0.7008393,0.11275334999999997,0.20300317,0.07187564000000002,0.19936632000000004,0.25639485000000006,0.16867866600000003,76,1.9560415,26.254873,2.2370415,-5.524562,middle_80pct
1mODTfLRGdI.001,0.6168224,0.5416667,0.24175824,0.17475729,0.42222223,0.59181917,0.5864349,0.5435084,0.4497339,0.6401944,0.025003230000000043,0.044768200000000036,0.30175016,0.27497661,0.21797217000000008,0.17289407400000006,77,2.021278,26.558826,1.1860229,-1.2105882,middle_80pct
1mODTfLRGdI.002,0.72897196,0.65625,0.5934066,0.30097088,0.7111111,0.50324386,0.5119223,0.4920191,0.4024275,0.60362184,0.2257281,0.14432769999999995,0.10138750000000002,0.10145662,0.10748926000000003,0.136077836,78,1.9995939,26.382862,0.43351352,2.6875875,middle_80pct
1mODTfLRGdI.003,0.62616825,0.6458333,0.6923077,0.42718446,0.8,0.58541197,0.5946554,0.5573997,0.4785538,0.671865,0.04075627999999998,0.05117790000000011,0.13490799999999992,0.051369339999999986,0.128135,0.081269304,79,1.9514419,23.413385,4.1654444,-4.2946887,middle_80pct
1pMNczHCXPc.000,0.41121495,0.375,0.46153846,0.3106796,0.6888889,0.55460685,0.5832112,0.5642712,0.5656839,0.6341776,0.14339189999999996,0.20821120000000004,0.10273273999999999,0.2550043,0.05471130000000002,0.15281028800000002,80,2.1389232,22.74686,5.731201,0.7462905,middle_80pct
1wWMWbl6ILg.004,0.6168224,0.53125,0.62637365,0.3883495,0.56666666,0.54562515,0.49438122,0.53067756,0.43309516,0.5890523,0.07119724999999999,0.03686877999999999,0.09569609000000001,0.044745659999999965,0.022385639999999984,0.05417868399999999,81,2.0409515,22.47924,-7.3846707,-3.538945,middle_80pct
1yIGI42lzak.000,0.35514018,0.5,0.5494506,0.41747573,0.46666667,0.28301606,0.34621137,0.4801121,0.46474397,0.37284356,0.07212412000000001,0.15378862999999998,0.06933850000000003,0.04726824000000002,0.09382310999999999,0.08726852,82,2.1743426,29.101475,-1.6388224,6.1491194,middle_80pct
1yIGI42lzak.001,0.27102804,0.42708334,0.50549453,0.52427185,0.54444444,0.38931775,0.43508503,0.5292118,0.5010247,0.47261977,0.11828970999999999,0.008001690000000006,0.023717270000000013,0.023247149999999994,0.07182467000000003,0.04901609800000001,83,2.04517,24.277956,1.6700957,0.6137678,middle_80pct
1yIGI42lzak.002,0.41121495,0.34375,0.43956044,0.4854369,0.42222223,0.43035305,0.4881636,0.5499462,0.5177682,0.5300128,0.01913809999999999,0.14441359999999998,0.11038576000000005,0.03233130000000001,0.10779056999999997,0.082811866,84,2.000735,21.473154,3.3687842,1.0162456,middle_80pct
1yIGI42lzak.003,0.48598132,0.46875,0.46153846,0.42718446,0.53333336,0.4158333,0.47033617,0.5524768,0.53327924,0.5054184,0.07014801999999998,0.0015861699999999979,0.09093834,0.10609478000000006,0.027914959999999933,0.059336454,85,1.925715,22.35643,2.7757757,1.6107676,middle_80pct
1yIGI42lzak.004,0.36448598,0.45833334,0.62637365,0.39805827,0.4,0.36138645,0.39723924,0.49691153,0.47313926,0.45515072,0.0030995299999999615,0.061094099999999985,0.12946212,0.07508099000000001,0.055150719999999986,0.06477749199999999,86,2.1340783,28.433199,-0.6426534,6.230125,middle_80pct
1yIGI42lzak.005,0.35514018,0.26041666,0.4945055,0.37864077,0.4888889,0.45945606,0.49102545,0.5469059,0.47656944,0.51940006,0.10431587999999997,0.23060878999999995,0.05240039999999996,0.09792867,0.030511160000000037,0.10315297999999999,87,2.1408463,23.647873,2.0235372,1.2613999,middle_80pct
2IwWILRuuNU.003,0.5607477,0.47916666,0.52747256,0.6796116,0.62222224,0.47397906,0.4893928,0.49684826,0.4712133,0.56487155,0.08676863999999995,0.010226139999999995,0.030624299999999993,0.20839829999999998,0.05735069000000004,0.07867361399999999,88,2.1165612,22.636353,4.2865663,-1.3772943,middle_80pct
2IwWILRuuNU.004,0.635514,0.6145833,0.7912088,0.63106793,0.7,0.59965336,0.61136985,0.5985203,0.599592,0.64470786,0.03586064,0.003213450000000062,0.19268850000000004,0.03147593000000004,0.055292139999999934,0.06370613200000001,89,1.967495,24.270962,5.8225584,-2.7241983,middle_80pct
2IwWILRuuNU.005,0.60747665,0.6875,0.5494506,0.592233,0.67777777,0.6168462,0.62334925,0.61294806,0.57811457,0.68636894,0.00936955000000006,0.06415075000000003,0.06349746,0.014118430000000015,0.008591170000000092,0.031945472000000044,90,1.9544065,21.943922,3.7843099,-1.3155605,lowest_error_10pct
2P1FbMJLUAs.000,0.5233645,0.5,0.46153846,0.34951457,0.64444447,0.5383494,0.5956514,0.5945049,0.60180366,0.6282393,0.014984899999999968,0.09565140000000005,0.13296644000000002,0.25228908999999994,0.016205170000000102,0.10241940000000001,91,2.0233254,23.907503,-8.212206,-6.3585057,middle_80pct
2P1FbMJLUAs.003,0.48598132,0.5,0.4945055,0.37864077,0.6,0.4672861,0.5377355,0.55288637,0.57540894,0.5762898,0.018695220000000012,0.03773550000000003,0.058380869999999974,0.19676816999999996,0.023710200000000015,0.067057992,92,2.0179045,24.89473,-9.216684,-7.5462294,middle_80pct
2P1FbMJLUAs.005,0.5140187,0.5729167,0.61538464,0.44660193,0.45555556,0.48585457,0.49488163,0.5241418,0.46741343,0.57439435,0.028164130000000065,0.07803506999999993,0.09124284000000005,0.02081150000000004,0.11883879000000003,0.06741846600000002,93,2.1638389,34.103832,-18.22283,-9.335791,middle_80pct
2WuhWF4fAOQ.000,0.57009345,0.47916666,0.51648355,0.26213592,0.56666666,0.59720397,0.6069211,0.5650664,0.50568867,0.70032746,0.027110520000000027,0.12775443999999997,0.048582849999999955,0.24355274999999993,0.13366080000000002,0.11613227199999998,94,1.8806494,23.705076,-3.7283692,-6.7938704,middle_80pct
2WuhWF4fAOQ.001,0.40186915,0.25,0.36263737,0.30097088,0.33333334,0.5178452,0.533513,0.5546401,0.4286334,0.5924192,0.11597605,0.283513,0.19200272999999995,0.12766252,0.25908586000000006,0.19564803199999997,95,2.043973,31.034403,-12.798364,-8.542533,highest_error_10pct
2WuhWF4fAOQ.002,0.3364486,0.28125,0.35164836,0.3398058,0.36666667,0.46205094,0.51442856,0.5241204,0.48006368,0.56760895,0.12560234000000003,0.23317856000000003,0.17247204000000005,0.14025788,0.20094228000000003,0.17449062000000004,96,1.8812969,20.715656,-4.3981276,-5.964859,middle_80pct
2WuhWF4fAOQ.003,0.2990654,0.44791666,0.36263737,0.407767,0.41111112,0.48941252,0.49839392,0.55053174,0.45405075,0.56927574,0.19034712000000004,0.05047725999999997,0.18789437000000003,0.04628375000000001,0.15816462000000003,0.12663342400000002,97,2.063588,27.64221,-4.187586,8.768639,middle_80pct
2WuhWF4fAOQ.004,0.44859812,0.40625,0.5494506,0.36893204,0.4,0.57524776,0.59347725,0.5938209,0.5511111,0.64026225,0.12664964,0.18722724999999996,0.044370299999999974,0.18217905999999995,0.24026225,0.1561377,98,1.8107259,22.422869,-3.6686058,-6.542459,middle_80pct
2WuhWF4fAOQ.005,0.44859812,0.33333334,0.52747256,0.407767,0.65555555,0.4453952,0.42347187,0.47155225,0.38580054,0.5083859,0.003202919999999998,0.09013853,0.05592030999999997,0.021966459999999965,0.14716965000000004,0.06367957399999999,99,2.4785113,43.104027,-20.44627,19.831629,middle_80pct
2bAsXLQjlt8.000,0.6635514,0.5833333,0.74725276,0.5631068,0.73333335,0.5525551,0.58848387,0.60694015,0.6361468,0.6296378,0.11099630000000005,0.0051505699999999655,0.14031260999999995,0.07304,0.10369554999999997,0.08663900599999999,100,1.9433943,23.534344,10.779621,-1.2296045,middle_80pct
2bAsXLQjlt8.001,0.8317757,0.6979167,0.7582418,0.66019416,0.8,0.57726544,0.63053024,0.62001705,0.6320618,0.6660149,0.25451026,0.06738645999999993,0.13822475,0.028132359999999967,0.13398510000000008,0.12444778599999999,101,1.984105,23.357143,10.393162,-1.4010158,middle_80pct
2bAsXLQjlt8.002,0.7196262,0.6770833,0.63736266,0.5825243,0.74444443,0.5950403,0.6196768,0.63611853,0.64579964,0.66336304,0.12458590000000003,0.05740650000000003,0.00124413000000001,0.06327534000000001,0.08108139000000003,0.06551865200000002,102,1.9474183,22.565111,8.681486,-1.0366592,middle_80pct
2bAsXLQjlt8.003,0.74766356,0.7916667,0.8021978,0.74757284,0.8888889,0.58825904,0.62471735,0.63805413,0.61083037,0.66085273,0.15940452000000005,0.16694935,0.16414366999999996,0.13674247000000006,0.22803616999999998,0.171055236,103,1.9846419,22.656885,9.15147,-0.657808,middle_80pct
2bAsXLQjlt8.004,0.48598132,0.5625,0.5494506,0.57281554,0.74444443,0.5293668,0.5608554,0.5947778,0.60749805,0.5838192,0.04338548000000003,0.001644599999999996,0.04532720000000001,0.03468251,0.16062523000000006,0.05713300400000002,104,1.9946346,23.489847,9.556431,2.3977625,middle_80pct
2bAsXLQjlt8.005,0.74766356,0.75,0.61538464,0.61165047,0.7777778,0.5861258,0.60322726,0.5918474,0.5963663,0.6481217,0.16153775999999997,0.14677273999999996,0.023537240000000015,0.01528416999999993,0.12965609999999994,0.09535760199999996,105,2.1745934,23.389496,9.766139,0.19801793,middle_80pct
2c42A4Z7qPE.000,0.5981308,0.5625,0.52747256,0.7184466,0.73333335,0.5877422,0.61308235,0.6042907,0.5934313,0.64708143,0.01038859999999997,0.05058235,0.07681813999999998,0.12501530000000005,0.08625192000000004,0.06981126200000001,106,1.985748,19.727787,0.90056366,-2.4676976,middle_80pct
2c42A4Z7qPE.001,0.6635514,0.6041667,0.4945055,0.6699029,0.7888889,0.5793379,0.5931459,0.59764636,0.56094426,0.66916955,0.08421350000000005,0.011020799999999942,0.10314086000000006,0.10895864,0.11971935,0.08541063000000002,107,2.1086752,24.50113,-0.42259836,-1.8376316,middle_80pct
2c42A4Z7qPE.002,0.6635514,0.6666667,0.6703297,0.6796116,0.7222222,0.5949953,0.5954691,0.58811253,0.53033835,0.686757,0.06855610000000001,0.07119759999999997,0.08221717000000006,0.14927325000000002,0.035465200000000086,0.08134186400000003,108,2.0326974,23.35108,0.14655517,-2.4161286,middle_80pct
2q7ZwMoPvok.000,0.1682243,0.13541667,0.2747253,0.17475729,0.2777778,0.54670084,0.5117917,0.532892,0.4591928,0.5931482,0.37847654,0.37637502999999994,0.2581667,0.28443551,0.3153704,0.32256483599999997,109,1.9919751,22.99208,-9.886485,-4.851615,highest_error_10pct
39o1zJFeM7E.000,0.48598132,0.46875,0.5604396,0.57281554,0.6666667,0.47153836,0.5360302,0.5916634,0.6293678,0.5702194,0.014442960000000005,0.06728020000000001,0.031223799999999913,0.05655226000000002,0.0964472999999999,0.05318930399999997,110,1.9078034,21.711195,3.5187314,-2.203439,middle_80pct
39o1zJFeM7E.001,0.5140187,0.48958334,0.3956044,0.5533981,0.51111114,0.51053137,0.5896588,0.61189294,0.6023723,0.62169605,0.0034873300000000107,0.10007546000000006,0.21628854000000003,0.04897419999999997,0.11058490999999993,0.095882088,111,1.9093765,19.919348,3.5975618,-2.9444249,middle_80pct
39o1zJFeM7E.002,0.42056075,0.45833334,0.4945055,0.4563107,0.5,0.4902036,0.54101574,0.5966418,0.5885915,0.6049853,0.06964285000000003,0.08268239999999999,0.10213630000000001,0.13228080000000003,0.10498529999999995,0.09834553,112,1.988016,21.60886,4.258255,-2.7612324,middle_80pct
39o1zJFeM7E.003,0.682243,0.7395833,0.7032967,0.69902915,0.8888889,0.4759406,0.57275903,0.57152,0.6183445,0.5909169,0.20630240000000005,0.1668242700000001,0.13177669999999997,0.08068465000000002,0.297972,0.17671200400000003,113,2.0761993,21.293653,3.8639545,-0.56930095,middle_80pct
39o1zJFeM7E.004,0.41121495,0.36458334,0.42857143,0.27184466,0.43333334,0.355978,0.3237066,0.36870706,0.3016334,0.3663351,0.05523695000000001,0.04087673999999997,0.05986437,0.02978873999999998,0.06699823999999999,0.05055300799999999,114,4.026067,165.24065,-52.788116,123.22046,middle_80pct
3HA2W1s4oP8.000,0.49532712,0.5729167,0.48351648,0.5048544,0.54444444,0.46830156,0.53660536,0.5584901,0.51222366,0.57414687,0.027025560000000004,0.036311339999999914,0.07497361999999996,0.007369259999999933,0.029702429999999946,0.03507644199999995,115,2.0415545,24.92751,6.121862,-0.5561841,lowest_error_10pct
3HA2W1s4oP8.001,0.40186915,0.5104167,0.53846157,0.42718446,0.3888889,0.47740898,0.5271786,0.59625167,0.53377396,0.5630581,0.07553982999999997,0.016761900000000107,0.057790100000000066,0.1065895,0.17416920000000002,0.08617010600000004,116,1.951968,21.828392,8.783549,1.162054,middle_80pct
3HA2W1s4oP8.002,0.47663552,0.44791666,0.62637365,0.3883495,0.6333333,0.49379182,0.508929,0.5920693,0.4739243,0.58753175,0.017156300000000013,0.06101233999999994,0.03430434999999998,0.0855748,0.04580154999999997,0.04876986799999998,117,1.9747776,21.136274,6.680236,0.25392157,middle_80pct
3HA2W1s4oP8.003,0.42056075,0.5104167,0.5714286,0.5145631,0.54444444,0.4695455,0.5536926,0.588259,0.6014451,0.60990363,0.04898475000000002,0.043275900000000034,0.016830400000000023,0.0868819999999999,0.06545919,0.052286448,118,1.9509366,22.638508,8.877684,0.039772004,middle_80pct
3HA2W1s4oP8.004,0.35514018,0.41666666,0.6043956,0.4854369,0.5222222,0.49611792,0.5570826,0.5657074,0.49132776,0.58847773,0.14097773999999996,0.14041593999999996,0.03868820000000006,0.005890859999999998,0.06625553000000006,0.078445654,119,1.9384991,20.134674,7.243391,-0.5754305,middle_80pct
3JAFkk42zPs.000,0.06542056,0.19791667,0.1978022,0.13592233,0.3,0.4229225,0.43876076,0.5195037,0.4242826,0.47596008,0.35750193999999996,0.24084409000000004,0.3217015,0.28836027,0.17596008000000002,0.27687357599999995,120,2.0204046,24.008036,2.5997095,2.9256916,highest_error_10pct
3JAFkk42zPs.003,0.093457945,0.20833333,0.2747253,0.106796116,0.37777779,0.3673173,0.41876435,0.46700764,0.3936339,0.4555515,0.273859355,0.21043102,0.19228234,0.286837784,0.07777371,0.20823684180000002,121,1.9963335,26.185986,3.4661489,2.890176,highest_error_10pct
3JAFkk42zPs.004,0.13084112,0.26041666,0.24175824,0.1553398,0.46666667,0.3754369,0.43685624,0.52830726,0.48616877,0.4501753,0.24459578,0.17643957999999998,0.28654901999999993,0.33082897,0.016491370000000005,0.21098094399999998,122,1.9186108,21.911139,3.330267,3.8089547,highest_error_10pct
3JAFkk42zPs.005,0.24299066,0.25,0.23076923,0.18446602,0.46666667,0.4597569,0.47330838,0.55965906,0.4517192,0.51207507,0.21676624000000003,0.22330837999999997,0.32888983,0.26725318,0.04540839999999996,0.21632520599999996,123,1.9118881,22.50231,3.8335495,2.0377965,highest_error_10pct
3P_D_bd-_NM.000,0.6542056,0.4375,0.7802198,0.47572815,0.5888889,0.4980935,0.5206576,0.560254,0.48290384,0.5918161,0.15611210000000003,0.08315760000000005,0.2199658,0.007175689999999957,0.0029271999999999077,0.09386767799999998,124,1.9522543,21.953596,0.6419032,-1.608036,middle_80pct
3P_D_bd-_NM.001,0.5981308,0.5833333,0.63736266,0.47572815,0.5222222,0.4342064,0.49878675,0.55729365,0.5094434,0.5466531,0.16392439999999997,0.08454655000000005,0.08006901,0.033715249999999974,0.024430900000000033,0.07733722200000001,125,1.819744,22.293375,-1.2050977,-5.4868426,middle_80pct
3P_D_bd-_NM.003,0.24299066,0.375,0.37362638,0.2815534,0.34444445,0.456818,0.47946274,0.5320666,0.4228945,0.52800417,0.21382734,0.10446274,0.15844021999999996,0.1413411,0.18355971999999998,0.16032622400000002,126,1.9510891,20.477882,1.0540556,-2.4377248,middle_80pct
3P_D_bd-_NM.004,0.60747665,0.5729167,0.47252747,0.3106796,0.5777778,0.40287644,0.44206882,0.46254584,0.40391356,0.5003369,0.20460020999999995,0.13084787999999997,0.009981630000000019,0.09323396,0.07744090000000003,0.10322091599999998,127,1.9255692,23.833368,-8.478019,-3.5263457,middle_80pct
3P_D_bd-_NM.005,0.57009345,0.5,0.6593407,0.4563107,0.6,0.48223245,0.5248214,0.5488631,0.48013785,0.5728169,0.08786100000000002,0.024821399999999993,0.11047759999999995,0.023827149999999964,0.027183100000000016,0.05483404999999999,128,1.8719887,20.355572,1.6021019,-2.605347,middle_80pct
3Sj-GZ3YXWs.000,0.44859812,0.5520833,0.51648355,0.407767,0.62222224,0.38579422,0.43253937,0.4827972,0.39516124,0.4918953,0.06280389999999997,0.11954393000000008,0.03368635000000003,0.012605759999999966,0.13032694000000006,0.07179337600000002,129,2.1195695,24.575106,6.100783,3.2812405,middle_80pct
3Sj-GZ3YXWs.001,0.46728972,0.59375,0.48351648,0.34951457,0.54444444,0.3842915,0.4453603,0.5226266,0.42541134,0.47688895,0.08299822000000001,0.1483897,0.039110120000000026,0.07589677,0.06755549000000005,0.08279006000000003,130,2.1495821,23.960037,5.0892944,2.360272,middle_80pct
3Sj-GZ3YXWs.002,0.41121495,0.59375,0.6043956,0.5048544,0.51111114,0.40363774,0.4475878,0.5202532,0.4067874,0.49698055,0.007577210000000001,0.14616220000000002,0.08414240000000006,0.09806700000000002,0.014130589999999998,0.07001588000000002,131,1.9349575,21.727491,2.9065998,1.8680699,middle_80pct
3Sj-GZ3YXWs.003,0.35514018,0.5416667,0.5934066,0.5145631,0.47777778,0.4522126,0.5284642,0.5651917,0.52173835,0.55094135,0.09707241999999999,0.013202499999999895,0.028214900000000043,0.007175249999999966,0.07316357000000001,0.04376572799999998,132,2.041493,24.463835,8.543468,1.1658576,lowest_error_10pct
3Sj-GZ3YXWs.004,0.43925235,0.47916666,0.41758242,0.407767,0.5222222,0.43820152,0.5170034,0.532569,0.46721876,0.5310904,0.0010508300000000026,0.03783673999999998,0.11498657999999995,0.05945176000000002,0.008868199999999993,0.04443882199999999,133,1.9826849,22.563406,7.5639935,-0.2010825,middle_80pct
3Sj-GZ3YXWs.005,0.42056075,0.5520833,0.62637365,0.47572815,0.7222222,0.4017781,0.45960915,0.507452,0.3777926,0.5046976,0.018782649999999956,0.09247415000000003,0.11892164999999999,0.09793555000000004,0.21752460000000007,0.10912772000000001,134,2.059782,25.657307,6.019397,2.588026,middle_80pct
3b9fhd-EDaY.000,0.47663552,0.5729167,0.5714286,0.4854369,0.45555556,0.45328438,0.5099018,0.5532274,0.5236551,0.55920386,0.023351139999999992,0.06301489999999998,0.018201199999999917,0.038218200000000035,0.10364829999999997,0.04928674799999998,135,2.0745413,23.86263,1.0987002,6.8998537,middle_80pct
3b9fhd-EDaY.001,0.60747665,0.6666667,0.7032967,0.5145631,0.7111111,0.44750282,0.46692115,0.53155446,0.39971498,0.52301544,0.15997382999999993,0.19974554999999994,0.17174224000000005,0.11484812000000005,0.18809566,0.16688108,136,2.011792,25.573614,3.550935,-0.27366745,middle_80pct
3b9fhd-EDaY.002,0.45794392,0.6145833,0.4945055,0.39805827,0.6333333,0.47923747,0.5499464,0.58838123,0.56297135,0.56684244,0.021293549999999994,0.06463690000000011,0.09387572999999999,0.16491308,0.06649086000000004,0.08224202400000002,137,2.1295497,22.59239,3.9741783,5.117558,middle_80pct
3g6Ab-BIbR4.001,0.6448598,0.40625,0.61538464,0.37864077,0.7,0.55267584,0.5647706,0.58662146,0.537593,0.6595651,0.09218395999999995,0.1585206,0.02876318,0.15895222999999997,0.04043489999999994,0.09577097399999998,138,1.9974383,19.948748,4.2990108,-2.3725877,middle_80pct
3g6Ab-BIbR4.004,0.62616825,0.65625,0.74725276,0.57281554,0.7888889,0.44184303,0.43443367,0.5166936,0.44648814,0.53571445,0.18432521999999996,0.22181633,0.23055915999999999,0.12632740000000003,0.25317445000000005,0.20324051199999998,139,2.0835824,22.655638,2.9878626,2.546645,highest_error_10pct
3pJZOCtAzYE.001,0.69158876,0.59375,0.6703297,0.6893204,0.7111111,0.58573794,0.64778405,0.611096,0.56493986,0.6844231,0.10585082000000001,0.054034049999999945,0.059233700000000056,0.1243805400000001,0.026688000000000045,0.07403742200000003,140,1.9086083,19.225185,-0.3611823,-6.9707656,middle_80pct
3tPq9fNOXZQ.000,0.5140187,0.5,0.41758242,0.5145631,0.5,0.52161264,0.5055902,0.54609406,0.46274957,0.61518735,0.00759393999999991,0.00559019999999999,0.12851164000000004,0.05181353000000005,0.11518735000000002,0.061739332,141,1.8891819,25.492514,0.051679302,-0.6719758,middle_80pct
3tPq9fNOXZQ.001,0.55140185,0.46875,0.50549453,0.34951457,0.5555556,0.47584245,0.45288363,0.50492394,0.40701163,0.54865783,0.0755594,0.01586637000000002,0.0005705900000000375,0.05749705999999999,0.006897770000000025,0.031278238000000014,142,1.9889212,23.983017,-4.846792,-0.6452612,lowest_error_10pct
3tPq9fNOXZQ.002,0.5420561,0.41666666,0.50549453,0.5533981,0.54444444,0.5106012,0.4979273,0.5298618,0.49656406,0.61279094,0.03145490000000006,0.08126064,0.024367270000000052,0.05683404000000003,0.06834649999999998,0.05245267000000002,143,1.8787135,23.317442,-4.1157503,-4.063943,middle_80pct
3tPq9fNOXZQ.003,0.2897196,0.45833334,0.46153846,0.5631068,0.47777778,0.4979039,0.50957435,0.56511265,0.5233842,0.5908601,0.2081843,0.051241009999999976,0.10357419000000001,0.03972260000000005,0.11308232000000001,0.10316088400000001,144,1.9623907,22.050367,1.7957048,-2.1605926,middle_80pct
3tPq9fNOXZQ.004,0.48598132,0.53125,0.72527474,0.5048544,0.65555555,0.51493263,0.5022409,0.5386537,0.49058282,0.5992122,0.028951310000000008,0.02900910000000001,0.18662104000000002,0.014271580000000061,0.056343350000000014,0.06303927600000002,145,2.038184,24.146847,-1.3972715,-0.60436416,middle_80pct
3tPq9fNOXZQ.005,0.3364486,0.30208334,0.42857143,0.32038835,0.37777779,0.4157312,0.4090532,0.48061436,0.37289882,0.5128885,0.07928260000000004,0.10696986000000003,0.05204293000000004,0.05251047000000003,0.13511070999999997,0.08518331400000002,146,2.0819836,25.668299,-4.0285435,1.6481929,middle_80pct
4CSV8L7aVik.000,0.6168224,0.4375,0.51648355,0.5145631,0.6333333,0.5245313,0.55756515,0.56021607,0.5628752,0.62246674,0.09229109999999996,0.12006514999999995,0.04373251999999994,0.04831209999999997,0.01086655999999997,0.06305348599999996,147,1.9274802,35.256416,-20.934002,-12.093884,middle_80pct
4CSV8L7aVik.003,0.6168224,0.5,0.47252747,0.4854369,0.75555557,0.4780245,0.5130538,0.53666735,0.53943086,0.5953417,0.13879789999999997,0.013053800000000004,0.06413987999999998,0.05399395999999995,0.16021386999999998,0.08603988199999998,148,1.8732893,36.96124,-21.24801,-14.470841,middle_80pct
4CSV8L7aVik.004,0.55140185,0.5729167,0.50549453,0.5145631,0.6333333,0.454512,0.47501045,0.4832984,0.51904637,0.5267054,0.09688984999999994,0.09790624999999997,0.02219612999999998,0.004483269999999928,0.1066279,0.06562067999999996,149,2.1703517,44.646935,-29.233835,-11.401632,middle_80pct
4KD3XCMsIBs.002,0.5233645,0.47916666,0.5714286,0.33009708,0.53333336,0.49561158,0.51363313,0.5052876,0.46238768,0.57916945,0.027752920000000014,0.03446646999999997,0.066141,0.13229060000000004,0.045836089999999996,0.06129741600000001,150,2.1980083,37.344524,-26.911871,-9.453985,middle_80pct
4KD3XCMsIBs.004,0.5981308,0.5833333,0.35164836,0.44660193,0.7222222,0.601603,0.6172664,0.6004883,0.57849234,0.7052937,0.0034722000000000364,0.03393309999999994,0.24883993999999998,0.13189041000000007,0.016928500000000013,0.08701283000000001,151,2.0545018,28.194733,-4.9191656,-6.4987803,middle_80pct
4RoZPrjRQZE.000,0.26168224,0.32291666,0.36263737,0.26213592,0.36666667,0.43182495,0.49981546,0.5268082,0.4604266,0.4872027,0.17014270999999997,0.17689879999999997,0.16417082999999993,0.19829068,0.12053603000000002,0.16600780999999998,152,2.1488822,31.27148,4.122118,12.928465,middle_80pct
4T9UUWWRE94.000,0.8411215,0.6979167,0.9120879,0.5631068,0.75555557,0.4903981,0.48201025,0.51998466,0.5082119,0.5780431,0.35072339999999996,0.21590644999999997,0.39210323999999996,0.05489489999999997,0.17751246999999992,0.23822809199999995,153,1.9533556,24.253387,0.081301495,1.3993436,highest_error_10pct
4T9UUWWRE94.001,0.5046729,0.5416667,0.72527474,0.49514562,0.5555556,0.43632895,0.40909615,0.47857338,0.39079916,0.5169987,0.06834394999999999,0.13257054999999995,0.24670136000000004,0.10434646000000003,0.038556900000000005,0.118103844,154,2.2230864,26.623901,3.2635589,2.8745813,middle_80pct
4T9UUWWRE94.003,0.40186915,0.42708334,0.36263737,0.29126215,0.6666667,0.47440368,0.452155,0.5178932,0.4758907,0.5490343,0.07253452999999999,0.025071659999999996,0.15525583000000004,0.18462855,0.11763239999999997,0.111024594,155,2.1179743,30.361927,-1.9615734,7.605241,middle_80pct
4ZlcaXadwlo.000,0.5046729,0.375,0.52747256,0.407767,0.5222222,0.49563676,0.49421296,0.5249075,0.5096141,0.5685053,0.00903613999999997,0.11921295999999998,0.002565060000000008,0.10184709999999997,0.04628310000000002,0.05578887199999999,156,2.1301942,24.423496,2.549631,-1.5565977,middle_80pct
4ZlcaXadwlo.001,0.40186915,0.39583334,0.50549453,0.5339806,0.45555556,0.4576815,0.44162375,0.49612236,0.46549985,0.5400134,0.05581235000000001,0.045790410000000004,0.009372170000000013,0.06848075000000003,0.08445783999999995,0.052782704,157,1.9815512,22.624662,1.6993428,0.008497505,middle_80pct
4ZlcaXadwlo.002,0.41121495,0.46875,0.4945055,0.39805827,0.5555556,0.5267291,0.51695377,0.5517827,0.49761605,0.59722644,0.11551414999999993,0.04820376999999998,0.05727719999999997,0.09955777999999998,0.04167083999999999,0.07244474799999998,158,1.9705876,22.97198,-2.5808263,-3.199956,middle_80pct
4ZlcaXadwlo.003,0.37383178,0.30208334,0.41758242,0.3106796,0.41111112,0.55091244,0.52266717,0.51593196,0.41056237,0.6112347,0.17708065999999995,0.22058382999999998,0.09834953999999996,0.09988277000000001,0.20012358000000002,0.15920407599999997,159,2.0912924,24.962837,-4.9714427,-1.4047427,middle_80pct
4ZlcaXadwlo.004,0.5140187,0.47916666,0.43956044,0.44660193,0.51111114,0.47392166,0.48181742,0.50658774,0.42227358,0.57879514,0.04009704000000003,0.0026507599999999742,0.06702729999999996,0.02432835,0.06768399999999997,0.04035748999999998,160,2.0101874,25.983135,-4.2772365,-2.9738374,lowest_error_10pct
4ZlcaXadwlo.005,0.76635516,0.65625,0.5494506,0.4854369,0.67777777,0.6132866,0.54232275,0.55996054,0.5168149,0.56094515,0.15306856000000002,0.11392725000000004,0.01050993999999994,0.03137799999999996,0.11683261999999994,0.08514327399999998,161,2.5337105,88.33763,-26.247923,52.9209,middle_80pct
4lIbWq27O84.000,0.49532712,0.65625,0.74725276,0.5631068,0.67777777,0.48516482,0.5569906,0.59890175,0.55579865,0.5905245,0.010162300000000013,0.0992594,0.14835100999999995,0.007308150000000069,0.08725326999999994,0.070466826,162,1.9235593,21.815315,8.629852,1.180248,middle_80pct
4lIbWq27O84.001,0.36448598,0.4375,0.50549453,0.36893204,0.54444444,0.44875994,0.5077387,0.55567104,0.46765634,0.5267581,0.08427396000000004,0.07023869999999999,0.05017651000000001,0.09872429999999999,0.017686340000000023,0.064219962,163,2.061216,22.252047,4.6235237,1.4124161,middle_80pct
4lIbWq27O84.002,0.5046729,0.5208333,0.6593407,0.4854369,0.56666666,0.46910048,0.48790753,0.5529657,0.45045358,0.5324722,0.035572419999999993,0.032925770000000076,0.106375,0.034983319999999984,0.03419446000000004,0.048810194000000015,164,2.1059446,24.601015,5.415367,4.1420937,middle_80pct
4lIbWq27O84.003,0.5046729,0.6145833,0.64835167,0.60194176,0.56666666,0.5010345,0.5605344,0.59651566,0.5697504,0.597332,0.0036383999999999306,0.054048900000000066,0.05183601000000004,0.03219136,0.030665339999999985,0.034476002000000006,165,1.9275963,22.907839,8.442529,-0.11587376,lowest_error_10pct
4lIbWq27O84.004,0.48598132,0.6041667,0.64835167,0.5339806,0.56666666,0.47588432,0.53681654,0.58949625,0.5491273,0.5787463,0.010096999999999967,0.06735015999999994,0.05885541999999999,0.015146699999999957,0.012079640000000058,0.03270578399999998,166,2.0223107,23.575993,9.395778,2.2257793,lowest_error_10pct
4lIbWq27O84.005,0.36448598,0.40625,0.48351648,0.3883495,0.47777778,0.45055363,0.49116653,0.5392768,0.49192542,0.54699385,0.08606765,0.08491652999999999,0.055760319999999974,0.10357591999999999,0.06921607000000002,0.07990729799999999,167,2.24614,26.20217,8.963215,3.9568613,middle_80pct
4vJ69g7gAH4.000,0.44859812,0.5520833,0.53846157,0.6893204,0.54444444,0.3883593,0.48694617,0.5389342,0.5894175,0.5091982,0.06023881999999997,0.06513713000000004,0.0004726300000000849,0.09990290000000002,0.035246239999999984,0.05219954400000002,168,2.0350192,23.566677,11.600547,4.082451,middle_80pct
4vJ69g7gAH4.001,0.35514018,0.5625,0.6593407,0.52427185,0.54444444,0.4418143,0.5185252,0.56098,0.5377387,0.5555232,0.08667411999999997,0.04397479999999998,0.09836069999999997,0.01346685000000003,0.011078759999999965,0.05071104599999998,169,2.0234327,24.742489,11.534137,3.585753,middle_80pct
4vJ69g7gAH4.002,0.55140185,0.7291667,0.6593407,0.7378641,0.6333333,0.3812273,0.46830454,0.5264965,0.56621635,0.48809275,0.17017454999999998,0.26086215999999995,0.13284419999999997,0.17164775,0.14524054999999997,0.176153842,170,2.1321054,25.37529,12.059641,4.877212,middle_80pct
4vJ69g7gAH4.003,0.46728972,0.5833333,0.51648355,0.60194176,0.6111111,0.39325345,0.5201663,0.5840628,0.605025,0.52110505,0.07403627000000002,0.06316700000000008,0.06757924999999998,0.0030832400000000426,0.09000605000000006,0.05957436200000003,171,2.3160715,30.242327,14.622887,3.4050736,middle_80pct
4vJ69g7gAH4.005,0.5140187,0.5729167,0.64835167,0.57281554,0.7222222,0.4702617,0.566043,0.60858953,0.586815,0.58045876,0.043757000000000046,0.006873699999999983,0.03976214,0.013999459999999964,0.14176344000000007,0.049231148000000016,172,1.8651664,22.311975,9.98695,3.372908,middle_80pct
51hGkzvYP00.001,0.53271025,0.6145833,0.6593407,0.5436893,0.6,0.5023424,0.51775086,0.55144083,0.53532654,0.5589607,0.030367850000000085,0.09683244000000002,0.10789987000000001,0.008362760000000025,0.0410393,0.05690044400000003,173,1.943799,20.092894,3.328934,-0.0839161,middle_80pct
53QFyec0uN0.000,0.7196262,0.8125,0.71428573,0.60194176,0.82222223,0.5885139,0.6216231,0.5822856,0.5872708,0.65833616,0.13111229999999996,0.19087690000000002,0.13200013,0.01467096000000001,0.1638860700000001,0.126509272,174,1.8990742,22.219107,2.0143394,-3.7104435,middle_80pct
53QFyec0uN0.001,0.88785046,0.8958333,0.8021978,0.61165047,0.8333333,0.5826499,0.5739905,0.57757103,0.46928665,0.6678988,0.30520055999999995,0.3218428000000001,0.22462676999999998,0.14236381999999992,0.16543450000000004,0.23189368999999999,175,1.8790873,29.18312,-3.9096718,-5.1434236,highest_error_10pct
53QFyec0uN0.002,0.78504676,0.8541667,0.73626375,0.7184466,0.73333335,0.6613921,0.67711365,0.6112507,0.5852494,0.7335054,0.12365465999999992,0.17705304999999993,0.12501304999999996,0.13319720000000002,0.00017204999999997916,0.11181800199999996,176,2.1305358,25.403831,3.529177,-5.119129,middle_80pct
53QFyec0uN0.003,0.60747665,0.6354167,0.62637365,0.57281554,0.56666666,0.4934491,0.5275703,0.54179054,0.49274117,0.6007271,0.11402754999999998,0.1078463999999999,0.08458310999999996,0.08007437,0.03406043999999997,0.08411837399999997,177,1.9283504,22.67458,1.3220916,-0.47864553,middle_80pct
59Smv7wl--w.001,0.14018692,0.5208333,0.73626375,0.8737864,0.47777778,0.4970485,0.6630741,0.6301784,0.64454234,0.6095017,0.35686158,0.14224079999999995,0.10608534999999997,0.22924405999999997,0.13172392000000005,0.193231142,178,1.9709609,25.76253,6.935611,-1.5827781,highest_error_10pct
59Smv7wl--w.002,0.40186915,0.65625,0.63736266,0.80582523,0.7111111,0.4656413,0.6483971,0.6117581,0.6532739,0.5735864,0.06377214999999997,0.007852900000000052,0.02560456,0.15255132999999998,0.13752469999999994,0.07746112799999999,179,2.099932,27.092392,8.815596,0.5448962,middle_80pct
59Smv7wl--w.003,0.26168224,0.6145833,0.45054945,0.8446602,0.37777779,0.5217166,0.67750907,0.6624492,0.7098353,0.6119384,0.26003435999999996,0.06292576999999999,0.21189974999999994,0.13482490000000003,0.23416061,0.180769078,180,1.9671738,26.803698,8.193833,2.1824577,highest_error_10pct
59Smv7wl--w.004,0.47663552,0.6666667,0.63736266,0.8252427,0.5777778,0.45208272,0.629014,0.6292956,0.6751637,0.5617139,0.024552799999999986,0.03765269999999998,0.008067060000000015,0.15007899999999996,0.01606390000000002,0.04728309199999999,181,2.027695,26.703955,9.712954,2.2518845,middle_80pct
59Smv7wl--w.005,0.13084112,0.47916666,0.4945055,0.6699029,0.3888889,0.45873603,0.63279563,0.59776574,0.6374814,0.57021815,0.32789491000000004,0.15362897000000003,0.10326024000000006,0.03242149999999999,0.18132925,0.15970697400000003,182,2.0685294,26.140175,8.101618,-0.39861485,middle_80pct
5BPGRteF64Y.000,0.45794392,0.6041667,0.4065934,0.39805827,0.6,0.5055919,0.5280968,0.5740149,0.45551658,0.5597972,0.04764797999999998,0.07606989999999991,0.1674215,0.05745831000000001,0.04020279999999998,0.07776009799999997,183,1.9475367,23.922268,0.5675572,1.5229924,middle_80pct
5BPGRteF64Y.001,0.42990655,0.38541666,0.52747256,0.407767,0.51111114,0.50762606,0.57299185,0.58917165,0.5605544,0.5842359,0.07771950999999999,0.18757518999999995,0.06169909000000007,0.15278740000000002,0.07312476000000001,0.11058119,184,2.260706,26.974113,12.110622,0.84737813,middle_80pct
5BPGRteF64Y.002,0.47663552,0.46875,0.50549453,0.3398058,0.36666667,0.5021985,0.5506082,0.5734206,0.49593794,0.58555937,0.025562980000000013,0.08185819999999999,0.06792606999999995,0.15613214000000003,0.21889270000000005,0.110074418,185,1.9587879,21.659,5.8821955,1.2638136,middle_80pct
5BPGRteF64Y.003,0.3271028,0.27083334,0.47252747,0.2815534,0.43333334,0.49869663,0.5662873,0.5896325,0.5340537,0.57759297,0.17159382999999995,0.29545396000000007,0.11710503,0.25250029999999996,0.14425962999999997,0.19618255,186,2.0657668,23.332794,9.41646,1.2486407,highest_error_10pct
5BPGRteF64Y.004,0.43925235,0.42708334,0.45054945,0.2524272,0.4,0.4936484,0.5631618,0.58859754,0.5370549,0.5678827,0.054396049999999974,0.13607846000000007,0.13804808999999996,0.2846277,0.16788269999999994,0.1562066,187,2.017224,19.626348,5.1506824,1.9235079,middle_80pct
5BPGRteF64Y.005,0.5140187,0.48958334,0.6593407,0.5145631,0.5222222,0.48774087,0.51801956,0.55339265,0.5142429,0.5805939,0.026277830000000058,0.028436220000000068,0.10594804999999996,0.00032020000000010373,0.058371700000000026,0.04387080000000004,188,1.9514798,23.408741,6.057021,4.1626625,lowest_error_10pct
5KHOpRCxnwQ.001,0.5981308,0.6041667,0.5934066,0.5631068,0.64444447,0.548236,0.54294795,0.54587644,0.46241412,0.6200808,0.04989480000000002,0.06121874999999999,0.04753015999999999,0.10069268000000003,0.02436367000000006,0.05674001200000002,189,2.3062587,35.056484,-19.98203,-5.6810884,middle_80pct
5KHOpRCxnwQ.005,0.7570093,0.65625,0.63736266,0.7281553,0.7111111,0.55672437,0.54572016,0.53874713,0.4598849,0.6199831,0.20028493000000003,0.11052983999999999,0.09861553,0.26827039999999996,0.09112799999999999,0.15376573999999998,190,2.2437298,29.400967,-15.06869,-3.794744,middle_80pct
5kaqMZ7SB9w.002,0.635514,0.75,0.42857143,0.5825243,0.76666665,0.62590533,0.6211925,0.5929771,0.57015806,0.71270335,0.009608669999999986,0.12880749999999996,0.16440567000000006,0.012366239999999973,0.05396330000000005,0.073830276,191,1.9247733,20.9318,0.9626992,-5.3836007,middle_80pct
5kaqMZ7SB9w.004,0.53271025,0.59375,0.61538464,0.66019416,0.6888889,0.5995578,0.5949257,0.6011116,0.5962196,0.66074497,0.06684754999999998,0.0011757000000000017,0.01427304000000007,0.06397456000000001,0.02814393000000004,0.03488295600000002,192,2.138034,22.565784,1.9594368,-4.4304743,lowest_error_10pct
5uFZ-2kYGO0.000,0.36448598,0.25,0.3956044,0.4563107,0.42222223,0.4466342,0.44236475,0.47633174,0.44311225,0.56707,0.08214822,0.19236474999999997,0.08072733999999998,0.013198450000000028,0.14484777,0.102657306,193,2.2609406,38.496937,-28.575047,-4.6563644,middle_80pct
5xA5iKk4v6w.000,0.39252338,0.42708334,0.36263737,0.5048544,0.4888889,0.356888,0.41832656,0.49966344,0.47533596,0.4466033,0.035635379999999994,0.008756779999999964,0.13702607,0.029518440000000035,0.042285600000000034,0.050644454000000005,194,2.0878336,24.180277,4.65383,1.0527531,middle_80pct
62ngcaBjRCY.005,0.57009345,0.46875,0.52747256,0.407767,0.74444443,0.56288046,0.5728394,0.5502615,0.474662,0.6859428,0.007212989999999975,0.1040894,0.02278893999999998,0.06689499999999998,0.05850163000000008,0.051897592000000006,195,1.9987687,32.763832,-15.902636,-7.2127523,middle_80pct
6EMgu2djYrU.000,0.46728972,0.4375,0.4065934,0.36893204,0.36666667,0.4580919,0.47203594,0.5209874,0.4126865,0.5416594,0.009197820000000023,0.03453593999999999,0.114394,0.043754459999999995,0.17499273000000004,0.07537499,196,2.2118194,29.613997,-14.345966,-0.89209014,middle_80pct
6EMgu2djYrU.001,0.47663552,0.48958334,0.53846157,0.5825243,0.5777778,0.461085,0.5156833,0.52483994,0.43489426,0.5651246,0.015550519999999957,0.026099959999999978,0.01362162999999994,0.14763004000000002,0.012653200000000031,0.04311106999999999,197,2.0421,26.087627,-3.5724835,-2.4235733,lowest_error_10pct
6EMgu2djYrU.002,0.60747665,0.71875,0.62637365,0.5048544,0.76666665,0.46791694,0.5150251,0.57722336,0.52391934,0.54621,0.13955970999999995,0.2037249,0.04915029000000004,0.01906493999999992,0.22045665000000003,0.12639129799999999,198,1.9712613,21.877796,0.59923786,-1.5830239,middle_80pct
6EMgu2djYrU.004,0.7196262,0.7083333,0.7692308,0.65048546,0.84444445,0.50456166,0.56518966,0.57314587,0.5567933,0.5621568,0.21506453999999997,0.14314364000000002,0.19608493000000005,0.09369215999999991,0.28228765,0.186054584,199,2.05557,33.14135,-0.03887884,6.9043007,highest_error_10pct
6EMgu2djYrU.005,0.45794392,0.6041667,0.5824176,0.4854369,0.7111111,0.50524324,0.6080886,0.5956822,0.5632695,0.59874076,0.04729931999999998,0.003921900000000034,0.01326460000000007,0.07783259999999997,0.11237034000000001,0.05093775200000002,200,1.9587132,24.61307,0.07014374,-2.6988053,middle_80pct
6NHEp_CF2jE.000,0.682243,0.7291667,0.52747256,0.8543689,0.8,0.6080593,0.6632794,0.6362275,0.7022359,0.6985607,0.07418370000000007,0.06588729999999998,0.10875493999999997,0.15213299999999996,0.10143930000000001,0.100479648,201,1.9859589,21.870712,3.7601876,-4.187134,middle_80pct
6RwVJK3husE.001,0.7009346,0.7291667,0.61538464,0.60194176,0.73333335,0.50349665,0.50728333,0.4986821,0.47451624,0.5691273,0.19743794999999997,0.2218833699999999,0.11670254000000002,0.12742552000000001,0.16420605,0.16553108599999997,202,2.0762348,31.905354,-18.604492,-1.0090705,middle_80pct
6RwVJK3husE.002,0.6448598,0.6145833,0.6703297,0.6407767,0.73333335,0.48787305,0.48779142,0.52256763,0.48440364,0.55710363,0.15698675,0.12679188000000008,0.14776207000000008,0.15637305999999995,0.17622972000000003,0.15282869600000004,203,2.0066364,32.509567,-16.195648,-6.34871,middle_80pct
6RwVJK3husE.003,0.6728972,0.75,0.6703297,0.63106793,0.7111111,0.49914643,0.4966707,0.51400375,0.47675177,0.56289786,0.17375077,0.2533293,0.15632595000000005,0.15431616000000004,0.14821324000000002,0.177187084,204,2.1067555,29.32194,-13.964467,-2.1701589,highest_error_10pct
6RwVJK3husE.005,0.58878505,0.6041667,0.6703297,0.61165047,0.47777778,0.52342933,0.52524936,0.5645215,0.52231497,0.58110565,0.06535572,0.07891733999999995,0.10580820000000002,0.0893354999999999,0.10332787000000004,0.08854892599999999,205,1.9250069,24.97909,0.034302864,-2.3206275,middle_80pct
6tyhnIgNVs8.005,0.42990655,0.5104167,0.61538464,0.5436893,0.5,0.5079273,0.55204386,0.5760398,0.55839545,0.585851,0.07802074999999997,0.04162716000000011,0.03934484000000005,0.014706149999999973,0.08585100000000001,0.05190998000000002,206,2.0847416,21.670937,4.6927223,-3.7040257,middle_80pct
6uqXoPJSoPg.000,0.6542056,0.6145833,0.72527474,0.5631068,0.73333335,0.54277235,0.6410246,0.629871,0.605384,0.6231883,0.11143325000000004,0.0264413,0.09540374000000007,0.042277200000000015,0.11014504999999997,0.07714010800000001,207,1.954493,22.418293,7.7072854,0.81858927,middle_80pct
6uqXoPJSoPg.001,0.6542056,0.6875,0.72527474,0.66019416,0.65555555,0.51025486,0.6058183,0.6308624,0.6232304,0.5865981,0.14395074000000008,0.08168169999999997,0.09441233999999998,0.03696376000000001,0.06895744999999998,0.085193198,208,2.0420527,23.618439,10.795687,0.52394354,middle_80pct
6uqXoPJSoPg.002,0.69158876,0.8020833,0.8131868,0.8737864,0.9111111,0.5173705,0.61451364,0.6451998,0.58216566,0.6052491,0.17421826000000007,0.18756966000000008,0.167987,0.29162073999999993,0.30586199999999997,0.22545153200000004,209,1.9800068,22.964506,8.015396,-1.5082607,highest_error_10pct
6uqXoPJSoPg.003,0.60747665,0.6770833,0.6923077,0.65048546,0.5888889,0.5199385,0.60541356,0.6279721,0.57993084,0.60144466,0.08753814999999998,0.07166974000000004,0.06433559999999994,0.07055462000000001,0.012555759999999916,0.06133077399999998,210,1.9748785,23.174212,9.815395,0.42382473,middle_80pct
6uqXoPJSoPg.004,0.7383177,0.78125,0.7802198,0.815534,0.7888889,0.5294047,0.62931913,0.64731175,0.61367774,0.6246161,0.20891300000000002,0.15193087000000005,0.13290805000000006,0.20185626,0.1642728,0.17197619600000003,211,1.9981883,22.318192,11.6305895,2.5653985,middle_80pct
6uqXoPJSoPg.005,0.6728972,0.7083333,0.72527474,0.7669903,0.65555555,0.54284227,0.6369731,0.6235914,0.58939487,0.64306855,0.13005493,0.0713602000000001,0.10168334000000001,0.17759543,0.012487000000000026,0.09863618000000003,212,2.1078012,22.26464,11.262547,1.2663943,middle_80pct
7-7qX0heWkg.002,0.40186915,0.4375,0.48351648,0.5145631,0.4888889,0.34366208,0.42309988,0.50032526,0.5185575,0.4811485,0.05820707000000003,0.014400120000000016,0.016808779999999968,0.0039943999999999535,0.007740400000000036,0.020230154,213,2.1564882,27.517286,7.6912193,2.7901888,lowest_error_10pct
75XbCb7G8kw.001,0.3084112,0.34375,0.34065935,0.4368932,0.37777779,0.29143187,0.43892533,0.52644426,0.58807766,0.43701786,0.016979330000000015,0.09517533,0.18578490999999997,0.15118445999999996,0.05924006999999998,0.10167281999999997,214,2.0436816,29.2481,11.357521,5.505534,middle_80pct
75XbCb7G8kw.002,0.22429906,0.4375,0.62637365,0.6893204,0.42222223,0.3062694,0.42486042,0.5325103,0.5629368,0.42836595,0.08197034000000003,0.012639579999999984,0.09386335000000001,0.12638360000000004,0.006143720000000019,0.06420011800000001,215,2.0839322,29.219912,10.225935,5.474684,middle_80pct
75XbCb7G8kw.003,0.5046729,0.5416667,0.7912088,0.66019416,0.6,0.37872058,0.5082984,0.55890155,0.5816276,0.49863884,0.12595232,0.033368299999999906,0.23230725000000008,0.07856655999999995,0.10136115999999995,0.11431111799999998,216,1.9655584,28.89579,10.913211,2.1397905,middle_80pct
75XbCb7G8kw.005,0.5046729,0.5416667,0.63736266,0.69902915,0.4,0.37446946,0.47804815,0.51548517,0.4913146,0.4748748,0.13020344,0.06361854999999994,0.12187748999999992,0.20771455,0.07487479999999996,0.11965776599999996,217,2.2197804,29.61669,10.852009,4.0804424,middle_80pct
79xbT95IyKI.001,0.71028036,0.6770833,0.6923077,0.6796116,0.7,0.5990608,0.58780664,0.57364583,0.54675937,0.6542686,0.1112195600000001,0.08927666000000001,0.11866186999999995,0.13285223000000002,0.04573139999999998,0.09954834400000001,218,1.9983786,29.89372,-5.065275,-7.7490363,middle_80pct
7LHmNEH65Pk.000,0.60747665,0.6458333,0.74725276,0.6796116,0.6,0.51003486,0.52426773,0.54118586,0.5476935,0.5974705,0.09744178999999997,0.12156557000000001,0.20606689999999994,0.13191809999999993,0.0025294999999999623,0.11190437199999996,219,2.143666,23.367996,4.238967,-4.402936,middle_80pct
7LHmNEH65Pk.001,0.45794392,0.35416666,0.5604396,0.6213592,0.53333336,0.4398254,0.43063742,0.48713937,0.4533568,0.5109415,0.018118520000000027,0.07647075999999997,0.07330023000000002,0.1680024,0.02239185999999993,0.07165675399999999,220,2.0555248,27.637428,-1.0338541,0.17136076,middle_80pct
7LHmNEH65Pk.002,0.45794392,0.47916666,0.52747256,0.7184466,0.53333336,0.46351913,0.4855907,0.54235786,0.54774916,0.5419812,0.005575209999999997,0.006424039999999964,0.01488529999999999,0.1706974400000001,0.008647840000000073,0.04124596600000002,221,1.9933997,23.989634,3.662111,0.690844,lowest_error_10pct
7LHmNEH65Pk.004,0.5420561,0.48958334,0.5714286,0.5825243,0.54444444,0.4565369,0.46655795,0.51882046,0.5041551,0.5095532,0.08551920000000002,0.02302538999999998,0.052608139999999914,0.07836920000000003,0.03489123999999999,0.054882633999999986,222,2.1929405,25.363676,2.244722,2.492416,middle_80pct
7LHmNEH65Pk.005,0.42990655,0.5,0.41758242,0.6796116,0.53333336,0.47650564,0.4825054,0.5249459,0.5378902,0.5256364,0.04659909000000001,0.017494600000000027,0.10736347999999996,0.1417214,0.007696959999999975,0.064175106,223,2.164188,25.259216,1.7635521,0.67656785,middle_80pct
7QeVs-mXmcI.003,0.85046726,0.9583333,0.9120879,0.8737864,0.93333334,0.5841602,0.61494225,0.60242194,0.6042768,0.66767085,0.26630705999999993,0.34339105000000003,0.3096659599999999,0.2695096,0.26566249,0.290907232,224,1.8450431,20.975077,-0.69754416,-5.63196,highest_error_10pct
7TvOygqwNuE.000,0.48598132,0.53125,0.61538464,0.47572815,0.7111111,0.49366343,0.55293816,0.5342644,0.54808617,0.6202926,0.00768211000000002,0.021688159999999956,0.08112024000000007,0.07235802000000002,0.09081850000000002,0.05473340600000002,225,1.8440965,26.120811,-0.39068925,-8.668876,middle_80pct
7gXF3MVPXPU.005,0.6635514,0.875,0.64835167,0.8252427,0.75555557,0.4480236,0.50994945,0.5311088,0.52094793,0.54036975,0.2155278,0.36505055,0.11724287,0.30429477000000005,0.21518581999999997,0.24346036199999999,226,1.9808272,22.312231,7.902479,0.35002443,highest_error_10pct
7knYNR1tAig.001,0.38317758,0.20833333,0.42857143,0.37864077,0.3,0.485471,0.48522592,0.49571472,0.49437907,0.5798224,0.10229341999999997,0.27689259,0.06714329000000002,0.11573829999999996,0.27982239999999997,0.168378,227,2.2606518,34.362373,-23.806938,-5.052718,middle_80pct
7knYNR1tAig.003,0.5046729,0.47916666,0.48351648,0.407767,0.47777778,0.5092404,0.51346487,0.5054045,0.49251744,0.60043186,0.004567500000000058,0.03429820999999994,0.021888020000000008,0.08475043999999998,0.12265408000000005,0.05363165000000001,228,2.2355356,33.87341,-24.005909,-8.301574,middle_80pct
7knYNR1tAig.005,0.2990654,0.16666667,0.32967034,0.29126215,0.32222223,0.42690563,0.4470014,0.46852997,0.4216925,0.5441185,0.12784023,0.28033473,0.13885963,0.13043035000000003,0.22189626999999995,0.179872242,229,2.2806818,42.74901,-31.646105,-10.182677,highest_error_10pct
7nJPNkWZDOY.001,0.7196262,0.5208333,0.5494506,0.60194176,0.82222223,0.53369546,0.53129625,0.56540173,0.5451849,0.6507869,0.18593073999999998,0.010462949999999971,0.015951130000000036,0.05675686000000002,0.1714353300000001,0.08810740200000003,230,1.9608171,25.66449,-7.396047,-7.332114,middle_80pct
7nJPNkWZDOY.003,0.6728972,0.65625,0.5494506,0.70873785,0.8,0.5520152,0.5408768,0.5600419,0.5170323,0.6488159,0.12088199999999993,0.11537319999999995,0.01059129999999997,0.19170555,0.15118410000000004,0.11794722999999999,231,1.8296915,28.640583,-12.826162,-9.115017,middle_80pct
7nJPNkWZDOY.004,0.69158876,0.65625,0.6593407,0.66019416,0.7111111,0.5053167,0.50254977,0.5170819,0.49269038,0.60548407,0.18627206000000007,0.15370023,0.14225880000000002,0.16750378,0.10562702999999996,0.15107238,232,1.877079,30.91018,-12.96614,-11.8703575,middle_80pct
7pLWTfnOSIU.001,0.25233644,0.19791667,0.2857143,0.26213592,0.25555557,0.3463211,0.3802842,0.4696539,0.38759372,0.44059762,0.09398466,0.18236753000000003,0.18393960000000004,0.12545779999999995,0.18504205,0.154158328,233,2.159812,24.827984,-4.68647,1.554986,middle_80pct
7pLWTfnOSIU.004,0.3084112,0.29166666,0.37362638,0.3883495,0.2888889,0.2520786,0.28289112,0.39731744,0.3568312,0.3474479,0.05633260000000001,0.008775540000000026,0.02369106000000004,0.0315183,0.05855899999999997,0.03577530000000001,234,2.485001,40.20896,-9.338442,17.949875,lowest_error_10pct
7qGYGbIg45c.000,0.18691589,0.35416666,0.4065934,0.4368932,0.3888889,0.34253412,0.36310917,0.47829443,0.43500894,0.43448293,0.15561823,0.008942509999999959,0.07170103,0.001884259999999971,0.04559403000000001,0.056748011999999994,235,1.9870073,24.191189,-1.8460786,1.481895,middle_80pct
7qGYGbIg45c.001,0.27102804,0.21875,0.2967033,0.2815534,0.37777779,0.36070636,0.38795596,0.49079564,0.45535257,0.42826188,0.08967831999999998,0.16920596,0.19409233999999997,0.17379917,0.05048408999999998,0.13545197599999997,236,2.146547,29.581306,-6.9330964,15.178216,middle_80pct
7qGYGbIg45c.002,0.3084112,0.33333334,0.47252747,0.5631068,0.45555556,0.41205174,0.45960796,0.5168029,0.50298727,0.5053399,0.10364054,0.12627462,0.04427542999999995,0.06011953000000003,0.04978433999999993,0.07681889199999999,237,2.059004,23.519987,1.3147951,1.5302413,middle_80pct
7qGYGbIg45c.003,0.2897196,0.20833333,0.48351648,0.47572815,0.37777779,0.37024793,0.40861416,0.49981692,0.4621092,0.467712,0.08052832999999998,0.20028083,0.01630043999999997,0.013618950000000019,0.08993421000000001,0.080132552,238,1.9951376,23.79108,3.4062755,-0.31883565,middle_80pct
7qGYGbIg45c.004,0.17757009,0.23958333,0.25274727,0.33009708,0.36666667,0.33445078,0.31909713,0.4289177,0.3605939,0.40058327,0.15688069,0.0795138,0.17617043,0.030496820000000036,0.03391660000000002,0.09539566800000002,239,2.1527812,29.149908,-10.839222,10.746441,middle_80pct
7qGYGbIg45c.005,0.26168224,0.15625,0.35164836,0.3398058,0.31111112,0.35342497,0.3639809,0.4662887,0.42323628,0.44965857,0.09174273,0.2077309,0.11464034000000001,0.08343048000000003,0.13854744999999996,0.12721838000000002,240,2.0832808,26.026642,-7.4482527,10.991705,middle_80pct
84emxO86qa8.001,0.89719623,0.84375,0.6923077,0.89320385,0.8111111,0.58336544,0.64810157,0.6061552,0.6992525,0.6728401,0.31383079,0.19564842999999998,0.08615249999999997,0.19395134999999997,0.13827099999999992,0.18557081399999997,241,2.040313,24.591816,2.0746145,-2.9547777,highest_error_10pct
84emxO86qa8.002,0.8317757,0.8125,0.8901099,0.79611653,0.9222222,0.6176297,0.6711255,0.6654608,0.7402234,0.7167195,0.21414600000000006,0.14137449999999996,0.22464910000000005,0.05589313000000007,0.20550270000000004,0.16831308600000003,242,1.9925748,24.461603,1.507463,-4.3898087,middle_80pct
84emxO86qa8.004,0.74766356,0.7083333,0.82417583,0.9126214,0.84444445,0.5992578,0.64883703,0.641937,0.68323696,0.6777336,0.14840576000000005,0.05949627000000002,0.18223883000000007,0.22938444000000002,0.16671084999999997,0.15724723000000002,243,1.9357635,22.865078,2.068852,-5.6733637,middle_80pct
84emxO86qa8.005,0.92523366,0.9583333,0.9010989,0.9126214,0.9222222,0.623906,0.6821914,0.65793926,0.75657547,0.7167201,0.30132766,0.27614190000000005,0.24315964,0.15604593,0.20550210000000002,0.23643544600000005,244,2.0017505,23.77744,2.548418,-1.8991857,highest_error_10pct
87r3cLkrw4A.002,0.5233645,0.6041667,0.50549453,0.6213592,0.6111111,0.5635192,0.60333925,0.5972716,0.59463334,0.6741741,0.04015469999999999,0.0008274499999999518,0.09177707000000002,0.02672585999999999,0.06306299999999998,0.04450961599999999,245,1.9627262,22.484566,4.708049,-0.3257862,middle_80pct
87r3cLkrw4A.003,0.7570093,0.5625,0.6813187,0.70873785,0.73333335,0.6250261,0.6319567,0.64316547,0.6036749,0.7062449,0.13198319999999997,0.06945670000000004,0.03815323000000004,0.10506294999999999,0.02708845000000004,0.07434890600000002,246,1.9303105,23.194046,4.9971123,-1.7920069,middle_80pct
87r3cLkrw4A.004,0.682243,0.6041667,0.64835167,0.7378641,0.75555557,0.6281833,0.663043,0.6514855,0.63156027,0.7183213,0.054059700000000044,0.058876300000000104,0.003133830000000004,0.10630382999999999,0.0372342699999999,0.051921586000000006,247,1.899553,20.159426,3.1211386,-2.3284848,middle_80pct
8OGiv7FetSQ.000,0.58878505,0.6875,0.5824176,0.5339806,0.75555557,0.5170639,0.56547165,0.5378877,0.5201767,0.5949113,0.07172115000000001,0.12202835000000001,0.04452990000000001,0.01380389999999998,0.16064426999999992,0.08254551399999999,248,1.8512586,23.728271,-1.4128197,-8.16386,middle_80pct
8OGiv7FetSQ.001,0.6448598,0.65625,0.6593407,0.5339806,0.73333335,0.6201882,0.627721,0.5733583,0.6037258,0.67125165,0.024671600000000016,0.028529000000000027,0.08598240000000001,0.06974519999999995,0.06208170000000002,0.054201980000000004,249,1.9443461,22.259531,-1.3744606,-8.537801,middle_80pct
8OGiv7FetSQ.002,0.55140185,0.5833333,0.51648355,0.592233,0.5888889,0.5673123,0.60575354,0.562109,0.5596837,0.63317585,0.01591045000000002,0.02242023999999998,0.045625449999999956,0.0325493,0.044286949999999936,0.032158477999999976,250,1.9153901,22.92942,-0.8934878,-7.286256,lowest_error_10pct
8OGiv7FetSQ.003,0.49532712,0.5833333,0.50549453,0.5339806,0.6111111,0.5455784,0.5516228,0.53510636,0.5392527,0.6118228,0.05025128000000001,0.031710500000000086,0.029611830000000006,0.005272100000000002,0.0007116999999999818,0.023511482000000018,251,2.0116496,23.162098,-0.8765072,-2.5848122,lowest_error_10pct
8OGiv7FetSQ.004,0.5420561,0.5520833,0.64835167,0.46601942,0.6666667,0.5740867,0.59316295,0.5543412,0.5440932,0.6458852,0.03203059999999991,0.04107964999999991,0.09401047000000007,0.07807378000000004,0.020781499999999897,0.05319519999999996,252,1.928954,24.194271,-2.0388668,-6.0867968,middle_80pct
8OGiv7FetSQ.005,0.58878505,0.59375,0.45054945,0.37864077,0.6666667,0.6118665,0.61963624,0.58583164,0.54674745,0.6616762,0.023081449999999948,0.02588623999999995,0.13528218999999997,0.16810668,0.004990499999999898,0.07146941199999995,253,1.9608815,21.143957,-3.1999073,-6.638365,middle_80pct
8OckVmEZ8X8.000,0.49532712,0.625,0.73626375,0.63106793,0.76666665,0.41622812,0.47559968,0.5290048,0.47717828,0.49446878,0.07909900000000003,0.14940031999999998,0.20725894999999994,0.15388965000000004,0.27219787,0.17236915800000002,254,2.0290482,24.459417,-3.8108892,-0.98255086,middle_80pct
8OckVmEZ8X8.001,0.5140187,0.5208333,0.71428573,0.5631068,0.8111111,0.39728057,0.44051126,0.50041443,0.4228894,0.49021447,0.11673813000000005,0.08032204000000004,0.2138713,0.1402174,0.32089662999999996,0.1744091,255,1.9988639,22.130829,-5.021491,-0.42158338,middle_80pct
8OckVmEZ8X8.002,0.28037384,0.27083334,0.36263737,0.32038835,0.35555556,0.3300843,0.35904709,0.4388541,0.36214197,0.42958426,0.04971046000000001,0.08821375000000004,0.07621673000000001,0.04175361999999999,0.0740287,0.065984652,256,2.2924347,29.698792,-9.320217,0.46097532,middle_80pct
8OckVmEZ8X8.003,0.6448598,0.59375,0.64835167,0.4563107,0.67777777,0.41611707,0.46593374,0.5185964,0.46051794,0.49925882,0.22874273,0.12781626000000001,0.1297552700000001,0.004207240000000001,0.17851894999999995,0.13380809,257,2.109554,22.128006,3.2072468,-1.058929,middle_80pct
8OckVmEZ8X8.004,0.45794392,0.7083333,0.74725276,0.60194176,0.53333336,0.38436893,0.47570252,0.49345225,0.4846548,0.493127,0.07357499,0.23263078000000004,0.25380051,0.11728696,0.04020636,0.14349992,258,2.008746,22.134111,3.1142766,-1.9152201,middle_80pct
8OckVmEZ8X8.005,0.42990655,0.5104167,0.6923077,0.407767,0.67777777,0.41908315,0.468214,0.5265473,0.47017342,0.51417816,0.010823399999999983,0.042202699999999926,0.16576039999999992,0.06240642000000002,0.1635996099999999,0.08895850599999995,259,2.0239408,23.289627,1.1886827,-2.596483,middle_80pct
8PXQ_5tUv74.000,0.7009346,0.48958334,0.6043956,0.63106793,0.67777777,0.45907262,0.4479139,0.4766698,0.39084846,0.5356627,0.24186197999999998,0.04166944,0.12772580000000006,0.24021947000000005,0.1421150699999999,0.158718352,260,2.1265593,24.139494,-4.553461,-0.94206244,middle_80pct
8PXQ_5tUv74.001,0.5140187,0.59375,0.5714286,0.5631068,0.62222224,0.5110672,0.5517476,0.5737629,0.54118377,0.6206705,0.002951499999999996,0.042002399999999995,0.0023343000000000114,0.021923030000000066,0.0015517400000000237,0.014152594000000018,261,1.9804593,22.51655,1.5257422,-3.6927834,lowest_error_10pct
8PXQ_5tUv74.002,0.53271025,0.5729167,0.53846157,0.49514562,0.53333336,0.4677476,0.4558539,0.49817625,0.39680207,0.53323054,0.06496265000000007,0.11706279999999997,0.04028531999999996,0.09834355,0.00010281999999994795,0.06415142799999998,262,2.1152096,23.000036,-3.3226323,0.031544343,middle_80pct
8PXQ_5tUv74.003,0.6168224,0.625,0.62637365,0.6893204,0.7111111,0.59400237,0.6189633,0.6083247,0.5632309,0.6734359,0.02282002999999999,0.006036700000000006,0.018048949999999953,0.12608950000000008,0.03767520000000002,0.042134076000000006,263,1.9170231,20.630312,0.09473853,-5.438605,lowest_error_10pct
8PXQ_5tUv74.004,0.5233645,0.6770833,0.61538464,0.69902915,0.64444447,0.47364825,0.49480435,0.50848377,0.4793017,0.56904167,0.04971625000000002,0.18227895000000005,0.10690087000000004,0.21972745,0.07540279999999999,0.126805264,264,1.9862605,19.584574,-2.0671127,-1.7976742,middle_80pct
8PXQ_5tUv74.005,0.5981308,0.5729167,0.47252747,0.63106793,0.6333333,0.62368846,0.6094467,0.62171924,0.54898435,0.69250125,0.025557660000000038,0.03653000000000006,0.14919177,0.08208358000000004,0.05916794999999997,0.07050619200000002,265,2.006517,20.127237,1.4819193,-2.9985633,middle_80pct
8aLr0vNobr4.000,0.3271028,0.27083334,0.42857143,0.41747573,0.3888889,0.46782154,0.5436872,0.5896688,0.6105068,0.59574014,0.14071873999999995,0.27285386000000006,0.16109737000000002,0.19303107000000003,0.20685124,0.19491045599999998,266,1.96884,20.376127,6.781705,-2.7433674,highest_error_10pct
8aLr0vNobr4.001,0.28037384,0.38541666,0.43956044,0.49514562,0.44444445,0.47955155,0.5311867,0.569267,0.53946865,0.60547173,0.19917771,0.14577004,0.12970655999999997,0.044323029999999985,0.16102728,0.136000924,267,1.999713,21.591148,3.66433,0.07692906,middle_80pct
8aLr0vNobr4.004,0.2897196,0.4375,0.51648355,0.61165047,0.5222222,0.5028591,0.54147184,0.58179045,0.5385928,0.6123652,0.21313949999999998,0.10397184000000004,0.06530689999999995,0.07305766999999996,0.09014300000000008,0.10912378199999999,268,1.9117074,19.381653,3.9398155,-2.7370949,middle_80pct
8dVcA5J1Dcw.000,0.43925235,0.5208333,0.5604396,0.5533981,0.46666667,0.39824414,0.45311078,0.5478696,0.45715848,0.4629147,0.04100820999999999,0.06772252000000006,0.012570000000000081,0.09623962000000003,0.0037519699999999934,0.04425846400000003,269,2.0999868,25.952179,-5.3080244,-3.0815501,middle_80pct
8dVcA5J1Dcw.001,0.45794392,0.5729167,0.6703297,0.3106796,0.47777778,0.34804004,0.36850512,0.43366772,0.32311893,0.41597557,0.10990388000000001,0.20441157999999993,0.23666198000000005,0.012439330000000026,0.06180220999999997,0.125043796,270,2.4003444,39.427925,-20.23991,2.1125762,middle_80pct
8gvBbE6iZNo.000,0.39252338,0.625,0.72527474,0.9223301,0.47777778,0.3625178,0.46854237,0.5693915,0.63949823,0.5086665,0.030005579999999976,0.15645763000000001,0.15588323999999998,0.2828318700000001,0.030888720000000036,0.13121340800000003,271,1.9998192,25.629595,6.298503,0.41661474,middle_80pct
8gvBbE6iZNo.001,0.6542056,0.6979167,0.6813187,0.8640777,0.75555557,0.39335337,0.494801,0.6004167,0.6289548,0.52570176,0.2608522300000001,0.20311569999999995,0.08090200000000003,0.2351228999999999,0.22985380999999994,0.20196932799999998,272,2.0351903,26.786736,7.629512,-1.0030624,highest_error_10pct
8gvBbE6iZNo.002,0.35514018,0.5208333,0.61538464,0.83495146,0.5555556,0.44732606,0.542691,0.61162925,0.6479049,0.5752638,0.09218588,0.02185769999999998,0.003755390000000025,0.18704655999999997,0.019708199999999954,0.06491074599999999,273,2.104281,25.299633,8.83786,-0.543569,middle_80pct
8gvBbE6iZNo.003,0.44859812,0.6770833,0.8681319,0.6796116,0.6333333,0.34085318,0.42561266,0.5614898,0.5912142,0.46629402,0.10774494000000001,0.2514706400000001,0.3066420999999999,0.08839739999999996,0.16703928,0.184258872,274,2.1786237,29.92372,6.6290793,1.4986243,highest_error_10pct
8gvBbE6iZNo.004,0.36448598,0.6875,0.64835167,0.8543689,0.4888889,0.40537405,0.47716337,0.5816246,0.64495814,0.5183205,0.04088807,0.21033663000000002,0.06672707,0.20941076000000003,0.029431599999999947,0.11135882599999998,275,2.0773475,23.714375,8.480223,-0.17807081,middle_80pct
8gvBbE6iZNo.005,0.40186915,0.6666667,0.61538464,0.9514563,0.53333336,0.42747515,0.5124757,0.58715713,0.63607347,0.5258084,0.025606000000000018,0.15419099999999997,0.02822751000000001,0.31538283,0.007524960000000025,0.10618646000000001,276,1.905401,23.419905,7.1553364,-0.010423393,middle_80pct
8hW6WfYBP18.000,0.3084112,0.32291666,0.4065934,0.37864077,0.5777778,0.3165124,0.310409,0.3835516,0.30927444,0.38499975,0.00810120000000003,0.012507660000000032,0.0230418,0.06936633000000003,0.19277805000000003,0.06115900800000003,277,2.08933,32.651115,-5.7459884,2.3280349,middle_80pct
8hW6WfYBP18.001,0.046728972,0.28125,0.26373628,0.42718446,0.25555557,0.35467917,0.40285987,0.4645983,0.43159908,0.45217732,0.307950198,0.12160987000000001,0.20086202000000003,0.004414620000000036,0.19662174999999998,0.16629169159999999,278,2.0378811,24.784796,3.1290379,1.7728533,middle_80pct
8hW6WfYBP18.002,0.43925235,0.36458334,0.34065935,0.4563107,0.34444445,0.4100134,0.40297773,0.45619473,0.40711102,0.4785189,0.02923895000000004,0.03839439,0.11553537999999997,0.04919968000000002,0.13407445,0.07328857000000001,279,1.980194,26.629303,-1.5487123,-0.16927475,middle_80pct
8hW6WfYBP18.003,0.317757,0.46875,0.36263737,0.39805827,0.34444445,0.40076834,0.40914708,0.44033137,0.35036272,0.44172093,0.08301133999999999,0.059602920000000004,0.07769399999999999,0.047695549999999975,0.09727648,0.073056058,280,1.9855553,30.291363,-4.431018,2.4201734,middle_80pct
8hW6WfYBP18.004,0.42056075,0.5625,0.50549453,0.44660193,0.5,0.39904276,0.42532068,0.44638312,0.3508328,0.45695525,0.021517989999999987,0.13717932,0.059111409999999975,0.09576912999999998,0.04304475000000002,0.07132451999999999,281,2.0034976,29.620232,-3.6356063,1.9370444,middle_80pct
8hW6WfYBP18.005,0.42990655,0.40625,0.2967033,0.3883495,0.42222223,0.30824947,0.30268776,0.39544395,0.33390832,0.38674122,0.12165707999999997,0.10356224000000003,0.09874064999999999,0.05444118000000003,0.03548100999999998,0.082776432,282,2.029261,35.12243,-8.617242,0.58929026,middle_80pct
8nt2PL_p-Io.001,0.7196262,0.8333333,0.83516484,0.88349515,0.8888889,0.5928717,0.6050783,0.60819453,0.59827065,0.6666846,0.1267545,0.2282550000000001,0.22697031,0.2852245,0.22220430000000002,0.217881722,283,1.9336712,20.604609,1.1010936,-5.1000705,highest_error_10pct
8py6SksNsZQ.000,0.57009345,0.7708333,0.72527474,0.49514562,0.74444443,0.52813184,0.6453398,0.6145198,0.62692785,0.6586654,0.04196160999999998,0.12549350000000004,0.11075494000000008,0.13178222999999994,0.08577903000000009,0.09915426200000002,284,2.230267,27.004261,11.526904,-1.0414679,middle_80pct
8py6SksNsZQ.001,0.62616825,0.6979167,0.64835167,0.49514562,0.65555555,0.4975947,0.5431267,0.54513633,0.5056457,0.57764024,0.12857354999999998,0.15478999999999998,0.1032153400000001,0.010500079999999967,0.07791530999999996,0.09499885599999999,285,1.9770495,24.592356,6.381233,4.261037,middle_80pct
8py6SksNsZQ.002,0.46728972,0.5833333,0.5494506,0.3883495,0.6,0.5541904,0.66313493,0.65875095,0.6263523,0.6534208,0.08690067999999995,0.07980162999999996,0.10930034999999994,0.23800279999999996,0.053420800000000046,0.11348525199999997,286,1.9582827,23.19128,9.530754,-1.3849566,middle_80pct
8py6SksNsZQ.003,0.5794392,0.6875,0.63736266,0.3398058,0.67777777,0.5121691,0.6238984,0.61126184,0.57594645,0.6308337,0.0672701,0.06360160000000004,0.026100820000000025,0.23614065,0.04694406999999989,0.08801144799999999,287,1.8296795,23.491825,5.282893,-1.7996677,middle_80pct
8py6SksNsZQ.004,0.44859812,0.6145833,0.5824176,0.34951457,0.4888889,0.5367149,0.62299216,0.62717086,0.5608437,0.62500244,0.08811678,0.008408859999999962,0.04475326000000002,0.21132912999999992,0.13611354000000003,0.09774431399999998,288,1.9150017,23.566687,8.39897,-0.23489359,middle_80pct
8py6SksNsZQ.005,0.6542056,0.7708333,0.64835167,0.4854369,0.8333333,0.51297724,0.60561013,0.59540814,0.6076566,0.6315861,0.14122836000000005,0.16522317000000009,0.05294353000000007,0.12221969999999999,0.20174720000000002,0.13667239200000006,289,2.1125207,27.176983,9.766023,1.2997804,middle_80pct
8qG1sMihtPA.000,0.46728972,0.59375,0.46153846,0.407767,0.5777778,0.4923846,0.517817,0.5655831,0.5984577,0.5827067,0.025094879999999986,0.07593300000000003,0.10404464000000002,0.1906907,0.004928900000000014,0.08013842400000001,290,1.9309702,26.725819,-0.93699867,-1.2168069,middle_80pct
8qG1sMihtPA.001,0.48598132,0.5729167,0.45054945,0.52427185,0.5777778,0.57524747,0.60244167,0.6424288,0.70508415,0.6421068,0.08926614999999999,0.029524970000000095,0.19187935,0.18081230000000004,0.06432899999999997,0.111162354,291,1.9918747,26.059416,1.2902192,-1.6854877,middle_80pct
8qG1sMihtPA.002,0.41121495,0.6145833,0.5604396,0.6796116,0.6,0.5900363,0.60462666,0.60986555,0.6368842,0.6557489,0.17882134999999993,0.009956640000000072,0.04942594999999994,0.04272739999999997,0.05574889999999999,0.06733604799999998,292,1.9889268,25.242596,1.4179364,-2.5838509,middle_80pct
8qG1sMihtPA.003,0.49532712,0.5625,0.48351648,0.70873785,0.7222222,0.52937955,0.54523486,0.5927393,0.6340945,0.5968834,0.03405243000000002,0.017265140000000012,0.10922281999999994,0.07464335,0.12533880000000008,0.07210450800000001,293,1.911162,25.731306,0.87744164,-2.525608,middle_80pct
8qG1sMihtPA.004,0.58878505,0.53125,0.5494506,0.4563107,0.5888889,0.66683006,0.65016675,0.64819914,0.64581907,0.7092273,0.07804500999999997,0.11891675000000002,0.09874854,0.18950837000000004,0.12033839999999996,0.12111141399999999,294,1.9274704,25.027443,1.8356854,-0.5307036,middle_80pct
8qG1sMihtPA.005,0.5233645,0.5625,0.35164836,0.61165047,0.7,0.5938701,0.6007378,0.6145879,0.6709839,0.6637304,0.07050559999999995,0.03823779999999999,0.26293953999999997,0.05933343000000002,0.0362695999999999,0.09345719399999997,295,1.9083301,23.776031,1.0031748,-1.4676067,middle_80pct
8z-WF2UNRb8.002,0.5607477,0.59375,0.53846157,0.3883495,0.7888889,0.592461,0.6040512,0.57128555,0.5043101,0.64480895,0.031713300000000055,0.01030120000000001,0.032823980000000086,0.11596059999999997,0.14407994999999996,0.06697580600000001,296,2.1283853,32.4628,-18.690584,-7.513028,middle_80pct
93bQfdes68U.000,0.3084112,0.3125,0.4065934,0.27184466,0.33333334,0.44449022,0.52169365,0.5789137,0.53860366,0.53349096,0.13607902,0.20919365,0.17232029999999998,0.266759,0.20015761999999998,0.19690191799999995,297,1.9107932,23.9705,5.1695023,2.4782925,highest_error_10pct
9CPKW0sqR3E.000,0.46728972,0.5833333,0.5494506,0.57281554,0.7111111,0.45280138,0.52402306,0.5152957,0.49867755,0.5789729,0.014488340000000044,0.05931024000000007,0.03415489999999999,0.07413798999999999,0.13213819999999998,0.06284593400000002,298,1.987547,28.50053,-1.2608342,-4.7286935,middle_80pct
9CPKW0sqR3E.001,0.49532712,0.53125,0.63736266,0.6699029,0.62222224,0.46026626,0.5388119,0.52860844,0.52824736,0.5780523,0.03506086000000003,0.00756190000000001,0.10875422000000001,0.1416555399999999,0.044169940000000074,0.067440492,299,1.9904885,26.994516,-3.9472933,-2.7694569,middle_80pct
9CPKW0sqR3E.002,0.42056075,0.5104167,0.3956044,0.5145631,0.6333333,0.47639877,0.5395799,0.5143341,0.5172598,0.5633104,0.055838020000000044,0.029163200000000056,0.1187297,0.0026966999999999963,0.0700229,0.05529010400000002,300,2.0112426,27.940617,-2.0893626,-5.0303864,middle_80pct
9CPKW0sqR3E.003,0.40186915,0.5416667,0.53846157,0.6893204,0.4888889,0.43468332,0.5160689,0.51977247,0.5127548,0.55384916,0.032814169999999976,0.025597799999999893,0.018689099999999903,0.1765656000000001,0.06496025999999994,0.06372538599999997,301,1.8479981,27.684856,-2.1794028,-6.944001,middle_80pct
9CPKW0sqR3E.004,0.62616825,0.75,0.6593407,0.83495146,0.6111111,0.54604375,0.52702487,0.5403004,0.49247277,0.53063124,0.08012449999999993,0.22297513000000002,0.11904029999999999,0.34247869,0.08047986000000007,0.169019696,302,2.276282,75.21683,-21.609453,44.274883,middle_80pct
9CPKW0sqR3E.005,0.5607477,0.6770833,0.5604396,0.7281553,0.65555555,0.4620298,0.56211066,0.53921294,0.5359288,0.566339,0.09871789999999997,0.11497264000000007,0.021226660000000064,0.19222649999999997,0.08921654999999995,0.10327204999999999,303,1.907571,24.498104,0.013164866,-5.233536,middle_80pct
9DKE8426js0.000,0.88785046,0.875,0.7032967,0.6796116,0.8111111,0.5894047,0.62570864,0.61936605,0.6808512,0.66589046,0.29844576,0.24929135999999996,0.08393065,0.0012396000000000074,0.14522064,0.155625602,304,1.9306753,21.710075,4.489743,-5.496096,middle_80pct
9Lbj3wpwk-c.000,0.38317758,0.34375,0.5494506,0.407767,0.41111112,0.3444017,0.46179682,0.5447801,0.56075406,0.4546101,0.03877588000000004,0.11804682,0.004670500000000022,0.15298706000000006,0.04349898000000002,0.07159584800000003,305,2.106414,28.905571,-2.2469106,6.132415,middle_80pct
9Lbj3wpwk-c.001,0.26168224,0.3125,0.4065934,0.2038835,0.32222223,0.38035417,0.43098158,0.53973305,0.5646437,0.4840916,0.11867192999999998,0.11848157999999998,0.13313965000000005,0.3607602,0.16186937,0.178584546,306,2.0374954,28.689228,-2.74095,10.483072,highest_error_10pct
9Lbj3wpwk-c.003,0.41121495,0.35416666,0.48351648,0.36893204,0.4,0.33306772,0.3554307,0.44327796,0.42132854,0.41985276,0.07814723000000001,0.0012640399999999663,0.04023852,0.05239649999999996,0.01985275999999997,0.03837980999999998,307,2.4175425,40.65325,-14.759723,17.653889,lowest_error_10pct
9Lbj3wpwk-c.004,0.40186915,0.1875,0.5934066,0.37864077,0.25555557,0.4385333,0.46223313,0.541182,0.4598433,0.49497053,0.036664150000000006,0.27473313,0.052224599999999954,0.08120253,0.23941496,0.136847874,308,2.0386837,24.842669,-1.3577985,1.2508861,middle_80pct
9Lbj3wpwk-c.005,0.24299066,0.375,0.43956044,0.2815534,0.35555556,0.35123515,0.43278936,0.536139,0.5499254,0.4452238,0.10824449,0.05778936000000001,0.09657856000000004,0.268372,0.08966824000000001,0.12413053,309,2.1225524,27.395609,2.2047129,3.2609062,middle_80pct
9NS6CgxJCGM.002,0.5420561,0.46875,0.5824176,0.63106793,0.46666667,0.5937274,0.6473481,0.6025681,0.6541749,0.66551703,0.051671299999999976,0.17859809999999998,0.02015050000000007,0.02310696999999995,0.19885035999999995,0.09447544599999999,310,1.9388092,22.37792,3.5327487,-4.4171257,middle_80pct
9NS6CgxJCGM.005,0.6448598,0.48958334,0.5934066,0.52427185,0.65555555,0.548281,0.58827996,0.6205751,0.59844404,0.6382942,0.09657879999999996,0.09869662000000007,0.02716850000000004,0.07417218999999997,0.017261349999999953,0.062775492,311,2.0241723,20.057404,4.8844156,-2.41996,middle_80pct
9UWCHrG5mys.000,0.5420561,0.53125,0.4945055,0.52427185,0.5222222,0.48942626,0.42724708,0.46255776,0.37611127,0.5734143,0.05262984000000004,0.10400292,0.03194774,0.14816058,0.051192100000000074,0.07758663600000001,312,2.2614615,40.02736,-27.442905,-5.303628,middle_80pct
9UWCHrG5mys.001,0.5794392,0.53125,0.45054945,0.3592233,0.5777778,0.46386138,0.444216,0.51670796,0.4498102,0.5870396,0.11557782000000005,0.087034,0.06615850999999995,0.09058689999999997,0.009261799999999987,0.07372380599999999,313,2.0507853,29.302387,-11.9912195,-4.514965,middle_80pct
9UWCHrG5mys.002,0.47663552,0.42708334,0.35164836,0.5533981,0.62222224,0.45847848,0.46041816,0.5327005,0.45994627,0.59584856,0.018157039999999958,0.03333482000000004,0.18105214000000003,0.09345183000000001,0.026373680000000066,0.07047390200000002,314,1.885747,26.35213,-7.5177803,-4.056442,middle_80pct
9UWCHrG5mys.004,0.42056075,0.44791666,0.41758242,0.3883495,0.44444445,0.51830596,0.49352285,0.5598026,0.5122656,0.6062392,0.09774520999999997,0.04560618999999999,0.14222018000000003,0.12391609999999997,0.16179475,0.11425648599999998,315,1.9993465,30.609858,-17.041405,-7.6303205,middle_80pct
9c66Lb7e1BQ.001,0.71028036,0.625,0.64835167,0.57281554,0.7,0.5446043,0.5532114,0.56708044,0.52162164,0.64405686,0.16567606,0.07178859999999998,0.08127123000000003,0.051193900000000014,0.05594314,0.08517458600000001,316,1.9675826,22.67895,5.0148735,-1.1200505,middle_80pct
9c66Lb7e1BQ.002,0.53271025,0.5520833,0.5494506,0.5339806,0.62222224,0.50993806,0.5001621,0.5441763,0.50230986,0.6024812,0.02277219000000008,0.0519212,0.005274300000000065,0.03167074000000003,0.019741039999999987,0.026275894000000032,317,2.081623,25.063196,1.5437635,0.9205269,lowest_error_10pct
9c66Lb7e1BQ.003,0.5607477,0.625,0.7032967,0.47572815,0.6333333,0.53062886,0.5372315,0.56708336,0.51246315,0.6331761,0.03011883999999998,0.08776850000000003,0.13621333999999996,0.03673499999999996,0.00015719999999996848,0.05819857599999998,318,1.9952203,23.888355,5.137188,-0.90775776,middle_80pct
9cHxDnk6SUs.000,0.5607477,0.7291667,0.7692308,0.5533981,0.6888889,0.4893353,0.5628018,0.6197622,0.6126448,0.5894446,0.07141239999999999,0.16636489999999993,0.14946859999999995,0.059246699999999985,0.09944430000000004,0.10918737999999997,319,2.0144987,25.462435,8.011114,3.4253104,middle_80pct
9cHxDnk6SUs.001,0.48598132,0.5833333,0.46153846,0.3592233,0.54444444,0.42915398,0.5346582,0.594365,0.5961172,0.5436903,0.056827340000000004,0.04867510000000008,0.13282654000000005,0.2368939,0.0007541400000000698,0.09519540400000004,320,2.005369,24.790073,9.195033,1.6956849,middle_80pct
9cHxDnk6SUs.002,0.71028036,0.7604167,0.7912088,0.6213592,0.7777778,0.46794346,0.5431573,0.5938492,0.5924897,0.56282663,0.24233690000000008,0.2172594,0.19735960000000008,0.028869499999999992,0.21495116999999997,0.180155314,321,1.9995726,23.146822,6.820412,2.3336263,highest_error_10pct
9cHxDnk6SUs.003,0.6168224,0.7395833,0.7032967,0.66019416,0.73333335,0.4616017,0.4960932,0.589625,0.5379623,0.5451448,0.1552207,0.24349010000000004,0.11367170000000004,0.12223185999999997,0.18818855,0.164560582,322,1.9555904,23.516775,6.6232753,2.0531263,middle_80pct
9cHxDnk6SUs.004,0.47663552,0.65625,0.52747256,0.46601942,0.6333333,0.45903376,0.53936225,0.59857106,0.6074548,0.56778,0.017601759999999966,0.11688774999999996,0.07109850000000006,0.14143537999999994,0.06555330000000004,0.082515338,323,2.1798453,26.28706,10.840581,3.157156,middle_80pct
9cHxDnk6SUs.005,0.682243,0.8333333,0.74725276,0.69902915,0.6888889,0.44936478,0.52475643,0.5867335,0.5786061,0.53266746,0.23287822000000002,0.30857687,0.16051925999999994,0.12042304999999998,0.15622144000000004,0.195723768,324,1.9730737,24.167816,6.449228,3.0642564,highest_error_10pct
9cj8rrj1wSk.000,0.5794392,0.6979167,0.7582418,0.6893204,0.56666666,0.50829446,0.57776,0.57433414,0.54230213,0.6047106,0.07114474000000004,0.1201566999999999,0.18390765999999992,0.14701827,0.03804394,0.11205426199999997,325,1.8192356,28.756647,-12.46504,-9.41634,middle_80pct
9cj8rrj1wSk.001,0.635514,0.6666667,0.73626375,0.70873785,0.6111111,0.48634532,0.4984572,0.5603504,0.46798488,0.5686442,0.14916868,0.16820949999999996,0.17591334999999997,0.24075297,0.042466899999999974,0.15530228,326,2.0420148,22.625074,-7.1059704,-3.8499284,middle_80pct
9cj8rrj1wSk.003,0.53271025,0.6354167,0.64835167,0.5825243,0.5222222,0.4703978,0.5046681,0.5631064,0.49716863,0.56672347,0.062312450000000075,0.1307486,0.08524527000000004,0.08535567,0.04450127000000004,0.08163265200000003,327,2.120154,22.632956,-6.363021,-2.9463365,middle_80pct
9cj8rrj1wSk.004,0.6448598,0.8645833,0.73626375,0.79611653,0.7222222,0.5132558,0.55366,0.56698567,0.5406265,0.610906,0.13160399999999994,0.3109233,0.16927808,0.25549003000000003,0.11131620000000009,0.195722322,328,1.9460526,25.375141,-9.5531645,-7.3897433,highest_error_10pct
9cj8rrj1wSk.005,0.53271025,0.65625,0.5824176,0.5825243,0.5222222,0.5090075,0.57830846,0.60413647,0.59959793,0.61206245,0.023702750000000106,0.07794153999999998,0.021718870000000057,0.01707362999999995,0.08984025000000007,0.046055408000000034,329,2.030081,19.942232,2.4747894,0.1758512,middle_80pct
9kEyN8a76j4.004,0.3084112,0.38541666,0.23076923,0.36893204,0.64444447,0.44489035,0.4813403,0.5356613,0.4552642,0.52061677,0.13647915,0.09592363999999998,0.30489207,0.08633215999999999,0.1238277000000001,0.14949094400000001,330,2.1280036,20.91929,4.8016944,1.8922548,middle_80pct
9kEyN8a76j4.005,0.34579438,0.47916666,0.3846154,0.3883495,0.5888889,0.43791786,0.5058503,0.52304584,0.46324068,0.5503764,0.09212347999999998,0.026683639999999953,0.13843044,0.07489118,0.03851250000000006,0.074128248,331,2.0741632,23.330933,1.9813212,3.0837493,middle_80pct
9xJ0rFCU-OM.000,0.41121495,0.5208333,0.46153846,0.44660193,0.65555555,0.31776625,0.2866711,0.35549474,0.30116686,0.38968387,0.09344870000000005,0.23416220000000004,0.10604372000000001,0.14543507,0.26587168,0.168992274,332,2.2168057,48.53417,-33.706078,-9.431395,middle_80pct
9xJ0rFCU-OM.004,0.39252338,0.36458334,0.41758242,0.5631068,0.4888889,0.3980444,0.38954747,0.4307781,0.42055959,0.48693222,0.005521020000000043,0.02496413000000003,0.013195679999999987,0.14254721000000004,0.0019566799999999884,0.03763694400000002,333,1.9524472,32.250027,-18.681974,-9.732827,lowest_error_10pct
9xJ0rFCU-OM.005,0.39252338,0.59375,0.5714286,0.5825243,0.6111111,0.38926226,0.37654594,0.43633124,0.36250117,0.45629942,0.0032611199999999507,0.21720405999999998,0.13509735999999994,0.22002313,0.15481168,0.14607947,334,1.9644668,38.588276,-24.71696,-10.339221,middle_80pct
A0braVJH3Pw.000,0.38317758,0.39583334,0.50549453,0.5145631,0.62222224,0.549346,0.60278314,0.63040775,0.5796504,0.60456014,0.16616841999999998,0.20694980000000002,0.12491322000000005,0.06508729999999996,0.017662100000000014,0.11615616799999999,335,1.9308776,20.323938,2.6796489,0.2490995,middle_80pct
A0braVJH3Pw.001,0.40186915,0.40625,0.31868133,0.42718446,0.42222223,0.4674174,0.49577904,0.53691363,0.45738864,0.5438305,0.06554824999999997,0.08952904,0.21823230000000005,0.030204180000000025,0.12160827000000002,0.10502440800000001,336,2.1453495,24.174284,0.093403265,-1.7554724,middle_80pct
A0braVJH3Pw.002,0.35514018,0.41666666,0.43956044,0.42718446,0.45555556,0.5048462,0.53954023,0.57157767,0.525244,0.56537324,0.14970602,0.12287356999999993,0.13201723000000004,0.09805954000000006,0.10981767999999997,0.12249480799999998,337,2.0733407,22.936975,1.9885443,4.131921,middle_80pct
A0braVJH3Pw.003,0.26168224,0.34375,0.35164836,0.27184466,0.34444445,0.44923288,0.43784457,0.5022518,0.4034208,0.5274372,0.18755064,0.09409456999999999,0.15060344000000003,0.13157614,0.18299275000000004,0.149363508,338,2.1806486,28.077087,-4.354669,-0.088932395,middle_80pct
A0braVJH3Pw.004,0.25233644,0.27083334,0.4065934,0.27184466,0.35555556,0.47568008,0.50926214,0.5479861,0.4618726,0.52741027,0.22334364,0.23842880000000005,0.14139270000000004,0.19002794,0.17185470999999997,0.19300955800000003,339,2.098386,24.107687,-0.46789005,0.8872803,highest_error_10pct
A0braVJH3Pw.005,0.2897196,0.14583333,0.34065935,0.2524272,0.22222222,0.36643064,0.3902611,0.47961485,0.4076092,0.4496705,0.07671103999999995,0.24442777000000002,0.13895549999999995,0.155182,0.22744827999999997,0.168544918,340,2.2344487,29.134373,-3.6105113,6.868065,middle_80pct
A29hMesGCEI.000,0.5607477,0.65625,0.72527474,0.98058254,0.67777777,0.5739044,0.68444407,0.6266439,0.75251824,0.67548823,0.013156700000000021,0.02819406999999996,0.09863084,0.2280643,0.0022895399999999233,0.07406708999999997,341,1.9717927,26.261995,7.670146,-2.94705,middle_80pct
A29hMesGCEI.001,0.6635514,0.7395833,0.6593407,0.7669903,0.7,0.5210136,0.6103356,0.61298364,0.7117181,0.58828396,0.14253780000000005,0.12924770000000008,0.04635705999999995,0.055272199999999994,0.1117160399999999,0.09702616,342,2.0943859,26.788733,5.2011995,-0.0018416425,middle_80pct
AFQz-qy0FkY.001,0.7383177,0.8333333,0.7912088,0.69902915,0.76666665,0.51682055,0.5056229,0.5211061,0.4586472,0.616441,0.22149714999999992,0.32771040000000007,0.27010270000000003,0.24038195,0.15022565,0.24198357,343,2.2724059,26.206858,-7.4095907,-1.2250086,highest_error_10pct
AFQz-qy0FkY.005,0.7383177,0.65625,0.6593407,0.65048546,0.76666665,0.5729,0.5783916,0.57805425,0.5653964,0.66664535,0.1654177,0.0778584,0.08128645000000001,0.08508905999999994,0.10002129999999998,0.10193458199999998,344,2.0154073,22.46017,-4.4663186,-3.3194633,middle_80pct
AJIphVRpYrg.000,0.53271025,0.625,0.5714286,0.5533981,0.6666667,0.5453359,0.63751787,0.61412615,0.5711049,0.6510194,0.012625649999999933,0.012517870000000042,0.042697550000000084,0.017706800000000023,0.01564729999999992,0.020239034,345,2.0222807,20.540771,-0.8477513,-4.2467995,lowest_error_10pct
AJIphVRpYrg.001,0.60747665,0.7395833,0.8131868,0.60194176,0.74444443,0.5115107,0.607031,0.6262789,0.5822057,0.61303437,0.09596594999999997,0.13255230000000007,0.18690790000000002,0.019736059999999944,0.13141006,0.113314454,346,1.9760456,20.503742,-2.679515,-5.0235353,middle_80pct
AJIphVRpYrg.002,0.60747665,0.625,0.5934066,0.47572815,0.73333335,0.5063078,0.6163821,0.6039581,0.562367,0.6091388,0.10116884999999998,0.008617899999999956,0.010551500000000047,0.08663884999999993,0.12419455000000001,0.06623432999999998,347,2.0605886,24.36703,1.0454794,-4.55284,middle_80pct
AJIphVRpYrg.003,0.55140185,0.6354167,0.6703297,0.41747573,0.6111111,0.50127304,0.57989556,0.59199846,0.57662225,0.58602935,0.050128810000000024,0.05552113999999997,0.07833124000000002,0.15914652,0.025081750000000014,0.07364189200000001,348,2.1122818,23.482916,3.876162,-4.225583,middle_80pct
AJIphVRpYrg.004,0.69158876,0.75,0.71428573,0.65048546,0.74444443,0.5431957,0.6286806,0.62714803,0.59188926,0.6400886,0.14839306000000008,0.12131939999999997,0.08713769999999998,0.05859619999999999,0.10435583000000004,0.10396043800000002,349,1.8586187,21.197865,0.5422358,-3.8374557,middle_80pct
AJIphVRpYrg.005,0.58878505,0.5520833,0.64835167,0.5145631,0.7111111,0.52351004,0.5944032,0.59280246,0.5809578,0.6146398,0.06527501000000002,0.042319899999999966,0.055549210000000016,0.06639469999999992,0.09647130000000004,0.065202024,350,1.9510068,22.334234,-1.6414365,-4.0934925,middle_80pct
APqMkruLkoE.001,0.682243,0.875,0.6923077,0.78640777,0.82222223,0.47083133,0.5883467,0.58245665,0.5955366,0.5922677,0.21141167000000005,0.2866533,0.10985104999999995,0.19087116999999998,0.2299545300000001,0.20574834400000003,351,2.1553104,25.664818,9.603426,1.7343106,highest_error_10pct
APqMkruLkoE.002,0.7009346,0.6979167,0.6923077,0.74757284,0.7111111,0.5205252,0.6021315,0.618533,0.65020186,0.64573234,0.18040939999999994,0.0957851999999999,0.07377469999999997,0.09737098,0.06537875999999998,0.10254380799999996,352,1.832757,23.144033,7.1388273,2.026675,middle_80pct
APqMkruLkoE.004,0.69158876,0.78125,0.6593407,0.6893204,0.8666667,0.56478816,0.63955194,0.62303466,0.61090505,0.69000244,0.12680060000000004,0.14169805999999996,0.03630604000000004,0.0784153500000001,0.17666426000000002,0.11197686200000004,353,1.9616969,24.14938,5.704343,0.4114528,middle_80pct
AS8snUf9eX0.000,0.35514018,0.5625,0.53846157,0.52427185,0.5777778,0.41383424,0.42962006,0.49973232,0.4553114,0.50089025,0.05869405999999999,0.13287993999999997,0.03872924999999994,0.06896045,0.07688755000000003,0.07523024999999998,354,2.0978756,25.426374,-3.8242288,-1.7800639,middle_80pct
AS8snUf9eX0.001,0.49532712,0.39583334,0.5934066,0.5533981,0.45555556,0.49712285,0.56760496,0.6215405,0.61372995,0.60489786,0.0017957299999999954,0.17177162000000007,0.028133900000000045,0.060331849999999965,0.14934229999999998,0.08227508000000001,355,1.987029,23.89073,-1.7392366,-3.2312834,middle_80pct
AS8snUf9eX0.002,0.34579438,0.40625,0.4065934,0.4854369,0.4888889,0.50064594,0.54563797,0.5864993,0.5748532,0.5931174,0.15485155999999994,0.13938797000000003,0.17990589999999995,0.08941629999999995,0.1042285,0.13355804599999996,356,1.9570061,23.399464,-3.1155024,-3.2249007,middle_80pct
AS8snUf9eX0.003,0.5794392,0.6979167,0.6043956,0.6796116,0.64444447,0.48944515,0.53813344,0.59510624,0.58946073,0.5786711,0.08999405000000005,0.15978325999999998,0.009289360000000024,0.09015087,0.06577337000000005,0.08299818200000002,357,1.9898735,26.199139,-4.006421,-2.2448974,middle_80pct
ASDpn9yOYAo.001,0.7570093,0.7604167,0.6593407,0.6893204,0.6666667,0.41883644,0.49079663,0.5278918,0.4149123,0.48992613,0.33817286,0.26962006999999993,0.13144889999999998,0.27440810000000004,0.17674056999999993,0.23807810000000001,358,2.0140066,27.138676,6.7650547,1.0496087,highest_error_10pct
ASDpn9yOYAo.002,0.5233645,0.48958334,0.5824176,0.42718446,0.53333336,0.42783317,0.47423273,0.5312007,0.4196118,0.5056587,0.09553133000000003,0.015350609999999987,0.05121690000000001,0.007572660000000009,0.027674659999999962,0.039469232,359,2.052927,26.873384,3.5977576,0.107811965,lowest_error_10pct
ASDpn9yOYAo.004,0.47663552,0.41666666,0.48351648,0.44660193,0.33333334,0.41335675,0.47883147,0.5371842,0.4421777,0.50386083,0.06327876999999998,0.06216480999999996,0.053667719999999974,0.0044242299999999735,0.17052749000000006,0.07081260399999999,360,2.0677576,25.078037,2.8029745,5.514257,middle_80pct
AV7aKrAs-kM.005,0.38317758,0.45833334,0.5824176,0.42718446,0.56666666,0.42879862,0.47554895,0.5234748,0.45280594,0.51486194,0.04562104,0.017215610000000048,0.05894279999999996,0.02562148000000003,0.051804720000000026,0.039841130000000016,361,2.0943353,28.604986,-14.12767,-4.1615963,lowest_error_10pct
Alox0G4xUfM.000,0.53271025,0.53125,0.6923077,0.5533981,0.5555556,0.47133705,0.5459074,0.56789637,0.58371603,0.5730802,0.06137320000000007,0.014657400000000043,0.12441132999999993,0.03031793000000005,0.0175246,0.04965689200000002,362,1.8804663,23.474323,3.6221843,-1.7798287,middle_80pct
Alox0G4xUfM.001,0.57009345,0.5729167,0.5824176,0.57281554,0.74444443,0.47277743,0.5587452,0.5782595,0.5469394,0.55620164,0.09731602,0.014171499999999893,0.004158099999999942,0.025876140000000047,0.18824279,0.06595290999999998,363,1.9208028,24.056015,4.140519,-3.1268916,middle_80pct
Ap2KC1yKDdA.002,0.71028036,0.75,0.72527474,0.6407767,0.7111111,0.5383603,0.5708481,0.5951743,0.58193207,0.65252304,0.17192006000000004,0.17915190000000003,0.13010043999999998,0.05884462999999995,0.05858805999999994,0.11972101799999998,364,1.897759,24.64966,3.806346,-1.8417312,middle_80pct
ApCq0dwH1Ak.000,0.5794392,0.5,0.52747256,0.6699029,0.62222224,0.5004727,0.543525,0.55157155,0.5143919,0.6092565,0.07896650000000005,0.043525000000000036,0.024098990000000042,0.15551099999999995,0.012965740000000059,0.06301344600000003,365,2.0118651,25.948984,5.3752313,1.7861289,middle_80pct
As93GgkTdt4.001,0.7757009,0.7083333,0.82417583,0.6796116,0.7777778,0.5428142,0.54647726,0.5763566,0.55797964,0.61299545,0.2328867,0.1618560400000001,0.24781923000000006,0.12163195999999998,0.16478234999999997,0.18579525600000002,366,1.9344925,24.108576,1.7095557,-3.9202733,highest_error_10pct
As93GgkTdt4.002,0.57009345,0.6041667,0.6703297,0.4563107,0.6666667,0.5653804,0.5906323,0.59200525,0.6174098,0.6442215,0.004713049999999996,0.013534399999999946,0.07832444999999999,0.1610991,0.022445199999999943,0.056023239999999974,367,1.9344882,22.929663,0.47203505,-4.3307095,middle_80pct
As93GgkTdt4.003,0.62616825,0.6875,0.5824176,0.5825243,0.5,0.52964705,0.5309139,0.55841535,0.5325316,0.61019874,0.09652119999999997,0.15658609999999995,0.024002250000000003,0.0499927,0.11019873999999996,0.08746019799999998,368,1.8505956,25.4635,-2.8797748,-2.803424,middle_80pct
As93GgkTdt4.004,0.91588783,0.8854167,0.8791209,0.80582523,0.8111111,0.50613314,0.52338725,0.55416286,0.5689923,0.59799206,0.40975469,0.36202945,0.32495803999999995,0.23683292999999994,0.21311903999999993,0.30933883,369,1.946271,24.963642,1.8913728,3.279786,highest_error_10pct
As93GgkTdt4.005,0.7383177,0.5520833,0.71428573,0.65048546,0.7111111,0.50399995,0.5429704,0.5369458,0.56368375,0.61140615,0.23431775,0.00911290000000009,0.17733992999999992,0.08680170999999992,0.09970495000000001,0.121455448,370,2.0010674,23.44759,1.9270705,-5.3168974,middle_80pct
AwNVGShHjvw.000,0.47663552,0.5104167,0.5604396,0.4563107,0.5555556,0.44353488,0.41768712,0.47351748,0.42897558,0.5228817,0.03310063999999996,0.09272957999999992,0.08692212000000005,0.02733511999999999,0.032673900000000033,0.05455227199999999,371,1.8645654,25.008675,-8.8623085,-6.5274496,middle_80pct
AwNVGShHjvw.001,0.42056075,0.4375,0.47252747,0.407767,0.5777778,0.41759148,0.3985106,0.47983092,0.43558782,0.5095919,0.0029692699999999683,0.03898940000000001,0.007303449999999989,0.027820820000000024,0.06818590000000002,0.029053768,372,1.9495581,25.605692,-8.855478,-4.7988844,lowest_error_10pct
AwNVGShHjvw.002,0.6168224,0.46875,0.3956044,0.29126215,0.56666666,0.48488265,0.45231402,0.475661,0.42533666,0.5580569,0.13193974999999997,0.016435980000000017,0.08005659999999998,0.13407450999999998,0.008609760000000022,0.07422332,373,2.020036,29.962448,-14.836007,-5.7171383,middle_80pct
AwNVGShHjvw.003,0.36448598,0.33333334,0.35164836,0.2524272,0.47777778,0.48844293,0.4258424,0.48516372,0.41056925,0.5612338,0.12395695000000001,0.09250906000000003,0.13351536000000003,0.15814204999999998,0.08345602000000002,0.11831588800000001,374,2.0954888,29.029015,-5.852185,-2.5228581,middle_80pct
AwNVGShHjvw.004,0.46728972,0.4375,0.42857143,0.41747573,0.36666667,0.45007575,0.42826998,0.48496583,0.4330204,0.5148377,0.017213970000000023,0.009230020000000005,0.05639440000000001,0.015544670000000038,0.14817102999999998,0.04931081800000001,375,1.8879958,24.928722,-6.589444,-6.3401413,middle_80pct
Ay7bZ7Sgx9Q.000,0.3271028,0.33333334,0.43956044,0.37864077,0.34444445,0.44539276,0.47264487,0.5414402,0.5244278,0.535251,0.11828995999999997,0.13931153000000002,0.10187976000000004,0.14578702999999998,0.19080655000000002,0.139214966,376,1.9968361,23.802677,4.148692,1.7585831,middle_80pct
Ay7bZ7Sgx9Q.001,0.42056075,0.34375,0.42857143,0.592233,0.46666667,0.46398315,0.51771855,0.55548567,0.59808195,0.5472752,0.04342240000000003,0.17396855,0.12691424000000007,0.005848949999999964,0.08060852999999996,0.086152534,377,2.0418572,24.065443,6.3104334,0.42764682,middle_80pct
Ay7bZ7Sgx9Q.002,0.49532712,0.6458333,0.5604396,0.66019416,0.47777778,0.48080203,0.52878696,0.59526443,0.62352645,0.53962356,0.014525090000000018,0.11704634000000003,0.03482482999999992,0.03666771000000002,0.06184578000000002,0.05298195,378,2.0030696,22.804237,7.168706,-1.203572,middle_80pct
Ay7bZ7Sgx9Q.003,0.39252338,0.32291666,0.43956044,0.5339806,0.26666668,0.46307454,0.473134,0.5312236,0.50269574,0.54426515,0.07055116,0.15021733999999998,0.09166316000000002,0.03128486000000008,0.27759847,0.12426299800000003,379,2.0040326,22.665255,2.7767015,0.000882774,middle_80pct
Ay7bZ7Sgx9Q.004,0.35514018,0.3125,0.5604396,0.61165047,0.45555556,0.4428063,0.47297367,0.5490117,0.5241922,0.53313303,0.08766611999999996,0.16047367,0.011427900000000046,0.08745826999999995,0.07757746999999998,0.084920686,380,1.9888295,22.719933,5.7934265,-0.8197289,middle_80pct
Ay7bZ7Sgx9Q.005,0.45794392,0.5,0.43956044,0.5048544,0.42222223,0.50278884,0.5373905,0.57013535,0.58898413,0.57478875,0.04484492000000001,0.03739049999999999,0.13057491000000004,0.08412973000000001,0.15256651999999998,0.08990131600000001,381,2.033782,23.572277,5.4179163,-0.9699506,middle_80pct
B3VQeeev0r0.001,0.41121495,0.53125,0.46153846,0.4368932,0.45555556,0.5149179,0.49195564,0.51393926,0.46767926,0.6258216,0.10370295000000002,0.03929435999999997,0.052400800000000025,0.030786060000000004,0.17026603999999995,0.07929004199999999,382,2.2095866,34.52792,-24.19178,-4.5588603,middle_80pct
B3VQeeev0r0.002,0.6635514,0.5729167,0.52747256,0.44660193,0.62222224,0.49577564,0.49074948,0.49662107,0.4933068,0.6087335,0.16777576,0.08216721999999993,0.03085148999999998,0.04670487000000001,0.013488739999999999,0.06819761599999999,383,2.199502,34.92388,-20.582268,-5.163511,middle_80pct
B3VQeeev0r0.003,0.6168224,0.59375,0.5604396,0.44660193,0.56666666,0.58475655,0.57501745,0.5464333,0.49838468,0.67123663,0.03206584999999995,0.01873254999999996,0.014006300000000027,0.051782750000000044,0.10456997000000001,0.044231484,384,1.9655361,40.426216,-17.269478,-8.8219795,middle_80pct
B4ducm9sydg.000,0.17757009,0.20833333,0.52747256,0.57281554,0.43333334,0.4064072,0.46084467,0.535659,0.48128885,0.47947377,0.22883711,0.25251134,0.008186440000000017,0.09152669000000002,0.04614043000000001,0.125440402,385,2.1060305,22.963964,-1.0993806,2.853969,middle_80pct
B4ducm9sydg.001,0.37383178,0.4375,0.37362638,0.49514562,0.56666666,0.406101,0.47762161,0.5307348,0.50792515,0.51544493,0.03226921999999999,0.040121609999999974,0.15710841999999997,0.012779530000000039,0.051221729999999965,0.05870010199999999,386,2.2596958,25.88583,-2.0267048,5.404695,middle_80pct
B4ducm9sydg.002,0.24299066,0.23958333,0.46153846,0.33009708,0.37777779,0.469898,0.56084365,0.6064727,0.5631173,0.56092393,0.22690733999999999,0.32126032000000004,0.14493424,0.23302022000000006,0.18314613999999996,0.22185365199999998,387,1.9199151,21.153181,3.1058235,0.7866718,highest_error_10pct
B4ducm9sydg.003,0.43925235,0.53125,0.52747256,0.52427185,0.5777778,0.50014627,0.6102275,0.6225045,0.580064,0.63108456,0.06089391999999999,0.07897750000000003,0.09503194000000004,0.05579215000000004,0.05330676000000001,0.06880045400000002,388,1.8634076,24.434265,0.6604777,-1.4844614,middle_80pct
B4ducm9sydg.004,0.43925235,0.47916666,0.48351648,0.60194176,0.6333333,0.4794686,0.5490815,0.584535,0.54678255,0.57264346,0.04021625000000001,0.06991483999999998,0.10101852,0.055159210000000014,0.060689839999999995,0.065399732,389,2.166743,21.604422,0.09046324,6.3934608,middle_80pct
B4ducm9sydg.005,0.45794392,0.5,0.5494506,0.60194176,0.5888889,0.46650922,0.5444959,0.57824934,0.5311271,0.5430163,0.008565299999999998,0.04449590000000003,0.028798739999999934,0.07081466000000003,0.04587260000000004,0.039709440000000006,390,2.0145664,25.217676,0.92490184,-1.7484672,lowest_error_10pct
B9NSU6gQdRw.000,0.60747665,0.6875,0.71428573,0.74757284,0.76666665,0.4722304,0.59535027,0.5896512,0.58965224,0.5746075,0.13524624999999996,0.09214973000000004,0.12463452999999991,0.15792059999999997,0.19205914999999996,0.14040205199999994,391,2.189955,24.776392,4.321188,-0.9335531,middle_80pct
B9NSU6gQdRw.005,0.6542056,0.84375,0.8681319,0.7669903,0.8888889,0.45782608,0.52899975,0.57942766,0.52513814,0.56341875,0.19637952000000003,0.31475025,0.28870423999999995,0.24185215999999998,0.32547015,0.27343126399999995,392,2.1641946,23.667192,-2.5915802,-4.286407,highest_error_10pct
BA5qWO9eU2Y.000,0.42056075,0.5104167,0.42857143,0.6699029,0.6333333,0.66510665,0.69645655,0.64023334,0.6987459,0.7142633,0.24454590000000004,0.18603985,0.21166191,0.028843000000000063,0.08093000000000006,0.15040413200000002,393,2.1228092,23.383425,7.7376857,-2.8570514,middle_80pct
BCNZ_j_kMB4.003,0.7009346,0.5833333,0.6593407,0.5339806,0.7888889,0.66903955,0.6646836,0.6104478,0.58181655,0.72949576,0.031895049999999925,0.08135029999999999,0.04889290000000002,0.04783594999999996,0.059393139999999955,0.053873467999999966,394,1.9905785,23.836575,-3.6919727,-6.2608123,middle_80pct
BLwgxAWf7cg.002,0.18691589,0.17708333,0.25274727,0.19417475,0.62222224,0.44041654,0.4372834,0.5060332,0.4102184,0.50197124,0.25350065,0.26020007,0.25328592999999994,0.21604364999999998,0.120251,0.22065626,395,1.952708,21.14435,-2.32978,-2.438644,highest_error_10pct
BLwgxAWf7cg.003,0.40186915,0.30208334,0.24175824,0.067961164,0.46666667,0.43691254,0.4503027,0.50213367,0.39428625,0.50288624,0.03504339000000001,0.14821936000000002,0.26037542999999996,0.326325086,0.036219570000000034,0.1612365672,396,2.1771724,34.871662,-11.338941,18.373413,middle_80pct
BLwgxAWf7cg.004,0.2897196,0.27083334,0.23076923,0.17475729,0.45555556,0.4428094,0.4639901,0.4773054,0.40185067,0.5364376,0.1530898,0.19315676000000004,0.24653617,0.22709338,0.08088203999999993,0.18015162999999998,397,2.1442895,25.036144,-2.6142833,0.3354286,highest_error_10pct
BSfClgoqf00.001,0.42056075,0.41666666,0.5604396,0.5048544,0.54444444,0.53374666,0.53692603,0.5714678,0.4990866,0.6416421,0.11318591000000006,0.12025937000000003,0.011028199999999933,0.005767800000000045,0.09719765999999996,0.06948778800000001,398,2.0928876,28.242796,-14.591029,-7.420824,middle_80pct
BStHNKV820Q.000,0.58878505,0.6145833,0.6593407,0.69902915,0.7111111,0.4258724,0.49383846,0.52016526,0.4866534,0.5589461,0.16291265000000005,0.12074484000000008,0.13917544000000004,0.21237574999999997,0.152165,0.157474736,399,2.0809872,27.157064,9.389769,8.499966,middle_80pct
BStHNKV820Q.001,0.40186915,0.4375,0.5934066,0.61165047,0.56666666,0.31083876,0.34516743,0.40713558,0.37738115,0.44758368,0.09103039000000002,0.09233257,0.18627102,0.23426931999999995,0.11908298,0.144597256,400,2.1435864,36.193806,1.2180442,13.029261,middle_80pct
BStHNKV820Q.002,0.62616825,0.7083333,0.5824176,0.7184466,0.6,0.39730263,0.4400965,0.49002007,0.3893702,0.51145285,0.22886562,0.26823680000000005,0.09239753,0.32907640000000005,0.08854715000000002,0.2014247,401,2.0995038,29.235382,4.2799835,6.89886,highest_error_10pct
BStHNKV820Q.003,0.47663552,0.5104167,0.6043956,0.63106793,0.5888889,0.46938568,0.5694344,0.59910613,0.6278957,0.58032405,0.007249839999999952,0.05901770000000006,0.005289470000000018,0.003172230000000109,0.008564850000000068,0.01665881800000004,402,2.0863986,26.726784,11.113495,3.168878,lowest_error_10pct
BStHNKV820Q.005,0.41121495,0.5208333,0.53846157,0.5825243,0.47777778,0.4311168,0.47478077,0.5137828,0.51431614,0.53558135,0.01990185,0.046052530000000036,0.02467876999999996,0.06820815999999996,0.05780356999999997,0.043328975999999984,403,1.9495798,25.51892,9.1886425,3.1249225,lowest_error_10pct
BfTaDQvantk.000,0.26168224,0.23958333,0.50549453,0.4854369,0.34444445,0.46389243,0.5048964,0.5253868,0.5407522,0.52950054,0.20221019,0.26531307000000004,0.019892270000000045,0.05531530000000001,0.18505609,0.145557384,404,1.9118803,21.76143,3.9357576,-1.3333144,middle_80pct
Bi3XVSF4rac.000,0.55140185,0.5104167,0.53846157,0.46601942,0.5777778,0.57070124,0.64541465,0.63063616,0.6345288,0.6810934,0.019299390000000027,0.13499795000000003,0.09217459000000006,0.16850938,0.10331559999999995,0.10365938200000002,405,2.0865457,24.817339,11.208665,0.38517246,middle_80pct
C47tB5JmEqQ.001,0.5981308,0.5520833,0.53846157,0.65048546,0.5777778,0.53863144,0.58282393,0.58412343,0.63934475,0.6279709,0.05949936,0.030740629999999936,0.045661860000000054,0.011140709999999943,0.05019309999999999,0.03944713199999998,406,1.9271818,26.783476,-2.864915,-5.9654713,lowest_error_10pct
C47tB5JmEqQ.005,0.47663552,0.45833334,0.45054945,0.4854369,0.56666666,0.5360703,0.5753988,0.5840096,0.6536621,0.60350376,0.05943478000000002,0.11706546000000001,0.13346015,0.16822520000000002,0.036837099999999956,0.103004538,407,1.9538388,29.211359,-2.8896494,-8.222588,middle_80pct
C5qRszPK9HY.000,0.47663552,0.6354167,0.52747256,0.78640777,0.46666667,0.49961385,0.576877,0.563876,0.6825955,0.57912284,0.022978330000000047,0.05853969999999997,0.036403440000000065,0.10381226999999993,0.11245617000000002,0.066837982,408,1.9690728,24.902992,7.8495703,-1.351501,middle_80pct
C5qRszPK9HY.001,0.49532712,0.5208333,0.63736266,0.6699029,0.51111114,0.49345982,0.54565173,0.5536208,0.6229804,0.5823961,0.0018673000000000162,0.024818429999999947,0.08374185999999995,0.04692249999999998,0.07128495999999995,0.04572700999999997,409,2.0770538,26.078585,7.9431047,0.07268512,middle_80pct
C5qRszPK9HY.002,0.5607477,0.6041667,0.6043956,0.75728154,0.67777777,0.5349798,0.60314715,0.58523357,0.6573435,0.6143501,0.025767899999999955,0.0010195499999999802,0.019162030000000052,0.09993804000000006,0.06342766999999994,0.041863038,410,1.9927676,24.452492,6.812442,-1.7701054,lowest_error_10pct
C5qRszPK9HY.003,0.49532712,0.5208333,0.5714286,0.815534,0.51111114,0.51765776,0.57996804,0.6049885,0.7017572,0.59586746,0.022330639999999957,0.05913473999999996,0.03355990000000009,0.11377680000000001,0.08475632,0.06271168,411,2.0634942,26.249168,9.265244,1.4414828,middle_80pct
C5qRszPK9HY.004,0.5140187,0.5625,0.47252747,0.7378641,0.36666667,0.5041576,0.57135445,0.58286583,0.64476854,0.5830861,0.009861100000000067,0.008854449999999958,0.11033836000000002,0.09309556000000008,0.21641943000000008,0.08771378000000005,412,1.9695184,24.512093,7.5528784,-1.7807202,middle_80pct
C9W-AEBcQzo.000,0.19626169,0.17708333,0.21978022,0.2038835,0.2888889,0.28900403,0.33794105,0.4058646,0.31376207,0.39608163,0.09274234000000003,0.16085772,0.18608438000000002,0.10987857000000001,0.10719273000000001,0.13135114800000003,413,2.4902596,39.42171,-21.240047,14.407116,middle_80pct
C9W-AEBcQzo.001,0.2990654,0.34375,0.26373628,0.24271844,0.46666667,0.30916685,0.334194,0.41584128,0.36468735,0.38335294,0.010101450000000012,0.009556000000000009,0.152105,0.12196891000000001,0.08331373000000003,0.07540901800000001,414,2.90784,48.35299,-28.0247,10.265491,middle_80pct
CFK8ib0aWe8.000,0.41121495,0.48958334,0.48351648,0.60194176,0.5,0.33967495,0.35191596,0.47523427,0.44911236,0.43383425,0.07154000000000005,0.13766737999999995,0.008282210000000012,0.1528294,0.06616575000000002,0.08729694800000001,415,2.2017076,27.441675,1.7080464,4.4111958,middle_80pct
CFK8ib0aWe8.001,0.40186915,0.53125,0.5714286,0.592233,0.47777778,0.40433228,0.42431372,0.53243786,0.49651095,0.49429017,0.00246312999999998,0.10693628,0.03899073999999991,0.09572205,0.016512389999999988,0.05212491799999998,416,2.1290126,25.266634,1.8434728,3.724924,middle_80pct
CFK8ib0aWe8.002,0.36448598,0.5104167,0.62637365,0.5533981,0.6111111,0.39059836,0.42445457,0.5139545,0.54198325,0.49813902,0.02611237999999999,0.08596212999999997,0.11241915000000002,0.011414849999999976,0.11297208000000003,0.069776118,417,2.1402426,26.442202,3.536611,5.098949,middle_80pct
CFK8ib0aWe8.003,0.40186915,0.40625,0.53846157,0.61165047,0.32222223,0.38500008,0.41170406,0.49244165,0.5041207,0.48005235,0.016869069999999986,0.005454059999999983,0.046019919999999936,0.10752976999999997,0.15783012000000002,0.06674058799999998,418,2.1742356,25.169933,2.4412832,3.9788275,middle_80pct
CFK8ib0aWe8.004,0.62616825,0.59375,0.7032967,0.7378641,0.5555556,0.46618664,0.515386,0.59834063,0.6004927,0.57080024,0.15998161,0.07836399999999999,0.10495606999999996,0.13737140000000003,0.01524463999999992,0.09918354399999998,419,1.9517176,22.082546,4.3752246,2.3779774,middle_80pct
CFK8ib0aWe8.005,0.26168224,0.34375,0.5824176,0.60194176,0.45555556,0.37602782,0.43257028,0.49570975,0.48528367,0.45846397,0.11434558,0.08882027999999997,0.08670784999999998,0.11665808999999999,0.0029084099999999724,0.08188804199999998,420,2.0476997,20.591974,4.2097845,2.9262843,middle_80pct
CGfr9jl8w4Y.000,0.5607477,0.5,0.61538464,0.407767,0.53333336,0.54509693,0.5797157,0.5900235,0.56615347,0.65831447,0.015650769999999925,0.07971569999999994,0.025361140000000004,0.15838647000000006,0.12498111,0.08081903799999998,421,1.9406652,24.059412,5.27674,-1.2027218,middle_80pct
CGfr9jl8w4Y.001,0.6168224,0.5104167,0.53846157,0.5339806,0.56666666,0.49279463,0.54845434,0.5569697,0.5134375,0.6050288,0.12402776999999998,0.038037640000000095,0.018508130000000067,0.020543100000000036,0.038362140000000045,0.047895756000000046,422,2.0973241,20.926594,5.936713,-0.76941735,middle_80pct
CGfr9jl8w4Y.002,0.62616825,0.5104167,0.53846157,0.41747573,0.6888889,0.62498784,0.6329491,0.61027473,0.58246875,0.680712,0.0011804100000000206,0.1225324000000001,0.07181316000000004,0.16499302,0.008176900000000042,0.07373917800000004,423,2.0317144,21.701365,7.908525,-1.6408529,middle_80pct
CGfr9jl8w4Y.003,0.6448598,0.8229167,0.85714287,0.6699029,0.87777776,0.6265756,0.6765554,0.635907,0.6384366,0.7323575,0.018284199999999973,0.14636129999999992,0.22123587,0.03146629999999995,0.14542025999999997,0.11255358599999996,424,1.900035,23.768213,5.5692554,-3.4848146,middle_80pct
CGfr9jl8w4Y.004,0.6635514,0.6041667,0.74725276,0.47572815,0.5222222,0.5983081,0.57962185,0.6048417,0.47490844,0.63917416,0.0652433,0.02454484999999995,0.14241105999999992,0.000819710000000029,0.11695196000000008,0.06999417599999999,425,2.0622401,23.963291,4.544186,-1.015392,middle_80pct
CGfr9jl8w4Y.005,0.62616825,0.625,0.5494506,0.5339806,0.5888889,0.5514856,0.5549049,0.5659896,0.4796452,0.64896464,0.07468264999999996,0.07009509999999997,0.01653899999999997,0.054335400000000034,0.06007573999999993,0.05514557799999997,426,2.0243456,20.981808,5.408881,-0.50958335,middle_80pct
CV930dFsubs.000,0.35514018,0.35416666,0.47252747,0.2815534,0.4,0.3799306,0.41583556,0.49025518,0.4471464,0.4785383,0.02479041999999998,0.06166889999999997,0.017727710000000008,0.165593,0.0785383,0.06966366599999999,427,2.206582,29.852274,-9.21553,-1.181968,middle_80pct
CV930dFsubs.002,0.5140187,0.27083334,0.42857143,0.3398058,0.42222223,0.463628,0.4718005,0.5037192,0.42765447,0.552771,0.050390700000000066,0.20096716000000003,0.07514777000000006,0.08784867000000002,0.13054877000000004,0.10898061400000003,428,2.227925,30.478584,-13.033745,-2.947637,middle_80pct
CV930dFsubs.003,0.37383178,0.45833334,0.48351648,0.32038835,0.5555556,0.50187933,0.55329067,0.5840851,0.4997929,0.6127726,0.12804754999999995,0.09495733,0.10056862,0.17940455,0.05721699999999996,0.11203900999999998,429,1.9898521,22.701937,-5.2692747,-3.8327742,middle_80pct
CV930dFsubs.004,0.3271028,0.42708334,0.46153846,0.34951457,0.44444445,0.37520874,0.4009353,0.43550003,0.38020068,0.47208816,0.04810593999999996,0.026148039999999984,0.02603843,0.03068610999999999,0.027643709999999988,0.03172444599999998,430,2.175307,28.73733,-17.388317,-1.580715,lowest_error_10pct
CV930dFsubs.005,0.37383178,0.46875,0.25274727,0.22330096,0.42222223,0.42115226,0.46796888,0.5073679,0.46725586,0.52095586,0.04732048,0.000781120000000024,0.25462062999999996,0.24395490000000003,0.09873363000000007,0.129082152,431,1.9506856,23.500788,-5.85666,-2.7258062,middle_80pct
Cl5jhuLQ9Dg.000,0.43925235,0.5729167,0.53846157,0.41747573,0.56666666,0.50226045,0.562426,0.6008153,0.5025863,0.5994954,0.06300809999999996,0.010490699999999964,0.06235373000000011,0.08511057000000005,0.03282874000000002,0.05075836800000002,432,1.9229369,25.3634,5.9910507,-1.3217843,middle_80pct
Cl5jhuLQ9Dg.001,0.41121495,0.5625,0.52747256,0.3883495,0.5777778,0.48187128,0.50047934,0.56073666,0.48701465,0.5352052,0.07065632999999999,0.06202065999999995,0.03326410000000002,0.09866514999999998,0.04257259999999996,0.06143576799999998,433,1.9532728,26.074446,2.1918597,6.621593,middle_80pct
Cl5jhuLQ9Dg.002,0.41121495,0.47916666,0.5604396,0.42718446,0.5222222,0.41002417,0.466052,0.5260861,0.46490753,0.50130284,0.0011907800000000024,0.01311466,0.03435350000000004,0.037723070000000025,0.020919359999999942,0.021460274,434,2.1063936,22.15215,8.178646,0.26088098,lowest_error_10pct
Cl5jhuLQ9Dg.003,0.44859812,0.47916666,0.4065934,0.42718446,0.5555556,0.49060178,0.55784297,0.6054263,0.508033,0.55161005,0.04200366,0.07867631000000003,0.19883289999999998,0.08084853999999997,0.003945550000000075,0.080861392,435,1.9418906,22.076918,4.20269,0.5390986,middle_80pct
Cl5jhuLQ9Dg.004,0.42056075,0.5416667,0.53846157,0.5436893,0.46666667,0.50765216,0.5171059,0.5693972,0.48005748,0.543247,0.08709141000000004,0.024560799999999938,0.030935630000000103,0.06363182000000006,0.07658033000000003,0.056559998000000035,436,1.8874148,24.829308,3.8413978,5.2806597,middle_80pct
Cl5jhuLQ9Dg.005,0.62616825,0.6875,0.5824176,0.5048544,0.7888889,0.49677044,0.54236573,0.5718267,0.478186,0.5358094,0.12939781,0.14513427,0.010590899999999959,0.026668400000000037,0.2530795,0.112974176,437,1.9547718,23.96393,3.1288106,2.0512793,middle_80pct
CpmR-91GxmY.000,0.7757009,0.8958333,0.8901099,0.8252427,0.74444443,0.55466807,0.6190375,0.61083156,0.6401411,0.64528006,0.22103283000000007,0.27679580000000004,0.27927833999999996,0.18510159999999998,0.09916437,0.21227458800000001,438,2.171811,23.807468,4.6674023,-3.3600194,highest_error_10pct
CpmR-91GxmY.001,0.74766356,0.84375,0.74725276,0.6407767,0.8,0.68688786,0.7268765,0.66792136,0.68318236,0.7524663,0.06077569999999999,0.11687349999999996,0.07933139999999994,0.04240566000000001,0.04753370000000001,0.06938399199999998,439,1.9505876,22.318144,2.880063,-5.73524,middle_80pct
CpmR-91GxmY.002,0.6542056,0.8541667,0.74725276,0.75728154,0.73333335,0.59984565,0.66106254,0.60288763,0.6433308,0.7037606,0.054359950000000046,0.19310415999999997,0.14436512999999995,0.11395074000000005,0.029572750000000037,0.10707054600000002,440,1.8977493,23.335623,0.25779095,-6.89077,middle_80pct
CpmR-91GxmY.003,0.76635516,0.78125,0.8901099,0.65048546,0.73333335,0.57944256,0.6261719,0.60972613,0.6194984,0.6477927,0.18691259999999998,0.1550781,0.28038377000000003,0.030987059999999955,0.08554065,0.147780436,441,1.9380243,20.583782,3.2945333,-3.1884918,middle_80pct
CpmR-91GxmY.004,0.635514,0.5625,0.74725276,0.63106793,0.8666667,0.52865183,0.5799339,0.592053,0.57787824,0.646387,0.10686216999999998,0.017433900000000002,0.1551997599999999,0.05318969000000007,0.22027969999999997,0.11059304399999999,442,2.023428,23.420708,1.531363,-4.253504,middle_80pct
CpmR-91GxmY.005,0.76635516,0.8333333,0.6923077,0.69902915,0.7888889,0.5267853,0.57720745,0.5624697,0.6005135,0.60787344,0.23956986000000002,0.2561258500000001,0.129838,0.09851564999999995,0.18101546000000002,0.18101296400000003,443,1.983532,22.746166,1.6324561,-0.5893144,highest_error_10pct
D0dE-lErszk.002,0.53271025,0.5625,0.46153846,0.47572815,0.4888889,0.45848635,0.51761204,0.5451516,0.50374943,0.5484993,0.07422390000000006,0.04488795999999995,0.08361313999999997,0.028021280000000037,0.05961040000000001,0.05807133600000001,444,2.0999122,26.228945,6.4893456,1.5373869,middle_80pct
DLuwObrDhtc.000,0.18691589,0.40625,0.26373628,0.2815534,0.35555556,0.40119654,0.41490668,0.48429614,0.43920067,0.48102623,0.21428065,0.008656680000000028,0.22055986,0.15764727,0.12547067,0.145323026,445,2.3598986,37.118313,-4.6168118,16.285194,middle_80pct
DLuwObrDhtc.001,0.14018692,0.125,0.32967034,0.21359223,0.3,0.36977828,0.37393302,0.4305386,0.3794884,0.4510893,0.22959136000000002,0.24893302,0.10086825999999999,0.16589617,0.15108930000000004,0.17927562200000002,446,2.3040693,37.78409,-7.9660063,20.922028,highest_error_10pct
DLuwObrDhtc.002,0.23364486,0.27083334,0.25274727,0.2524272,0.33333334,0.41701046,0.4336059,0.4805805,0.4762665,0.47990862,0.18336560000000002,0.16277256,0.22783323,0.22383929999999996,0.14657528000000003,0.18887719400000003,447,2.2199507,33.71184,-0.8755338,8.141463,highest_error_10pct
DXw4lVoiiWY.000,0.26168224,0.3125,0.47252747,0.22330096,0.43333334,0.46125215,0.5408631,0.5683906,0.5085656,0.5521802,0.19956991000000002,0.22836310000000004,0.09586312999999996,0.28526463999999996,0.11884686,0.185581528,448,1.9765174,24.26259,3.2828946,7.859315,highest_error_10pct
DXw4lVoiiWY.001,0.26168224,0.28125,0.51648355,0.2815534,0.24444444,0.3345145,0.44100198,0.4971125,0.45253637,0.44364506,0.07283225999999998,0.15975198000000002,0.01937105,0.17098297,0.19920061999999997,0.12442777599999999,449,2.0485704,27.979881,6.2983866,11.827645,middle_80pct
DXw4lVoiiWY.002,0.5233645,0.6666667,0.6813187,0.4563107,0.6111111,0.4662516,0.588704,0.5794877,0.5600476,0.5503762,0.05711290000000002,0.07796269999999994,0.101831,0.10373689999999997,0.060734900000000036,0.08027567999999999,450,1.9769773,24.080793,8.43322,1.8720089,middle_80pct
DXw4lVoiiWY.003,0.35514018,0.44791666,0.61538464,0.36893204,0.46666667,0.5141686,0.6020063,0.62760067,0.5727539,0.5939397,0.15902841999999995,0.15408963999999997,0.012216029999999933,0.20382186000000002,0.12727302999999995,0.13128579599999995,451,1.8946862,21.71786,7.8445625,2.0902827,middle_80pct
DXw4lVoiiWY.004,0.43925235,0.47916666,0.71428573,0.4368932,0.46666667,0.4945025,0.5757382,0.5982674,0.52351403,0.574531,0.05525015,0.09657153999999996,0.11601832999999995,0.08662082999999998,0.10786433000000001,0.09246503599999997,452,1.9381219,21.570595,7.136868,-0.47490993,middle_80pct
DXw4lVoiiWY.005,0.2990654,0.5833333,0.6703297,0.5145631,0.4,0.3909583,0.48727164,0.5355616,0.4753491,0.52037966,0.0918929,0.09606166000000005,0.13476810000000006,0.03921400000000003,0.12037966,0.09646326400000002,453,2.1076436,23.411436,8.541052,4.0697713,middle_80pct
D_FGBb-1B1o.000,0.6635514,0.8333333,0.52747256,0.78640777,0.7888889,0.5513346,0.58544505,0.57208,0.57412,0.63279235,0.1122168,0.24788825000000003,0.044607440000000054,0.21228777,0.15609655,0.154619362,454,1.9760749,23.822243,3.9632564,-3.2285972,middle_80pct
D_FGBb-1B1o.001,0.5420561,0.6458333,0.6703297,0.60194176,0.7222222,0.54897875,0.55963725,0.590768,0.5098922,0.6333625,0.006922649999999919,0.08619605000000008,0.07956170000000007,0.09204955999999997,0.08885969999999999,0.07071793200000001,455,2.0393264,24.299206,7.7793846,0.9261122,middle_80pct
D_FGBb-1B1o.002,0.5607477,0.5416667,0.5604396,0.5339806,0.67777777,0.5728001,0.57382536,0.5628315,0.49151602,0.65459174,0.012052400000000074,0.032158660000000006,0.0023919000000000024,0.04246458000000003,0.02318602999999997,0.022450714000000017,456,1.9195637,23.7338,4.2217617,-1.8731058,lowest_error_10pct
D_FGBb-1B1o.003,0.5140187,0.6666667,0.62637365,0.63106793,0.74444443,0.5601064,0.60314023,0.5929448,0.5686215,0.6456009,0.046087699999999954,0.06352646999999989,0.033428849999999954,0.06244643000000005,0.09884353000000001,0.060866595999999974,457,1.8945646,23.870457,5.560117,-2.8193083,middle_80pct
DbNFwVi_61Q.000,0.17757009,0.27083334,0.45054945,0.36893204,0.42222223,0.44874886,0.46245456,0.5120977,0.41491935,0.5247277,0.27117877,0.19162122000000004,0.06154824999999997,0.04598731,0.10250547000000004,0.13456820400000002,458,1.9506065,23.486067,-3.0549111,-4.9420652,middle_80pct
DcVwxxbKGF4.000,0.47663552,0.5833333,0.5604396,0.47572815,0.6,0.48883852,0.53733885,0.5691542,0.4896454,0.57857454,0.01220300000000002,0.04599445000000002,0.008714600000000017,0.013917249999999992,0.021425460000000007,0.020450952000000012,459,2.1011584,23.736597,6.500165,-0.534648,lowest_error_10pct
DcVwxxbKGF4.004,0.38317758,0.5208333,0.61538464,0.4368932,0.4888889,0.49185842,0.5114446,0.52613837,0.42594692,0.57207346,0.10868084,0.009388700000000028,0.08924627000000007,0.010946279999999975,0.08318456000000002,0.060289330000000016,460,2.0963287,23.300478,0.56267273,-0.53029037,middle_80pct
DfpKVl9Zpdg.000,0.2990654,0.21875,0.2967033,0.2815534,0.31111112,0.3466454,0.3997461,0.49113345,0.42856526,0.44682184,0.04758000000000001,0.1809961,0.19443015000000002,0.14701186,0.13571072,0.141145766,461,2.0518494,24.946993,5.1720576,6.5330133,middle_80pct
DfpKVl9Zpdg.002,0.46728972,0.5104167,0.52747256,0.407767,0.45555556,0.3307546,0.36924365,0.45982063,0.42010397,0.4328149,0.13653512,0.14117304999999997,0.06765192999999997,0.012336970000000003,0.022740660000000024,0.07608754599999999,462,2.1764286,26.062769,4.131607,10.865501,middle_80pct
DfpKVl9Zpdg.003,0.27102804,0.33333334,0.32967034,0.26213592,0.35555556,0.26683688,0.2748465,0.39520687,0.3176579,0.3522945,0.004191160000000027,0.058486839999999984,0.06553652999999998,0.05552197999999997,0.0032610599999999823,0.03739951399999999,463,2.6345356,48.79308,-13.5578375,32.76253,lowest_error_10pct
DfpKVl9Zpdg.004,0.41121495,0.39583334,0.51648355,0.42718446,0.51111114,0.35889572,0.3709206,0.44919422,0.38369107,0.4635207,0.05231923000000005,0.02491273999999999,0.06728933000000004,0.043493389999999965,0.04759044000000001,0.04712102600000001,464,2.142825,30.795734,-0.50213367,13.620708,middle_80pct
DfpKVl9Zpdg.005,0.47663552,0.5,0.48351648,0.4563107,0.5555556,0.3488452,0.38045916,0.46222717,0.40581596,0.41016692,0.12779031999999996,0.11954083999999998,0.021289310000000006,0.05049474000000004,0.14538868000000005,0.092900778,465,2.0598292,27.309618,2.643689,12.64419,middle_80pct
DnTtbAR_Qyw.000,0.635514,0.5104167,0.6593407,0.69902915,0.6666667,0.51624227,0.49761885,0.56840324,0.51518655,0.5884724,0.11927173000000002,0.012797849999999944,0.09093746000000003,0.18384259999999997,0.07819429999999994,0.09700878799999998,466,1.982037,22.701256,6.510722,-0.9514882,middle_80pct
DnTtbAR_Qyw.002,0.60747665,0.5729167,0.4945055,0.6213592,0.7111111,0.5884428,0.5907143,0.5986463,0.5339415,0.67039245,0.019033849999999908,0.01779760000000008,0.10414079999999998,0.08741770000000004,0.04071864999999997,0.053821719999999997,467,1.9160615,21.818043,5.233509,-0.970066,middle_80pct
DnTtbAR_Qyw.003,0.53271025,0.6041667,0.6923077,0.6213592,0.73333335,0.518097,0.52951175,0.5633252,0.5512672,0.5869559,0.014613250000000022,0.07465495,0.1289825,0.07009200000000004,0.14637745000000002,0.08694403000000002,468,1.9942374,22.151787,5.5346384,1.741427,middle_80pct
DnTtbAR_Qyw.004,0.6542056,0.5416667,0.5714286,0.6213592,0.64444447,0.60768527,0.6430526,0.64560366,0.6225072,0.68852144,0.04652033,0.10138590000000003,0.07417506000000007,0.0011480000000000379,0.04407696999999999,0.05346125200000003,469,1.956633,19.97149,5.829998,-1.8097516,middle_80pct
DnTtbAR_Qyw.005,0.55140185,0.65625,0.5824176,0.5825243,0.73333335,0.54479545,0.5540843,0.57308984,0.5550841,0.634859,0.006606400000000012,0.10216570000000003,0.009327760000000018,0.027440200000000026,0.09847435000000004,0.04880288200000003,470,1.9560103,22.08629,6.7668977,1.6584314,middle_80pct
DxATjKPysfs.000,0.25233644,0.5104167,0.46153846,0.6699029,0.31111112,0.44140434,0.5669712,0.5871164,0.65821046,0.56556255,0.1890679,0.05655450000000006,0.12557794,0.011692439999999915,0.25445143,0.127468842,471,1.9318522,23.097813,9.038181,1.0707568,middle_80pct
DxATjKPysfs.003,0.27102804,0.4375,0.48351648,0.70873785,0.32222223,0.4516675,0.588528,0.5967092,0.7289287,0.57952994,0.18063945999999997,0.15102800000000005,0.11319272000000002,0.020190849999999982,0.25730771,0.144471748,472,1.9994607,24.891579,11.390572,1.3236998,middle_80pct
DyZlhseSuec.000,0.5046729,0.44791666,0.5494506,0.5145631,0.5,0.48649475,0.53879803,0.5906172,0.5339699,0.594267,0.018178150000000004,0.09088137000000002,0.04116659999999994,0.019406799999999946,0.09426699999999999,0.05277998399999998,473,1.9720367,23.572317,9.270213,1.6500847,middle_80pct
DyZlhseSuec.001,0.72897196,0.7708333,0.6923077,0.6796116,0.7,0.46856347,0.5289645,0.55651814,0.48949182,0.564681,0.26040849,0.2418688000000001,0.13578955999999998,0.19011977999999996,0.13531899999999997,0.192701126,474,1.9532065,23.587227,6.989087,4.048972,highest_error_10pct
DyZlhseSuec.002,0.60747665,0.6145833,0.45054945,0.46601942,0.5888889,0.508363,0.5540178,0.5629112,0.44380516,0.6173794,0.09911364999999994,0.06056550000000005,0.11236174999999993,0.02221426000000004,0.028490499999999974,0.06454913199999998,475,2.0081413,24.69377,3.5661716,5.595994,middle_80pct
DyZlhseSuec.003,0.55140185,0.5,0.64835167,0.46601942,0.64444447,0.42204207,0.4535227,0.5391071,0.4470464,0.49831676,0.12935977999999998,0.0464773,0.1092445700000001,0.018973020000000007,0.14612771000000002,0.09003647600000002,476,1.9713559,26.367016,9.737875,5.498148,middle_80pct
DyZlhseSuec.004,0.7009346,0.6770833,0.7802198,0.7281553,0.75555557,0.5019033,0.5402909,0.58093596,0.48570386,0.5925037,0.1990312999999999,0.13679240000000004,0.19928384,0.24245143999999996,0.16305187,0.18812216999999998,477,1.9586616,24.128256,8.043207,-0.006878101,highest_error_10pct
E6OBPHKkm6U.002,0.38317758,0.40625,0.36263737,0.30097088,0.5777778,0.32819027,0.37531352,0.47399682,0.4040198,0.44811526,0.05498731000000001,0.03093647999999999,0.11135944999999997,0.10304891999999999,0.12966254,0.08599894,478,1.973359,25.312527,2.5850887,3.7729945,middle_80pct
E6rptSS3kP4.000,0.86915886,0.84375,0.83516484,0.69902915,0.9444444,0.629992,0.65580726,0.594571,0.5398119,0.73422694,0.23916685999999998,0.18794274,0.24059384000000006,0.15921724999999998,0.21021745999999997,0.20742763000000003,479,1.9142195,26.501492,-4.478765,-10.143658,highest_error_10pct
EX3i4IMY1Pw.002,0.34579438,0.4375,0.43956044,0.47572815,0.53333336,0.6102545,0.6711654,0.6528069,0.5900106,0.7187892,0.26446012,0.23366540000000002,0.21324645999999997,0.11428245000000004,0.18545584000000004,0.202222054,480,1.9805974,24.663578,3.9110014,-5.826065,highest_error_10pct
EX3i4IMY1Pw.004,0.57009345,0.5625,0.71428573,0.6407767,0.65555555,0.60585296,0.6698946,0.6482685,0.5661013,0.7263142,0.035759509999999994,0.1073946,0.06601722999999993,0.07467539999999995,0.07075865000000003,0.07092107799999998,481,1.9147149,24.494816,3.8785453,-6.2889137,middle_80pct
Ea0UKBPCm3Q.001,0.42990655,0.41666666,0.36263737,0.23300971,0.62222224,0.5087623,0.50229865,0.52286774,0.49788135,0.5922952,0.07885575,0.08563198999999994,0.16023037,0.26487163999999996,0.029927040000000016,0.12390335799999999,482,1.9537047,24.440771,-6.204075,7.2209167,middle_80pct
Ea0UKBPCm3Q.003,0.36448598,0.30208334,0.51648355,0.24271844,0.37777779,0.44104052,0.44030792,0.50963163,0.503574,0.53793955,0.07655454,0.13822458000000004,0.006851920000000011,0.26085556,0.16016176000000004,0.12852967200000004,483,2.0817814,24.993902,2.3319902,1.0309567,middle_80pct
Eb-2m44jTEs.000,0.34579438,0.35416666,0.5494506,0.32038835,0.41111112,0.426013,0.5061565,0.5308339,0.51145625,0.5244003,0.08021861999999996,0.15198984,0.01861670000000004,0.19106789999999996,0.11328918000000004,0.11103644799999998,484,1.9372334,21.77474,7.231148,3.0062683,middle_80pct
Eb-2m44jTEs.004,0.49532712,0.6770833,0.63736266,0.37864077,0.4888889,0.39815342,0.48288584,0.5175014,0.47461343,0.48761457,0.09717370000000003,0.19419746000000004,0.11986125999999997,0.09597265999999999,0.0012743299999999902,0.10169588200000002,485,2.0047266,24.816195,7.6814227,2.7925057,middle_80pct
EeI8iXLDfc0.000,0.48598132,0.625,0.5494506,0.5048544,0.51111114,0.2859485,0.30326504,0.41238797,0.3286122,0.3489769,0.20003282,0.32173496,0.13706263000000002,0.17624220000000002,0.16213424000000004,0.19944137,486,2.4015322,38.869568,-18.101501,14.84658,highest_error_10pct
EeI8iXLDfc0.001,0.41121495,0.5520833,0.6043956,0.4368932,0.5222222,0.39647847,0.43139753,0.48207498,0.3842244,0.5007145,0.014736479999999996,0.12068577000000008,0.12232062000000005,0.05266879999999996,0.02150770000000002,0.06638387400000002,487,2.2235315,34.771767,-13.1852455,4.555888,middle_80pct
EeI8iXLDfc0.002,0.43925235,0.625,0.4945055,0.41747573,0.4,0.23213077,0.29163057,0.38846034,0.36824378,0.33292758,0.20712158000000003,0.33336943,0.10604515999999997,0.04923194999999997,0.06707242000000002,0.15256810799999998,488,2.6007788,51.1417,-19.670929,19.423244,middle_80pct
EeI8iXLDfc0.003,0.35514018,0.4375,0.36263737,0.29126215,0.2888889,0.27939722,0.32535842,0.43940866,0.38673493,0.3595607,0.07574296000000003,0.11214158000000002,0.07677128999999999,0.09547277999999998,0.0706718,0.086160082,489,2.447556,45.170383,-20.615808,18.541355,middle_80pct
EeI8iXLDfc0.005,0.27102804,0.5,0.51648355,0.4368932,0.35555556,0.27466577,0.34987444,0.44648117,0.4031377,0.38381138,0.00363772999999995,0.15012556,0.07000238000000003,0.033755499999999994,0.028255819999999987,0.05715539799999999,490,2.4763675,38.668655,-16.705807,9.704393,middle_80pct
EfQUV-C-YrU.002,0.3084112,0.375,0.43956044,0.32038835,0.47777778,0.46939817,0.46239573,0.50051385,0.46277118,0.5529654,0.16098697,0.08739573,0.06095341000000004,0.14238283000000002,0.07518762000000007,0.10538131200000003,491,2.1338217,22.82022,2.007824,1.0272576,middle_80pct
EfQUV-C-YrU.003,0.36448598,0.3125,0.43956044,0.36893204,0.43333334,0.54101485,0.5507952,0.58831894,0.562426,0.6349004,0.17652887000000006,0.23829520000000004,0.14875849999999996,0.19349395999999996,0.20156706000000002,0.19172871800000002,492,1.9757538,21.976309,3.1412601,-2.9717243,highest_error_10pct
Eh7WRYXVh9M.000,0.5233645,0.47916666,0.62637365,0.6213592,0.54444444,0.37693757,0.37870598,0.47038677,0.4878865,0.4966912,0.14642693,0.10046068000000002,0.15598688,0.1334727,0.04775324000000003,0.11682008600000002,493,2.4379702,48.429443,-12.473766,31.436722,middle_80pct
Eh7WRYXVh9M.005,0.43925235,0.29166666,0.5714286,0.42718446,0.6,0.45929414,0.4644659,0.50515693,0.46793184,0.5538593,0.020041790000000004,0.17279923999999997,0.06627167,0.04074738,0.04614069999999992,0.06920015599999998,494,2.0961778,26.301342,-2.740972,9.908411,middle_80pct
EiXQ9RErt6c.000,0.5233645,0.5416667,0.53846157,0.33009708,0.5,0.41821828,0.47060394,0.51199055,0.4534185,0.49328434,0.10514622000000001,0.07106275999999995,0.0264710199999999,0.12332142000000001,0.006715660000000012,0.06654341599999998,495,2.085764,27.477346,7.747444,1.6768968,middle_80pct
EiXQ9RErt6c.001,0.2990654,0.26041666,0.37362638,0.407767,0.2888889,0.34045565,0.3872056,0.48229653,0.4118572,0.41423735,0.04139025000000002,0.12678893999999996,0.10867015000000002,0.004090199999999988,0.12534845,0.081257598,496,1.9694924,24.352873,6.356166,3.3384018,middle_80pct
EiXQ9RErt6c.002,0.39252338,0.375,0.50549453,0.52427185,0.42222223,0.40959448,0.46468043,0.5020552,0.43460166,0.4899497,0.017071100000000006,0.08968042999999998,0.0034393299999999627,0.08967018999999998,0.06772747000000001,0.053517703999999985,497,2.1249459,26.28381,9.144384,3.9133692,middle_80pct
EiXQ9RErt6c.003,0.317757,0.30208334,0.30769232,0.3883495,0.32222223,0.37615573,0.39349058,0.52229196,0.4229625,0.4480045,0.05839873000000001,0.09140724,0.21459963999999998,0.034613000000000005,0.12578227000000003,0.104960176,498,2.071524,28.118307,6.322618,3.3621793,middle_80pct
EiXQ9RErt6c.005,0.26168224,0.35416666,0.4945055,0.3398058,0.4,0.3116408,0.34990418,0.42930853,0.37820256,0.43013322,0.049958559999999985,0.004262480000000013,0.06519696999999997,0.03839676000000003,0.03013321999999996,0.03758959799999999,499,2.3147604,38.442486,3.534444,9.253542,lowest_error_10pct
EknEAPhAjdA.000,0.1495327,0.17708333,0.2857143,0.1553398,0.22222222,0.2981574,0.31943446,0.4475947,0.4197579,0.3897987,0.14862470000000003,0.14235112999999996,0.16188040000000004,0.2644181,0.16757648,0.176970162,500,2.206273,28.996536,1.4327043,3.7219782,highest_error_10pct
EknEAPhAjdA.001,0.25233644,0.28125,0.35164836,0.29126215,0.32222223,0.30504128,0.3207037,0.3911748,0.3649134,0.38805604,0.05270484000000003,0.03945369999999998,0.039526439999999996,0.07365125,0.06583380999999999,0.054234008,501,2.164145,30.14878,-4.2453732,5.977882,middle_80pct
EknEAPhAjdA.002,0.18691589,0.25,0.2857143,0.24271844,0.2888889,0.31689668,0.3572017,0.46061662,0.41469523,0.39537063,0.12998078999999998,0.10720170000000001,0.17490232,0.17197679000000002,0.10648173,0.138108666,502,2.1036806,25.902187,1.753655,1.5963713,middle_80pct
EknEAPhAjdA.003,0.3364486,0.30208334,0.42857143,0.32038835,0.33333334,0.33550936,0.364496,0.47853142,0.4631806,0.43530956,0.0009392400000000078,0.06241266000000001,0.04995999000000001,0.14279225,0.10197622,0.071616072,503,2.1404362,25.501621,4.0884953,5.180938,middle_80pct
EknEAPhAjdA.004,0.25233644,0.19791667,0.23076923,0.2524272,0.3,0.32683647,0.36541313,0.45116043,0.4454538,0.42248723,0.07450003,0.16749645999999999,0.2203912,0.1930266,0.12248723,0.15558030399999997,504,2.281603,27.048803,5.8162727,2.5462027,middle_80pct
EknEAPhAjdA.005,0.22429906,0.23958333,0.34065935,0.106796116,0.32222223,0.39397597,0.4210986,0.49428153,0.43474206,0.46067497,0.16967691000000001,0.18151526999999998,0.15362218,0.327945944,0.13845274000000002,0.1942426088,505,2.0659535,26.990406,2.4448993,2.3465679,highest_error_10pct
EmGTj1DRMbo.000,0.60747665,0.6145833,0.6043956,0.60194176,0.8,0.53104395,0.5299393,0.5835426,0.57201123,0.6200128,0.07643269999999991,0.08464400000000005,0.02085300000000001,0.02993053000000001,0.1799872,0.078369486,506,1.959167,22.146393,0.0058817146,-2.654511,middle_80pct
EmGTj1DRMbo.001,0.39252338,0.45833334,0.5934066,0.592233,0.54444444,0.39651448,0.41479474,0.50294507,0.5044521,0.51559305,0.003991100000000025,0.04353859999999998,0.09046153000000001,0.08778090000000005,0.028851390000000032,0.05092470400000002,507,2.0852158,23.101383,-1.4530151,-2.4136338,middle_80pct
EmGTj1DRMbo.003,0.55140185,0.5833333,0.61538464,0.5533981,0.6,0.49570668,0.5046551,0.56573045,0.5366522,0.59532195,0.05569516999999996,0.07867820000000003,0.04965419000000004,0.01674589999999998,0.004678049999999989,0.041090302,508,1.9669826,22.1148,-0.51938087,-2.8905768,lowest_error_10pct
EmGTj1DRMbo.004,0.42056075,0.47916666,0.5934066,0.4368932,0.73333335,0.5018031,0.5087709,0.5772805,0.5898054,0.5972394,0.08124234999999996,0.029604240000000004,0.016126100000000032,0.15291220000000005,0.13609395000000002,0.08319576800000002,509,2.050048,23.351372,2.917325,-2.5786343,middle_80pct
EqTB9rAC-tA.000,0.36448598,0.46875,0.42857143,0.4368932,0.42222223,0.26465762,0.35458624,0.43952113,0.45220816,0.38311914,0.09982836,0.11416376,0.010949700000000007,0.015314960000000044,0.03910308999999995,0.055871974000000005,510,1.9936095,31.092499,-10.334762,1.3952148,middle_80pct
EvZ0esZgPK4.001,0.25233644,0.33333334,0.41758242,0.61165047,0.33333334,0.45800486,0.530245,0.58894926,0.6320462,0.55525154,0.20566842000000002,0.19691166,0.17136684000000002,0.020395730000000056,0.2219182,0.16325217000000003,511,1.9716967,25.959627,4.834224,-0.11185357,middle_80pct
EvZ0esZgPK4.005,0.46728972,0.6145833,0.5934066,0.70873785,0.5555556,0.46569195,0.54566354,0.59018636,0.6643333,0.5881172,0.0015977699999999984,0.06891976000000011,0.0032202399999999853,0.04440454999999999,0.03256159999999997,0.03014078400000001,512,2.0704336,25.69577,4.5923977,0.39909458,lowest_error_10pct
F0_EI_X5JVk.000,0.6168224,0.7291667,0.5824176,0.7184466,0.7,0.52398825,0.60951585,0.5881906,0.55882376,0.64228487,0.09283414999999995,0.11965084999999998,0.005773000000000028,0.15962284000000004,0.05771512999999995,0.08711919399999998,513,1.9767329,22.01841,-4.9097605,-2.9931335,middle_80pct
F0_EI_X5JVk.001,0.7009346,0.7291667,0.6923077,0.6407767,0.85555553,0.5375547,0.5647212,0.54669076,0.44987714,0.60610914,0.1633798999999999,0.1644454999999999,0.14561693999999992,0.19089955999999997,0.2494463899999999,0.18275765799999993,514,2.2894087,34.000496,-9.6967,5.749136,highest_error_10pct
F0_EI_X5JVk.002,0.635514,0.8020833,0.7032967,0.78640777,0.8333333,0.50661105,0.60510767,0.5951646,0.5441521,0.6089733,0.12890295000000007,0.19697563000000007,0.10813209999999995,0.24225566999999992,0.22436,0.18012527,515,2.046174,22.486979,4.0917864,-1.361943,highest_error_10pct
F0_EI_X5JVk.003,0.5607477,0.59375,0.63736266,0.49514562,0.6666667,0.5584589,0.66548055,0.62721026,0.60480124,0.66572297,0.0022887999999999797,0.07173054999999995,0.01015239999999995,0.10965562000000001,0.0009437299999999205,0.03895421999999996,516,1.8704528,23.693237,0.07404618,-4.6264906,lowest_error_10pct
F0_EI_X5JVk.004,0.74766356,0.8541667,0.85714287,0.8252427,0.95555556,0.5537651,0.6402367,0.6217006,0.5650845,0.6701129,0.19389846,0.21392999999999995,0.23544226999999995,0.2601582,0.28544265999999996,0.23777431799999996,517,1.9143544,23.037928,-1.0664083,-3.064205,highest_error_10pct
F0_EI_X5JVk.005,0.53271025,0.625,0.6813187,0.57281554,0.7222222,0.5374877,0.6228016,0.6017607,0.59183705,0.6456892,0.004777449999999961,0.0021984000000000448,0.07955800000000002,0.019021509999999964,0.07653300000000007,0.03641767200000001,518,1.9193956,22.983307,-0.8190558,-3.4873524,lowest_error_10pct
F2v55oUN-4w.003,0.71028036,0.6770833,0.71428573,0.60194176,0.8888889,0.6275175,0.6265087,0.5944978,0.53327775,0.70948386,0.0827628600000001,0.050574600000000025,0.11978792999999999,0.06866401,0.17940504000000002,0.10023888800000003,519,2.0585093,22.430687,2.36264,-2.257546,middle_80pct
F4yC1_n6ApY.000,0.42056075,0.47916666,0.4065934,0.17475729,0.74444443,0.55642617,0.6379681,0.63208956,0.58807594,0.6651146,0.13586542000000007,0.15880144000000002,0.22549616000000006,0.41331864999999995,0.07932983000000005,0.20256230000000003,520,1.9765927,24.459934,3.4951084,-6.2643185,highest_error_10pct
F4yC1_n6ApY.002,0.58878505,0.5729167,0.6043956,0.44660193,0.84444445,0.537333,0.5872928,0.59024197,0.53951716,0.6275372,0.05145205000000008,0.014376100000000003,0.014153630000000028,0.09291523000000007,0.21690725,0.07796085200000004,521,2.1183648,24.021963,-0.018194776,-3.9366598,middle_80pct
FGkS4vJYOpM.000,0.43925235,0.5,0.61538464,0.5533981,0.53333336,0.39179415,0.4097381,0.5276555,0.54147106,0.5073353,0.047458200000000006,0.0902619,0.08772913999999998,0.01192704,0.025998059999999934,0.052674867999999986,522,2.1931977,30.452847,0.48816055,17.055313,middle_80pct
FGkS4vJYOpM.001,0.5140187,0.38541666,0.5604396,0.4854369,0.3888889,0.4402624,0.4856025,0.5614167,0.57179445,0.560357,0.07375630000000005,0.10018583999999997,0.000977099999999953,0.08635754999999995,0.1714681,0.08654897799999998,523,2.1380036,23.001677,4.622326,-0.3182284,middle_80pct
FGkS4vJYOpM.002,0.5233645,0.47916666,0.4945055,0.46601942,0.5888889,0.41257936,0.44781214,0.5578171,0.5098295,0.5332982,0.11078514,0.03135452,0.06331159999999997,0.04381008000000003,0.055590700000000104,0.06097040800000002,524,2.0258348,24.276894,2.8705945,5.2071505,middle_80pct
FGkS4vJYOpM.003,0.39252338,0.38541666,0.43956044,0.5631068,0.4,0.42741424,0.4612193,0.5656242,0.5642661,0.5421224,0.034890860000000024,0.07580263999999998,0.12606376000000002,0.0011592999999999742,0.14212239999999998,0.07600779199999999,525,2.0585678,27.217688,2.0457857,12.374322,middle_80pct
FGkS4vJYOpM.004,0.3271028,0.28125,0.48351648,0.3883495,0.42222223,0.36608785,0.40385023,0.49411651,0.47261038,0.49585113,0.038985049999999966,0.12260022999999998,0.010600029999999983,0.08426087999999998,0.0736289,0.06601501799999998,526,2.1857429,29.705091,2.8956654,15.603764,middle_80pct
FGkS4vJYOpM.005,0.40186915,0.48958334,0.3846154,0.57281554,0.51111114,0.41833425,0.45491725,0.52035344,0.49720642,0.5172922,0.01646510000000001,0.03466608999999998,0.13573803999999995,0.07560912000000003,0.0061810599999999605,0.05373188199999999,527,2.1577404,25.259058,4.8084855,5.097083,middle_80pct
FQMmM3TL5rE.001,0.39252338,0.5833333,0.45054945,0.7184466,0.62222224,0.49150038,0.57013905,0.5956639,0.65807784,0.5972545,0.09897700000000004,0.013194250000000074,0.14511445,0.06036876000000002,0.024967740000000016,0.06852444000000003,528,2.072018,23.263132,4.4822702,0.74812704,middle_80pct
FQMmM3TL5rE.003,0.39252338,0.5625,0.6043956,0.65048546,0.5222222,0.4609343,0.5474796,0.5620831,0.6070385,0.5893839,0.06841092000000004,0.015020400000000045,0.042312500000000086,0.04344695999999992,0.06716169999999999,0.047270496000000016,529,1.9584938,22.73177,5.364317,-0.3776244,middle_80pct
FQMmM3TL5rE.004,0.41121495,0.6354167,0.47252747,0.70873785,0.6,0.56356806,0.6419722,0.6189933,0.6487033,0.6724451,0.15235311,0.006555500000000047,0.14646582999999996,0.06003455000000002,0.07244510000000004,0.08757081800000002,530,1.9596479,22.796583,5.2246585,-1.875633,middle_80pct
FcR9VhCxBb0.002,0.5607477,0.6875,0.5824176,0.70873785,0.8111111,0.5573981,0.56598467,0.5786742,0.5483655,0.64931566,0.0033495999999999526,0.12151533000000003,0.0037433999999999523,0.16037235000000005,0.16179544,0.090155224,531,1.9425062,23.183094,1.3929845,-3.7556543,middle_80pct
FcR9VhCxBb0.003,0.5794392,0.59375,0.6043956,0.63106793,0.73333335,0.5569496,0.57640475,0.58016586,0.57512504,0.64227706,0.0224896,0.01734524999999998,0.02422974,0.05594289000000008,0.09105629000000004,0.04221275400000002,532,1.9616001,22.557354,1.6299412,-0.816192,lowest_error_10pct
FcR9VhCxBb0.004,0.57009345,0.59375,0.47252747,0.65048546,0.8,0.6204473,0.64801556,0.6215311,0.6040121,0.69914496,0.05035385000000003,0.054265560000000046,0.14900363,0.04647335999999991,0.10085504,0.080190288,533,2.0398207,26.841515,2.1798873,-4.8016887,middle_80pct
FcR9VhCxBb0.005,0.5046729,0.5,0.4065934,0.4368932,0.5555556,0.60689056,0.5884092,0.60542995,0.5531931,0.673173,0.10221765999999999,0.08840919999999997,0.19883655,0.11629990000000001,0.11761739999999998,0.12467614199999999,534,1.9325334,25.154392,0.8762513,-2.4248185,middle_80pct
Ff0WqsFl-1s.001,0.42990655,0.48958334,0.5604396,0.5048544,0.67777777,0.51927364,0.5738999,0.5944369,0.5999489,0.63167095,0.08936708999999998,0.08431656000000004,0.03399730000000001,0.09509449999999997,0.04610681999999999,0.069776454,535,2.0073028,22.901745,2.2111886,-3.9550025,middle_80pct
Ff0WqsFl-1s.005,0.36448598,0.44791666,0.47252747,0.5533981,0.56666666,0.47763658,0.5530484,0.5751957,0.6126739,0.5975906,0.11315059999999999,0.10513173999999997,0.10266822999999997,0.05927579999999999,0.030923939999999983,0.08223006199999998,536,1.9965715,25.762552,0.86130565,-5.2464256,middle_80pct
Fi1ILrwQpSY.001,0.42990655,0.5729167,0.71428573,0.4563107,0.54444444,0.4859762,0.5591195,0.5765919,0.5434902,0.5753433,0.056069650000000026,0.013797199999999954,0.1376938299999999,0.08717950000000002,0.030898859999999972,0.06512780799999998,537,1.9338586,20.348593,7.367134,-1.4927216,middle_80pct
Fi1ILrwQpSY.002,0.34579438,0.5,0.52747256,0.36893204,0.5,0.49439916,0.59993875,0.5812094,0.5538949,0.59764093,0.14860478,0.09993874999999997,0.05373684000000001,0.18496285999999995,0.09764092999999996,0.11697683199999998,538,1.9693985,20.065243,6.3966208,-2.9957132,middle_80pct
Fi1ILrwQpSY.003,0.46728972,0.5729167,0.5714286,0.407767,0.6,0.50149554,0.59285194,0.5814449,0.544705,0.58849084,0.03420581999999994,0.01993524000000002,0.010016300000000089,0.136938,0.011509160000000018,0.04252090400000001,539,2.0446448,21.872137,6.684178,0.9805806,lowest_error_10pct
Fi1ILrwQpSY.004,0.43925235,0.5520833,0.5714286,0.47572815,0.5555556,0.5745113,0.661655,0.68054223,0.6118667,0.65900815,0.13525894999999993,0.10957169999999994,0.10911363000000007,0.13613854999999997,0.10345254999999998,0.11870707599999997,540,1.8805343,23.20987,7.9391575,-2.0758257,middle_80pct
Fi1ILrwQpSY.005,0.45794392,0.6041667,0.6813187,0.5048544,0.46666667,0.4810075,0.587889,0.61003554,0.55965286,0.57460594,0.023063579999999972,0.01627769999999995,0.07128316000000001,0.05479845999999999,0.10793926999999998,0.05467243399999998,541,2.1067932,22.799137,9.475281,-0.6602243,middle_80pct
FkuwzJcoRVI.000,0.43925235,0.5104167,0.34065935,0.42718446,0.51111114,0.534586,0.5203508,0.52703613,0.4977415,0.5844454,0.09533364999999999,0.009934100000000057,0.18637678000000002,0.07055704000000002,0.07333425999999998,0.08710716600000001,542,2.024611,22.082869,1.400499,-0.7322952,middle_80pct
FkuwzJcoRVI.001,0.41121495,0.48958334,0.5934066,0.5048544,0.56666666,0.44278455,0.4396605,0.4934816,0.45799565,0.55645514,0.031569599999999975,0.04992283999999997,0.09992499999999999,0.04685875000000006,0.01021152000000003,0.047697542,543,2.1100032,25.602112,-1.6466151,8.87361,middle_80pct
FkuwzJcoRVI.002,0.44859812,0.4375,0.4065934,0.5533981,0.51111114,0.36261344,0.3371762,0.40224543,0.374734,0.46030492,0.08598467999999998,0.10032380000000002,0.004347969999999979,0.1786641,0.05080622000000001,0.084025354,544,2.5658927,43.52245,-15.820507,27.037243,middle_80pct
FkuwzJcoRVI.003,0.2897196,0.33333334,0.4065934,0.60194176,0.4888889,0.4531553,0.43483892,0.50843674,0.46409106,0.5424267,0.16343569999999996,0.10150558000000004,0.10184334000000006,0.1378507,0.053537800000000024,0.11163462399999999,545,2.054331,22.636715,-2.4380288,6.8646,middle_80pct
FkuwzJcoRVI.004,0.26168224,0.36458334,0.35164836,0.47572815,0.4888889,0.4047647,0.41737062,0.49488142,0.4909787,0.4913923,0.14308245999999997,0.05278728000000005,0.14323306000000002,0.015250549999999974,0.002503399999999989,0.07137135,546,2.0555832,26.387403,-8.192093,-1.0716739,middle_80pct
FkuwzJcoRVI.005,0.24299066,0.19791667,0.37362638,0.407767,0.34444445,0.3964943,0.39214334,0.46973127,0.4584149,0.48656937,0.15350364000000002,0.19422667000000002,0.09610489,0.05064790000000002,0.14212492,0.127321604,547,2.2868059,29.750927,-8.226395,12.602277,middle_80pct
FogaU_yB9aY.001,0.62616825,0.6354167,0.73626375,0.7378641,0.62222224,0.61127293,0.65992874,0.609225,0.6848793,0.7137787,0.014895319999999934,0.024512040000000068,0.12703874999999998,0.052984800000000054,0.09155645999999995,0.062197473999999996,548,2.0080822,22.654902,5.175,-3.7635982,middle_80pct
FogaU_yB9aY.003,0.58878505,0.6458333,0.5934066,0.6893204,0.6888889,0.6075601,0.643056,0.6100862,0.6395496,0.67572266,0.018775050000000015,0.0027773000000000936,0.016679600000000017,0.049770800000000004,0.013166239999999996,0.020233798000000025,549,1.8602285,21.1239,2.871766,-4.0984354,lowest_error_10pct
FrOxqNe6sAU.000,0.38317758,0.5520833,0.5714286,0.815534,0.53333336,0.42770675,0.58512425,0.60909945,0.6643399,0.5408958,0.04452917000000001,0.03304094999999996,0.037670850000000033,0.1511941,0.007562440000000059,0.054799502000000014,550,1.9751769,24.597137,12.940273,1.5262575,middle_80pct
G7hYffrZ1Hc.001,0.60747665,0.59375,0.5604396,0.5533981,0.56666666,0.47523117,0.5379776,0.58440876,0.5401449,0.56289446,0.13224547999999997,0.055772400000000055,0.023969159999999934,0.013253199999999965,0.0037722000000000033,0.04580248799999999,551,1.8905612,20.594364,5.8514485,-1.8539624,middle_80pct
G7hYffrZ1Hc.002,0.40186915,0.53125,0.53846157,0.592233,0.6,0.4842905,0.56092834,0.60594434,0.55410975,0.5765129,0.08242135,0.029678340000000025,0.06748277000000003,0.03812325000000005,0.023487099999999983,0.04823856200000002,552,1.9113148,21.449772,3.1217213,0.14811966,middle_80pct
G7hYffrZ1Hc.003,0.47663552,0.5625,0.6703297,0.7184466,0.5222222,0.48332363,0.5444505,0.6236012,0.55444735,0.5554448,0.006688110000000025,0.01804950000000005,0.04672850000000006,0.16399925000000004,0.03322259999999999,0.053737592000000035,553,1.9519305,23.21537,5.724804,-0.011869223,middle_80pct
G7hYffrZ1Hc.004,0.57009345,0.5833333,0.73626375,0.5825243,0.5777778,0.48761475,0.5680609,0.61714673,0.5692626,0.59374994,0.08247870000000002,0.015272400000000075,0.11911702000000002,0.013261700000000043,0.015972140000000024,0.049220392000000036,554,1.9788976,20.604937,5.2572513,-1.3016567,middle_80pct
G7hYffrZ1Hc.005,0.43925235,0.41666666,0.6593407,0.47572815,0.5,0.42944038,0.48772237,0.55900854,0.50732636,0.5272813,0.009811970000000003,0.07105571,0.10033216,0.03159820999999996,0.027281299999999953,0.04801586999999998,555,2.088245,23.76094,2.224429,3.2817945,middle_80pct
GBp9YtOw_eQ.000,0.22429906,0.40625,0.37362638,0.37864077,0.34444445,0.38706923,0.44176155,0.53260547,0.50053895,0.49553752,0.16277017,0.03551155,0.15897909000000005,0.12189818000000002,0.15109307,0.12605041200000003,556,2.1123888,28.778204,1.1413502,5.5254126,middle_80pct
GWOtluILlk4.002,0.58878505,0.6145833,0.71428573,0.5436893,0.5888889,0.4825011,0.58811116,0.60649776,0.5622361,0.5951842,0.10628395000000002,0.02647214000000009,0.10778796999999996,0.018546799999999974,0.006295300000000004,0.05307723200000001,557,1.9555547,21.708292,8.382078,0.68407536,middle_80pct
GWOtluILlk4.003,0.58878505,0.6979167,0.6703297,0.5436893,0.6,0.43101835,0.53933626,0.5583187,0.5071014,0.5647954,0.15776670000000004,0.15858043999999993,0.11201100000000008,0.036587900000000007,0.03520460000000003,0.10003012800000002,558,2.108398,27.552135,7.2429914,10.381996,middle_80pct
GWOtluILlk4.004,0.38317758,0.5208333,0.5494506,0.52427185,0.4888889,0.40756524,0.55873257,0.5755413,0.5469192,0.52525234,0.024387659999999978,0.03789926999999993,0.026090700000000022,0.022647350000000066,0.03636343999999997,0.029477683999999994,559,1.9925647,25.596674,8.107833,7.034681,lowest_error_10pct
GWOtluILlk4.005,0.3364486,0.5729167,0.53846157,0.4854369,0.56666666,0.48033693,0.60540867,0.6148523,0.59316117,0.59425765,0.14388833,0.03249197000000004,0.07639073000000007,0.10772427000000001,0.027590989999999982,0.07761725800000002,560,2.041372,22.667019,10.009513,-0.8438583,middle_80pct
GaUs3UUUtmw.001,0.43925235,0.44791666,0.50549453,0.5631068,0.5777778,0.55556667,0.5479032,0.54444265,0.51978457,0.613235,0.11631432000000003,0.09998654000000001,0.03894812000000003,0.04332223000000002,0.035457199999999967,0.066805682,561,1.9786742,21.14717,-2.743258,-3.9789755,middle_80pct
GaUs3UUUtmw.003,0.62616825,0.5416667,0.64835167,0.6213592,0.7222222,0.58463,0.59623766,0.599466,0.60331476,0.6687092,0.04153825,0.05457096000000006,0.04888566999999999,0.01804444000000005,0.05351300000000003,0.04331046400000003,562,1.9787921,20.684221,-0.08867107,-4.01725,lowest_error_10pct
GaUs3UUUtmw.004,0.5140187,0.5,0.47252747,0.6796116,0.62222224,0.57861936,0.5781549,0.57992077,0.5788252,0.6599009,0.06460065999999998,0.07815490000000003,0.10739329999999997,0.10078639999999994,0.037678659999999975,0.07772278399999998,563,1.9834465,22.396734,0.07892802,-4.7063875,middle_80pct
Gk94xrcmFts.000,0.14018692,0.14583333,0.14285715,0.18446602,0.2888889,0.225478,0.21902013,0.3454071,0.3016917,0.35557246,0.08529108000000002,0.0731868,0.20254995000000003,0.11722568,0.06668355999999998,0.108987414,564,2.210951,33.975956,4.0355654,15.879501,middle_80pct
Gk94xrcmFts.001,0.19626169,0.26041666,0.45054945,0.3592233,0.5,0.2976773,0.31912157,0.436469,0.4716819,0.45698935,0.10141560999999999,0.05870491,0.014080450000000022,0.11245859999999996,0.043010649999999984,0.065934044,565,2.0529537,32.501957,7.927079,10.283812,middle_80pct
Gk94xrcmFts.002,0.20560747,0.20833333,0.36263737,0.34951457,0.47777778,0.30973837,0.2891448,0.41376474,0.36829332,0.44134766,0.1041309,0.08081146999999997,0.051127370000000005,0.018778749999999955,0.03643012000000001,0.05825572199999999,566,2.211203,36.899326,5.356798,17.164867,middle_80pct
Gk94xrcmFts.003,0.26168224,0.26041666,0.32967034,0.3106796,0.51111114,0.3145861,0.33957183,0.44573647,0.47351518,0.41621637,0.05290385999999997,0.07915517,0.11606612999999999,0.16283557999999998,0.09489477000000002,0.10117110199999998,567,2.1688368,29.923216,8.740311,7.7367554,middle_80pct
Gk94xrcmFts.004,0.25233644,0.32291666,0.37362638,0.32038835,0.56666666,0.40897268,0.42705756,0.49422756,0.42676508,0.5064621,0.15663623999999998,0.10414089999999998,0.12060118000000003,0.10637673000000003,0.06020455999999996,0.10959192199999998,568,1.9553393,24.529501,3.4936757,4.379493,middle_80pct
Gk94xrcmFts.005,0.19626169,0.0625,0.24175824,0.1262136,0.37777779,0.27042532,0.22488445,0.3505085,0.30051488,0.38956463,0.07416363000000004,0.16238445,0.10875025999999999,0.17430127999999998,0.01178684000000002,0.106277292,569,2.4146447,50.409695,-7.938307,35.66475,middle_80pct
GntxKkVigvE.001,0.44859812,0.48958334,0.50549453,0.27184466,0.5,0.43989,0.42045522,0.46385944,0.388618,0.5114416,0.008708119999999986,0.06912811999999996,0.041635089999999986,0.11677334,0.011441600000000052,0.049537253999999996,570,2.1167316,40.852993,-29.577126,-11.017153,middle_80pct
Gomd4Y8-D2Q.004,0.43925235,0.42708334,0.5494506,0.44660193,0.43333334,0.44028574,0.48723248,0.5143002,0.46906424,0.536334,0.0010333899999999674,0.060149140000000045,0.035150400000000026,0.02246231000000004,0.10300065999999997,0.04435918000000001,571,2.196298,28.311611,13.619273,0.8898361,middle_80pct
Gomd4Y8-D2Q.005,0.44859812,0.6145833,0.5604396,0.407767,0.6,0.39990595,0.4315152,0.4661312,0.40022078,0.49317425,0.04869216999999998,0.18306810000000007,0.09430840000000001,0.007546219999999992,0.10682575,0.08808812800000002,572,1.9622061,29.489298,-9.110476,-8.705208,middle_80pct
Gs-AdRcYSPo.000,0.5794392,0.71875,0.5714286,0.6407767,0.7222222,0.62993723,0.6744137,0.6286129,0.61224425,0.7103898,0.05049802999999997,0.044336299999999995,0.05718430000000008,0.02853244999999993,0.011832400000000076,0.03847669600000001,573,2.061816,22.91698,5.078792,-1.2404878,lowest_error_10pct
Gs-AdRcYSPo.001,0.55140185,0.6354167,0.61538464,0.5631068,0.76666665,0.62364316,0.6982761,0.64146626,0.6269957,0.72825813,0.07224131,0.06285940000000001,0.026081619999999917,0.06388890000000003,0.03840852000000006,0.052695950000000005,574,1.9031096,23.63951,4.198272,-5.0179224,middle_80pct
Gs-AdRcYSPo.003,0.71028036,0.7916667,0.61538464,0.80582523,0.82222223,0.5986486,0.633692,0.62265396,0.5687977,0.679657,0.11163176000000008,0.1579746999999999,0.0072693199999999125,0.23702753,0.1425652300000001,0.131293708,575,1.864692,22.564026,0.5241816,-3.3500013,middle_80pct
Gs-AdRcYSPo.004,0.55140185,0.6354167,0.6593407,0.66019416,0.7111111,0.58166915,0.619546,0.6286816,0.6141051,0.68045276,0.030267299999999997,0.015870699999999904,0.03065910000000005,0.046089060000000015,0.030658340000000006,0.030708899999999994,576,1.9696026,20.614693,5.7233973,-3.4247677,lowest_error_10pct
Gvdh94z-SoM.000,0.2990654,0.36458334,0.43956044,0.3883495,0.5222222,0.37371123,0.43371835,0.47078753,0.4313649,0.457542,0.07464583000000002,0.06913501,0.031227090000000013,0.04301539999999998,0.06468019999999997,0.056540705999999996,577,1.9763571,28.44604,-1.7755765,9.506496,middle_80pct
Gvdh94z-SoM.001,0.25233644,0.36458334,0.48351648,0.24271844,0.33333334,0.35246593,0.35627237,0.42251706,0.35372934,0.4286081,0.10012948999999999,0.008310969999999973,0.060999420000000026,0.1110109,0.09527476000000001,0.075145108,578,2.228757,35.45272,-13.185436,18.465637,middle_80pct
Gvdh94z-SoM.002,0.37383178,0.38541666,0.61538464,0.49514562,0.5,0.46818727,0.512299,0.57515395,0.44954756,0.55506843,0.09435548999999999,0.12688233999999993,0.04023069000000001,0.045598059999999996,0.055068429999999946,0.07242700199999998,579,2.0983834,23.816862,1.7163107,-3.8680222,middle_80pct
Gvdh94z-SoM.003,0.26168224,0.28125,0.3956044,0.34951457,0.45555556,0.46151298,0.5174659,0.5625463,0.48817456,0.5330942,0.19983074,0.23621590000000003,0.16694190000000003,0.13865998999999996,0.07753863999999994,0.163837434,580,1.9611557,25.354904,3.4980164,-4.5589967,middle_80pct
Gvdh94z-SoM.005,0.23364486,0.25,0.4065934,0.34951457,0.3888889,0.40385082,0.4247529,0.5222878,0.4394394,0.46134007,0.17020596,0.1747529,0.11569439999999998,0.08992482999999996,0.07245117000000001,0.12460585199999999,581,2.1175523,25.091772,-1.9038659,8.110071,middle_80pct
H523MhINmbA.000,0.35514018,0.38541666,0.45054945,0.2524272,0.4,0.40910155,0.44736654,0.5159265,0.4524537,0.49594432,0.05396136999999995,0.06194987999999996,0.06537704999999994,0.2000265,0.09594431999999997,0.09545182399999996,582,1.915775,32.821236,-17.392878,-10.5311165,middle_80pct
HNKnvSmTkC4.001,0.45794392,0.59375,0.5494506,0.60194176,0.54444444,0.40530753,0.48229015,0.5714025,0.514862,0.52704465,0.05263638999999998,0.11145985000000003,0.021951900000000024,0.08707975999999995,0.017399790000000026,0.058105538,583,2.0807672,25.347536,-3.5809698,-1.835098,middle_80pct
HNKnvSmTkC4.002,0.317757,0.39583334,0.32967034,0.5048544,0.54444444,0.43517795,0.48274052,0.54840994,0.44944316,0.52960885,0.11742094999999997,0.08690718000000003,0.21873959999999998,0.05541124000000003,0.01483559000000001,0.098662912,584,2.2231889,28.651424,-10.153303,-2.6412866,middle_80pct
HNKnvSmTkC4.005,0.5420561,0.7291667,0.52747256,0.74757284,0.6333333,0.5018148,0.58261675,0.63330615,0.61938035,0.63399863,0.040241300000000035,0.14654994999999993,0.10583359000000003,0.12819249,0.0006653300000000195,0.08429653200000001,585,2.039529,24.580149,9.462246,1.8670709,middle_80pct
HUxtuDE-YNE.003,0.6635514,0.65625,0.6043956,0.4563107,0.7111111,0.56363416,0.62329924,0.57774526,0.53917116,0.66486156,0.09991724000000002,0.03295075999999997,0.026650339999999995,0.08286045999999997,0.04624954000000003,0.057725667999999994,586,1.8966904,28.627619,-10.501496,-12.187817,middle_80pct
HUxtuDE-YNE.004,0.7196262,0.6875,0.53846157,0.30097088,0.7,0.59028745,0.58646965,0.5467577,0.43866202,0.64336234,0.12933874999999995,0.10103035000000005,0.008296130000000068,0.13769114,0.05663765999999992,0.086598806,587,1.964903,36.855927,-19.426472,-10.257568,middle_80pct
HWuh0biZQ_c.000,0.41121495,0.4375,0.41758242,0.42718446,0.6,0.42969915,0.45902488,0.54016197,0.4926696,0.5002028,0.01848419999999995,0.021524880000000024,0.12257954999999998,0.06548514,0.09979720000000003,0.065574194,588,2.1011493,24.692337,4.694545,6.127759,middle_80pct
HWuh0biZQ_c.001,0.39252338,0.33333334,0.23076923,0.22330096,0.41111112,0.50627905,0.5400901,0.53843564,0.5267047,0.57815415,0.11375566999999998,0.20675676000000004,0.30766641,0.30340374000000003,0.16704303000000004,0.219725122,589,2.0042071,24.410423,6.046451,-1.4831886,highest_error_10pct
HWuh0biZQ_c.002,0.21495327,0.30208334,0.37362638,0.407767,0.3888889,0.45953816,0.46475017,0.5552082,0.4907844,0.5253329,0.24458488999999997,0.16266683000000004,0.18158182000000006,0.08301740000000002,0.136444,0.161658988,590,2.0293667,23.332066,5.6133833,0.76130265,middle_80pct
HWuh0biZQ_c.004,0.2897196,0.40625,0.4065934,0.49514562,0.5222222,0.43811455,0.4991331,0.55508465,0.5444142,0.51612365,0.14839494999999997,0.0928831,0.14849124999999996,0.04926857999999995,0.006098549999999925,0.08902728599999996,591,1.9358205,25.42885,5.8732166,-0.5412263,middle_80pct
HWuh0biZQ_c.005,0.3364486,0.40625,0.42857143,0.30097088,0.6,0.42005938,0.45919704,0.51317215,0.47500995,0.49880058,0.08361078,0.05294704,0.08460072000000007,0.17403907000000002,0.10119941999999998,0.09927940600000001,592,2.0357406,24.06882,4.14573,6.9902563,middle_80pct
HX-3jJdK7HM.001,0.5140187,0.6458333,0.53846157,0.70873785,0.7111111,0.49195728,0.5535663,0.5605051,0.54671353,0.58287835,0.022061420000000054,0.0922670000000001,0.022043530000000033,0.16202432,0.12823275,0.08532580400000003,593,2.0649395,20.184711,6.05595,-3.180666,middle_80pct
HX-3jJdK7HM.004,0.53271025,0.48958334,0.5604396,0.42718446,0.42222223,0.52538073,0.5853032,0.59431064,0.5328873,0.62854356,0.007329520000000089,0.09571986000000005,0.03387103999999996,0.10570283999999996,0.20632133000000002,0.08978891800000002,594,2.0361516,20.533573,3.337709,-4.873568,middle_80pct
HX-3jJdK7HM.005,0.69158876,0.71875,0.7912088,0.5339806,0.8111111,0.51906145,0.58509547,0.58024776,0.5257185,0.6026562,0.17252731,0.13365453000000005,0.21096104000000004,0.00826210000000005,0.2084549,0.14677197600000003,595,1.9566243,22.448809,3.1538339,-5.256165,middle_80pct
HwZlfygV2eU.004,0.46728972,0.6041667,0.6923077,0.5339806,0.5222222,0.5235679,0.5905762,0.5812411,0.6543334,0.614342,0.056278179999999955,0.01359049999999995,0.11106660000000002,0.12035279999999993,0.09211980000000008,0.07868157599999999,596,1.9347602,23.821175,6.382147,-2.2795026,middle_80pct
IPjl2LdPMn0.000,0.43925235,0.625,0.5714286,0.5436893,0.53333336,0.5414232,0.6670213,0.6538204,0.6787833,0.6874571,0.10217084999999998,0.04202130000000004,0.08239180000000002,0.13509399999999994,0.15412374000000006,0.10316033799999999,597,2.0396357,23.396837,11.272218,-1.4006484,middle_80pct
IPjl2LdPMn0.003,0.46728972,0.6041667,0.48351648,0.5533981,0.5222222,0.55303746,0.64681137,0.6390429,0.6503317,0.6417656,0.08574773999999996,0.04264467000000005,0.15552641999999994,0.09693359999999995,0.11954340000000008,0.100079166,598,2.045706,22.06503,4.4776077,-0.7270612,middle_80pct
IPjl2LdPMn0.004,0.55140185,0.6145833,0.6923077,0.6796116,0.6111111,0.56054175,0.68212664,0.6561991,0.7191491,0.6876919,0.009139899999999979,0.06754333999999995,0.036108599999999935,0.0395375,0.0765808,0.045782027999999975,599,1.9234776,24.057287,10.920435,0.37125337,middle_80pct
IQdz0Pd-L2Y.000,0.40186915,0.5,0.52747256,0.3883495,0.4888889,0.39991206,0.4674644,0.52541965,0.47601426,0.5002084,0.0019570899999999947,0.0325356,0.0020529099999999634,0.08766476000000001,0.011319499999999982,0.02710597199999999,600,2.1072524,24.85571,7.619362,6.6577325,lowest_error_10pct
IQdz0Pd-L2Y.001,0.42056075,0.48958334,0.51648355,0.3398058,0.56666666,0.42478877,0.48269087,0.5416617,0.49253973,0.5158505,0.004228019999999999,0.006892469999999984,0.02517815000000001,0.15273393000000002,0.05081616,0.047969746,601,1.9124745,21.300959,7.4839478,4.0546603,middle_80pct
IQdz0Pd-L2Y.002,0.24299066,0.22916667,0.34065935,0.24271844,0.41111112,0.42878574,0.4327239,0.51239103,0.4359228,0.5192912,0.18579508000000003,0.20355723,0.17173167999999994,0.19320436,0.10818007999999996,0.17249368599999998,602,2.087442,25.182098,6.3203545,5.8586416,middle_80pct
IQdz0Pd-L2Y.003,0.62616825,0.5833333,0.53846157,0.52427185,0.6666667,0.47243893,0.49268636,0.50831753,0.4539266,0.54338455,0.15372932,0.09064694000000006,0.030144039999999928,0.07034524999999997,0.12328214999999998,0.09362953999999998,603,2.066756,23.609077,4.3918676,8.816531,middle_80pct
IQdz0Pd-L2Y.004,0.23364486,0.23958333,0.41758242,0.26213592,0.42222223,0.45951682,0.54218614,0.5937801,0.57939243,0.5725459,0.22587195999999998,0.30260281,0.17619768000000002,0.31725650999999994,0.15032367000000008,0.234450526,604,2.0078127,23.457113,10.764754,2.7373908,highest_error_10pct
IQdz0Pd-L2Y.005,0.40186915,0.38541666,0.5934066,0.33009708,0.5777778,0.43926787,0.46917307,0.54737085,0.53378326,0.52725995,0.037398719999999996,0.08375641,0.04603575000000004,0.20368618,0.050517849999999975,0.084278982,605,2.03163,25.047825,9.330677,4.875918,middle_80pct
IV01x2GS61g.000,0.45794392,0.6145833,0.5604396,0.69902915,0.41111112,0.43698484,0.5789685,0.5845908,0.59718776,0.543268,0.02095908000000002,0.03561480000000006,0.02415119999999993,0.10184139000000003,0.13215687999999998,0.06294467000000001,606,1.9954772,26.269,6.0111175,-2.5481217,middle_80pct
IV01x2GS61g.001,0.45794392,0.5625,0.63736266,0.7281553,0.56666666,0.42483982,0.5462872,0.57195455,0.6137328,0.5165243,0.033104100000000025,0.016212800000000027,0.06540811000000002,0.11442249999999998,0.05014235999999994,0.055857974,607,1.8814822,26.271261,4.597227,-1.4505986,middle_80pct
IV01x2GS61g.002,0.5420561,0.6354167,0.71428573,0.8446602,0.64444447,0.4160813,0.54993546,0.58383083,0.6232489,0.5207214,0.12597480000000005,0.0854812399999999,0.13045489999999993,0.22141129999999998,0.12372307000000005,0.13740906199999997,608,1.9285,26.915882,1.8794719,9.165885,middle_80pct
IV01x2GS61g.004,0.46728972,0.6770833,0.6703297,0.79611653,0.5555556,0.4234148,0.55756813,0.5737203,0.57601064,0.5494257,0.04387492000000004,0.11951517,0.09660940000000007,0.22010589000000003,0.0061299000000000214,0.09724705600000003,609,1.996779,26.933683,8.7310295,-1.0636932,middle_80pct
IV01x2GS61g.005,0.62616825,0.6458333,0.74725276,0.6893204,0.5888889,0.43351442,0.56894815,0.59612405,0.6084994,0.5176639,0.19265382999999997,0.07688515000000007,0.15112870999999994,0.08082100000000003,0.0712250000000001,0.114542738,610,1.9089997,26.510405,5.2330747,-0.6384799,middle_80pct
IWAT58l2Chg.001,0.5607477,0.6458333,0.71428573,0.52427185,0.56666666,0.5425227,0.54832405,0.5550022,0.5076671,0.6370305,0.018224999999999936,0.0975092500000001,0.15928352999999995,0.016604749999999946,0.07036384000000007,0.072397274,611,1.9645767,21.992872,-4.1882367,-6.1358814,middle_80pct
If96Xniy6Go.002,0.44859812,0.48958334,0.6813187,0.4854369,0.74444443,0.4382068,0.45831436,0.54311687,0.49401426,0.5460425,0.010391319999999982,0.03126898,0.13820183000000008,0.008577359999999978,0.19840193000000006,0.07736828400000002,612,2.036362,24.814116,9.169058,3.4068246,middle_80pct
Isa3WdmciZQ.005,0.53271025,0.34375,0.6043956,0.34951457,0.84444445,0.40583578,0.41655743,0.49047613,0.4414611,0.5288657,0.12687447000000007,0.07280743,0.11391947000000002,0.09194652999999997,0.31557875,0.14422533,613,2.241396,32.037197,-18.197474,-4.4618993,middle_80pct
It0-yCwOc5k.000,0.34579438,0.41666666,0.45054945,0.49514562,0.45555556,0.4894597,0.49995714,0.5407835,0.5129896,0.5830561,0.14366531999999999,0.08329048,0.09023404999999995,0.017843980000000037,0.12750053999999994,0.09250687399999999,614,1.9954706,23.070868,1.6274146,-1.0421197,middle_80pct
It0-yCwOc5k.001,0.35514018,0.39583334,0.47252747,0.44660193,0.67777777,0.43299496,0.4496308,0.52159756,0.51679057,0.5435587,0.07785477999999996,0.05379746000000002,0.04907009000000001,0.07018863999999997,0.13421907,0.07702600799999999,615,2.011868,24.585363,0.32671878,1.3929688,middle_80pct
It0-yCwOc5k.002,0.3084112,0.45833334,0.5494506,0.60194176,0.5,0.47534162,0.5364843,0.55942875,0.595677,0.58080405,0.16693042000000002,0.07815096000000005,0.009978150000000019,0.00626475999999998,0.08080405000000002,0.06842566800000002,616,1.8826233,21.462173,3.9383616,-1.5886629,middle_80pct
It0-yCwOc5k.003,0.20560747,0.38541666,0.3846154,0.3106796,0.3888889,0.46951193,0.48927885,0.5334437,0.5271826,0.561323,0.26390446,0.10386218999999997,0.14882829999999997,0.21650299999999995,0.17243410000000003,0.18110641,617,2.0687397,21.860107,2.3195796,1.0504704,highest_error_10pct
It0-yCwOc5k.004,0.39252338,0.40625,0.31868133,0.3592233,0.36666667,0.4938082,0.54073215,0.5857444,0.5992924,0.5895789,0.10128482,0.13448214999999997,0.26706307000000007,0.24006909999999992,0.22291223000000004,0.19316227400000002,618,1.930519,22.227623,3.4429588,-2.7636359,highest_error_10pct
It0-yCwOc5k.005,0.36448598,0.42708334,0.51648355,0.42718446,0.43333334,0.5270782,0.57341254,0.5767181,0.5828797,0.6233202,0.16259222000000007,0.1463292,0.06023455,0.15569524,0.18998685999999998,0.142967614,619,2.0732918,24.334951,4.8629885,-4.289382,middle_80pct
ItkIHtgVhIk.000,0.3084112,0.5104167,0.52747256,0.3883495,0.5222222,0.2607964,0.36975378,0.45514858,0.45138082,0.37333614,0.04761480000000001,0.14066291999999997,0.07232397999999995,0.06303132,0.14888606,0.09450381599999999,620,2.092884,31.91379,0.40444773,0.85810167,middle_80pct
ItkIHtgVhIk.001,0.3364486,0.53125,0.51648355,0.5533981,0.43333334,0.31897968,0.44339237,0.5007443,0.5160327,0.4342867,0.01746892,0.08785763000000002,0.015739249999999982,0.03736539999999999,0.0009533600000000142,0.031876912,621,2.0430164,26.111874,5.777209,1.0154122,lowest_error_10pct
ItkIHtgVhIk.002,0.44859812,0.48958334,0.61538464,0.4854369,0.47777778,0.29007682,0.4251768,0.49929658,0.5121204,0.43142697,0.15852129999999998,0.06440653999999996,0.11608806000000005,0.026683500000000027,0.046350809999999965,0.08241004199999999,622,1.908199,26.51182,1.0071477,1.7436197,middle_80pct
ItkIHtgVhIk.003,0.3084112,0.34375,0.3846154,0.47572815,0.33333334,0.30087373,0.46832553,0.5105421,0.5274058,0.43332633,0.007537469999999991,0.12457552999999999,0.1259267,0.05167765000000002,0.09999299,0.081942068,623,1.9817591,28.543766,3.967732,3.7838063,middle_80pct
ItkIHtgVhIk.004,0.40186915,0.59375,0.5714286,0.592233,0.3888889,0.3274166,0.46951666,0.502511,0.47037503,0.42071778,0.07445255,0.12423334000000003,0.06891759999999991,0.12185796999999998,0.031828880000000004,0.08425806799999999,624,1.8967893,27.206009,3.331818,0.51282233,middle_80pct
J8N2OCqM6N0.001,0.46728972,0.46875,0.43956044,0.33009708,0.4888889,0.52589154,0.5371319,0.561772,0.50016934,0.60493076,0.05860182000000003,0.0683819,0.12221156000000005,0.17007226000000003,0.11604186,0.10706188000000001,625,1.9032754,22.19764,7.4406714,1.7943902,middle_80pct
J8N2OCqM6N0.002,0.21495327,0.42708334,0.32967034,0.44660193,0.43333334,0.49632215,0.4906077,0.5220685,0.4393497,0.5749459,0.28136888000000004,0.06352436,0.19239816000000004,0.007252229999999971,0.14161256,0.137231238,626,2.0317945,27.662577,6.518735,4.878063,middle_80pct
J8N2OCqM6N0.003,0.39252338,0.5625,0.53846157,0.34951457,0.44444445,0.4845309,0.49011835,0.55185807,0.4881064,0.558631,0.09200752000000001,0.07238165000000002,0.013396500000000033,0.13859182999999997,0.11418655,0.08611281000000001,627,1.8929137,24.16239,6.2003317,2.361898,middle_80pct
J8N2OCqM6N0.004,0.42990655,0.47916666,0.43956044,0.4563107,0.43333334,0.44531217,0.44891807,0.5175877,0.42440665,0.50501573,0.015405620000000009,0.03024859000000002,0.07802725999999999,0.03190405000000002,0.07168238999999998,0.045453582000000006,628,1.966196,28.454672,4.8614187,4.793334,middle_80pct
JBiq9X_-r84.000,0.45794392,0.5,0.63736266,0.5339806,0.62222224,0.4477299,0.48860326,0.5533464,0.5255455,0.52552664,0.01021401999999999,0.011396740000000016,0.08401625999999995,0.008435100000000029,0.09669559999999999,0.042151544,629,2.0457652,21.254572,4.1519055,-0.76275027,lowest_error_10pct
JBiq9X_-r84.001,0.43925235,0.5729167,0.47252747,0.5533981,0.46666667,0.47188848,0.5617135,0.59254473,0.64486784,0.5624338,0.032636129999999985,0.011203199999999969,0.12001725999999996,0.09146973999999997,0.09576712999999998,0.07021869199999997,630,2.0083137,21.087496,5.7799077,-0.42573264,middle_80pct
JBiq9X_-r84.002,0.45794392,0.46875,0.4945055,0.60194176,0.5222222,0.45993662,0.550897,0.56264955,0.61570185,0.572994,0.001992700000000014,0.08214699999999997,0.06814405000000007,0.013760090000000003,0.050771800000000034,0.043363128000000015,631,2.1110313,25.388899,5.0396075,-2.275773,lowest_error_10pct
JBiq9X_-r84.003,0.40186915,0.41666666,0.5494506,0.41747573,0.5222222,0.49267516,0.55695826,0.57482004,0.6088399,0.60066324,0.09080600999999999,0.14029160000000002,0.025369439999999965,0.19136417,0.07844104000000007,0.10525445200000001,632,1.9394134,24.720797,3.5345547,1.1167985,middle_80pct
JBiq9X_-r84.004,0.37383178,0.4375,0.6043956,0.407767,0.5222222,0.45232704,0.54775316,0.57437253,0.621313,0.5685104,0.07849526000000001,0.11025315999999996,0.03002307000000004,0.213546,0.0462882,0.09572113800000001,633,2.0175169,20.790474,1.8986554,-0.8656977,middle_80pct
JBiq9X_-r84.005,0.40186915,0.5104167,0.48351648,0.41747573,0.51111114,0.46576265,0.5158661,0.54561114,0.534434,0.5845109,0.06389349999999999,0.005449400000000049,0.06209465999999997,0.11695826999999998,0.07339976000000004,0.064359118,634,2.0998597,22.371817,3.4096806,1.2607739,middle_80pct
JEhC58vobs4.000,0.39252338,0.39583334,0.43956044,0.52427185,0.5222222,0.5124135,0.53892684,0.543019,0.5768729,0.60105205,0.11989011999999999,0.14309350000000004,0.10345856000000003,0.05260105000000004,0.07882984999999998,0.09957461600000002,635,1.9917911,25.228313,-5.456911,-4.2382154,middle_80pct
JEhC58vobs4.001,0.3271028,0.5520833,0.52747256,0.57281554,0.65555555,0.5404272,0.56165326,0.55260074,0.58761567,0.6072792,0.21332439999999997,0.009569959999999988,0.025128180000000055,0.014800130000000022,0.04827634999999997,0.062219804000000004,636,1.9461775,25.197813,-4.084614,-7.6799192,middle_80pct
JJs_HTelie4.000,0.57009345,0.7604167,0.6593407,0.60194176,0.6888889,0.5438578,0.53035676,0.5661442,0.54601485,0.63710064,0.026235650000000055,0.23005993999999996,0.09319650000000002,0.05592690999999994,0.05178826000000003,0.091441452,637,1.9627402,21.015896,-1.500542,-4.836095,middle_80pct
JJs_HTelie4.002,0.3271028,0.44791666,0.45054945,0.60194176,0.4888889,0.49426913,0.55315214,0.5728355,0.6255291,0.5812575,0.16716632999999997,0.10523547999999999,0.12228605000000003,0.023587339999999957,0.09236859999999997,0.10212876,638,2.031098,25.631172,3.7225947,-4.8959627,middle_80pct
JN_LH6fs868.005,0.6542056,0.6354167,0.43956044,0.4368932,0.8,0.71547693,0.73024416,0.64594364,0.72065604,0.7600023,0.06127132999999996,0.09482746000000009,0.20638320000000004,0.28376284000000007,0.039997700000000025,0.13724850600000002,639,1.9127469,28.174337,-5.3431697,-10.630663,middle_80pct
JRqhE9jsamU.000,0.5140187,0.5833333,0.5714286,0.5048544,0.6,0.49464673,0.57044,0.5639394,0.48432457,0.57058173,0.01937197000000007,0.012893300000000107,0.007489199999999974,0.020529830000000027,0.02941826999999997,0.01794051400000003,640,2.0063758,25.463287,10.192638,-0.09152487,lowest_error_10pct
JVzG-zy9CO0.004,0.093457945,0.23958333,0.31868133,0.17475729,0.34444445,0.36957097,0.37453744,0.4320789,0.37070554,0.4799228,0.276113025,0.13495411,0.11339757,0.19594825,0.13547834999999997,0.171178261,641,2.183959,40.83604,-15.694517,-2.7360797,middle_80pct
JlMPF03b8SM.001,0.37383178,0.47916666,0.4945055,0.3398058,0.5777778,0.44798636,0.5029354,0.5544989,0.53439045,0.5357289,0.07415457999999997,0.02376874000000001,0.05999340000000003,0.19458464999999997,0.042048900000000056,0.07891005400000001,642,2.1405525,25.743244,3.9502919,2.4717352,middle_80pct
Jv2lyDcOmEM.001,0.18691589,0.13541667,0.25274727,0.23300971,0.25555557,0.49985445,0.49635342,0.5690154,0.48158652,0.5683518,0.31293856,0.36093675000000003,0.3162681299999999,0.24857681,0.31279622999999995,0.310303296,643,1.9419472,24.676075,5.8597994,5.0919213,highest_error_10pct
Jv2lyDcOmEM.002,0.18691589,0.125,0.16483517,0.03883495,0.13333334,0.47346386,0.44530335,0.4992426,0.42492285,0.51951754,0.28654797,0.32030335,0.33440742999999995,0.38608790000000004,0.3861842000000001,0.34270617000000003,644,1.9971322,25.3372,-1.6204507,7.699067,highest_error_10pct
Jv2lyDcOmEM.003,0.24299066,0.21875,0.23076923,0.23300971,0.17777778,0.46326193,0.46606395,0.5234635,0.44988382,0.5121902,0.22027127,0.24731395,0.29269427,0.21687410999999998,0.33441242000000004,0.262313204,645,1.9476554,22.102184,3.8974764,0.8334382,highest_error_10pct
Jv2lyDcOmEM.004,0.14018692,0.14583333,0.25274727,0.22330096,0.2888889,0.5195898,0.49215463,0.55852014,0.48791856,0.5511159,0.37940288,0.34632129999999994,0.30577287000000003,0.2646176,0.262227,0.31166833,646,2.038302,29.218409,2.89879,6.8963165,highest_error_10pct
Jv2lyDcOmEM.005,0.23364486,0.125,0.13186814,0.26213592,0.21111111,0.51575476,0.5104276,0.53818023,0.46872842,0.59499013,0.28210989999999997,0.3854276,0.40631209,0.20659249999999996,0.38387902,0.332864222,647,1.9729872,28.273375,1.0124469,8.285407,highest_error_10pct
JxxF9y61ujA.000,0.35514018,0.6770833,0.61538464,0.6407767,0.62222224,0.4498331,0.5554909,0.5999781,0.6294993,0.55139685,0.09469291999999996,0.12159240000000004,0.01540654000000008,0.011277399999999993,0.07082538999999999,0.06275893000000002,648,2.02077,26.522839,12.086719,1.3324118,middle_80pct
JxxF9y61ujA.001,0.28037384,0.44791666,0.4945055,0.4854369,0.46666667,0.48504484,0.5561723,0.5769311,0.58035475,0.56318647,0.204671,0.10825563999999993,0.08242560000000004,0.09491785000000003,0.09651979999999999,0.11735797799999999,649,1.8781742,22.649832,9.235233,1.4938195,middle_80pct
JxxF9y61ujA.003,0.45794392,0.6666667,0.6923077,0.5825243,0.5888889,0.4904356,0.5571111,0.6099452,0.5935911,0.5655735,0.03249168000000002,0.10955559999999998,0.0823625,0.011066800000000043,0.023315400000000097,0.051758396000000026,650,1.9214522,22.679007,9.423143,1.6865675,middle_80pct
JxxF9y61ujA.004,0.48598132,0.5833333,0.62637365,0.44660193,0.42222223,0.46123216,0.5383932,0.58075887,0.58340573,0.54259974,0.024749159999999992,0.04494010000000004,0.045614779999999966,0.13680379999999998,0.12037751000000002,0.07449707,651,2.0388405,27.601564,10.329546,6.2413816,middle_80pct
JxxF9y61ujA.005,0.47663552,0.6458333,0.5934066,0.52427185,0.6,0.49016795,0.6072644,0.6042228,0.63745433,0.59905434,0.01353243000000004,0.03856890000000002,0.010816199999999943,0.11318247999999997,0.0009456599999999593,0.03540913399999999,652,1.9337113,25.79495,8.643963,0.10848503,lowest_error_10pct
K5WDz2jxtuI.000,0.41121495,0.44791666,0.5494506,0.5436893,0.5,0.43582016,0.44183347,0.47632664,0.3934459,0.52738583,0.02460520999999999,0.006083190000000016,0.07312395999999999,0.15024340000000003,0.027385830000000055,0.05628831800000002,653,2.039415,25.698349,2.1062586,-3.3779097,middle_80pct
KH1PIMlztec.000,0.5233645,0.5520833,0.5934066,0.30097088,0.65555555,0.5822601,0.60733086,0.56017226,0.52274925,0.65589213,0.05889559999999994,0.05524755999999997,0.03323434000000003,0.22177837000000006,0.00033658000000003074,0.07389849000000001,654,1.9394277,20.505898,2.4057875,-4.839611,middle_80pct
KM6Nc_VipyQ.000,0.5981308,0.7083333,0.72527474,0.776699,0.8,0.4611431,0.526026,0.57626176,0.5494068,0.57086897,0.1369877,0.18230730000000006,0.14901298000000007,0.22729220000000006,0.22913103,0.18494624200000004,655,1.973315,26.68872,3.6188078,-0.94211763,highest_error_10pct
KM6Nc_VipyQ.001,0.5420561,0.7604167,0.7692308,0.6796116,0.67777777,0.50709856,0.5742233,0.565838,0.6248627,0.61091435,0.034957540000000065,0.18619339999999995,0.20339280000000004,0.05474889999999999,0.0668634199999999,0.109231212,656,1.9099921,26.917776,0.73085505,-2.640758,middle_80pct
KM6Nc_VipyQ.003,0.62616825,0.7291667,0.8131868,0.7669903,0.6666667,0.5105065,0.565766,0.5725615,0.57573104,0.6050673,0.11566175000000001,0.16340069999999995,0.24062530000000004,0.19125926000000004,0.06159939999999997,0.154509282,657,1.9525977,22.756073,1.913881,-3.8048716,middle_80pct
KM6Nc_VipyQ.005,0.49532712,0.6354167,0.6923077,0.6893204,0.75555557,0.47694364,0.5689125,0.5952773,0.6125768,0.61588115,0.018383480000000008,0.0665041999999999,0.09703039999999996,0.07674360000000002,0.13967441999999997,0.07966721999999997,658,1.8947074,29.52824,-1.7246505,-2.0209458,middle_80pct
KafUbLs_Fl8.000,0.36448598,0.6979167,0.36263737,0.44660193,0.5222222,0.5299448,0.6103539,0.615943,0.6871662,0.62734413,0.16545882,0.08756279999999994,0.25330563,0.24056426999999997,0.10512193000000003,0.17040269,659,1.9864085,31.32056,6.5027514,7.33805,middle_80pct
KahSwziq8F0.000,0.72897196,0.6145833,0.6923077,0.5436893,0.56666666,0.58183205,0.5596358,0.55312234,0.50988364,0.64432585,0.14713990999999993,0.05494750000000004,0.13918535999999992,0.03380566000000007,0.07765918999999999,0.09054752399999999,660,2.0443926,34.186714,-17.119871,-12.809295,middle_80pct
KahSwziq8F0.001,0.6168224,0.6458333,0.7692308,0.5436893,0.7222222,0.5805535,0.56579554,0.5551449,0.47265267,0.6558946,0.03626890000000005,0.08003776000000007,0.21408589999999994,0.07103663000000005,0.06632760000000004,0.09355135800000003,661,2.0393655,29.788685,-10.680168,-9.472587,middle_80pct
KahSwziq8F0.002,0.7943925,0.65625,0.62637365,0.5631068,0.64444447,0.5906333,0.5412101,0.56072664,0.4445514,0.6582889,0.20375919999999992,0.11503989999999997,0.06564700999999995,0.11855540000000003,0.013844429999999908,0.10336918799999995,662,1.9696633,31.283625,-17.15093,-12.000505,middle_80pct
KahSwziq8F0.003,0.5046729,0.4375,0.3956044,0.42718446,0.5,0.57860076,0.51649994,0.5337914,0.44061023,0.6054698,0.07392786000000007,0.07899993999999999,0.138187,0.013425770000000004,0.10546979999999995,0.08200207400000001,663,2.0453656,37.588882,-23.652147,-12.285284,middle_80pct
KahSwziq8F0.004,0.49532712,0.39583334,0.46153846,0.3592233,0.47777778,0.53078806,0.525781,0.50845534,0.45262915,0.62348956,0.035460939999999996,0.12994766000000008,0.04691688000000005,0.09340584999999996,0.14571178,0.09028862200000001,664,2.0366893,29.343437,-10.082386,-7.8022966,middle_80pct
Kbcvurfuvhk.000,0.37383178,0.36458334,0.5934066,0.592233,0.47777778,0.38621342,0.43308607,0.5080273,0.49929842,0.47435528,0.012381639999999972,0.06850273000000001,0.08537930000000005,0.09293457999999999,0.003422499999999995,0.052524150000000006,665,2.098024,21.387457,5.6912165,5.0540915,middle_80pct
Kbcvurfuvhk.001,0.3084112,0.4375,0.46153846,0.592233,0.53333336,0.50598425,0.56963205,0.6025963,0.5493948,0.5803289,0.19757305000000003,0.13213204999999995,0.14105784,0.04283820000000005,0.04699554000000006,0.11211933600000001,666,2.1267672,23.82187,9.3912115,0.044841655,middle_80pct
Kbcvurfuvhk.002,0.42990655,0.53125,0.62637365,0.5533981,0.53333336,0.47545037,0.53291583,0.5665896,0.51102936,0.59151244,0.04554382000000001,0.0016658299999999793,0.05978404999999998,0.042368740000000016,0.05817908000000005,0.04150830400000001,667,1.9521664,23.450342,3.4042768,-1.2660431,lowest_error_10pct
Kbcvurfuvhk.003,0.28037384,0.22916667,0.62637365,0.46601942,0.44444445,0.39411014,0.47766814,0.53278446,0.47293013,0.48035952,0.11373630000000001,0.24850147000000003,0.09358918999999999,0.006910709999999987,0.03591506999999999,0.099730548,668,1.9248974,22.774305,2.8160746,0.7180465,middle_80pct
Kbcvurfuvhk.004,0.26168224,0.38541666,0.46153846,0.44660193,0.37777779,0.4520398,0.49703234,0.5234828,0.4574613,0.5326193,0.19035755999999998,0.11161568,0.06194434000000004,0.010859370000000035,0.15484151000000002,0.105923692,669,1.9452828,21.99753,4.1070266,-0.4615535,middle_80pct
KfurkMyjD-c.000,0.55140185,0.5520833,0.5494506,0.49514562,0.67777777,0.54519063,0.65216416,0.64685386,0.623514,0.64077663,0.006211219999999962,0.10008085999999994,0.09740325999999999,0.12836838,0.03700113999999999,0.07381297199999998,670,1.976768,23.070215,8.211277,0.15202537,middle_80pct
KfurkMyjD-c.001,0.42056075,0.625,0.61538464,0.39805827,0.65555555,0.53746635,0.63021994,0.65339863,0.5855848,0.6229801,0.1169056,0.005219940000000034,0.03801398999999994,0.18752653000000002,0.03257544999999995,0.07604830199999998,671,1.8992404,21.188524,8.092457,-2.0589232,middle_80pct
KfurkMyjD-c.002,0.58878505,0.5520833,0.73626375,0.5631068,0.6666667,0.45319384,0.57467234,0.5951844,0.5562867,0.5682951,0.13559121000000002,0.02258903999999995,0.14107935000000005,0.006820099999999996,0.09837159999999989,0.08089025999999998,672,1.8725693,22.32529,6.59558,-2.229755,middle_80pct
KfurkMyjD-c.003,0.53271025,0.71875,0.6703297,0.49514562,0.62222224,0.51990485,0.6295437,0.6024252,0.5679224,0.6198668,0.012805400000000078,0.08920629999999996,0.06790450000000003,0.07277678000000004,0.0023554399999999864,0.04900968400000002,673,1.9326919,21.558746,7.1858153,-2.639635,middle_80pct
KfurkMyjD-c.004,0.40186915,0.5833333,0.71428573,0.47572815,0.7222222,0.5178868,0.6262982,0.6146103,0.61428046,0.6090889,0.11601764999999997,0.04296489999999997,0.0996754299999999,0.13855231,0.11313329999999999,0.10206871799999997,674,1.9206251,21.001007,7.6593604,0.11074962,middle_80pct
KfurkMyjD-c.005,0.40186915,0.5208333,0.5714286,0.42718446,0.6333333,0.4964554,0.5942499,0.5783543,0.5304664,0.58527726,0.09458624999999998,0.07341659999999994,0.006925700000000035,0.10328194000000002,0.04805603999999997,0.06525330599999998,675,2.0504005,22.369686,5.9856396,1.37752,middle_80pct
KiM9P_FJVHg.004,0.7383177,0.6770833,0.71428573,0.47572815,0.8666667,0.5413055,0.50552064,0.5710244,0.51900154,0.6309433,0.19701219999999997,0.1715626600000001,0.14326132999999996,0.04327338999999997,0.23572340000000003,0.158166596,676,2.017794,25.613102,1.7635005,0.097688794,middle_80pct
KiM9P_FJVHg.005,0.38317758,0.48958334,0.37362638,0.27184466,0.8333333,0.45632714,0.44463706,0.54572475,0.53700393,0.5635544,0.07314956,0.044946280000000005,0.17209837,0.26515927,0.26977890000000004,0.165026476,677,2.1401732,24.787111,-0.24522053,5.7679853,middle_80pct
Kmrd1MsZKmQ.000,0.5140187,0.5,0.5604396,0.4563107,0.64444447,0.568445,0.56052357,0.5863172,0.5272294,0.6386514,0.05442629999999993,0.06052356999999997,0.025877599999999945,0.07091869999999995,0.005793070000000067,0.043507847999999974,678,1.936333,19.28113,-1.0984075,-0.62385,lowest_error_10pct
Kmrd1MsZKmQ.001,0.35514018,0.5833333,0.4945055,0.65048546,0.5888889,0.5371388,0.57488286,0.5758729,0.5814659,0.64144254,0.18199862,0.008450440000000059,0.08136740000000003,0.06901955999999998,0.05255363999999996,0.078677932,679,1.9167013,19.33175,1.4615648,-2.232001,middle_80pct
Kmrd1MsZKmQ.002,0.38317758,0.38541666,0.48351648,0.52427185,0.44444445,0.5279058,0.5678726,0.58061415,0.5489688,0.6191535,0.14472821999999996,0.18245593999999993,0.09709767000000002,0.02469695000000005,0.17470905000000003,0.124737566,680,1.8689364,20.564669,0.9529743,-3.689537,middle_80pct
Kmrd1MsZKmQ.003,0.55140185,0.29166666,0.5824176,0.49514562,0.43333334,0.55525106,0.5765947,0.58388704,0.5641465,0.62278074,0.0038492100000000473,0.28492804,0.001469440000000044,0.06900087999999999,0.18944740000000004,0.10973899400000002,681,1.8669621,20.047237,0.5329857,-1.4662843,middle_80pct
Kmrd1MsZKmQ.004,0.53271025,0.6770833,0.63736266,0.57281554,0.65555555,0.5740622,0.60307527,0.59866923,0.5629919,0.6466327,0.041351949999999915,0.07400803,0.03869342999999992,0.009823640000000022,0.008922850000000038,0.034559979999999976,682,1.9847085,22.257801,0.77543324,-0.46809712,lowest_error_10pct
KppCIwj0hC4.000,0.38317758,0.53125,0.43956044,0.75728154,0.5777778,0.39064795,0.39724413,0.4547403,0.46431306,0.5099745,0.007470370000000004,0.13400587000000003,0.01517985999999999,0.29296848000000003,0.06780330000000001,0.10348557600000001,683,2.4012504,55.267212,-34.172543,-16.629318,middle_80pct
KppCIwj0hC4.002,0.6728972,0.625,0.73626375,0.5631068,0.7,0.5266195,0.5274212,0.54403657,0.53240824,0.6325856,0.14627769999999995,0.09757879999999997,0.19222717999999994,0.03069856000000004,0.06741439999999999,0.10683932799999998,684,2.0362568,36.655308,-22.625454,-14.553854,middle_80pct
KppCIwj0hC4.004,0.43925235,0.5,0.47252747,0.57281554,0.65555555,0.39320204,0.41586545,0.48873878,0.46515206,0.5056157,0.04605031000000004,0.08413454999999997,0.01621130999999998,0.10766348000000003,0.14993984999999999,0.08079990000000001,685,2.2493992,54.46903,-35.077553,-16.518278,middle_80pct
L4Jlm0vGsvc.000,0.69158876,0.6979167,0.6813187,0.63106793,0.73333335,0.5729097,0.61364174,0.5898225,0.59007376,0.65241057,0.11867906000000006,0.0842749599999999,0.09149620000000003,0.04099417000000005,0.08092277999999997,0.08327343400000001,686,1.9986587,23.981342,-0.41254473,-4.046091,middle_80pct
L4Jlm0vGsvc.001,0.7383177,0.6041667,0.6923077,0.6407767,0.7222222,0.61416036,0.62938154,0.60248846,0.5939771,0.6825412,0.12415734,0.02521484000000007,0.08981923999999997,0.04679959999999994,0.03968100000000008,0.065134404,687,2.0188026,28.813461,-2.1482308,-7.679861,middle_80pct
L4Jlm0vGsvc.002,0.6635514,0.59375,0.63736266,0.66019416,0.8,0.54877967,0.58051336,0.5907429,0.5714842,0.64844704,0.11477172999999996,0.013236640000000022,0.04661976000000001,0.08870995999999998,0.15155296000000007,0.08297821000000001,688,1.957093,24.414595,0.97504306,-6.674053,middle_80pct
L4Jlm0vGsvc.004,0.7383177,0.7604167,0.6813187,0.69902915,0.8,0.5662852,0.61505955,0.5980552,0.59376144,0.65614057,0.17203249999999992,0.14535714999999994,0.08326350000000005,0.10526771000000001,0.14385943,0.12995605799999999,689,1.8985876,23.518677,-0.7004555,-6.505195,middle_80pct
L5PkZA1ErYY.000,0.5140187,0.42708334,0.5494506,0.29126215,0.44444445,0.5060715,0.5406459,0.55060214,0.53535074,0.56088406,0.007947200000000043,0.11356256000000003,0.001151539999999951,0.24408859000000005,0.11643961000000003,0.09663790000000003,690,2.0771875,21.96971,4.3938465,0.249912,middle_80pct
L5PkZA1ErYY.001,0.3364486,0.5104167,0.5714286,0.3883495,0.4888889,0.4511594,0.508041,0.5261825,0.54686767,0.53381413,0.1147108,0.0023756999999999806,0.045246099999999956,0.15851817,0.04492522999999998,0.07315519999999999,691,1.9989189,25.836782,5.8240623,0.8374872,middle_80pct
L5PkZA1ErYY.002,0.36448598,0.33333334,0.35164836,0.41747573,0.54444444,0.5158064,0.5627288,0.5738556,0.60783553,0.602606,0.15132042,0.22939546000000005,0.22220724000000003,0.19035980000000002,0.058161559999999946,0.170288896,692,1.9580771,27.090673,7.2349463,-0.4141219,middle_80pct
L5PkZA1ErYY.003,0.317757,0.35416666,0.45054945,0.37864077,0.37777779,0.44588298,0.50021607,0.51892346,0.55586547,0.53289175,0.12812597999999997,0.14604941,0.06837400999999999,0.17722469999999996,0.15511396,0.13497761199999997,693,1.981921,23.20246,5.859297,-2.0435565,middle_80pct
L5PkZA1ErYY.005,0.41121495,0.5416667,0.5934066,0.4563107,0.6888889,0.48341674,0.5435013,0.56479776,0.60197216,0.56507814,0.07220178999999999,0.0018346000000000195,0.02860883999999997,0.14566145999999996,0.12381076000000002,0.07442349,694,1.9561206,24.710886,4.5894604,-2.288429,middle_80pct
LBKbubsgpE8.000,0.7570093,0.8125,0.7032967,0.8737864,0.87777776,0.5870378,0.6474281,0.6077583,0.65722513,0.6702576,0.16997149999999994,0.16507190000000005,0.09553840000000002,0.21656126999999992,0.20752015999999995,0.17093264599999997,695,1.9603631,23.871658,2.6165936,-5.0703,middle_80pct
LBKbubsgpE8.001,0.76635516,0.6145833,0.5604396,0.5339806,0.6,0.6035311,0.64260685,0.6106501,0.6233696,0.6863655,0.16282406000000005,0.028023549999999897,0.050210499999999936,0.08938899999999994,0.08636549999999998,0.08336252199999997,696,1.9257627,22.9039,1.8000436,-3.907322,middle_80pct
LBKbubsgpE8.002,0.74766356,0.7291667,0.6703297,0.6893204,0.6666667,0.61920863,0.67737925,0.6149433,0.6595531,0.69229877,0.12845492999999997,0.05178744999999996,0.05538640000000006,0.029767300000000052,0.025632070000000007,0.05820563000000001,697,1.9470404,22.917542,1.8632478,-7.71548,middle_80pct
LBKbubsgpE8.003,0.5607477,0.7395833,0.63736266,0.70873785,0.84444445,0.56949246,0.6195668,0.57614434,0.588062,0.6643936,0.008744760000000018,0.12001650000000008,0.06121831999999994,0.12067585000000003,0.18005084999999998,0.09814125600000001,698,1.9463985,22.149117,2.764699,-3.7778177,middle_80pct
LBKbubsgpE8.004,0.5981308,0.84375,0.63736266,0.6699029,0.7222222,0.5956636,0.62068135,0.59758484,0.63037896,0.6576729,0.0024672000000000027,0.22306864999999998,0.039777819999999964,0.039523939999999924,0.06454930000000003,0.07387738199999998,699,1.932791,21.606945,1.7232679,-5.5984783,middle_80pct
LBKbubsgpE8.005,0.8037383,0.78125,0.71428573,0.65048546,0.9111111,0.62900656,0.63466895,0.6121843,0.58179,0.6880215,0.17473174000000002,0.14658105,0.10210142999999994,0.06869545999999993,0.2230896,0.14303985599999997,700,1.9566159,27.27658,-6.145751,3.4536667,middle_80pct
LGPm8ok6kVo.000,0.42990655,0.5833333,0.53846157,0.57281554,0.5777778,0.56288695,0.6504058,0.6427569,0.57130194,0.64147127,0.1329804,0.06707249999999998,0.10429533000000002,0.0015136000000000038,0.06369347000000003,0.07391106,701,1.8712398,28.014479,5.9998083,-1.9017464,middle_80pct
LGPm8ok6kVo.001,0.48598132,0.625,0.6593407,0.60194176,0.73333335,0.5575843,0.656047,0.62277865,0.6010526,0.64746034,0.07160298000000004,0.031047000000000047,0.03656205000000001,0.0008891599999999444,0.08587301000000003,0.045194840000000014,702,1.8916754,24.733936,3.8177078,-3.273717,middle_80pct
LGPm8ok6kVo.005,0.53271025,0.625,0.47252747,0.63106793,0.65555555,0.53968227,0.62983084,0.61158955,0.5516687,0.62507975,0.006972019999999968,0.004830840000000003,0.13906208000000003,0.07939923000000004,0.030475799999999942,0.052147993999999996,703,1.8067113,26.484428,2.3930368,-3.2796435,middle_80pct
LNM1i-a9q_A.002,0.49532712,0.53125,0.6593407,0.5145631,0.5777778,0.49562216,0.55850226,0.57659787,0.5303844,0.58088017,0.00029503999999996866,0.027252260000000028,0.08274283000000004,0.015821299999999927,0.003102370000000021,0.02584276,704,2.0819705,20.820675,4.39295,-1.0246657,lowest_error_10pct
LNM1i-a9q_A.004,0.55140185,0.6458333,0.6813187,0.63106793,0.5777778,0.45548004,0.55651504,0.60109663,0.5826922,0.5665425,0.09592181,0.0893182600000001,0.08022207000000003,0.04837573000000006,0.011235300000000059,0.06501463400000004,705,1.9555589,23.240938,5.0185547,-2.996313,middle_80pct
LNM1i-a9q_A.005,0.55140185,0.7708333,0.5494506,0.6699029,0.5777778,0.46812487,0.57091975,0.6039768,0.6127012,0.57747704,0.08327697999999994,0.1999135500000001,0.05452619999999997,0.05720170000000002,0.000300760000000011,0.079043838,706,1.9399784,25.068193,3.3795972,-2.0032053,middle_80pct
LP5N5uPfTdA.003,0.49532712,0.6145833,0.62637365,0.407767,0.4888889,0.52431035,0.5493118,0.5783975,0.509985,0.61972785,0.028983230000000026,0.06527150000000004,0.047976149999999995,0.10221800000000003,0.13083894999999995,0.075057566,707,2.1499956,24.525719,-3.929586,-2.3804374,middle_80pct
LP5N5uPfTdA.004,0.48598132,0.5104167,0.62637365,0.5145631,0.65555555,0.5381408,0.5946821,0.61094844,0.53020334,0.642025,0.05215947999999998,0.08426540000000005,0.015425209999999967,0.015640239999999972,0.01353055000000003,0.036204176,708,2.107233,29.03968,-3.6462817,-3.1239648,lowest_error_10pct
LP5N5uPfTdA.005,0.45794392,0.6145833,0.5714286,0.5631068,0.62222224,0.5713911,0.63141,0.5501428,0.53629726,0.6606835,0.11344718000000004,0.016826699999999972,0.02128579999999991,0.02680954000000002,0.03846125999999994,0.04336609599999998,709,1.9480937,24.831638,-0.91287535,-5.8306017,lowest_error_10pct
L_gmlaz-0s4.000,0.5420561,0.5104167,0.7692308,0.5436893,0.5,0.3972925,0.43504533,0.50934243,0.39136267,0.50417835,0.14476360000000005,0.07537136999999994,0.25988837,0.15232663000000002,0.004178349999999997,0.12730566399999999,710,2.083503,32.42143,-2.6500332,11.68426,middle_80pct
L_gmlaz-0s4.001,0.53271025,0.5104167,0.5714286,0.47572815,0.44444445,0.38355818,0.5056171,0.5607725,0.50150144,0.5006271,0.14915207000000003,0.004799599999999904,0.010656099999999946,0.02577328999999995,0.05618265,0.049312741999999965,711,1.940761,28.517857,3.736413,-0.45332423,middle_80pct
L_gmlaz-0s4.002,0.36448598,0.25,0.45054945,0.26213592,0.34444445,0.23253056,0.20660925,0.33266205,0.21096441,0.30313528,0.13195542,0.043390750000000006,0.11788740000000003,0.05117151000000003,0.041309170000000006,0.07714285000000001,712,2.9067247,58.51528,-24.690357,39.058315,middle_80pct
L_gmlaz-0s4.003,0.5233645,0.59375,0.6813187,0.57281554,0.53333336,0.31918424,0.36496124,0.5031987,0.4305715,0.42071056,0.20418026,0.22878875999999998,0.17812000000000006,0.14224404000000002,0.11262279999999997,0.17319117200000003,713,2.0466018,29.973783,-0.039365303,14.76631,middle_80pct
L_gmlaz-0s4.004,0.47663552,0.5520833,0.46153846,0.4854369,0.5777778,0.4094934,0.46341765,0.5255982,0.43835354,0.5170884,0.06714211999999997,0.08866565000000004,0.06405974000000003,0.04708336000000002,0.060689400000000004,0.06552805400000002,714,2.089528,28.107918,5.1473427,7.8432045,middle_80pct
L_gmlaz-0s4.005,0.46728972,0.42708334,0.52747256,0.47572815,0.5222222,0.29998997,0.35667118,0.45789942,0.38933557,0.43147612,0.16729975000000002,0.07041216,0.06957313999999998,0.08639258,0.09074607999999995,0.096884742,715,2.3075466,39.268,-4.330171,28.069403,middle_80pct
LaxnVuOM6kE.002,0.36448598,0.44791666,0.5604396,0.4368932,0.42222223,0.42461038,0.4788288,0.5413002,0.4632497,0.54824203,0.06012440000000002,0.030912139999999977,0.01913940000000003,0.026356500000000005,0.12601980000000007,0.05251044800000002,716,1.8862927,23.84356,-2.6082053,-1.2975769,middle_80pct
LeQKH1vAVpg.000,0.44859812,0.4375,0.5714286,0.6407767,0.64444447,0.47672236,0.595433,0.60994947,0.65598184,0.5967546,0.028124240000000023,0.157933,0.03852087000000004,0.015205140000000061,0.04768987000000002,0.05749462400000003,717,2.1267521,27.993294,2.8620932,2.9921436,middle_80pct
LeQKH1vAVpg.001,0.635514,0.6041667,0.6703297,0.79611653,0.4888889,0.46689108,0.57841384,0.61648107,0.6154161,0.5408215,0.16862292,0.02575285999999999,0.053848630000000064,0.18070043000000002,0.05193259999999994,0.096171488,718,2.1033714,24.88233,6.350161,3.7065248,middle_80pct
LeQKH1vAVpg.002,0.39252338,0.48958334,0.48351648,0.61165047,0.51111114,0.43200672,0.5574158,0.5802661,0.60854304,0.5648561,0.03948334000000003,0.06783246000000004,0.09674961999999998,0.003107429999999911,0.05374495999999995,0.05218356199999998,719,2.0803075,23.720356,8.694196,-1.3383377,middle_80pct
LeQKH1vAVpg.003,0.48598132,0.6041667,0.45054945,0.66019416,0.5,0.44253406,0.54202676,0.5745078,0.5849498,0.53976107,0.04344725999999999,0.062139939999999894,0.12395835,0.07524436000000001,0.039761069999999954,0.06891019599999997,720,1.9627924,23.411808,4.9640636,7.2647824,middle_80pct
LeQKH1vAVpg.004,0.3084112,0.38541666,0.37362638,0.6213592,0.37777779,0.46849227,0.63239497,0.63199115,0.71379286,0.574784,0.16008107,0.24697830999999998,0.25836476999999997,0.09243365999999997,0.19700620999999996,0.190972804,721,2.0944808,23.845467,10.535,0.024683923,highest_error_10pct
LeQKH1vAVpg.005,0.53271025,0.6458333,0.5604396,0.7281553,0.56666666,0.45068827,0.5792463,0.6056129,0.6429543,0.5434258,0.08202198000000005,0.06658700000000006,0.04517329999999997,0.08520099999999997,0.02324086000000003,0.06044482800000002,722,1.9210796,21.09316,3.488678,6.439806,middle_80pct
LsqAIHhFpLE.002,0.57009345,0.48958334,0.5494506,0.4854369,0.54444444,0.5170083,0.52863944,0.5647435,0.5220471,0.58692104,0.053085150000000025,0.03905609999999998,0.015292899999999943,0.03661019999999998,0.042476599999999975,0.03730418999999998,723,2.0633304,19.45335,-4.086666,-3.8599148,lowest_error_10pct
Lz3suTodXQM.002,0.5794392,0.59375,0.71428573,0.52427185,0.5555556,0.57732177,0.6372214,0.6277489,0.6868396,0.64891475,0.0021174300000000867,0.04347140000000005,0.0865368299999999,0.16256775,0.09335914999999995,0.07761051199999999,724,2.1114917,22.678751,11.2345085,-0.4775867,middle_80pct
Lz3suTodXQM.005,0.41121495,0.5208333,0.5714286,0.4563107,0.54444444,0.59073293,0.66272926,0.6663983,0.7077105,0.6701936,0.17951798000000002,0.14189595999999993,0.09496970000000005,0.2513998,0.12574915999999992,0.15870652,725,2.1836197,22.27237,10.779397,-0.90653086,middle_80pct
M39PNQ8Omhc.001,0.5794392,0.53125,0.53846157,0.57281554,0.56666666,0.49571025,0.49193642,0.53225803,0.5353372,0.5880306,0.08372895000000002,0.039313580000000015,0.006203539999999896,0.037478340000000054,0.02136393999999997,0.03761766999999999,726,1.9857194,24.07495,-7.6458635,-5.136059,lowest_error_10pct
M39PNQ8Omhc.002,0.5420561,0.59375,0.5494506,0.5825243,0.5888889,0.51712173,0.52679276,0.53371763,0.53422195,0.6064308,0.024934370000000095,0.06695724000000003,0.015732969999999957,0.04830235000000005,0.0175419,0.03469376600000003,727,1.9298503,19.729269,-3.8792312,-3.9633565,lowest_error_10pct
M39PNQ8Omhc.005,0.47663552,0.5729167,0.6043956,0.69902915,0.64444447,0.5364086,0.5769354,0.5964687,0.6285759,0.6139791,0.059773080000000034,0.004018700000000042,0.00792690000000007,0.07045325000000002,0.030465370000000047,0.034527460000000045,728,1.9953773,21.216637,-5.1772156,-3.8856509,lowest_error_10pct
M56UFrEgXnI.000,0.25233644,0.33333334,0.14285715,0.3106796,0.5222222,0.38567525,0.37125063,0.4358516,0.34823135,0.44234714,0.13333881000000003,0.03791729000000005,0.29299445,0.037551749999999995,0.07987505999999994,0.11633547200000001,729,2.5748885,49.522312,-22.405264,13.6557045,middle_80pct
M56UFrEgXnI.002,0.3364486,0.30208334,0.3846154,0.4854369,0.47777778,0.4110695,0.43487513,0.49807033,0.42229915,0.5213709,0.07462089999999999,0.13279179000000002,0.11345493000000001,0.06313774999999999,0.043593119999999985,0.085519698,730,1.9629358,19.147123,-2.8892283,-0.60130274,middle_80pct
M56UFrEgXnI.004,0.35514018,0.5,0.52747256,0.37864077,0.6,0.46594778,0.48456636,0.5243031,0.4649787,0.53851146,0.11080759999999995,0.015433640000000026,0.0031694599999999573,0.08633793000000001,0.061488539999999925,0.055447433999999976,731,1.9405323,21.494179,-6.080657,-3.0583518,middle_80pct
M5_x5J-H2I0.001,0.60747665,0.5208333,0.50549453,0.41747573,0.7777778,0.543757,0.5182304,0.54231465,0.49450973,0.61691916,0.0637196499999999,0.0026029000000000746,0.03682012000000001,0.07703399999999999,0.16085863999999994,0.06820706199999998,732,2.2302804,24.773489,-4.3353157,0.25348482,middle_80pct
M5_x5J-H2I0.002,0.47663552,0.42708334,0.5604396,0.6213592,0.5555556,0.55698574,0.56978744,0.5866083,0.58816844,0.6439429,0.08035022000000003,0.14270410000000006,0.026168699999999934,0.033190759999999986,0.08838729999999995,0.07416021599999999,733,2.0754464,24.121794,-4.6143904,-4.186427,middle_80pct
M5_x5J-H2I0.003,0.46728972,0.4375,0.4065934,0.4563107,0.65555555,0.50236976,0.46423808,0.4945,0.4131403,0.5521133,0.03508003999999998,0.026738079999999997,0.0879066,0.0431704,0.10344224999999996,0.05926747399999999,734,2.1731446,29.229511,-12.777721,-3.8897955,middle_80pct
MD9yyz-OSRs.001,0.46728972,0.42708334,0.37362638,0.37864077,0.62222224,0.4216675,0.5088622,0.55134815,0.48119926,0.5406839,0.04562222000000005,0.08177886000000006,0.17772177000000006,0.10255849,0.08153834000000004,0.09784393600000005,735,2.0052443,26.027208,-0.94437,-1.2914658,middle_80pct
MD9yyz-OSRs.002,0.5794392,0.6666667,0.4945055,0.46601942,0.6,0.48582923,0.5637824,0.5619746,0.4967291,0.58563185,0.09360997000000004,0.10288429999999993,0.0674691,0.03070967999999996,0.014368150000000024,0.06180823999999999,736,2.0248518,28.038914,-9.696735,-4.095797,middle_80pct
MD9yyz-OSRs.004,0.48598132,0.53125,0.4065934,0.4563107,0.54444444,0.526293,0.6189897,0.6142104,0.5466149,0.6175773,0.040311680000000016,0.08773969999999998,0.20761700000000005,0.0903042,0.07313285999999997,0.099821088,737,1.7765948,24.925922,-3.804671,-4.336882,middle_80pct
MD9yyz-OSRs.005,0.6448598,0.7083333,0.72527474,0.5436893,0.8888889,0.51646787,0.5972648,0.60882103,0.55122274,0.61588395,0.12839192999999993,0.11106850000000001,0.11645371000000004,0.007533440000000002,0.27300495,0.127290506,738,1.9963013,27.482685,-0.749469,-3.5016358,middle_80pct
MDTC4y4ZrSM.000,0.42990655,0.6041667,0.50549453,0.44660193,0.64444447,0.52818817,0.6029147,0.5657032,0.57439893,0.6309215,0.09828161999999996,0.0012519999999999198,0.060208669999999964,0.127797,0.013522970000000023,0.06021245199999997,739,1.9498452,24.681835,5.6473665,-2.94119,middle_80pct
MVwxnf6L8po.004,0.5607477,0.5833333,0.61538464,0.42718446,0.5777778,0.6091304,0.59120095,0.58820605,0.5862141,0.67647344,0.0483827,0.007867649999999893,0.027178590000000002,0.15902963999999997,0.09869563999999997,0.06823084399999997,740,2.031574,24.892498,2.3779652,-2.7050736,middle_80pct
MbufNmC0JL0.001,0.74766356,0.71875,0.7582418,0.7184466,0.8,0.49170545,0.5529648,0.58860177,0.556359,0.601998,0.25595811,0.16578519999999997,0.16964002999999994,0.1620876,0.198002,0.190294588,741,1.8782647,22.111261,3.8349452,-2.7487142,highest_error_10pct
MbufNmC0JL0.004,0.44859812,0.5,0.48351648,0.65048546,0.5888889,0.47672802,0.5075313,0.5852137,0.5411147,0.5545273,0.028129899999999985,0.0075313000000000185,0.10169721999999992,0.10937076000000001,0.0343616000000001,0.056218156000000005,742,1.8555611,23.058699,0.74117804,3.5627475,middle_80pct
MlBwEhjftAw.004,0.44859812,0.5520833,0.52747256,0.5631068,0.5,0.40033647,0.51707506,0.51078284,0.42676452,0.5131635,0.04826164999999999,0.035008240000000024,0.01668972000000002,0.13634228000000004,0.013163499999999995,0.049893078000000014,743,1.8638668,29.486382,3.6198573,-2.544455,middle_80pct
N0s2M3bJkUk.002,0.7009346,0.65625,0.7692308,0.6407767,0.6111111,0.5576733,0.5650871,0.5775676,0.5980499,0.62483865,0.14326129999999992,0.09116290000000005,0.19166320000000003,0.042726799999999954,0.013727550000000033,0.09650834999999999,744,1.9816805,19.863153,1.5595273,-3.2151966,middle_80pct
N0s2M3bJkUk.003,0.7009346,0.8541667,0.7032967,0.78640777,0.8111111,0.54254377,0.5899236,0.61124665,0.62960684,0.6024933,0.15839082999999998,0.26424309999999995,0.09205005,0.15680092999999995,0.20861779999999996,0.17602054199999997,745,2.113748,21.120964,2.6660445,1.7346392,middle_80pct
N0s2M3bJkUk.004,0.60747665,0.6145833,0.62637365,0.6407767,0.6,0.5473123,0.5894598,0.60217464,0.6279736,0.63505757,0.06016434999999998,0.025123500000000076,0.02419901000000002,0.012803099999999956,0.03505756999999998,0.031469506,746,2.0673578,22.290955,2.4187782,0.63211876,lowest_error_10pct
N0s2M3bJkUk.005,0.6635514,0.47916666,0.64835167,0.60194176,0.7,0.55746746,0.5764887,0.6233791,0.67685974,0.62678725,0.10608393999999999,0.09732203999999994,0.024972570000000083,0.07491798000000005,0.07321274999999994,0.075301856,747,2.09113,22.832323,5.531313,-2.5098886,middle_80pct
N7oR6_oMBFk.000,0.6728972,0.7708333,0.5824176,0.6699029,0.74444443,0.4457949,0.52982855,0.5830314,0.555238,0.55936325,0.22710229999999998,0.2410047500000001,0.0006137999999999977,0.11466489999999996,0.18508118000000007,0.15369338600000002,748,1.9277757,21.214914,1.7628769,-3.2352457,middle_80pct
N7oR6_oMBFk.001,0.5140187,0.625,0.6043956,0.7184466,0.7,0.4628593,0.58719736,0.5928874,0.63104254,0.6088578,0.05115940000000008,0.03780264,0.01150820000000008,0.08740406,0.09114219999999995,0.05580330000000002,749,1.9164385,21.325733,3.3291168,-3.2149436,middle_80pct
N7oR6_oMBFk.002,0.48598132,0.53125,0.7032967,0.52427185,0.6111111,0.4629442,0.56160533,0.59671205,0.5856675,0.5794032,0.023037120000000022,0.030355330000000014,0.10658464999999995,0.061395650000000024,0.03170790000000001,0.05061613,750,2.0101266,21.390182,3.161845,-2.9778166,middle_80pct
N7oR6_oMBFk.003,0.8317757,0.75,0.7692308,0.63106793,0.5888889,0.44288307,0.5163721,0.50670475,0.47058937,0.549805,0.38889263,0.2336279,0.26252604999999996,0.16047856000000005,0.03908390000000006,0.21692180800000002,751,2.1373162,26.611591,-12.90501,-4.531368,highest_error_10pct
N7oR6_oMBFk.004,0.5981308,0.6666667,0.6703297,0.5339806,0.6333333,0.48697102,0.5649037,0.57178825,0.541579,0.6196032,0.11115977999999999,0.10176299999999994,0.09854145000000003,0.007598400000000005,0.013730099999999967,0.06655854599999998,752,1.9280604,20.780811,-4.2555704,-5.280965,middle_80pct
NDBCrVvp0Vg.000,0.635514,0.6666667,0.4945055,0.5533981,0.74444443,0.5165766,0.5520896,0.50649697,0.46643478,0.6029918,0.11893739999999997,0.11457709999999999,0.01199147000000006,0.08696332000000001,0.14145263000000008,0.09478438400000003,753,2.1939638,27.694012,-13.376553,-1.955389,middle_80pct
NDBCrVvp0Vg.003,0.5233645,0.53125,0.42857143,0.5145631,0.5555556,0.52662534,0.5392498,0.5317403,0.49772596,0.5963819,0.0032608400000000426,0.007999800000000001,0.10316887000000008,0.016837140000000028,0.04082629999999998,0.03441859000000003,754,2.130822,24.311003,-4.825797,-3.778093,lowest_error_10pct
NDC375coN1o.000,0.44859812,0.6041667,0.52747256,0.407767,0.43333334,0.40000713,0.41614532,0.49875048,0.39904356,0.48933583,0.04859099,0.18802137999999996,0.028722079999999983,0.008723439999999971,0.056002490000000016,0.06601207599999999,755,2.3038273,30.234587,-12.631304,1.3307687,middle_80pct
NDC375coN1o.001,0.3364486,0.22916667,0.32967034,0.29126215,0.2888889,0.368756,0.37552166,0.45575762,0.3881253,0.47125542,0.032307399999999986,0.14635499,0.12608727999999997,0.09686315000000001,0.18236651999999998,0.116795868,756,2.3957136,37.742016,-15.961288,4.348537,middle_80pct
NDC375coN1o.002,0.1495327,0.09375,0.2747253,0.116504855,0.41111112,0.34166172,0.3251719,0.3997935,0.30469972,0.43276536,0.19212902,0.2314219,0.12506820000000002,0.188194865,0.02165423999999999,0.15169364500000002,757,3.0104854,58.866016,-29.682253,8.78819,middle_80pct
NDC375coN1o.003,0.2897196,0.3125,0.42857143,0.3592233,0.25555557,0.3850968,0.40725154,0.4976654,0.40142667,0.4919024,0.0953772,0.09475154000000002,0.06909397,0.04220336999999996,0.23634683,0.10755458199999998,758,2.1296942,24.958727,-7.424595,0.09543219,middle_80pct
NDC375coN1o.004,0.35514018,0.35416666,0.46153846,0.3592233,0.4,0.4306716,0.46961224,0.5525381,0.46164775,0.49352852,0.07553141999999996,0.11544557999999999,0.09099964000000005,0.10242445,0.09352852,0.095585922,759,2.084197,22.433634,-1.2993116,-0.73124105,middle_80pct
NDC375coN1o.005,0.2990654,0.3125,0.47252747,0.29126215,0.47777778,0.38408267,0.3387595,0.44092962,0.29552576,0.42040277,0.08501727000000003,0.02625949999999999,0.03159784999999998,0.004263610000000029,0.057375010000000004,0.04090264800000001,760,2.4674385,41.907528,-23.227545,0.28664264,lowest_error_10pct
NOrjfF0-pQ4.000,0.46728972,0.6458333,0.5714286,0.63106793,0.54444444,0.45304582,0.52671134,0.57150507,0.58271146,0.567817,0.014243900000000032,0.11912196000000008,7.646999999999515e-05,0.048356470000000096,0.023372559999999987,0.04103427200000004,761,1.9297845,21.789555,3.3786414,-1.1190381,lowest_error_10pct
NOrjfF0-pQ4.004,0.2990654,0.5,0.50549453,0.65048546,0.43333334,0.40985274,0.47867525,0.54044235,0.6045796,0.5285305,0.11078734000000001,0.021324750000000003,0.03494781999999996,0.045905859999999965,0.09519716,0.06163258599999999,762,2.0525424,25.223866,3.466208,-0.47706223,middle_80pct
NOrjfF0-pQ4.005,0.45794392,0.5729167,0.63736266,0.70873785,0.5222222,0.42827082,0.5158895,0.54735535,0.61925423,0.5546628,0.029673100000000008,0.057027199999999945,0.09000730999999995,0.08948361999999999,0.03244060000000004,0.05972636599999999,763,2.0625806,23.176804,5.4332123,-1.610357,middle_80pct
N_PICgkFxAM.002,0.5233645,0.5833333,0.47252747,0.44660193,0.6333333,0.5844638,0.6586665,0.6391769,0.6154504,0.6930086,0.06109929999999997,0.07533319999999999,0.16664943000000004,0.16884846999999997,0.05967529999999999,0.10632114,764,1.987137,30.363245,5.9809628,-2.6197205,middle_80pct
NoHext7JXYU.000,0.55140185,0.6145833,0.6703297,0.42718446,0.6111111,0.4951571,0.5731037,0.5786114,0.4958138,0.61540604,0.056244749999999955,0.04147960000000006,0.09171830000000003,0.06862934000000004,0.004294939999999969,0.05247338600000001,765,2.0474768,23.561369,-5.5732613,-0.6358873,middle_80pct
NoHext7JXYU.002,0.53271025,0.47916666,0.61538464,0.4368932,0.42222223,0.5581267,0.6131466,0.5864133,0.5464587,0.6483524,0.025416449999999924,0.13397993999999996,0.028971340000000012,0.10956549999999998,0.22613017000000007,0.10481267999999999,766,2.1330504,25.594748,-4.2058935,0.8512023,middle_80pct
NoHext7JXYU.003,0.5140187,0.59375,0.6043956,0.52427185,0.6666667,0.51518935,0.6008243,0.60175717,0.5508656,0.6282292,0.0011706499999999398,0.007074299999999978,0.0026384300000000804,0.02659374999999997,0.0384374999999999,0.015182925999999975,767,2.042588,22.777493,1.1960567,-1.555084,lowest_error_10pct
NoHext7JXYU.004,0.55140185,0.42708334,0.5824176,0.47572815,0.4888889,0.44800085,0.53950465,0.5696974,0.54472667,0.5728584,0.10340099999999997,0.11242131000000005,0.01272019999999996,0.06899851999999995,0.08396949999999997,0.07630210599999998,768,2.01104,23.949825,-4.518918,-0.20227987,middle_80pct
NoHext7JXYU.005,0.39252338,0.5208333,0.6593407,0.5436893,0.6111111,0.48874685,0.5738354,0.60115004,0.56256354,0.60943997,0.09622347000000003,0.05300209999999994,0.05819065999999995,0.01887423999999993,0.0016711299999999651,0.045592319999999964,769,2.1703093,24.350632,1.3865716,-0.819092,middle_80pct
NpMRzuRmeDQ.002,0.55140185,0.45833334,0.45054945,0.57281554,0.65555555,0.44798225,0.45860237,0.47837907,0.4279415,0.51739645,0.10341959999999994,0.00026903000000000343,0.02782962,0.14487404000000004,0.13815909999999998,0.08291027799999999,770,2.0201726,23.020063,-6.3244085,2.5906358,middle_80pct
Nv0-x4K9YFI.000,0.21495327,0.14583333,0.2857143,0.18446602,0.24444444,0.3567369,0.39250475,0.47034425,0.3907062,0.45043823,0.14178363000000002,0.24667142,0.18462995000000004,0.20624018,0.20599378999999998,0.19706379400000001,771,2.2428167,24.192142,-6.29092,7.2584085,highest_error_10pct
Nv0-x4K9YFI.001,0.23364486,0.46875,0.5494506,0.407767,0.5555556,0.37246078,0.40356004,0.43430784,0.3529555,0.45281512,0.13881591999999998,0.06518995999999999,0.11514276000000001,0.05481150000000001,0.10274048000000002,0.095340124,772,2.1159027,28.114832,-12.24539,-0.4546681,middle_80pct
Nv0-x4K9YFI.002,0.26168224,0.3125,0.4065934,0.2815534,0.3888889,0.40299577,0.41358343,0.43524924,0.35751182,0.47775954,0.14131352999999997,0.10108342999999997,0.028655839999999988,0.07595841999999997,0.08887064,0.08717637199999997,773,2.258554,29.12347,-16.12569,7.7454605,middle_80pct
Nv0-x4K9YFI.003,0.2897196,0.40625,0.3846154,0.2815534,0.42222223,0.375423,0.44352522,0.4893059,0.43452984,0.45526117,0.08570339999999999,0.03727522,0.10469050000000002,0.15297644,0.03303894000000002,0.0827369,774,1.837412,22.712788,-0.21427105,-0.43508008,middle_80pct
Nv0-x4K9YFI.004,0.19626169,0.39583334,0.45054945,0.3398058,0.33333334,0.2884596,0.31678516,0.39474177,0.3266105,0.36845803,0.09219791,0.07904817999999997,0.055807680000000026,0.013195299999999965,0.035124690000000014,0.05507475199999999,775,2.3211327,34.335453,-18.771706,14.491608,middle_80pct
Nv0-x4K9YFI.005,0.20560747,0.375,0.30769232,0.2038835,0.2777778,0.43318325,0.48681444,0.510115,0.43117097,0.5003935,0.22757578000000003,0.11181444000000001,0.20242267999999997,0.22728747,0.22261570000000003,0.19834321400000002,776,1.9653885,22.507528,-1.5313687,2.8052115,highest_error_10pct
NvJ4jRPUuS0.001,0.3084112,0.44791666,0.4945055,0.30097088,0.53333336,0.45009655,0.50631034,0.5286527,0.4483142,0.532808,0.14168535,0.05839367999999995,0.03414719999999999,0.14734332,0.0005253600000000302,0.076418982,777,2.0434253,23.006872,-6.3831277,-4.563356,middle_80pct
NvwD448H-40.001,0.46728972,0.4375,0.5494506,0.5339806,0.47777778,0.33994603,0.32960004,0.41837382,0.33358702,0.42397854,0.12734369,0.10789996000000002,0.13107678,0.20039358000000002,0.05379923999999997,0.12410265000000002,778,2.1311686,33.39655,-5.558182,10.873926,middle_80pct
O7h-kf7hPIU.001,0.682243,0.71875,0.48351648,0.70873785,0.76666665,0.6073052,0.6359477,0.58231765,0.6416786,0.7124695,0.07493780000000005,0.0828023,0.09880117,0.06705925000000001,0.05419715000000003,0.07555953400000001,779,1.9680077,24.15995,-5.722799,-9.676491,middle_80pct
O7h-kf7hPIU.003,0.69158876,0.5625,0.4945055,0.5825243,0.7888889,0.64062226,0.6608253,0.6155529,0.6236145,0.7060001,0.050966500000000026,0.09832529999999995,0.12104739999999997,0.041090199999999966,0.08288879999999998,0.07886363999999998,780,1.9312607,22.123104,1.4157137,-5.813731,middle_80pct
O7h-kf7hPIU.005,0.7383177,0.75,0.53846157,0.5825243,0.84444445,0.6494684,0.65242195,0.60051155,0.5781271,0.72787535,0.08884930000000002,0.09757804999999997,0.06204998000000006,0.00439719999999999,0.11656909999999998,0.073888726,781,1.952383,27.099201,-8.721957,-11.698872,middle_80pct
O8L2pHEIcuo.000,0.62616825,0.6875,0.64835167,0.69902915,0.6,0.609378,0.70485175,0.6364634,0.6872257,0.6900139,0.016790250000000007,0.01735175,0.011888270000000034,0.011803449999999938,0.09001389999999998,0.029569523999999993,782,1.9901804,26.581062,9.650463,-0.38942537,lowest_error_10pct
O8L2pHEIcuo.004,0.6542056,0.6145833,0.63736266,0.7378641,0.64444447,0.5880732,0.70202386,0.63252664,0.68960565,0.6862128,0.06613240000000009,0.08744056,0.004836019999999941,0.048258450000000064,0.04176832999999991,0.049687152,783,2.1511953,26.148867,10.873198,0.22142893,middle_80pct
OD3cfWeJaOY.000,0.6448598,0.6354167,0.63736266,0.6699029,0.6333333,0.57471955,0.6485448,0.6221937,0.69499815,0.65980756,0.07014025000000002,0.013128100000000087,0.015168960000000009,0.025095250000000013,0.02647425999999997,0.03000136400000002,784,1.9455206,23.561398,-0.7144664,-7.3014073,lowest_error_10pct
OD3cfWeJaOY.002,0.74766356,0.7708333,0.64835167,0.83495146,0.74444443,0.62863195,0.6741637,0.6244006,0.66096896,0.70870525,0.11903160999999995,0.09666960000000002,0.023951070000000074,0.17398249999999993,0.03573918000000009,0.08987479200000001,785,1.922449,30.513885,-12.639309,-11.274599,middle_80pct
OD3cfWeJaOY.003,0.5794392,0.6770833,0.61538464,0.6893204,0.53333336,0.5886357,0.64844894,0.61854005,0.7009629,0.688864,0.00919649999999994,0.02863436000000008,0.0031554099999999696,0.0116425,0.15553064000000005,0.04163188200000001,786,2.0037026,25.284319,-2.1278157,-7.4300632,lowest_error_10pct
OD3cfWeJaOY.004,0.5046729,0.6875,0.53846157,0.7281553,0.51111114,0.6421446,0.7130023,0.6523083,0.7595881,0.74095297,0.13747169999999997,0.025502299999999978,0.11384673000000001,0.03143280000000004,0.22984183000000002,0.10761907200000001,787,1.9811215,25.781523,-1.1046011,-8.503099,middle_80pct
OD3cfWeJaOY.005,0.48598132,0.5833333,0.45054945,0.6893204,0.51111114,0.67150354,0.7108228,0.65254307,0.7072881,0.7513867,0.18552222000000002,0.12748949999999992,0.20199361999999998,0.01796769999999992,0.24027555999999994,0.15464971999999994,788,1.9280807,23.068548,-2.5341914,-7.090638,middle_80pct
OLFhKCgexRU.000,0.69158876,0.9479167,0.7582418,0.9708738,0.9,0.5645426,0.63790345,0.6566151,0.7297141,0.6349897,0.12704616000000002,0.3100132499999999,0.10162669999999996,0.24115969999999998,0.26501030000000003,0.208971222,789,1.9101478,24.142324,11.039544,0.38583866,highest_error_10pct
OLFhKCgexRU.001,0.53271025,0.65625,0.6923077,0.80582523,0.62222224,0.5206075,0.6343751,0.6455778,0.7375983,0.63449395,0.012102750000000051,0.02187490000000003,0.04672989999999999,0.06822692999999991,0.012271709999999936,0.032241237999999985,790,2.0356746,23.555994,9.997074,1.0020524,lowest_error_10pct
OLFhKCgexRU.002,0.55140185,0.7291667,0.64835167,0.8640777,0.7111111,0.59560597,0.6744324,0.6641878,0.6773442,0.67084724,0.04420412000000007,0.0547342999999999,0.01583612999999995,0.1867335,0.04026386000000004,0.06835438199999999,791,2.1345284,24.007784,11.097095,0.27026668,middle_80pct
OLFhKCgexRU.003,0.40186915,0.65625,0.52747256,0.6699029,0.6111111,0.51154184,0.5771717,0.60284036,0.67753756,0.61894757,0.10967269000000002,0.07907830000000005,0.07536779999999998,0.007634660000000015,0.007836469999999984,0.05591798400000001,792,2.0225422,22.688444,8.010309,0.65516245,middle_80pct
OLFhKCgexRU.004,0.5140187,0.6875,0.7582418,0.776699,0.76666665,0.5256862,0.6047711,0.6511581,0.72641325,0.59861475,0.011667499999999942,0.0827289,0.1070837,0.05028575000000002,0.16805190000000003,0.08396355,793,1.9734056,23.872662,10.2398,-0.12740526,middle_80pct
OLFhKCgexRU.005,0.6448598,1.0,0.8131868,0.8446602,0.74444443,0.5498396,0.6465358,0.6421333,0.6841881,0.62294495,0.0950202,0.3534642,0.17105349999999997,0.1604721,0.12149947999999999,0.180301896,794,1.9063826,24.54397,10.023411,0.522537,highest_error_10pct
OMTlpgrJYFk.004,0.6448598,0.6770833,0.61538464,0.6699029,0.76666665,0.5921452,0.67144203,0.6186647,0.59886503,0.6865737,0.052714599999999945,0.0056412700000000315,0.003280059999999918,0.07103786999999995,0.08009295000000005,0.042553349999999976,795,1.889443,22.301538,2.6524305,-4.3383527,lowest_error_10pct
OcS4H_dFeOc.000,0.5794392,0.5104167,0.52747256,0.36893204,0.5777778,0.36528295,0.42461365,0.48422658,0.4066931,0.48209837,0.21415625000000005,0.08580304999999994,0.04324597999999996,0.03776105999999996,0.09567943000000001,0.09532915399999999,796,1.9962643,27.047928,-6.554034,-1.3148767,middle_80pct
OcS4H_dFeOc.001,0.44859812,0.5104167,0.3846154,0.2815534,0.51111114,0.36251163,0.4223435,0.48225746,0.405661,0.446445,0.08608649000000002,0.08807319999999996,0.09764206000000003,0.12410759999999998,0.06466614000000004,0.092115098,797,2.3483186,36.43609,-13.051809,-0.021330178,middle_80pct
OcS4H_dFeOc.004,0.28037384,0.48958334,0.5604396,0.36893204,0.44444445,0.3534152,0.4313423,0.5005683,0.4729029,0.4734087,0.07304136,0.058241039999999966,0.05987130000000007,0.10397086,0.028964250000000025,0.06481776200000001,798,2.1622436,27.123741,-8.954341,2.4270062,middle_80pct
OeGMd58Wgsk.000,0.3084112,0.38541666,0.51648355,0.5533981,0.5,0.27299652,0.33201814,0.43601638,0.3817868,0.3777216,0.035414679999999976,0.053398520000000005,0.08046717000000003,0.17161130000000002,0.12227840000000001,0.09263401400000001,799,2.1519308,28.030397,0.84354347,10.45536,middle_80pct
OeGMd58Wgsk.001,0.48598132,0.7291667,0.74725276,0.79611653,0.73333335,0.3912124,0.49222898,0.5307379,0.5066289,0.48860037,0.09476891999999998,0.23693771999999996,0.21651485999999998,0.28948763,0.24473298,0.21648842199999999,800,1.8930076,24.355835,3.6469507,-2.9447136,highest_error_10pct
OeGMd58Wgsk.003,0.24299066,0.38541666,0.35164836,0.61165047,0.4,0.29483575,0.35560206,0.45628953,0.42424822,0.37639302,0.05184509000000001,0.029814600000000024,0.10464117,0.18740224999999994,0.02360698,0.079462018,801,2.1154387,25.702272,0.55311674,2.976211,middle_80pct
OugdInDyt9s.000,0.39252338,0.33333334,0.43956044,0.4368932,0.53333336,0.4625894,0.5119838,0.52606803,0.5858912,0.5456759,0.07006602,0.17865046,0.08650759000000002,0.14899799999999996,0.012342540000000013,0.099312922,802,1.9922274,25.493177,-5.5862226,-9.550848,middle_80pct
OugdInDyt9s.003,0.62616825,0.53125,0.6593407,0.5825243,0.7,0.47819674,0.4991149,0.5285757,0.54630387,0.5640419,0.14797150999999997,0.03213510000000003,0.13076500000000002,0.03622042999999997,0.13595809999999997,0.09661002799999999,803,1.9510406,27.231722,-9.880386,-8.805948,middle_80pct
OugdInDyt9s.004,0.6168224,0.6041667,0.61538464,0.592233,0.44444445,0.53611404,0.54425466,0.55632216,0.58872986,0.590383,0.08070836000000003,0.059912039999999944,0.05906248000000003,0.00350313999999996,0.14593855,0.06982491399999999,804,2.1071248,29.591032,-6.8907557,-7.9545155,middle_80pct
OugdInDyt9s.005,0.635514,0.6875,0.64835167,0.6407767,0.73333335,0.5209086,0.54525274,0.5710935,0.6479124,0.5853297,0.11460539999999997,0.14224726,0.07725817000000001,0.007135700000000078,0.14800365000000004,0.09785003600000002,805,1.9048657,27.561232,-5.2193384,-9.0289345,middle_80pct
P2T93mqAsWk.000,0.5233645,0.5416667,0.6813187,0.592233,0.65555555,0.5643852,0.5991986,0.6030477,0.5706423,0.6710804,0.04102070000000002,0.05753190000000008,0.07827100000000009,0.021590699999999963,0.015524850000000034,0.04278783000000004,806,1.8594646,24.400667,-3.1185389,-3.972591,lowest_error_10pct
P6CH9Q2wH24.002,0.6728972,0.5833333,0.6043956,0.57281554,0.65555555,0.5858892,0.5929679,0.5916389,0.56633246,0.625995,0.08700799999999997,0.009634599999999938,0.012756700000000065,0.006483079999999974,0.02956055000000002,0.029088585999999993,807,1.916941,22.346992,0.93354607,-4.8451643,lowest_error_10pct
PHUlL5ZzX5U.001,0.21495327,0.22916667,0.23076923,0.36893204,0.44444445,0.26957706,0.2779939,0.3539205,0.29299873,0.35590586,0.05462378999999998,0.04882723000000003,0.12315127000000003,0.07593331000000003,0.08853858999999997,0.07821483800000001,808,2.3547797,40.078297,-20.237484,23.646498,middle_80pct
PHUlL5ZzX5U.002,0.27102804,0.40625,0.36263737,0.34951457,0.6888889,0.2762053,0.2860273,0.41078642,0.3323059,0.3710747,0.005177259999999961,0.12022270000000002,0.04814904999999997,0.017208670000000037,0.31781420000000005,0.10171437600000002,809,2.276694,32.97091,-11.102647,7.4166856,middle_80pct
PHUlL5ZzX5U.003,0.093457945,0.16666667,0.18681319,0.19417475,0.37777779,0.36258796,0.44288558,0.5016733,0.5146274,0.4881911,0.269130015,0.27621891,0.31486011,0.32045264999999995,0.11041330999999999,0.258214999,810,2.07532,27.697077,-3.7826009,4.4511204,highest_error_10pct
PHUlL5ZzX5U.004,0.1682243,0.3125,0.31868133,0.29126215,0.7,0.31035337,0.35349998,0.44792184,0.42983073,0.4329441,0.14212907000000002,0.04099997999999999,0.12924051000000003,0.13856858,0.26705589999999996,0.143598808,811,2.0742877,31.355448,-7.151311,13.086482,middle_80pct
PHUlL5ZzX5U.005,0.25233644,0.22916667,0.21978022,0.26213592,0.5,0.3212188,0.33247834,0.3945577,0.35289556,0.40942535,0.06888236000000003,0.10331167,0.17477748,0.09075963999999997,0.09057464999999998,0.10566116,812,2.176754,32.23185,-15.74777,7.160097,middle_80pct
PJxgOFaaUZM.004,0.635514,0.6145833,0.64835167,0.66019416,0.7111111,0.6145971,0.5650955,0.58405006,0.5413072,0.6578885,0.020916900000000016,0.04948780000000008,0.06430161000000001,0.11888695999999999,0.05322260000000001,0.06136317400000002,813,2.225407,30.869436,-1.4878668,-4.1348867,middle_80pct
PJxgOFaaUZM.005,0.53271025,0.6770833,0.5714286,0.78640777,0.6888889,0.5168339,0.5559042,0.55940914,0.58766705,0.58766246,0.015876350000000095,0.1211791000000001,0.012019459999999982,0.19874071999999998,0.10122644000000003,0.08980841400000003,814,2.0249543,23.677984,0.6219092,-5.182903,middle_80pct
PK0EPT3k4RM.003,0.6635514,0.5416667,0.5934066,0.60194176,0.73333335,0.5247765,0.5326247,0.57144904,0.61505973,0.63122326,0.13877490000000003,0.009041999999999994,0.021957560000000043,0.013117970000000034,0.10211009000000004,0.05700050400000003,815,1.9821543,25.008335,-4.401289,-6.009093,middle_80pct
PKYh4sungwI.002,0.69158876,0.78125,0.6813187,0.5048544,0.73333335,0.62980247,0.61455166,0.56389505,0.5908359,0.6995499,0.06178629000000002,0.16669833999999994,0.1174236500000001,0.08598149999999993,0.03378345000000005,0.09313464600000002,816,1.8335263,25.069847,-2.5050378,-6.9262037,middle_80pct
PKYh4sungwI.003,0.7009346,0.6770833,0.63736266,0.6699029,0.5888889,0.6288065,0.64783174,0.62937725,0.6318063,0.7020236,0.07212809999999992,0.029251560000000065,0.00798540999999997,0.038096599999999925,0.11313469999999992,0.05211927399999996,817,1.9659079,24.387836,3.404718,-5.534321,middle_80pct
PReOtefm17s.000,0.48598132,0.5104167,0.63736266,0.4854369,0.5555556,0.5119996,0.57981235,0.5663431,0.50434995,0.60065633,0.026018280000000005,0.06939565000000003,0.07101955999999998,0.018913050000000042,0.04510072999999992,0.046089453999999995,818,1.978505,22.922241,5.240225,-2.0620468,middle_80pct
PReOtefm17s.001,0.5420561,0.5625,0.5824176,0.39805827,0.54444444,0.5595752,0.61387146,0.5984899,0.5372118,0.64787006,0.01751910000000001,0.051371460000000035,0.01607230000000004,0.13915353000000003,0.10342562,0.06550840200000002,819,2.0916786,22.55129,6.3989425,-3.6125908,middle_80pct
PReOtefm17s.002,0.5233645,0.6875,0.63736266,0.5533981,0.5777778,0.56616193,0.6137022,0.5804183,0.49693957,0.6522261,0.042797430000000025,0.07379780000000002,0.056944359999999916,0.05645853000000001,0.07444830000000002,0.060889284,820,2.0180924,24.605175,1.0045835,-3.8377736,middle_80pct
PReOtefm17s.003,0.5981308,0.625,0.63736266,0.52427185,0.64444447,0.52877957,0.5948368,0.5621363,0.4717175,0.6146839,0.06935122999999999,0.030163199999999946,0.07522635999999994,0.05255434999999997,0.029760570000000097,0.051411141999999986,821,1.9319701,22.804358,2.2384753,-2.7234383,middle_80pct
PReOtefm17s.004,0.5420561,0.65625,0.5604396,0.65048546,0.8,0.5619474,0.6442903,0.60994565,0.55697715,0.621874,0.019891299999999945,0.011959700000000018,0.04950604999999997,0.09350830999999993,0.178126,0.07059827199999998,822,1.9026102,23.134954,1.0119394,-2.948349,middle_80pct
PReOtefm17s.005,0.55140185,0.6354167,0.64835167,0.49514562,0.53333336,0.5200623,0.5821184,0.5744931,0.5178897,0.61105657,0.031339549999999994,0.05329829999999991,0.07385857000000007,0.02274408,0.07772321000000004,0.051792742,823,1.9610552,20.52935,2.26998,-3.2774632,middle_80pct
PSFLaQYVg1I.000,0.55140185,0.5625,0.5824176,0.5631068,0.5555556,0.45274132,0.49091855,0.5500834,0.5244658,0.538668,0.09866052999999997,0.07158144999999999,0.03233419999999998,0.038641000000000036,0.016887600000000003,0.051620955999999996,824,2.012479,23.500238,4.447465,2.17095,middle_80pct
PWM-bKcs2p8.000,0.18691589,0.3125,0.3956044,0.29126215,0.31111112,0.35483947,0.44277024,0.5178715,0.4382978,0.44691998,0.16792358,0.13027023999999998,0.12226710000000002,0.14703565000000002,0.13580885999999998,0.140661086,825,1.9261928,24.880405,2.5690455,1.4448968,middle_80pct
PWM-bKcs2p8.001,0.13084112,0.083333336,0.30769232,0.2524272,0.24444444,0.4491706,0.46217835,0.5363683,0.45163843,0.4537298,0.31832947999999994,0.37884501400000004,0.22867598,0.19921122999999996,0.20928536,0.2668694128,826,2.157345,62.3161,-8.787461,27.610281,highest_error_10pct
PWM-bKcs2p8.002,0.27102804,0.30208334,0.43956044,0.36893204,0.4,0.35807407,0.44318992,0.5111031,0.4701651,0.45677966,0.08704603,0.14110658000000004,0.07154266000000004,0.10123305999999999,0.056779659999999954,0.091541598,827,1.976689,24.96669,1.3955525,0.7843245,middle_80pct
PWM-bKcs2p8.003,0.1682243,0.28125,0.32967034,0.3106796,0.26666668,0.3111992,0.400276,0.45856693,0.3941272,0.42203802,0.14297490000000002,0.11902600000000002,0.12889658999999998,0.08344760000000001,0.15537134000000002,0.125943286,828,2.0316918,24.30069,-0.2612477,-1.1557162,middle_80pct
PWM-bKcs2p8.004,0.1682243,0.26041666,0.2967033,0.30097088,0.11111111,0.24554178,0.3080548,0.40743724,0.32056376,0.31465387,0.07731748,0.047638139999999995,0.11073393999999998,0.01959287999999998,0.20354276,0.09176503999999999,829,2.1453266,30.989628,1.440918,-0.39284572,middle_80pct
PWM-bKcs2p8.005,0.17757009,0.36458334,0.4065934,0.44660193,0.35555556,0.30293575,0.39247328,0.46811852,0.35416788,0.37839645,0.12536566,0.027889940000000002,0.06152511999999999,0.09243404999999999,0.022840890000000003,0.066011132,830,1.976373,28.514833,1.8504236,-1.1897868,middle_80pct
Pc-oQQwkIv8.000,0.18691589,0.15625,0.30769232,0.1262136,0.44444445,0.32593432,0.3230254,0.41370025,0.35037833,0.40771228,0.13901843,0.16677540000000002,0.10600792999999997,0.22416473,0.03673217000000001,0.134539732,831,2.5995712,55.96885,-25.706657,34.88241,middle_80pct
Pc-oQQwkIv8.001,0.08411215,0.13541667,0.26373628,0.18446602,0.2777778,0.3364992,0.34346706,0.46664032,0.41039395,0.4165683,0.25238705,0.20805039,0.20290404,0.22592793,0.13879049999999998,0.20561198199999997,832,2.026048,30.707174,-8.079815,3.472825,highest_error_10pct
Pc-oQQwkIv8.002,0.009345794,0.020833334,0.15384616,0.08737864,0.31111112,0.37643534,0.40918428,0.49506724,0.44803357,0.4565586,0.367089546,0.38835094600000003,0.34122108,0.36065493,0.14544747999999996,0.3205527964,833,2.0395815,31.632488,-4.7912474,0.7857539,highest_error_10pct
Pc-oQQwkIv8.003,0.14018692,0.3125,0.32967034,0.2524272,0.4888889,0.20442265,0.19217408,0.31403816,0.26419178,0.24617478,0.06423573000000002,0.12032592,0.015632179999999996,0.011764579999999969,0.24271412,0.090934506,834,3.0719128,76.07055,-35.877296,26.622293,middle_80pct
Pc-oQQwkIv8.004,0.3271028,0.30208334,0.37362638,0.22330096,0.4,0.40515885,0.42322102,0.47938138,0.4167602,0.48176146,0.07805604999999999,0.12113768000000003,0.10575500000000004,0.19345924000000003,0.08176145999999995,0.116033886,835,2.0325897,32.0809,-9.386009,1.9739076,middle_80pct
Pc-oQQwkIv8.005,0.12149533,0.09375,0.24175824,0.19417475,0.2777778,0.38401222,0.38797826,0.4924842,0.4302535,0.4617035,0.26251689,0.29422826,0.25072595999999997,0.23607875,0.18392569999999997,0.24549511200000004,836,2.1181595,29.96733,-6.717617,2.2484646,highest_error_10pct
PgpMUHH8lEI.000,0.5140187,0.48958334,0.51648355,0.49514562,0.44444445,0.41415137,0.41306666,0.4579997,0.45456943,0.48680168,0.09986733000000003,0.07651668,0.058483850000000004,0.04057619000000001,0.042357230000000023,0.06356025600000001,837,2.200123,32.297565,-10.724358,9.414883,middle_80pct
PgpMUHH8lEI.001,0.60747665,0.59375,0.5494506,0.7184466,0.62222224,0.34329802,0.35112813,0.43333268,0.40831447,0.4536539,0.26417862999999997,0.24262187000000002,0.11611791999999999,0.31013213000000006,0.16856834000000004,0.22032377800000003,838,2.2426002,35.16703,-10.88228,14.427861,highest_error_10pct
PgpMUHH8lEI.002,0.42990655,0.375,0.43956044,0.5631068,0.42222223,0.41006398,0.44541207,0.49429274,0.5305286,0.49354202,0.019842570000000004,0.07041207,0.05473230000000001,0.0325782,0.07131979000000005,0.04977698600000001,839,2.204413,28.066141,-1.9750708,4.3414235,middle_80pct
PgpMUHH8lEI.003,0.6635514,0.6041667,0.41758242,0.5825243,0.65555555,0.5373739,0.54861736,0.54743,0.5370529,0.57737863,0.12617750000000005,0.05554933999999989,0.12984757999999996,0.04547139999999994,0.07817691999999998,0.08704454799999997,840,1.9844103,21.319387,-0.7435332,-1.0644284,middle_80pct
PgpMUHH8lEI.004,0.6168224,0.6041667,0.6593407,0.6213592,0.54444444,0.40440738,0.41187805,0.45539308,0.47909373,0.4976747,0.21241502,0.19228864999999995,0.20394762,0.14226547,0.046769740000000004,0.1595373,841,2.1705205,31.099415,-4.5190954,3.050939,middle_80pct
PgpMUHH8lEI.005,0.635514,0.5729167,0.6043956,0.63106793,0.7,0.41515175,0.4684101,0.5086433,0.5116084,0.4913056,0.22036225000000004,0.10450659999999995,0.09575230000000001,0.11945953000000009,0.20869439999999995,0.14975501600000002,842,2.22522,26.617664,-0.7682011,4.6932335,middle_80pct
PmJw3uI1qBE.000,0.21495327,0.38541666,0.4945055,0.61165047,0.3,0.42220646,0.5421831,0.5434365,0.5726284,0.5805336,0.20725319,0.15676644,0.048931,0.03902206999999991,0.2805336,0.14650126,843,2.113869,27.489058,1.7408853,-0.8337863,middle_80pct
PoVizBmIHy0.000,0.38317758,0.32291666,0.30769232,0.29126215,0.62222224,0.40926796,0.43368715,0.51047844,0.43393975,0.5057133,0.02609037999999997,0.11077049,0.20278611999999996,0.14267760000000002,0.11650894,0.11976670599999999,844,2.1573298,27.122084,10.319464,3.8539348,middle_80pct
PooFvZH6fK0.000,0.42990655,0.46875,0.5714286,0.37864077,0.6888889,0.4918162,0.55569273,0.5745173,0.5857353,0.6114563,0.06190964999999998,0.08694272999999997,0.0030887000000000553,0.20709452999999994,0.07743260000000007,0.087293642,845,2.0190344,23.702394,2.4699798,-2.08905,middle_80pct
PooFvZH6fK0.001,0.6168224,0.59375,0.6043956,0.61165047,0.6,0.47309068,0.54382336,0.5677693,0.5229718,0.5924169,0.14373172,0.04992664000000002,0.0366263,0.08867866999999996,0.007583099999999954,0.065309286,846,2.134683,24.823711,0.51604486,-3.499263,middle_80pct
PooFvZH6fK0.002,0.5981308,0.6145833,0.7802198,0.57281554,0.65555555,0.49670437,0.559058,0.60537744,0.6003439,0.6189874,0.10142642999999996,0.0555253,0.17484235999999997,0.02752836000000003,0.03656815000000002,0.07917811999999999,847,1.9920055,22.003403,-2.4068885,3.6476603,middle_80pct
PooFvZH6fK0.003,0.5794392,0.6041667,0.61538464,0.65048546,0.6666667,0.53610146,0.57545173,0.6206172,0.6155563,0.6313487,0.043337740000000013,0.028714969999999895,0.005232559999999942,0.034929160000000015,0.03531799999999996,0.029506485999999964,848,2.02731,25.628592,1.7656556,-3.067605,lowest_error_10pct
PsqpkFKX8co.000,0.7196262,0.8229167,0.82417583,0.9223301,0.7222222,0.5590785,0.63708293,0.6246671,0.6606126,0.6478652,0.16054769999999996,0.1858337699999999,0.19950873000000002,0.26171750000000005,0.074357,0.17639294,849,2.0035832,21.880583,4.221501,-3.4935536,middle_80pct
PsqpkFKX8co.001,0.60747665,0.6979167,0.73626375,0.8543689,0.74444443,0.64814544,0.7023439,0.63001597,0.6652372,0.7282533,0.04066879000000001,0.0044272000000000755,0.10624778000000001,0.1891317,0.016191130000000054,0.07133332000000003,850,1.936662,19.786058,2.2422762,-5.011072,middle_80pct
PsqpkFKX8co.002,0.55140185,0.625,0.72527474,0.7281553,0.65555555,0.5881816,0.6475596,0.62759477,0.72312874,0.67583275,0.03677975,0.022559600000000013,0.09767997000000006,0.005026559999999902,0.020277199999999995,0.03646461599999999,851,1.9712026,22.70063,1.3156,-4.654605,lowest_error_10pct
PsqpkFKX8co.003,0.6168224,0.7708333,0.62637365,0.78640777,0.73333335,0.6993723,0.7385814,0.6537091,0.72029215,0.7342258,0.08254989999999995,0.0322519,0.02733545000000004,0.06611561999999993,0.0008924500000000446,0.04182906399999999,852,1.9923054,22.610296,2.3978739,-5.015218,lowest_error_10pct
PsqpkFKX8co.004,0.7009346,0.7395833,0.84615386,0.7669903,0.74444443,0.5984242,0.6624576,0.63138914,0.69122773,0.6923244,0.1025104,0.07712570000000007,0.21476472000000002,0.07576256999999997,0.052120030000000095,0.10445668400000004,853,2.1020331,22.336533,3.1656191,-3.544654,middle_80pct
PyPFJWirPjs.000,0.18691589,0.13541667,0.35164836,0.26213592,0.36666667,0.44509724,0.47249755,0.5211356,0.42993307,0.5179092,0.25818135,0.33708088,0.16948724000000004,0.16779714999999995,0.15124253,0.21675782999999998,854,1.9647834,25.28812,-1.4454346,-3.8110976,highest_error_10pct
PyPFJWirPjs.001,0.27102804,0.46875,0.51648355,0.4854369,0.53333336,0.43727168,0.46617645,0.51544017,0.43901032,0.49761295,0.16624363999999997,0.00257354999999998,0.0010433800000000382,0.046426579999999995,0.03572040999999998,0.050401511999999996,855,1.9636214,23.283703,-1.3979222,-3.7786794,middle_80pct
PyPFJWirPjs.002,0.46728972,0.38541666,0.62637365,0.33009708,0.45555556,0.39826238,0.45423195,0.5197522,0.45631164,0.46739167,0.06902733999999999,0.06881528999999997,0.10662145,0.12621456000000003,0.011836109999999955,0.07650294999999999,856,2.0526164,27.145517,-2.2897444,0.014042764,middle_80pct
Q9B3SJkH2Q8.000,0.5046729,0.5416667,0.5824176,0.41747573,0.47777778,0.33756936,0.3627491,0.48182476,0.37788415,0.45134515,0.16710354,0.17891759999999995,0.10059283999999996,0.039591580000000015,0.026432630000000013,0.10252763799999998,857,1.9483128,25.224577,5.053462,3.2670364,middle_80pct
Q9B3SJkH2Q8.001,0.53271025,0.65625,0.63736266,0.36893204,0.45555556,0.3681175,0.3901477,0.4683785,0.35230312,0.45489666,0.16459275000000007,0.2661023,0.16898416,0.01662891999999999,0.0006589000000000178,0.12339340600000004,858,2.0453238,28.162296,4.198495,4.0869517,middle_80pct
Q9B3SJkH2Q8.002,0.53271025,0.5,0.63736266,0.47572815,0.44444445,0.38545835,0.39359426,0.479141,0.36980546,0.4800459,0.14725190000000005,0.10640574000000003,0.15822166,0.10592269000000004,0.035601450000000034,0.11068068800000004,859,1.9553372,28.419336,2.2783809,5.5192976,middle_80pct
QBZieJiOl1w.000,0.6542056,0.5208333,0.62637365,0.41747573,0.64444447,0.59282774,0.5537253,0.5453544,0.42413884,0.67281735,0.061377860000000006,0.03289199999999992,0.08101924999999999,0.006663110000000028,0.028372879999999934,0.042065019999999974,860,2.025712,30.038687,-15.286104,-7.059478,lowest_error_10pct
QBZieJiOl1w.001,0.44859812,0.45833334,0.5714286,0.3592233,0.54444444,0.52210087,0.49736917,0.5430384,0.47683474,0.6074225,0.07350275000000006,0.03903583000000005,0.02839019999999992,0.11761143999999996,0.06297805999999995,0.06430365599999999,861,2.0238397,29.263515,-14.555901,-7.0588856,middle_80pct
QBZieJiOl1w.002,0.7570093,0.625,0.62637365,0.49514562,0.6,0.5720654,0.5260397,0.5605174,0.4491663,0.63799304,0.18494390000000005,0.0989603,0.06585624999999995,0.04597931999999999,0.03799304000000003,0.086746562,862,2.1034396,28.856195,-14.109673,-6.888998,middle_80pct
QBZieJiOl1w.003,0.6168224,0.4375,0.6813187,0.47572815,0.5555556,0.4497377,0.42623553,0.5115322,0.4526527,0.560512,0.16708469999999997,0.011264470000000026,0.16978650000000006,0.023075449999999997,0.004956399999999972,0.075233504,863,1.9890717,32.615128,-16.683695,-6.7353067,middle_80pct
QBZieJiOl1w.004,0.60747665,0.5625,0.62637365,0.61165047,0.62222224,0.5371557,0.5074301,0.51942813,0.45942402,0.63328195,0.07032094999999994,0.055069900000000005,0.10694552000000002,0.15222644999999996,0.011059709999999945,0.07912450599999997,864,2.0732827,30.28443,-14.366169,-8.332424,middle_80pct
QBZieJiOl1w.005,0.55140185,0.53125,0.6593407,0.407767,0.53333336,0.5089843,0.5004805,0.5585556,0.48707914,0.59997916,0.042417550000000026,0.030769500000000005,0.10078509999999996,0.07931214000000003,0.06664579999999998,0.063986018,865,2.0886426,28.103437,-11.72663,-7.0622287,middle_80pct
QDd2AfQEAqs.001,0.39252338,0.21875,0.35164836,0.23300971,0.4,0.33269298,0.31029326,0.38380653,0.32041746,0.3889222,0.05983039999999995,0.09154326000000002,0.032158169999999986,0.08740774999999998,0.011077800000000027,0.056403475999999994,866,2.423601,44.572746,-24.476694,17.283655,middle_80pct
QKcx5msA7iA.000,0.7570093,0.75,0.6703297,0.66019416,0.73333335,0.57438326,0.653238,0.61053777,0.6587796,0.68935263,0.18262604000000005,0.09676200000000001,0.05979193000000005,0.0014145599999999536,0.04398071999999997,0.07691505000000001,867,2.2200112,24.135744,9.938038,-2.863556,middle_80pct
QKcx5msA7iA.001,0.7383177,0.8125,0.5494506,0.80582523,0.8111111,0.61211824,0.6710161,0.65588295,0.6747429,0.70639014,0.12619945999999993,0.1414839,0.10643234999999995,0.1310823299999999,0.10472095999999997,0.12198379999999995,868,1.8814212,23.104507,6.8028736,-5.443637,middle_80pct
QKcx5msA7iA.002,0.7570093,0.78125,0.61538464,0.70873785,0.7777778,0.61241347,0.67534804,0.6528324,0.68246233,0.70278513,0.14459582999999998,0.10590195999999996,0.03744775999999994,0.026275519999999997,0.07499266999999998,0.07784274799999998,869,1.9444435,22.39468,7.061389,-4.069954,middle_80pct
QKcx5msA7iA.003,0.85046726,0.6979167,0.6593407,0.74757284,0.7222222,0.56712466,0.602432,0.6022692,0.6154591,0.6535841,0.2833426,0.09548469999999998,0.05707150000000005,0.13211373999999998,0.06863810000000004,0.12733012800000001,870,1.9527874,22.320387,6.779152,-3.9268413,middle_80pct
QKcx5msA7iA.004,0.78504676,0.7708333,0.73626375,0.78640777,0.7888889,0.6283179,0.6598964,0.630276,0.630803,0.7298529,0.15672885999999997,0.1109369,0.10598775000000005,0.15560476999999995,0.05903599999999998,0.11765885599999999,871,1.8444835,24.389248,5.3219757,-5.7618876,middle_80pct
QKcx5msA7iA.005,0.69158876,0.8333333,0.8131868,0.7184466,0.75555557,0.6116284,0.6512044,0.62255955,0.61492586,0.69100153,0.07996036000000006,0.18212890000000004,0.19062725000000003,0.10352074,0.06455403999999998,0.12415825800000002,872,1.8724222,23.33977,3.2401462,-5.653585,middle_80pct
QKlawwZQK9M.000,0.47663552,0.40625,0.41758242,0.3592233,0.73333335,0.45188323,0.46101648,0.5481412,0.53236294,0.5614247,0.024752289999999955,0.054766480000000006,0.13055877999999999,0.17313963999999993,0.17190865,0.11102516799999998,873,2.0688143,25.004438,-4.9879713,-0.5040039,middle_80pct
QKlawwZQK9M.001,0.5981308,0.5,0.64835167,0.57281554,0.7,0.4514769,0.40157223,0.47979152,0.4345065,0.52092206,0.14665389999999995,0.09842777000000003,0.16856015000000002,0.13830904,0.17907794,0.14620576000000002,874,2.0335877,24.250345,-6.8372107,-1.8061156,middle_80pct
QQzeQOoqO20.001,0.6728972,0.5833333,0.5824176,0.69902915,0.62222224,0.39061698,0.33972144,0.40168124,0.3315872,0.4559102,0.28228021999999997,0.24361186000000007,0.18073635999999998,0.36744194999999996,0.16631204000000005,0.24807648599999998,875,2.5802667,44.479244,-22.189808,7.865483,highest_error_10pct
QQzeQOoqO20.002,0.42056075,0.39583334,0.52747256,0.39805827,0.42222223,0.41962025,0.4225688,0.48639953,0.4176082,0.48886552,0.0009405000000000108,0.026735460000000044,0.041073029999999955,0.019549929999999993,0.06664329000000002,0.030988442000000005,876,2.1382594,24.662909,-1.3360084,3.3625116,lowest_error_10pct
QQzeQOoqO20.005,0.5794392,0.5208333,0.61538464,0.5631068,0.64444447,0.37506324,0.38804004,0.48358417,0.39268193,0.4805968,0.20437596000000002,0.13279326000000008,0.13180047000000006,0.17042487,0.16384767000000006,0.16064844600000003,877,2.1991074,26.257166,-6.45189,-0.6696121,middle_80pct
QV4TV3aHxfE.004,0.41121495,0.5208333,0.5714286,0.7281553,0.53333336,0.3139049,0.50250226,0.54139286,0.6484394,0.45374167,0.09731005000000004,0.018331040000000076,0.030035739999999977,0.07971589999999995,0.07959168999999999,0.06099688400000001,878,2.452199,34.77866,15.967144,4.7982087,middle_80pct
QXFRE_pjrAE.000,0.6728972,0.6145833,0.7032967,0.5339806,0.7777778,0.51082796,0.53308594,0.55337805,0.46050316,0.61631733,0.16206924,0.08149736000000007,0.14991865000000004,0.07347744,0.16146046999999997,0.12568463200000002,879,2.0122921,21.869217,-1.0459834,-1.2439831,middle_80pct
QXFRE_pjrAE.001,0.60747665,0.65625,0.5604396,0.65048546,0.62222224,0.48004666,0.4946979,0.5249791,0.48315305,0.5650336,0.12742998999999994,0.16155209999999998,0.035460500000000006,0.16733241,0.05718864000000001,0.10979272799999999,880,2.008397,25.549656,-1.7980783,0.073848575,middle_80pct
QXFRE_pjrAE.002,0.7009346,0.6770833,0.7582418,0.61165047,0.6666667,0.565848,0.5830941,0.53030276,0.43164527,0.6445492,0.13508659999999995,0.0939892000000001,0.22793903999999998,0.18000519999999992,0.0221174999999999,0.13182750799999995,881,2.0584316,25.70262,5.2360206,-1.133153,middle_80pct
QXFRE_pjrAE.003,0.53271025,0.40625,0.4945055,0.5145631,0.65555555,0.4855631,0.52391547,0.5137357,0.39414173,0.5727544,0.04714715000000003,0.11766547000000005,0.01923020000000003,0.12042137000000003,0.08280114999999999,0.07745306800000003,882,2.0348928,22.98974,-1.9213637,-2.6661,middle_80pct
QXFRE_pjrAE.004,0.5046729,0.47916666,0.47252747,0.61165047,0.7222222,0.5412937,0.5396624,0.52432334,0.4109106,0.6339986,0.03662080000000001,0.060495739999999965,0.05179587000000002,0.20073986999999993,0.08822360000000007,0.087575176,883,2.0462368,22.830137,-4.3591566,-2.6953409,middle_80pct
QXFRE_pjrAE.005,0.42990655,0.40625,0.5934066,0.52427185,0.6666667,0.43532348,0.4382186,0.488562,0.39052913,0.49961865,0.0054169299999999865,0.031968600000000014,0.10484460000000001,0.13374271999999998,0.16704804999999995,0.08860417999999999,884,2.1411002,25.85015,-8.334009,-2.5702984,middle_80pct
QlkTEWrSCBs.000,0.27102804,0.46875,0.3956044,0.3592233,0.47777778,0.46626982,0.56871676,0.5709905,0.5370823,0.5606016,0.19524177999999998,0.09996676000000004,0.17538609999999993,0.177859,0.08282382000000005,0.14625549200000001,885,2.1933591,26.52588,5.3791895,-2.8699856,middle_80pct
QpA0gj1y6KE.000,0.8037383,0.7083333,0.72527474,0.61165047,0.7111111,0.62793726,0.60666084,0.6145233,0.54109615,0.6784101,0.17580103999999996,0.10167246000000008,0.11075144000000003,0.07055431999999995,0.03270099999999998,0.098296052,886,1.9162874,21.781652,-3.3041775,-3.8800921,middle_80pct
QpA0gj1y6KE.002,0.6728972,0.6770833,0.61538464,0.65048546,0.73333335,0.6078166,0.62396634,0.60446084,0.60030544,0.68083143,0.06508059999999993,0.0531169600000001,0.010923800000000039,0.05018001999999999,0.05250191999999998,0.04636066000000001,887,1.9647034,19.591784,1.1960388,-3.0251975,middle_80pct
Qzu9b49qvKo.000,0.36448598,0.25,0.3956044,0.36893204,0.3888889,0.47144896,0.44584328,0.50359684,0.4285738,0.51167405,0.10696297999999999,0.19584328,0.10799244000000002,0.05964175999999999,0.12278515000000001,0.11864512199999999,888,2.091837,31.427938,-15.453472,3.575109,middle_80pct
Qzu9b49qvKo.003,0.5794392,0.35416666,0.61538464,0.4854369,0.5222222,0.42040431,0.4241071,0.4895594,0.44102108,0.49622154,0.15903489000000004,0.06994043999999999,0.12582524000000006,0.044415819999999995,0.026000659999999953,0.08504341000000001,889,2.079085,28.843859,-8.934002,6.7206717,middle_80pct
Qzu9b49qvKo.004,0.35514018,0.35416666,0.53846157,0.5339806,0.54444444,0.46104366,0.43846983,0.5346389,0.47813803,0.5438861,0.10590348,0.08430316999999998,0.003822669999999917,0.055842570000000036,0.0005583399999999905,0.05008604599999998,890,2.034348,27.247986,-8.064743,3.5234494,middle_80pct
R-qB2FX7ZbE.001,0.43925235,0.3125,0.42857143,0.49514562,0.65555555,0.33897728,0.30702603,0.42049456,0.30189195,0.41580644,0.10027507000000002,0.005473969999999995,0.008076869999999958,0.19325367,0.23974911,0.10936573799999998,891,2.2123911,35.87308,-9.140996,22.109592,middle_80pct
R-qB2FX7ZbE.002,0.5140187,0.5104167,0.6593407,0.5048544,0.5888889,0.38638288,0.34936363,0.45886588,0.34620464,0.47475478,0.12763582000000007,0.16105306999999996,0.20047482,0.15864976000000003,0.11413412000000006,0.15238951800000003,892,1.9290395,31.87715,-4.967601,11.694975,middle_80pct
R-qB2FX7ZbE.004,0.35514018,0.38541666,0.3956044,0.5145631,0.42222223,0.35112816,0.3379214,0.43347752,0.3575438,0.44346336,0.004012020000000005,0.04749526000000004,0.03787311999999998,0.15701930000000003,0.021241129999999997,0.05352816600000001,893,2.520776,58.27007,-17.94891,45.093967,middle_80pct
R2LlBNLDOeg.000,0.7383177,0.6770833,0.61538464,0.7184466,0.76666665,0.6463303,0.7097589,0.64871675,0.73317635,0.7434361,0.09198739999999994,0.032675599999999916,0.033332109999999915,0.014729749999999986,0.02323054999999996,0.03919108199999995,894,2.0325031,24.100016,0.32693538,-7.238907,lowest_error_10pct
R42dmIPCXwo.000,0.36448598,0.28125,0.30769232,0.26213592,0.41111112,0.47031125,0.46506977,0.5135801,0.40423393,0.5458544,0.10582527000000003,0.18381977,0.20588777999999996,0.14209801,0.13474327999999997,0.15447482199999998,895,2.0152493,31.82418,-18.813612,-6.3395596,middle_80pct
R42dmIPCXwo.001,0.38317758,0.32291666,0.50549453,0.3106796,0.34444445,0.56715554,0.5529742,0.5774156,0.48451188,0.64266706,0.18397796,0.23005753999999995,0.07192107000000003,0.17383228,0.29822260999999994,0.19160229199999998,896,1.9189306,21.990551,-2.9643102,-2.9911437,highest_error_10pct
R42dmIPCXwo.003,0.3271028,0.3125,0.34065935,0.27184466,0.42222223,0.5254974,0.5176911,0.5539897,0.50730675,0.60210246,0.19839459999999998,0.20519109999999996,0.21333035,0.23546209,0.17988023000000003,0.20645167399999997,897,1.9745747,21.531046,-1.1245047,-3.5185113,highest_error_10pct
R42dmIPCXwo.005,0.40186915,0.36458334,0.47252747,0.24271844,0.35555556,0.51621807,0.51698923,0.53734654,0.4448981,0.61504835,0.11434891999999997,0.15240589,0.06481907000000003,0.20217966,0.25949279000000003,0.158649266,898,1.8954818,24.401762,-3.5646956,-6.157035,middle_80pct
RW4a2ERzTO8.000,0.42056075,0.6458333,0.5714286,0.70873785,0.5,0.46643314,0.5886399,0.6177324,0.6400342,0.579881,0.04587239000000004,0.05719340000000006,0.046303800000000006,0.06870365,0.07988099999999998,0.059590848000000016,899,2.0742958,24.995825,4.02597,3.9964004,middle_80pct
RW4a2ERzTO8.002,0.3271028,0.6979167,0.5824176,0.89320385,0.51111114,0.47809896,0.571882,0.61560774,0.64511275,0.58742267,0.15099616,0.12603469999999994,0.03319013999999998,0.2480911,0.07631153000000002,0.126924726,900,2.208432,27.556498,7.6831083,1.8740667,middle_80pct
RZOimXPTG0s.000,0.72897196,0.6979167,0.61538464,0.6893204,0.65555555,0.58666134,0.61304843,0.6216422,0.6219735,0.6009414,0.14231061999999994,0.08486826999999997,0.006257559999999995,0.0673469000000001,0.05461415000000003,0.0710795,901,1.9483602,23.817785,6.241887,-2.5834906,middle_80pct
RZOimXPTG0s.002,0.8224299,0.6458333,0.73626375,0.74757284,0.73333335,0.64358455,0.64008826,0.61278325,0.60014415,0.6755072,0.17884535000000001,0.00574504000000009,0.12348049999999999,0.14742869000000003,0.05782615000000002,0.10266514600000003,902,2.0266304,23.915707,6.4455047,-2.708813,middle_80pct
RZOimXPTG0s.003,0.7196262,0.59375,0.7802198,0.6213592,0.7222222,0.5230223,0.5545657,0.57460535,0.6023453,0.5728122,0.19660389999999994,0.03918429999999995,0.20561445,0.019013900000000028,0.14941000000000004,0.12196531,903,1.9242675,23.556326,7.271947,-2.2232203,middle_80pct
RZOimXPTG0s.004,0.74766356,0.6666667,0.7802198,0.6699029,0.74444443,0.5596969,0.58339345,0.59891444,0.63513964,0.61901045,0.18796665999999995,0.08327324999999997,0.18130535999999997,0.03476325999999996,0.12543398000000006,0.12254850199999998,904,2.1677847,24.280777,9.162344,-0.39404538,middle_80pct
RhFPotjd0hM.001,0.23364486,0.21875,0.42857143,0.3883495,0.31111112,0.38619366,0.43717077,0.5273083,0.4649111,0.5023271,0.15254879999999998,0.21842077,0.09873686999999998,0.07656160000000001,0.19121598,0.14749680399999998,905,2.0032325,24.839294,8.183834,5.763197,middle_80pct
RhFPotjd0hM.002,0.44859812,0.375,0.48351648,0.42718446,0.47777778,0.36576217,0.40303323,0.5113263,0.4361577,0.47455883,0.08283594999999999,0.02803323000000002,0.027809819999999985,0.008973239999999993,0.003218949999999998,0.030174238,906,2.1285892,26.892063,6.641765,9.060023,lowest_error_10pct
RhFPotjd0hM.003,0.45794392,0.375,0.64835167,0.5048544,0.53333336,0.3682316,0.417113,0.50821066,0.48411858,0.48839846,0.08971232000000001,0.04211300000000001,0.14014101,0.020735820000000016,0.0449349,0.06752741000000001,907,2.093062,31.111559,9.081938,8.919522,middle_80pct
RhFPotjd0hM.004,0.55140185,0.5729167,0.6593407,0.6893204,0.5888889,0.40622658,0.4748629,0.5549646,0.486852,0.5055048,0.14517526999999997,0.09805379999999997,0.10437609999999997,0.20246840000000005,0.08338410000000007,0.126691534,908,2.0255058,29.01328,8.149558,4.6015186,middle_80pct
RhFPotjd0hM.005,0.44859812,0.5104167,0.5824176,0.57281554,0.5222222,0.3966297,0.46002066,0.5197346,0.46884468,0.5152803,0.051968420000000015,0.05039603999999992,0.06268299999999993,0.10397086,0.006941899999999945,0.05519204399999996,909,1.9853876,30.815697,5.2220917,9.225552,middle_80pct
RhSWpef2e6s.000,0.62616825,0.5833333,0.6593407,0.65048546,0.6111111,0.67993236,0.676316,0.62306166,0.6425506,0.7324027,0.05376411000000003,0.09298269999999997,0.03627904000000004,0.007934859999999988,0.12129159999999994,0.062450462,910,1.9350461,21.278605,0.4265875,-6.906603,middle_80pct
RlUuWWWFrhM.002,0.46728972,0.5104167,0.5934066,0.37864077,0.53333336,0.5017042,0.5163115,0.5620156,0.5826498,0.54350096,0.034414480000000025,0.005894800000000089,0.03139100000000006,0.20400902999999998,0.010167600000000054,0.05717538200000004,911,2.0164075,25.049644,8.066963,2.052289,middle_80pct
RlUuWWWFrhM.005,0.42990655,0.46875,0.5934066,0.4854369,0.45555556,0.4521694,0.50810856,0.5577286,0.5103294,0.5256994,0.02226285,0.03935856000000004,0.03567799999999999,0.02489250000000004,0.07014384000000001,0.03846715000000002,912,1.9582936,27.098114,5.836199,4.902203,lowest_error_10pct
RlaaCqle7tY.003,0.35514018,0.47916666,0.36263737,0.30097088,0.53333336,0.49453878,0.5507132,0.5637645,0.5534599,0.59909266,0.13939859999999998,0.07154653999999999,0.20112713,0.25248902,0.06575930000000008,0.14606411800000002,913,1.8431873,29.04971,-4.5375943,2.6902957,middle_80pct
RlaaCqle7tY.004,0.24299066,0.34375,0.2747253,0.30097088,0.43333334,0.41569528,0.46591496,0.4835829,0.4913093,0.5368671,0.17270462,0.12216495999999999,0.20885759999999998,0.19033842,0.10353376000000003,0.159519872,914,2.105548,31.252789,-11.210163,-0.38085836,middle_80pct
RlaaCqle7tY.005,0.44859812,0.5104167,0.34065935,0.407767,0.5777778,0.56486255,0.64451134,0.6336705,0.6207681,0.6829264,0.11626442999999997,0.13409464000000004,0.29301115,0.21300110000000005,0.10514860000000004,0.17230398400000002,915,1.8800104,23.653301,3.1123586,-5.912604,middle_80pct
Rp_gyvKE4hI.000,0.5233645,0.5729167,0.73626375,0.65048546,0.6666667,0.51307386,0.56419283,0.5860118,0.55667603,0.5988171,0.010290640000000018,0.008723869999999967,0.15025195000000002,0.09380942999999997,0.06784959999999995,0.06618509799999998,916,2.072858,22.055332,5.6351347,0.7187347,middle_80pct
Rp_gyvKE4hI.001,0.42056075,0.40625,0.5604396,0.44660193,0.5555556,0.4789989,0.5455241,0.5937435,0.54191506,0.57848835,0.05843815000000002,0.13927409999999996,0.03330389999999994,0.09531313000000002,0.022932749999999946,0.06985240599999998,917,2.08663,22.091583,6.458602,1.4860201,middle_80pct
Rp_gyvKE4hI.002,0.38317758,0.59375,0.5824176,0.52427185,0.41111112,0.49217683,0.5302967,0.55915755,0.5161288,0.57348406,0.10899924999999999,0.06345330000000005,0.023260049999999977,0.00814304999999993,0.16237293999999997,0.07324571799999999,918,2.1680875,25.122614,6.9480095,1.5951946,middle_80pct
Rp_gyvKE4hI.003,0.45794392,0.5416667,0.64835167,0.57281554,0.44444445,0.48777,0.5487448,0.5886276,0.5417473,0.56673956,0.029826079999999977,0.007078100000000087,0.05972407000000002,0.03106823999999997,0.12229511000000004,0.04999832000000002,919,2.2416039,22.819128,5.9526877,0.40789452,middle_80pct
Rp_gyvKE4hI.004,0.42990655,0.41666666,0.52747256,0.49514562,0.56666666,0.5207883,0.5724815,0.5913933,0.5396533,0.60042125,0.09088174999999998,0.15581483999999995,0.06392074000000003,0.044507679999999994,0.03375459000000003,0.07777592,920,1.9962999,20.53436,6.527684,0.4395386,middle_80pct
Rp_gyvKE4hI.005,0.2990654,0.32291666,0.41758242,0.4368932,0.4888889,0.4766714,0.43750936,0.49469146,0.38444567,0.46824792,0.17760600000000004,0.11459269999999999,0.07710904000000002,0.052447529999999964,0.02064098000000003,0.08847925000000001,921,3.4321144,136.12302,-38.56894,103.25722,middle_80pct
RuRn2t7iPSc.000,0.47663552,0.59375,0.6923077,0.7378641,0.56666666,0.54269713,0.61080796,0.62970865,0.66807485,0.63702714,0.06606160999999999,0.01705796000000004,0.06259904999999999,0.06978925000000002,0.07036048000000006,0.057173670000000024,922,2.1211982,23.624868,7.961249,-2.915442,middle_80pct
RuRn2t7iPSc.001,0.635514,0.5833333,0.53846157,0.5631068,0.6888889,0.59457576,0.5852471,0.5902507,0.53320354,0.6422892,0.040938240000000015,0.0019137999999999655,0.05178913000000007,0.029903259999999987,0.04659970000000002,0.03422882600000001,923,2.0494854,21.743797,5.1593037,-2.8761468,lowest_error_10pct
RuRn2t7iPSc.002,0.6635514,0.59375,0.5494506,0.5631068,0.62222224,0.57314193,0.5952443,0.5859129,0.6547071,0.6660889,0.09040946999999999,0.0014942999999999484,0.03646229999999995,0.09160029999999997,0.043866659999999946,0.05276660599999996,924,2.1695843,25.289202,7.585301,-2.0179727,middle_80pct
RuRn2t7iPSc.003,0.6448598,0.5833333,0.5604396,0.49514562,0.65555555,0.5158697,0.5469232,0.55744946,0.54641575,0.6081316,0.1289901,0.0364101,0.0029901400000000855,0.05127012999999997,0.04742394999999999,0.05341688400000001,925,2.1199872,22.3194,2.352288,-0.49756435,middle_80pct
RuRn2t7iPSc.004,0.57009345,0.6145833,0.5494506,0.4854369,0.7111111,0.50421584,0.5242264,0.5475591,0.55465734,0.6203114,0.06587761000000003,0.09035690000000007,0.001891500000000046,0.06922044,0.09079970000000004,0.06362923000000004,926,2.1441536,24.783037,3.5991578,0.25867695,middle_80pct
Rw_ZLT9vZTI.001,0.5794392,0.7291667,0.71428573,0.9223301,0.75555557,0.532141,0.634208,0.62009597,0.7369056,0.6196313,0.04729820000000007,0.09495869999999995,0.0941897599999999,0.1854245,0.13592426999999996,0.11155908599999997,927,2.3676708,29.505003,13.975126,1.9922435,middle_80pct
Rw_ZLT9vZTI.003,0.5420561,0.6354167,0.45054945,0.88349515,0.6,0.55305433,0.64182705,0.63735443,0.7336633,0.6352461,0.010998229999999998,0.006410350000000009,0.18680498,0.14983185,0.03524610000000006,0.07785830200000002,928,1.9549599,22.502804,10.205233,-0.29980335,middle_80pct
Rw_ZLT9vZTI.005,0.682243,0.8645833,0.73626375,0.83495146,0.7111111,0.4910769,0.57965887,0.6205827,0.6645582,0.6197479,0.19116610000000006,0.28492443,0.11568104999999995,0.17039326,0.09136319999999998,0.170705608,929,2.000914,24.075617,9.677284,1.3532994,middle_80pct
S-e9-bW4seo.000,0.49532712,0.44791666,0.45054945,0.5048544,0.51111114,0.44159323,0.5282571,0.5653393,0.5632446,0.54107004,0.053733890000000006,0.08034044000000001,0.11478984999999997,0.05839019999999995,0.02995890000000001,0.06744265599999999,930,2.1024404,22.691853,8.796065,3.1547496,middle_80pct
S-e9-bW4seo.001,0.37383178,0.5416667,0.35164836,0.61165047,0.4888889,0.48183164,0.530939,0.58306617,0.5267451,0.5396205,0.10799986,0.010727699999999896,0.23141781000000006,0.08490536999999998,0.05073159999999993,0.09715646799999997,931,2.028265,23.198936,5.858254,7.0482254,middle_80pct
S-e9-bW4seo.002,0.3364486,0.5208333,0.51648355,0.592233,0.4,0.42249906,0.50869817,0.5998385,0.56273997,0.52967405,0.08605046,0.012135130000000105,0.08335495000000004,0.02949303000000003,0.12967404999999999,0.06814152400000004,932,1.9662449,24.230171,7.074489,2.054236,middle_80pct
S-e9-bW4seo.003,0.53271025,0.5416667,0.61538464,0.69902915,0.45555556,0.3857525,0.4619649,0.5310826,0.49263597,0.487365,0.14695775000000005,0.07970179999999993,0.08430204000000008,0.20639318,0.03180943999999997,0.10983284200000001,933,2.2602286,26.123753,7.9788313,6.1638556,middle_80pct
S-e9-bW4seo.004,0.38317758,0.42708334,0.5494506,0.5825243,0.46666667,0.43604314,0.5154531,0.5861045,0.56589043,0.51628065,0.05286555999999998,0.08836976000000002,0.03665390000000002,0.01663386999999994,0.04961398,0.04882741399999999,934,2.0940242,26.258617,9.568443,1.8343148,middle_80pct
S-e9-bW4seo.005,0.6168224,0.6354167,0.6923077,0.66019416,0.5888889,0.4624637,0.5623943,0.6034167,0.5775944,0.5567109,0.15435870000000002,0.07302239999999993,0.08889099999999994,0.08259976000000002,0.03217800000000004,0.086209972,935,1.9656631,23.450338,7.994519,-1.3874748,middle_80pct
S1AEj1kO5dc.000,0.27102804,0.375,0.32967034,0.29126215,0.47777778,0.28753752,0.33731604,0.4655439,0.38942352,0.40286452,0.016509479999999965,0.037683960000000016,0.13587356,0.09816137000000003,0.07491325999999998,0.07262832599999999,936,2.042471,33.19141,-11.7197485,0.02200526,middle_80pct
S1AEj1kO5dc.001,0.5140187,0.30208334,0.5494506,0.4368932,0.6,0.34034967,0.41632295,0.5012594,0.4918272,0.4670013,0.17366903000000006,0.11423961000000005,0.04819119999999999,0.05493400000000004,0.13299869999999997,0.10480650800000002,937,1.9832577,30.408709,-3.930846,-3.0451095,middle_80pct
S1AEj1kO5dc.002,0.34579438,0.5729167,0.3846154,0.4563107,0.4888889,0.32927567,0.3776309,0.4781798,0.37962115,0.43957168,0.016518709999999992,0.19528579999999995,0.09356439999999999,0.07668955,0.049317219999999995,0.08627513599999999,938,1.9806149,28.230358,-7.318905,0.65795285,middle_80pct
S1AEj1kO5dc.003,0.34579438,0.22916667,0.37362638,0.37864077,0.42222223,0.33384234,0.37420672,0.4755124,0.37160775,0.45416152,0.011952039999999997,0.14504005,0.10188602000000002,0.007033020000000001,0.03193929000000001,0.05957008400000001,939,1.9246587,30.146816,-6.3901377,1.0672097,middle_80pct
S1AEj1kO5dc.004,0.35514018,0.41666666,0.35164836,0.4368932,0.5,0.3575107,0.40906668,0.50809306,0.42754397,0.47401297,0.002370519999999987,0.007599980000000006,0.1564447,0.009349229999999986,0.025987030000000022,0.040350291999999996,940,1.9760368,28.480085,-5.2830415,-0.4542311,lowest_error_10pct
S1AEj1kO5dc.005,0.23364486,0.30208334,0.34065935,0.30097088,0.4,0.25518352,0.27028173,0.41876373,0.29517263,0.3450305,0.021538659999999987,0.03180160999999998,0.07810437999999997,0.005798250000000005,0.054969500000000004,0.03844247999999999,941,2.2503927,40.19566,-19.066162,9.498791,lowest_error_10pct
S4H50iotXF0.000,0.42990655,0.625,0.53846157,0.37864077,0.5222222,0.55384094,0.6152457,0.5710874,0.589226,0.674448,0.12393438999999995,0.009754299999999994,0.03262583000000008,0.21058523,0.15222580000000008,0.10582511000000001,942,1.8733218,28.362524,-10.23497,-8.867413,middle_80pct
SFHklR7lWCA.001,0.55140185,0.6666667,0.6923077,0.4854369,0.67777777,0.4855808,0.5100565,0.5072871,0.49150047,0.58783364,0.06582104999999999,0.15661019999999992,0.18502059999999998,0.006063570000000018,0.0899441299999999,0.10069190999999997,943,2.032413,27.84473,-11.97034,-6.601427,middle_80pct
SFRis1tTZWk.002,0.6168224,0.6354167,0.45054945,0.61165047,0.6111111,0.5582631,0.59528023,0.59179354,0.6064281,0.655622,0.05855929999999998,0.04013646999999998,0.14124408999999993,0.005222369999999921,0.04451090000000002,0.05793462599999997,944,2.1011598,24.609522,-7.0852847,-4.0265045,middle_80pct
SFRis1tTZWk.003,0.8130841,0.6979167,0.7032967,0.63106793,0.73333335,0.5295093,0.55049026,0.5560763,0.5167301,0.6041802,0.2835748,0.14742643999999994,0.14722040000000003,0.11433783000000008,0.12915315000000005,0.16434252400000002,945,2.0656424,26.783724,-4.6783667,-2.9581532,middle_80pct
SFRis1tTZWk.005,0.60747665,0.6979167,0.64835167,0.63106793,0.62222224,0.5666504,0.59703016,0.5834743,0.62835574,0.6721445,0.04082624999999995,0.10088653999999997,0.06487737000000005,0.002712190000000003,0.049922259999999996,0.051844921999999995,946,1.9917212,24.224201,-3.3184729,-4.196213,middle_80pct
SGnhyxlbqaE.000,0.48598132,0.38541666,0.52747256,0.3398058,0.5222222,0.42643544,0.46711788,0.51658285,0.46112284,0.49973336,0.059545879999999995,0.08170121999999996,0.010889709999999941,0.12131703999999999,0.022488839999999954,0.05918853799999997,947,1.9417499,22.817492,5.535912,-2.0984118,middle_80pct
SGnhyxlbqaE.005,0.44859812,0.36458334,0.5934066,0.4854369,0.6,0.4563799,0.48516712,0.5251334,0.4191646,0.53731453,0.007781780000000016,0.12058378000000003,0.06827320000000003,0.0662723,0.06268547000000002,0.06511930600000002,948,1.9500839,22.215714,6.4058437,-0.09002146,middle_80pct
SPD5fXHVyIk.000,0.40186915,0.38541666,0.42857143,0.5048544,0.5777778,0.40366423,0.39330393,0.4673211,0.4232558,0.49173403,0.0017950800000000044,0.007887270000000002,0.038749670000000014,0.08159860000000002,0.08604377000000002,0.04321487800000001,949,2.2604198,32.578434,-18.626076,-1.0024414,lowest_error_10pct
SPD5fXHVyIk.001,0.35514018,0.30208334,0.34065935,0.407767,0.37777779,0.33166113,0.32395905,0.3846766,0.37385508,0.4079497,0.02347905,0.021875710000000048,0.04401724999999995,0.033911919999999984,0.030171910000000024,0.030691168,950,2.6294713,50.11123,-36.24212,6.000204,lowest_error_10pct
SPD5fXHVyIk.002,0.57009345,0.5104167,0.63736266,0.60194176,0.64444447,0.34049177,0.30972186,0.39908263,0.36092418,0.4173023,0.22960167999999997,0.20069483999999993,0.23828002999999998,0.24101758,0.22714217000000003,0.22734726,951,2.542805,40.203697,-25.869457,10.985338,highest_error_10pct
SPD5fXHVyIk.004,0.43925235,0.36458334,0.43956044,0.46601942,0.47777778,0.36226147,0.36524412,0.41265842,0.37987915,0.4618414,0.07699088000000004,0.0006607800000000275,0.02690201999999997,0.08614027000000002,0.015936379999999972,0.04132606600000001,952,2.4261181,41.018055,-26.461132,3.2940712,lowest_error_10pct
SPD5fXHVyIk.005,0.23364486,0.20833333,0.3846154,0.5631068,0.26666668,0.37176847,0.3760109,0.4472873,0.4001756,0.45398435,0.13812361,0.16767756999999997,0.0626719,0.1629312,0.18731767,0.14374439,953,2.4688926,37.697044,-21.491985,3.8028286,middle_80pct
SRjhmQTPOmA.000,0.46728972,0.5520833,0.53846157,0.5631068,0.65555555,0.3560037,0.49872038,0.5203508,0.5186083,0.46982437,0.11128602000000004,0.053362920000000036,0.018110769999999943,0.044498499999999996,0.18573118,0.082597878,954,1.8939979,23.094547,5.474226,-0.8504095,middle_80pct
SRjhmQTPOmA.001,0.35514018,0.46875,0.51648355,0.5825243,0.41111112,0.31243628,0.42090052,0.46915317,0.46529895,0.40989032,0.04270390000000002,0.04784948,0.047330380000000005,0.11722535,0.0012208000000000219,0.05126598200000001,955,2.0010324,26.294353,1.3523079,1.8570776,middle_80pct
SRjhmQTPOmA.002,0.2990654,0.48958334,0.6043956,0.6796116,0.5555556,0.35273963,0.4816787,0.5221653,0.53651977,0.4432458,0.053674230000000045,0.007904639999999963,0.08223029999999998,0.14309183000000003,0.11230980000000002,0.07984216000000001,956,1.9070563,22.628756,5.9971704,2.867477,middle_80pct
SRjhmQTPOmA.003,0.2897196,0.42708334,0.52747256,0.5145631,0.53333336,0.3394545,0.4339713,0.48795503,0.47378832,0.44107133,0.04973489999999997,0.006887960000000026,0.03951752999999997,0.040774780000000066,0.09226203,0.045835440000000005,957,1.9323418,24.524105,1.2215744,2.8883145,middle_80pct
SRjhmQTPOmA.004,0.26168224,0.53125,0.61538464,0.5339806,0.46666667,0.3809082,0.5027787,0.5090399,0.554998,0.47851247,0.11922595999999996,0.028471299999999977,0.10634474000000005,0.021017399999999964,0.011845800000000017,0.057381039999999994,958,2.06093,31.692429,1.7255231,5.6055756,middle_80pct
SRjhmQTPOmA.005,0.3084112,0.46875,0.62637365,0.7378641,0.44444445,0.3794741,0.4885543,0.5370667,0.49797955,0.45493752,0.07106289999999998,0.019804299999999997,0.08930695,0.23988455000000003,0.010493069999999993,0.086110354,959,1.924716,23.588263,0.24859653,4.9196043,middle_80pct
SbtIS7XwkLU.001,0.5233645,0.53125,0.43956044,0.4563107,0.62222224,0.35408375,0.38655743,0.4363675,0.40174413,0.4502875,0.16928075000000004,0.14469257000000002,0.0031929399999999775,0.054566570000000036,0.17193474000000003,0.10873351400000002,960,2.706629,44.718464,-23.747398,9.428615,middle_80pct
SbtIS7XwkLU.005,0.35514018,0.375,0.47252747,0.5533981,0.42222223,0.48487133,0.5636459,0.5821324,0.57502055,0.5840831,0.12973114999999996,0.18864590000000003,0.10960492999999999,0.02162244999999996,0.16186087,0.12229305999999998,961,2.0040386,23.435347,-4.8314476,-4.257387,middle_80pct
SfldZBPyPFo.000,0.20560747,0.1875,0.47252747,0.30097088,0.3888889,0.31612378,0.39423108,0.50807303,0.5247964,0.48382914,0.11051631000000003,0.20673108,0.03554556000000003,0.22382552000000006,0.09494024000000001,0.134311742,962,2.215638,27.992973,5.544792,4.9069166,middle_80pct
SfldZBPyPFo.001,0.21495327,0.23958333,0.31868133,0.3883495,0.22222222,0.33584332,0.38206792,0.48276776,0.4750133,0.4533375,0.12089005,0.14248459,0.16408643,0.08666380000000001,0.23111528,0.14904803000000003,963,2.1964855,27.665169,3.563891,1.6103051,middle_80pct
SfldZBPyPFo.002,0.1588785,0.15625,0.2747253,0.30097088,0.26666668,0.31229258,0.34900925,0.4708051,0.51260674,0.4549365,0.15341407999999998,0.19275925,0.19607979999999997,0.21163585999999995,0.18826982000000003,0.18843176199999997,964,2.183891,31.04366,0.36498207,6.727,highest_error_10pct
SfldZBPyPFo.003,0.28037384,0.3125,0.4945055,0.407767,0.26666668,0.3538376,0.39927876,0.5129297,0.50766206,0.47904062,0.07346375999999999,0.08677876000000001,0.018424200000000057,0.09989506000000004,0.21237393999999998,0.09818714400000002,965,2.1670241,26.922977,2.3392136,4.432028,middle_80pct
SfldZBPyPFo.004,0.23364486,0.25,0.36263737,0.34951457,0.24444444,0.2634586,0.28104752,0.4102373,0.42181998,0.393588,0.029813739999999977,0.031047519999999995,0.04759993000000001,0.07230540999999996,0.14914355999999998,0.065982032,966,2.1640263,30.439518,1.7793077,2.1845274,middle_80pct
SfldZBPyPFo.005,0.1682243,0.13541667,0.30769232,0.2815534,0.24444444,0.2711921,0.32565576,0.4450847,0.47119203,0.41524065,0.1029678,0.19023909000000003,0.13739237999999998,0.18963862999999997,0.17079620999999998,0.158206822,967,2.223963,30.737028,3.6543763,5.64973,middle_80pct
SyaRn3MHEIE.003,0.5420561,0.48958334,0.51648355,0.5825243,0.6111111,0.5496738,0.5570902,0.58169156,0.5474046,0.6248515,0.0076176999999999495,0.06750686,0.06520800999999998,0.035119699999999976,0.013740399999999986,0.03783853399999998,968,2.0266297,21.747314,-3.4712844,-3.6964455,lowest_error_10pct
SyaRn3MHEIE.004,0.48598132,0.6145833,0.47252747,0.4563107,0.62222224,0.528247,0.5151363,0.5451452,0.4269102,0.6391883,0.04226568000000003,0.09944700000000006,0.07261772999999999,0.029400499999999996,0.016966060000000005,0.05213939400000002,969,2.0416007,30.143091,-4.676905,-3.4950876,middle_80pct
T1_6sVNHG70.000,0.37383178,0.47916666,0.5934066,0.3106796,0.56666666,0.3355696,0.4213096,0.5184278,0.538503,0.42407757,0.03826217999999998,0.057857060000000016,0.07497880000000001,0.22782339999999995,0.14258908999999997,0.10830210599999998,970,2.181735,36.101723,1.1703062,15.835581,middle_80pct
T1_6sVNHG70.001,0.43925235,0.5,0.50549453,0.3883495,0.4888889,0.35572737,0.43358216,0.5203358,0.49404156,0.46738422,0.08352498000000003,0.06641784,0.014841270000000018,0.10569205999999998,0.021504679999999998,0.058396166000000006,971,2.1160948,26.25249,5.0110054,2.3950903,middle_80pct
T1_6sVNHG70.002,0.19626169,0.19791667,0.2747253,0.26213592,0.23333333,0.34057406,0.43046072,0.4881337,0.5005676,0.4377894,0.14431237000000002,0.23254405000000003,0.2134084,0.23843167999999998,0.20445607,0.206630514,972,2.0654325,30.153925,3.309958,8.061456,highest_error_10pct
T1_6sVNHG70.003,0.26168224,0.35416666,0.50549453,0.407767,0.36666667,0.32449207,0.40407318,0.5060752,0.51764905,0.4019531,0.06280983000000001,0.049906519999999954,0.0005806699999999498,0.10988205000000006,0.035286430000000035,0.051693100000000006,973,2.2564738,29.719599,7.66862,3.878756,middle_80pct
T1_6sVNHG70.004,0.3084112,0.46875,0.42857143,0.3398058,0.51111114,0.3667502,0.44757327,0.502483,0.5033746,0.45868078,0.05833900000000003,0.021176729999999977,0.07391157000000004,0.16356880000000001,0.05243036000000001,0.07388529200000002,974,2.1764774,27.930462,4.399455,5.3799434,middle_80pct
T1_6sVNHG70.005,0.42990655,0.45833334,0.3956044,0.47572815,0.44444445,0.3789264,0.44530922,0.5450258,0.51496035,0.43258476,0.05098015,0.013024119999999972,0.14942139999999998,0.03923219999999994,0.011859689999999978,0.05290351199999997,975,2.1013718,25.846931,7.9149723,0.59211415,middle_80pct
T6CMGXdPUTA.000,0.55140185,0.625,0.63736266,0.74757284,0.6,0.54541534,0.58728856,0.58695483,0.5740553,0.64438593,0.005986509999999945,0.03771144000000004,0.05040782999999993,0.17351753999999997,0.04438593000000002,0.06240184999999998,976,1.8951188,20.560282,-0.011046429,-4.5650654,middle_80pct
T6CMGXdPUTA.001,0.8037383,0.625,0.6593407,0.5631068,0.6333333,0.53791535,0.5737278,0.5611982,0.54452276,0.62994975,0.26582295,0.05127219999999999,0.09814250000000002,0.018584040000000024,0.003383550000000013,0.08744104800000001,977,1.9370028,23.482319,-5.751361,-5.52864,middle_80pct
T6CMGXdPUTA.002,0.6448598,0.6875,0.63736266,0.5631068,0.7222222,0.54950595,0.58889246,0.59772867,0.5881611,0.62851894,0.09535384999999996,0.09860754000000005,0.03963399000000001,0.025054299999999974,0.09370326000000007,0.07047058800000001,978,1.9660319,22.76802,1.3333256,-3.5892403,middle_80pct
T6CMGXdPUTA.003,0.76635516,0.6979167,0.6703297,0.6407767,0.6666667,0.53211135,0.58871675,0.56774694,0.57721215,0.651631,0.23424381000000005,0.10919994999999993,0.10258276,0.06356454999999994,0.015035699999999985,0.10492535399999998,979,1.9819494,24.940973,-3.0016289,-4.9061303,middle_80pct
T6CMGXdPUTA.005,0.682243,0.7604167,0.8021978,0.6699029,0.6888889,0.5385128,0.5555867,0.56916904,0.5322573,0.6169058,0.14373020000000003,0.20482999999999996,0.23302875999999995,0.13764559999999992,0.07198310000000008,0.158243532,980,1.911606,23.20077,0.07964657,-1.8861252,middle_80pct
T8ibN-b3h7Y.001,0.682243,0.6770833,0.50549453,0.592233,0.64444447,0.530397,0.5567454,0.57385725,0.5869173,0.59131455,0.15184600000000004,0.12033790000000011,0.06836271999999999,0.005315700000000034,0.05312992000000005,0.07979844800000005,981,1.9932576,19.954721,6.541168,-0.8247387,middle_80pct
T8ibN-b3h7Y.004,0.7196262,0.5729167,0.64835167,0.592233,0.62222224,0.56300664,0.5738332,0.59283626,0.6305684,0.61972725,0.15661956,0.0009165000000000978,0.05551541000000004,0.03833540000000002,0.0024949900000000858,0.05077637200000005,982,1.9128823,20.12236,5.7105083,-1.0952272,middle_80pct
TD2jIXMD-SM.000,0.34579438,0.38541666,0.41758242,0.5048544,0.4888889,0.4161854,0.43305373,0.4811885,0.47080803,0.50389266,0.07039101999999997,0.047637070000000004,0.06360608000000001,0.03404637000000005,0.015003759999999977,0.04613686,983,2.0829418,24.02799,-7.874547,-0.49766275,middle_80pct
TD2jIXMD-SM.001,0.37383178,0.36458334,0.48351648,0.61165047,0.54444444,0.43853915,0.46467024,0.5139686,0.53678894,0.5247454,0.06470736999999999,0.10008690000000003,0.03045211999999997,0.07486152999999995,0.01969904,0.05796139199999999,984,2.0660605,23.861395,-2.882321,-2.951283,middle_80pct
TD2jIXMD-SM.002,0.38317758,0.45833334,0.48351648,0.5825243,0.45555556,0.4560438,0.5000902,0.54982054,0.5202475,0.5325037,0.07286621999999998,0.04175686000000006,0.06630406,0.06227680000000002,0.07694814,0.064030416,985,2.0469205,25.79603,-7.8918223,-3.5676339,middle_80pct
TD2jIXMD-SM.003,0.53271025,0.42708334,0.43956044,0.49514562,0.6333333,0.43178415,0.4181847,0.47367808,0.40636763,0.4907384,0.10092610000000007,0.008898639999999958,0.034117640000000005,0.08877799000000003,0.14259489999999997,0.075063054,986,2.2086565,28.481455,-13.035355,-1.1708382,middle_80pct
TD2jIXMD-SM.004,0.41121495,0.39583334,0.5494506,0.57281554,0.53333336,0.4340825,0.4344973,0.4792647,0.48066726,0.51161706,0.02286754999999996,0.03866396,0.07018590000000002,0.09214828000000003,0.02171630000000002,0.049116398000000006,987,2.0664806,25.994165,-6.931924,2.9658325,middle_80pct
TD2jIXMD-SM.005,0.43925235,0.44791666,0.5714286,0.60194176,0.5888889,0.4815901,0.46342263,0.5109896,0.4810747,0.5442279,0.04233775000000001,0.01550596999999998,0.06043899999999991,0.12086705999999997,0.04466100000000006,0.05676215599999999,988,2.1098123,23.974354,-8.810749,0.11416316,middle_80pct
TEGJrmNFvXY.000,0.44859812,0.5104167,0.5934066,0.5631068,0.54444444,0.4381283,0.5311353,0.55579346,0.516531,0.5309651,0.010469819999999963,0.02071860000000003,0.037613140000000045,0.046575800000000056,0.013479340000000062,0.02577134000000003,989,1.9544066,23.586044,4.0072308,-0.82859856,lowest_error_10pct
TEGJrmNFvXY.001,0.43925235,0.35416666,0.5824176,0.5339806,0.6333333,0.4281152,0.5431792,0.5665084,0.5202435,0.5079098,0.01113715000000004,0.18901253999999995,0.015909199999999957,0.013737100000000058,0.12542350000000002,0.07104389800000001,990,1.9578025,25.147648,5.546743,-2.2827759,middle_80pct
TEGJrmNFvXY.004,0.45794392,0.5208333,0.5714286,0.5339806,0.46666667,0.4252521,0.51546097,0.5639156,0.5069467,0.53098655,0.03269181999999998,0.005372330000000036,0.007512999999999992,0.027033900000000055,0.06431987999999994,0.027386186,991,1.9802709,22.315079,3.9262943,-2.4188225,lowest_error_10pct
TEGJrmNFvXY.005,0.53271025,0.45833334,0.4945055,0.60194176,0.4,0.43041933,0.51049757,0.56534094,0.5125913,0.523334,0.10229092000000006,0.05216422999999998,0.07083544000000003,0.08935046000000002,0.12333399999999994,0.08759501,992,1.9315667,23.286608,5.625521,0.5677079,middle_80pct
TNjEJGdqmH0.000,0.55140185,0.41666666,0.64835167,0.49514562,0.6,0.38752764,0.399508,0.47611123,0.40335077,0.46620438,0.16387420999999996,0.017158660000000048,0.17224044000000005,0.09179484999999998,0.13379562,0.115772756,993,2.0465949,28.615162,-1.3530476,10.071793,middle_80pct
TNjEJGdqmH0.001,0.42056075,0.48958334,0.50549453,0.41747573,0.54444444,0.45149547,0.4460836,0.512128,0.46127605,0.5507188,0.030934720000000027,0.04349973999999995,0.00663347000000003,0.043800320000000004,0.006274359999999923,0.026228521999999987,994,2.1283853,26.381235,1.6490959,6.6203394,lowest_error_10pct
TNjEJGdqmH0.002,0.44859812,0.45833334,0.6703297,0.5825243,0.6,0.42989063,0.4264226,0.50107944,0.42610985,0.5080949,0.018707489999999993,0.03191073999999999,0.16925025999999999,0.15641444999999998,0.09190509999999996,0.09363760799999998,995,2.0273938,24.277948,-0.0021295408,7.445484,middle_80pct
TNjEJGdqmH0.003,0.60747665,0.6145833,0.53846157,0.5048544,0.51111114,0.49264908,0.47665069,0.51533467,0.480515,0.5553787,0.11482756999999993,0.13793261000000007,0.02312689999999995,0.02433940000000001,0.044267559999999984,0.06889880799999999,996,1.975753,22.150593,0.022688825,3.7696576,middle_80pct
TNjEJGdqmH0.004,0.69158876,0.5625,0.5934066,0.47572815,0.7,0.4380669,0.422269,0.47743934,0.40491697,0.50443745,0.25352186000000004,0.140231,0.11596726000000002,0.07081118000000003,0.19556255,0.15521877,997,2.2608545,31.519154,-1.9634889,7.86343,middle_80pct
TNjEJGdqmH0.005,0.57009345,0.6145833,0.64835167,0.5436893,0.5555556,0.4280151,0.43455893,0.4994143,0.40827626,0.50783014,0.14207835000000002,0.18002437000000004,0.14893737000000007,0.13541304000000004,0.04772546,0.13083571800000005,998,2.1373844,28.30099,-1.4195272,10.208424,middle_80pct
TNtcyfM9jak.000,0.42056075,0.32291666,0.35164836,0.33009708,0.5888889,0.49484268,0.54382133,0.5022765,0.46495783,0.5974626,0.07428193,0.22090466999999997,0.15062814000000002,0.13486075000000003,0.008573699999999906,0.11784983799999997,999,1.9999609,24.800756,-10.754825,-1.7272065,middle_80pct
TNtcyfM9jak.001,0.5046729,0.46875,0.5604396,0.39805827,0.62222224,0.57805115,0.6112675,0.5853284,0.5724014,0.66287947,0.07337824999999998,0.14251749999999996,0.024888799999999933,0.17434312999999996,0.04065722999999999,0.09115698199999997,1000,1.8904963,25.358004,-4.5629187,-9.512149,middle_80pct
TNtcyfM9jak.002,0.1588785,0.20833333,0.17582418,0.08737864,0.46666667,0.5584651,0.5863716,0.559311,0.51840824,0.6497886,0.3995866,0.37803827,0.38348682,0.43102959999999996,0.18312193000000004,0.35505264400000003,1001,2.1215131,32.07868,-11.328756,-6.9396553,highest_error_10pct
TNtcyfM9jak.003,0.5607477,0.5104167,0.5934066,0.39805827,0.75555557,0.5252383,0.5064665,0.5138233,0.42488438,0.6128264,0.03550939999999991,0.003950199999999904,0.07958330000000002,0.026826110000000014,0.14272916999999996,0.05771963599999996,1002,2.2634907,43.187164,-16.470922,-3.3813226,middle_80pct
TNtcyfM9jak.004,0.37383178,0.5208333,0.4065934,0.29126215,0.54444444,0.5494387,0.62922156,0.594807,0.60602593,0.6654291,0.17560691999999994,0.1083882599999999,0.18821359999999998,0.31476378000000005,0.12098465999999997,0.181591444,1003,1.8929411,25.246292,-1.6871666,-7.5105495,highest_error_10pct
TNtcyfM9jak.005,0.43925235,0.38541666,0.41758242,0.3106796,0.53333336,0.50947416,0.6270315,0.5833124,0.587312,0.64060825,0.07022181,0.24161483999999994,0.16572997999999994,0.27663239999999995,0.10727489000000001,0.17229478399999998,1004,2.0372164,23.792223,4.120395,-3.086207,middle_80pct
TPRQyuiNYmI.000,0.53271025,0.6458333,0.72527474,0.5436893,0.6111111,0.51437485,0.61921513,0.6278772,0.6280905,0.60004586,0.0183354,0.026618170000000108,0.09739754,0.08440119999999995,0.011065239999999976,0.04756351000000001,1005,1.9607857,26.09515,9.239157,1.6003531,middle_80pct
TPRQyuiNYmI.001,0.8411215,0.8333333,0.9120879,0.78640777,0.75555557,0.46154162,0.53675026,0.57664484,0.5641884,0.5644099,0.37957988,0.29658304,0.3354430599999999,0.22221936999999992,0.19114566999999993,0.2849942039999999,1006,2.067564,26.120445,8.42239,0.8929355,highest_error_10pct
TPRQyuiNYmI.002,0.5794392,0.71875,0.6593407,0.57281554,0.7111111,0.4624457,0.58277774,0.57072026,0.5770443,0.556068,0.11699350000000003,0.13597225999999996,0.08862044000000002,0.0042287599999999426,0.1550431,0.10017161199999998,1007,2.1023848,27.05963,11.971199,2.9699278,middle_80pct
TPRQyuiNYmI.003,0.6168224,0.625,0.63736266,0.5825243,0.6333333,0.4898469,0.5828221,0.6028973,0.6151047,0.5901035,0.12697550000000002,0.04217789999999999,0.03446536,0.032580399999999954,0.043229799999999985,0.05588579199999999,1008,1.931665,28.37397,9.454489,4.366293,middle_80pct
TPRQyuiNYmI.004,0.6448598,0.6875,0.7912088,0.66019416,0.6,0.42853886,0.5490592,0.55921644,0.58037096,0.5561013,0.21632093999999996,0.13844080000000003,0.23199236,0.07982319999999998,0.04389869999999996,0.1420952,1009,2.1803687,29.142895,13.50783,3.6024268,middle_80pct
TPk6KiHuPag.000,0.72897196,0.8125,0.6703297,0.776699,0.7,0.57217854,0.6179586,0.5928538,0.66424644,0.65652966,0.15679341999999996,0.19454139999999998,0.07747590000000004,0.11245256000000003,0.04347033999999994,0.11694672399999999,1010,1.9677836,24.975574,-2.2846317,-7.7284603,middle_80pct
TPk6KiHuPag.001,0.5981308,0.59375,0.64835167,0.66019416,0.6666667,0.54791945,0.5972848,0.577095,0.6786466,0.6466437,0.05021134999999999,0.003534799999999949,0.07125667000000002,0.018452440000000014,0.020022999999999902,0.03269565199999998,1011,2.0630176,24.6264,0.8531527,-5.482667,lowest_error_10pct
TPk6KiHuPag.003,0.5981308,0.7395833,0.8901099,0.70873785,0.84444445,0.4533298,0.5297506,0.5524128,0.66061735,0.5540796,0.14480099999999996,0.2098327000000001,0.3376971,0.04812050000000001,0.29036485,0.20616323000000003,1012,2.0794833,27.260056,3.1931577,-5.6446066,highest_error_10pct
TPk6KiHuPag.004,0.5794392,0.6458333,0.61538464,0.592233,0.7777778,0.51026213,0.56276155,0.57058054,0.60254276,0.60044813,0.06917707000000006,0.08307175,0.04480410000000001,0.010309759999999946,0.17732967,0.07693847000000001,1013,1.9547755,23.06965,1.4628421,-5.693226,middle_80pct
TQHzCznQ14Y.000,0.3364486,0.41666666,0.4065934,0.37864077,0.35555556,0.43281847,0.41966897,0.4772155,0.4366244,0.50142574,0.09636987000000002,0.0030023099999999525,0.07062210000000002,0.05798363000000001,0.14587017999999996,0.074769618,1014,2.0361383,26.155107,2.068807,1.4899595,middle_80pct
TQHzCznQ14Y.001,0.55140185,0.65625,0.5934066,0.66019416,0.6666667,0.44209677,0.45327204,0.47751325,0.45667416,0.5258159,0.10930508,0.20297796,0.11589335,0.20351999999999998,0.14085079999999994,0.154509438,1015,1.9937129,25.039305,1.0120052,0.28241882,middle_80pct
TQHzCznQ14Y.002,0.39252338,0.42708334,0.3846154,0.36893204,0.42222223,0.39414978,0.3922427,0.42840263,0.41287032,0.46676806,0.0016264000000000278,0.03484063999999998,0.04378723000000001,0.043938279999999996,0.04454583000000001,0.033747676000000004,1016,2.1024532,26.712639,1.6544175,-2.2219217,lowest_error_10pct
TQHzCznQ14Y.003,0.53271025,0.46875,0.46153846,0.42718446,0.5777778,0.47426486,0.480138,0.5298392,0.5103782,0.5262486,0.05844539000000004,0.01138800000000001,0.06830073999999997,0.08319374000000002,0.05152920000000005,0.05457141400000002,1017,2.023039,23.763166,2.9759908,0.40433908,middle_80pct
UCKiPkp4ZkA.000,0.46728972,0.35416666,0.53846157,0.52427185,0.56666666,0.5862585,0.5796207,0.60047764,0.572867,0.66174245,0.11896878,0.22545403999999997,0.06201607000000009,0.04859515000000003,0.09507579,0.110021966,1018,2.0702152,23.250889,3.747479,-5.150036,middle_80pct
UCKiPkp4ZkA.002,0.47663552,0.5208333,0.6813187,0.57281554,0.62222224,0.5285591,0.5408255,0.5699269,0.54204065,0.6023557,0.05192357999999997,0.019992199999999904,0.11139180000000004,0.03077489,0.019866539999999988,0.04678980199999998,1019,1.9488611,23.343464,2.3761106,-2.975817,middle_80pct
UQeuBvZNusI.000,0.45794392,0.34375,0.4065934,0.44660193,0.41111112,0.45801347,0.47651732,0.5323278,0.5131921,0.56290895,6.95499999999738e-05,0.13276732000000002,0.12573440000000002,0.06659017000000006,0.15179782999999997,0.09539185400000001,1020,1.955939,22.132479,6.6151285,-1.0340308,middle_80pct
UQeuBvZNusI.001,0.37383178,0.34375,0.48351648,0.3883495,0.42222223,0.42510462,0.44454032,0.5126778,0.4407683,0.5330097,0.051272839999999986,0.10079031999999999,0.029161319999999935,0.05241879999999999,0.11078747000000005,0.06888615,1021,1.9596155,26.113445,4.461587,1.4473842,middle_80pct
UQeuBvZNusI.002,0.42990655,0.28125,0.48351648,0.3592233,0.33333334,0.42908096,0.43883544,0.46450418,0.4604753,0.5209614,0.0008255899999999872,0.15758544000000002,0.019012300000000038,0.10125199999999995,0.18762806000000004,0.09326067800000001,1022,2.015677,25.94313,3.702588,1.9595954,middle_80pct
UQeuBvZNusI.003,0.39252338,0.46875,0.45054945,0.407767,0.34444445,0.45533788,0.47424865,0.5168944,0.48524952,0.5499645,0.0628145,0.005498649999999994,0.06634494999999996,0.07748252,0.20552004999999995,0.08353213399999998,1023,2.0393217,26.062836,5.3151064,3.03341,middle_80pct
UQeuBvZNusI.004,0.2990654,0.22916667,0.42857143,0.36893204,0.3888889,0.4745099,0.4589609,0.52067125,0.44996002,0.550117,0.1754445,0.22979423000000002,0.09209982000000005,0.08102798,0.16122809999999999,0.147918926,1024,2.0563056,23.28198,6.5162907,1.7674187,middle_80pct
UQeuBvZNusI.005,0.317757,0.21875,0.41758242,0.26213592,0.26666668,0.38215142,0.38593838,0.47900942,0.45723197,0.5100335,0.06439442000000001,0.16718838000000003,0.06142700000000001,0.19509604999999997,0.24336682000000004,0.146294534,1025,2.0761554,26.414766,6.811567,2.9535637,middle_80pct
US4PxgfKDeA.000,0.317757,0.21875,0.36263737,0.24271844,0.6111111,0.4208809,0.45235568,0.50672895,0.5536657,0.5172873,0.10312389999999999,0.23360567999999998,0.14409157999999994,0.31094726000000006,0.09382380000000001,0.17711844399999999,1026,2.1297047,29.613855,-4.464143,-2.6842818,highest_error_10pct
US4PxgfKDeA.001,0.40186915,0.36458334,0.46153846,0.44660193,0.6333333,0.4386556,0.47143492,0.50835997,0.52738047,0.5203396,0.03678644999999997,0.10685158,0.04682151000000001,0.08077854000000001,0.11299369999999997,0.07684635599999999,1027,2.0152595,27.555817,-6.735702,-2.7935817,middle_80pct
US4PxgfKDeA.002,0.24299066,0.19791667,0.4065934,0.2038835,0.5555556,0.45430154,0.50254583,0.5374185,0.6164073,0.54202545,0.21131088,0.30462915999999995,0.13082510000000003,0.4125238,0.013530150000000019,0.21456381800000002,1028,2.1593738,28.474115,2.2302961,-0.9907121,highest_error_10pct
US4PxgfKDeA.003,0.27102804,0.33333334,0.3846154,0.22330096,0.47777778,0.4673951,0.50250125,0.5350708,0.5790889,0.55532914,0.19636705999999998,0.16916791000000003,0.15045539999999996,0.35578794,0.07755136000000001,0.18986593400000001,1029,1.9503591,24.830482,-4.6570797,-2.6579447,highest_error_10pct
US4PxgfKDeA.004,0.2990654,0.5,0.4065934,0.3883495,0.65555555,0.43059397,0.50866705,0.5199529,0.5616256,0.5179181,0.13152857,0.00866705000000001,0.11335950000000006,0.17327609999999993,0.13763744999999994,0.11289373399999998,1030,2.1181474,31.098284,-0.04251687,-1.439157,middle_80pct
US4PxgfKDeA.005,0.317757,0.29166666,0.3846154,0.33009708,0.62222224,0.4885428,0.52543956,0.5549864,0.5818504,0.59777045,0.1707858,0.2337729,0.170371,0.25175332,0.024451790000000084,0.170226962,1031,2.0661736,25.116552,-1.0566666,-2.489779,middle_80pct
UVMEzA3yHsM.001,0.41121495,0.4375,0.48351648,0.42718446,0.47777778,0.4576808,0.5269114,0.56268156,0.51068926,0.5814833,0.046465849999999975,0.08941140000000003,0.07916508,0.08350480000000005,0.10370552000000005,0.08045053000000002,1032,1.9674667,21.906332,0.68370134,-1.8922374,middle_80pct
UVMEzA3yHsM.003,0.3364486,0.30208334,0.48351648,0.27184466,0.43333334,0.43395033,0.48607206,0.5215309,0.41179183,0.5606175,0.09750173000000001,0.18398872,0.03801441999999999,0.13994717,0.12728415999999998,0.11734724,1033,2.01678,25.65939,-2.3883328,-2.1298585,middle_80pct
UVMEzA3yHsM.004,0.44859812,0.46875,0.61538464,0.41747573,0.47777778,0.44057494,0.50929534,0.5411619,0.44852716,0.5857857,0.008023179999999963,0.040545339999999985,0.07422274000000006,0.03105142999999999,0.10800791999999998,0.052370122,1034,1.9015799,22.3551,-0.07695331,-2.007023,middle_80pct
UvX6ctu2ObM.000,0.47663552,0.41666666,0.4945055,0.42718446,0.75555557,0.36020508,0.4170453,0.46523452,0.32282275,0.47150847,0.11643043999999997,0.00037863999999998565,0.029270980000000002,0.10436171,0.28404709999999994,0.10689777399999997,1035,2.2077096,36.645126,-21.030846,1.1598861,middle_80pct
UvX6ctu2ObM.002,0.27102804,0.3125,0.37362638,0.3398058,0.44444445,0.3837909,0.45991173,0.49311185,0.4298475,0.48145866,0.11276285999999996,0.14741173000000002,0.11948547000000004,0.0900417,0.03701420999999999,0.101343194,1036,2.0118718,26.08131,-7.575638,-2.4657435,middle_80pct
UvX6ctu2ObM.003,0.40186915,0.47916666,0.42857143,0.4368932,0.54444444,0.40230316,0.46895427,0.5143807,0.444727,0.5070184,0.0004340099999999847,0.010212390000000016,0.08580927000000005,0.007833800000000002,0.03742604000000005,0.02834310200000002,1037,2.0872097,23.098366,-6.4914823,-3.5035996,lowest_error_10pct
V1TjmLtgNm0.000,0.682243,0.6770833,0.6043956,0.4854369,0.85555553,0.5734216,0.5969048,0.59496814,0.56156296,0.650066,0.10882140000000007,0.08017850000000004,0.009427460000000054,0.07612606000000005,0.20548952999999992,0.09600859000000003,1038,1.9153543,24.955019,3.0454302,-0.36815086,middle_80pct
V1TjmLtgNm0.002,0.6168224,0.6875,0.6043956,0.5436893,0.8111111,0.5789411,0.6016146,0.5887397,0.57987523,0.6539863,0.03788130000000001,0.0858854,0.015655900000000056,0.03618592999999992,0.15712479999999995,0.06654666599999999,1039,1.986351,22.982502,5.1893234,-3.4329348,middle_80pct
V1TjmLtgNm0.003,0.55140185,0.40625,0.47252747,0.42718446,0.6111111,0.58799106,0.5953676,0.5961346,0.58083665,0.6482206,0.03658921000000004,0.1891176,0.12360712999999995,0.15365218999999997,0.03710950000000002,0.10801512599999999,1040,2.013955,23.25168,4.6560087,-3.1245496,middle_80pct
V1TjmLtgNm0.004,0.42056075,0.45833334,0.4065934,0.49514562,0.6666667,0.5705061,0.65291387,0.6202275,0.6884805,0.68390405,0.14994535000000003,0.19458053000000003,0.21363410000000005,0.19333488000000004,0.01723735000000004,0.15374644200000004,1041,2.0799773,24.190186,6.5769787,-4.1719165,middle_80pct
V1TjmLtgNm0.005,0.5607477,0.36458334,0.47252747,0.61165047,0.65555555,0.58363044,0.59394467,0.5877403,0.60026264,0.66234946,0.022882740000000013,0.22936132999999997,0.11521282999999999,0.011387829999999988,0.006793909999999959,0.07712772799999998,1042,2.0340545,23.15979,4.205585,-0.52053314,middle_80pct
V8PSAROGbZM.004,0.76635516,0.84375,0.61538464,0.5048544,0.8666667,0.64837587,0.6535798,0.61087644,0.58763176,0.72296536,0.11797929000000007,0.19017019999999996,0.004508200000000073,0.08277735999999991,0.14370134,0.107827278,1043,1.9033682,34.16314,-16.576654,-14.646376,middle_80pct
V9roK_mLM-w.000,0.5607477,0.59375,0.52747256,0.66019416,0.5888889,0.5474739,0.58896,0.5926904,0.68713343,0.63295645,0.013273800000000002,0.004789999999999961,0.06521783999999997,0.02693927000000007,0.044067549999999955,0.030857691999999992,1044,2.09568,22.648838,4.737356,-4.341916,lowest_error_10pct
V9roK_mLM-w.001,0.682243,0.6875,0.83516484,0.66019416,0.6888889,0.5411682,0.58660823,0.60102636,0.72190076,0.6164773,0.14107480000000006,0.10089177000000005,0.23413848000000004,0.061706600000000056,0.07241160000000002,0.12204465000000005,1045,1.9999943,24.028254,3.737703,-2.549493,middle_80pct
V9roK_mLM-w.002,0.5607477,0.71875,0.6593407,0.70873785,0.75555557,0.5721087,0.6455769,0.63414216,0.67897415,0.6845686,0.011361000000000065,0.07317309999999999,0.02519853999999999,0.02976369999999995,0.07098696999999998,0.04209666199999999,1046,2.0263267,23.056765,5.2946734,-3.4690936,lowest_error_10pct
V9roK_mLM-w.003,0.62616825,0.6458333,0.61538464,0.69902915,0.5888889,0.5576482,0.5816892,0.60857904,0.6803279,0.61590105,0.06852004999999994,0.06414410000000004,0.006805600000000078,0.018701250000000003,0.0270121499999999,0.037036629999999994,1047,1.9455869,24.722567,3.8950617,-3.4258618,lowest_error_10pct
V9roK_mLM-w.004,0.5420561,0.48958334,0.51648355,0.5631068,0.67777777,0.581168,0.6143587,0.6070249,0.65894055,0.6747492,0.03911189999999998,0.12477536000000006,0.09054134999999996,0.09583374999999994,0.003028569999999897,0.07065818599999997,1048,2.0298166,22.069756,4.2451515,-3.6537251,middle_80pct
V9roK_mLM-w.005,0.49532712,0.48958334,0.6813187,0.592233,0.67777777,0.55741227,0.5897933,0.6415685,0.6855558,0.616355,0.06208515000000003,0.10020995999999999,0.03975020000000007,0.09332280000000004,0.06142276999999996,0.07135817600000002,1049,1.9804558,21.14734,4.5921106,-1.9448984,middle_80pct
VA5XjOaBH0Y.000,0.5794392,0.65625,0.6043956,0.6699029,0.67777777,0.47842243,0.4576825,0.5259806,0.48551774,0.5532645,0.10101677000000003,0.1985675,0.07841500000000001,0.18438516,0.1245132699999999,0.13737954,1050,2.0067408,23.228794,-8.762968,-7.897477,middle_80pct
VForU0EmBr0.000,0.36448598,0.41666666,0.51648355,0.37864077,0.45555556,0.3594209,0.3671073,0.45930725,0.40653875,0.41443717,0.00506508,0.04955936,0.05717630000000001,0.02789797999999999,0.041118390000000005,0.036163422,1051,2.041014,24.476707,4.552767,2.9783087,lowest_error_10pct
VForU0EmBr0.001,0.36448598,0.3125,0.48351648,0.42718446,0.5222222,0.32591903,0.33575875,0.43224782,0.36691996,0.38998148,0.03856694999999999,0.023258749999999995,0.05126866000000002,0.0602645,0.13224071999999998,0.061119915999999996,1052,1.9469346,25.7547,1.5090703,5.7086763,middle_80pct
VForU0EmBr0.002,0.28037384,0.36458334,0.46153846,0.33009708,0.36666667,0.32358903,0.33188152,0.42787838,0.3771035,0.39129424,0.043215190000000014,0.03270181999999999,0.03366007999999998,0.04700641999999999,0.024627570000000043,0.03624221600000001,1053,1.9885033,24.005703,2.8359914,1.4078794,lowest_error_10pct
VForU0EmBr0.003,0.25233644,0.30208334,0.50549453,0.37864077,0.3888889,0.44414368,0.4908654,0.5330068,0.50575554,0.5022364,0.19180724,0.18878206000000003,0.027512270000000005,0.12711477,0.11334750000000005,0.12971276800000003,1054,1.9332209,23.332397,4.4297647,-3.137739,middle_80pct
VForU0EmBr0.004,0.46728972,0.38541666,0.45054945,0.407767,0.5555556,0.3807096,0.38619477,0.47158074,0.39959276,0.44958466,0.08658012000000004,0.0007781099999999985,0.02103128999999998,0.00817424,0.10597094000000001,0.04450694000000001,1055,1.9652956,23.302107,2.6671448,1.3000393,middle_80pct
VForU0EmBr0.005,0.39252338,0.5625,0.6593407,0.41747573,0.67777777,0.28342873,0.32256824,0.40944606,0.35229242,0.3858758,0.10909464999999996,0.23993176,0.24989464,0.06518331,0.29190196999999996,0.19120126599999998,1056,2.0152545,30.207958,1.4485354,4.236937,highest_error_10pct
VIKk25Ozx40.000,0.47663552,0.5625,0.5604396,0.65048546,0.6111111,0.3744371,0.51346695,0.57034653,0.58230466,0.51500505,0.10219841999999996,0.04903305000000002,0.00990692999999998,0.06818079999999993,0.09610605000000005,0.06508504999999999,1057,2.1117754,25.52868,2.8691156,0.6057928,middle_80pct
VIKk25Ozx40.001,0.40186915,0.5104167,0.5604396,0.6699029,0.5222222,0.43024242,0.5610155,0.61016303,0.59974617,0.54340386,0.028373270000000006,0.050598800000000055,0.04972343000000001,0.07015673,0.02118165999999999,0.04400677800000001,1058,1.9646152,24.811398,1.7749969,-0.15540159,lowest_error_10pct
VM409fZmJE0.000,0.34579438,0.21875,0.5494506,0.3592233,0.3,0.379115,0.42056304,0.49151587,0.4030822,0.45928955,0.03332061999999997,0.20181304,0.05793472999999999,0.04385889999999998,0.15928955,0.09924336799999998,1059,2.0201445,22.24747,3.733463,1.4082552,middle_80pct
Vj-Cmtqv_qY.000,0.5794392,0.53125,0.5604396,0.5825243,0.7777778,0.5665978,0.59426916,0.59627664,0.5721037,0.64900386,0.012841400000000003,0.06301915999999996,0.03583703999999999,0.010420600000000002,0.12877393999999998,0.05017842799999998,1060,1.977977,22.84825,9.382057,-2.0808334,middle_80pct
Vj-Cmtqv_qY.001,0.5233645,0.5833333,0.45054945,0.57281554,0.7222222,0.56999844,0.6067344,0.58381367,0.60361904,0.64147484,0.046633939999999985,0.023401099999999952,0.13326421999999993,0.030803499999999984,0.08074736000000005,0.06297002399999999,1061,2.017455,21.819628,8.131781,-1.4990898,middle_80pct
Vj-Cmtqv_qY.004,0.62616825,0.6666667,0.61538464,0.5145631,0.73333335,0.60754615,0.63305795,0.6302842,0.587482,0.6930131,0.018622099999999975,0.033608749999999965,0.014899559999999923,0.0729188999999999,0.040320249999999946,0.036073911999999944,1062,1.89469,23.550415,6.4708786,-2.8716002,lowest_error_10pct
VoPuhcQc_mg.000,0.17757009,0.1875,0.2967033,0.2815534,0.24444444,0.27556056,0.27166235,0.40148628,0.3835108,0.32448485,0.09799047,0.08416235,0.10478297999999997,0.10195739999999998,0.08004040999999998,0.09378672199999998,1063,2.0155766,30.270742,0.2903611,8.73849,middle_80pct
VoPuhcQc_mg.001,0.36448598,0.375,0.32967034,0.37864077,0.5222222,0.47972596,0.52177125,0.52283216,0.5066536,0.56206125,0.11523998000000002,0.14677125000000002,0.19316181999999998,0.12801283000000002,0.03983904999999999,0.124604986,1064,1.9058474,24.192398,2.8958569,-1.9363257,middle_80pct
VoPuhcQc_mg.002,0.20560747,0.22916667,0.13186814,0.17475729,0.23333333,0.44822574,0.4991632,0.5166663,0.51160014,0.52599394,0.24261827,0.26999653,0.38479816,0.33684284999999997,0.29266061,0.30538328400000003,1065,1.93712,22.727015,5.7518663,3.8163362,highest_error_10pct
VoPuhcQc_mg.003,0.35514018,0.25,0.37362638,0.26213592,0.2888889,0.41351214,0.4177554,0.482509,0.42485654,0.4760378,0.058371959999999945,0.1677554,0.10888262000000004,0.16272061999999998,0.1871489,0.13697589999999998,1066,2.07264,26.555738,0.96055514,1.8372946,middle_80pct
VoPuhcQc_mg.004,0.3084112,0.23958333,0.3956044,0.37864077,0.26666668,0.3941164,0.43122807,0.48127094,0.49322662,0.4777857,0.08570519999999998,0.19164474,0.08566653999999996,0.11458584999999999,0.21111902,0.13774427,1067,2.242678,48.33843,-5.826049,31.395458,middle_80pct
VoPuhcQc_mg.005,0.2897196,0.375,0.2967033,0.32038835,0.33333334,0.50626445,0.54673105,0.55349463,0.5466595,0.57428205,0.21654484999999996,0.17173105,0.25679133,0.22627114999999998,0.24094871,0.222457418,1068,1.9490379,25.042732,3.5885339,2.5384746,highest_error_10pct
VtYPH6UsVnU.000,0.34579438,0.5625,0.52747256,0.66019416,0.5222222,0.45446783,0.5194969,0.58957064,0.57653517,0.5396939,0.10867345,0.04300309999999996,0.062098080000000055,0.08365898999999999,0.01747169999999998,0.062981064,1069,2.0772443,25.171282,8.161163,2.750741,middle_80pct
VtYPH6UsVnU.001,0.317757,0.42708334,0.5714286,0.5533981,0.42222223,0.42391583,0.47451404,0.55348885,0.53901416,0.5190732,0.10615882999999998,0.04743070000000005,0.01793974999999992,0.014383939999999984,0.09685097000000004,0.056552837999999994,1070,2.133957,27.94452,6.396788,6.7858534,middle_80pct
VtYPH6UsVnU.002,0.44859812,0.65625,0.6043956,0.6213592,0.6333333,0.42132378,0.5112788,0.5728397,0.6150858,0.519124,0.027274340000000008,0.14497119999999997,0.03155590000000008,0.0062733999999999845,0.11420929999999996,0.064856828,1071,2.1820972,28.485344,10.298029,2.7735171,middle_80pct
VtYPH6UsVnU.003,0.317757,0.39583334,0.52747256,0.5339806,0.3,0.41877097,0.4942315,0.57439685,0.55836177,0.526781,0.10101397000000001,0.09839816000000001,0.04692428999999998,0.024381169999999952,0.22678100000000007,0.099499718,1072,2.073418,26.324633,9.420498,3.8795254,middle_80pct
VtYPH6UsVnU.005,0.3271028,0.42708334,0.47252747,0.6893204,0.33333334,0.36785692,0.47875598,0.51762515,0.5586839,0.48161286,0.04075411999999995,0.05167264000000005,0.04509767999999997,0.13063650000000004,0.14827952,0.08328809200000001,1073,2.1618092,27.544214,9.306549,2.8838584,middle_80pct
VvSk5m90xOs.000,0.2990654,0.23958333,0.36263737,0.39805827,0.43333334,0.36853385,0.4454261,0.5305654,0.5590009,0.47696,0.06946845000000001,0.20584276999999998,0.16792802999999995,0.16094263000000003,0.043626659999999984,0.129561708,1074,2.0622988,32.728348,-10.640768,-3.3847082,middle_80pct
VvSk5m90xOs.001,0.1588785,0.16666667,0.24175824,0.26213592,0.2,0.35321668,0.43887836,0.5056214,0.5199421,0.46262896,0.19433818,0.27221169,0.26386316,0.25780617999999994,0.26262895999999997,0.25016963400000003,1075,2.0015316,34.015884,-14.5343,-6.3043327,highest_error_10pct
VvSk5m90xOs.002,0.21495327,0.19791667,0.18681319,0.26213592,0.3,0.36536035,0.43468004,0.51167595,0.52400565,0.47089356,0.15040708,0.23676337,0.32486276000000003,0.26186972999999997,0.17089356,0.2289593,1076,2.0390975,37.025715,-13.583451,-2.4451451,highest_error_10pct
VvSk5m90xOs.003,0.23364486,0.15625,0.31868133,0.26213592,0.32222223,0.3828367,0.46512735,0.5161545,0.5597451,0.5170962,0.14919183999999996,0.30887735,0.19747316999999998,0.29760918,0.19487397,0.22960510199999998,1077,2.0560431,36.59966,-11.078402,-2.4909496,highest_error_10pct
Vwdi8vyTAUg.001,0.72897196,0.6041667,0.74725276,0.4854369,0.54444444,0.5182487,0.5164168,0.54106236,0.492289,0.61344194,0.21072325999999997,0.08774989999999994,0.2061904,0.006852099999999972,0.06899749999999993,0.11610263199999997,1078,1.9332689,31.168657,-14.601413,-9.10492,middle_80pct
W7BbL3NZvrU.001,0.36448598,0.48958334,0.5494506,0.407767,0.6333333,0.5282996,0.5469055,0.56750405,0.5507669,0.62267256,0.16381362,0.057322160000000066,0.018053450000000026,0.14299989999999996,0.010660739999999946,0.078569974,1079,2.5593727,37.36368,-16.17123,3.2304637,middle_80pct
W7BbL3NZvrU.002,0.41121495,0.42708334,0.5824176,0.5339806,0.3888889,0.4292627,0.45193484,0.4805494,0.45968044,0.51849574,0.018047749999999974,0.024851500000000026,0.10186819999999996,0.07430016,0.12960684,0.06973489,1080,2.4718409,29.883884,-11.53953,6.3617373,middle_80pct
W7BbL3NZvrU.003,0.5140187,0.5104167,0.6043956,0.5533981,0.5777778,0.48258916,0.5375667,0.55429786,0.526203,0.589337,0.031429540000000034,0.027150000000000007,0.05009774,0.027195100000000028,0.011559199999999992,0.029486316000000012,1081,2.2085617,24.06702,-3.5413153,-0.70272917,lowest_error_10pct
W7BbL3NZvrU.004,0.34579438,0.44791666,0.43956044,0.39805827,0.5555556,0.4975945,0.52289873,0.5561411,0.5308156,0.6003169,0.15180011999999998,0.07498206999999996,0.11658066000000006,0.13275733000000006,0.044761300000000004,0.10417629600000003,1082,2.1266277,25.138468,-7.4648495,-1.9705744,middle_80pct
WD1WsbooU2w.000,0.39252338,0.45833334,0.53846157,0.6407767,0.3,0.3524649,0.37026066,0.47571048,0.4264356,0.4242459,0.04005847999999995,0.08807267999999996,0.06275108999999995,0.21434109999999995,0.12424590000000002,0.10589384999999996,1083,2.087727,27.062332,3.9727616,6.0526757,middle_80pct
WD1WsbooU2w.001,0.2990654,0.34375,0.32967034,0.39805827,0.22222222,0.3116021,0.3225638,0.47612786,0.41266298,0.40428498,0.012536700000000012,0.02118619999999999,0.14645752,0.01460471000000002,0.18206276000000002,0.07536957800000002,1084,2.1044717,28.359613,2.463862,8.062832,middle_80pct
WD1WsbooU2w.002,0.2897196,0.34375,0.41758242,0.5048544,0.37777779,0.31098607,0.31318563,0.45549798,0.41487598,0.4015542,0.021266469999999982,0.030564370000000007,0.037915560000000015,0.08997842000000006,0.02377640999999997,0.04070024600000001,1085,2.2667007,31.918121,-1.7684754,18.805634,lowest_error_10pct
WD1WsbooU2w.003,0.44859812,0.4375,0.5934066,0.5631068,0.47777778,0.34060946,0.34869793,0.47706252,0.4154265,0.43862754,0.10798866000000001,0.08880207000000001,0.11634408000000002,0.14768030000000004,0.03915024,0.09999307000000002,1086,2.2426586,32.913708,-3.4156842,12.698927,middle_80pct
WD1WsbooU2w.004,0.2990654,0.26041666,0.36263737,0.42718446,0.46666667,0.35124683,0.36949053,0.47531682,0.38727933,0.4175589,0.05218143000000003,0.10907386999999996,0.11267944999999996,0.03990513000000001,0.049107769999999995,0.07258952999999999,1087,2.0402875,24.605165,3.698223,3.8727572,middle_80pct
WD1WsbooU2w.005,0.24299066,0.27083334,0.3956044,0.36893204,0.2777778,0.27970374,0.28203017,0.42701733,0.37621322,0.37686548,0.03671307999999998,0.011196830000000046,0.03141292999999995,0.007281179999999998,0.09908767999999996,0.037138339999999985,1088,2.2442496,32.558437,-0.2581844,19.402607,lowest_error_10pct
WTzDOt2GO1M.000,0.27102804,0.28125,0.3956044,0.29126215,0.42222223,0.3746433,0.40655863,0.48006806,0.45029446,0.46677303,0.10361525999999999,0.12530862999999998,0.08446366,0.15903231,0.0445508,0.10339413199999999,1089,2.0493944,28.992683,-3.4207141,-3.1466908,middle_80pct
WTzDOt2GO1M.001,0.40186915,0.41666666,0.48351648,0.4854369,0.41111112,0.36751997,0.41273528,0.50015146,0.47017965,0.46592075,0.034349180000000035,0.00393138000000004,0.016634979999999966,0.01525725,0.05480963,0.024996484000000006,1090,1.9699571,27.45163,-3.034496,-2.9634728,lowest_error_10pct
WTzDOt2GO1M.002,0.2897196,0.5,0.48351648,0.39805827,0.41111112,0.33117366,0.37194443,0.45928806,0.44343764,0.42708835,0.04145405999999996,0.12805557,0.02422842000000003,0.04537937000000003,0.01597723000000001,0.051018930000000004,1091,2.0314567,27.555403,-3.149733,-3.0466042,middle_80pct
WTzDOt2GO1M.003,0.40186915,0.47916666,0.71428573,0.37864077,0.44444445,0.44142637,0.48053572,0.5223661,0.47544572,0.51564145,0.039557220000000004,0.0013690599999999775,0.1919196299999999,0.09680495,0.07119699999999995,0.08016957199999997,1092,2.03941,26.914871,-5.7958646,-2.9854949,middle_80pct
WTzDOt2GO1M.004,0.37383178,0.41666666,0.4945055,0.39805827,0.44444445,0.36283505,0.39628252,0.47960466,0.46161658,0.4603529,0.01099673000000001,0.020384139999999995,0.01490083999999997,0.06355831,0.01590845000000002,0.025149694,1093,1.9963956,27.134914,-2.7371652,-3.4676526,lowest_error_10pct
WTzDOt2GO1M.005,0.43925235,0.41666666,0.46153846,0.52427185,0.45555556,0.4549842,0.46376064,0.5057224,0.45404008,0.52370054,0.01573184999999999,0.04709397999999998,0.04418394000000003,0.07023176999999997,0.06814497999999997,0.04907730399999999,1094,2.1284168,26.803106,-3.7537384,-2.855218,middle_80pct
WWdCfiraNQk.003,0.49532712,0.6770833,0.63736266,0.60194176,0.7888889,0.55918974,0.5247293,0.5264986,0.46836892,0.5919877,0.06386261999999998,0.1523540000000001,0.11086405999999993,0.13357283999999997,0.1969012,0.13151094400000002,1095,2.0877905,33.713566,-22.166365,-13.538184,middle_80pct
WeyuzDseGg4.002,0.60747665,0.5104167,0.5604396,0.3883495,0.6111111,0.5039131,0.49465173,0.5151656,0.45050782,0.6030997,0.10356354999999995,0.015764969999999934,0.045274000000000036,0.06215831999999999,0.008011400000000002,0.04695444799999998,1096,1.9437673,24.746626,3.2300377,4.840915,middle_80pct
WfZodMIIGR0.000,0.44859812,0.47916666,0.5824176,0.5436893,0.46666667,0.52956295,0.5580894,0.6035522,0.5630735,0.58197594,0.08096482999999999,0.07892273999999994,0.021134600000000003,0.019384199999999963,0.11530926999999996,0.06314312799999997,1097,2.0202057,20.613672,1.0568863,3.5700338,middle_80pct
WfZodMIIGR0.001,0.55140185,0.5520833,0.71428573,0.6407767,0.6888889,0.5544133,0.57663167,0.5830971,0.5652762,0.61964995,0.0030114500000000266,0.024548369999999986,0.13118862999999992,0.07550049999999997,0.06923895000000002,0.06069757999999999,1098,2.0304163,22.773506,2.5999432,1.0457428,middle_80pct
WfZodMIIGR0.004,0.78504676,0.75,0.83516484,0.66019416,0.7,0.6589768,0.6726886,0.62397283,0.6185845,0.70288837,0.12606995999999993,0.07731140000000003,0.21119200999999999,0.04160965999999999,0.0028883700000000845,0.09181428,1099,1.9653414,23.19397,4.0644293,-0.9585817,middle_80pct
WuHLxhCSnGs.000,0.41121495,0.59375,0.62637365,0.5339806,0.54444444,0.47269595,0.57689565,0.61810815,0.5615952,0.57449543,0.06148099999999995,0.016854350000000018,0.008265500000000037,0.027614599999999934,0.03005099,0.028853287999999987,1100,2.1609945,24.424044,1.5632254,-2.5874562,lowest_error_10pct
WuHLxhCSnGs.001,0.42056075,0.47916666,0.5934066,0.5339806,0.44444445,0.44605064,0.55912095,0.5956184,0.58717895,0.56199276,0.025489890000000015,0.07995428999999993,0.002211799999999986,0.05319834999999995,0.11754830999999999,0.05568052799999997,1101,2.001948,24.064878,1.0349061,-0.98993385,middle_80pct
WuHLxhCSnGs.003,0.3364486,0.48958334,0.63736266,0.66019416,0.51111114,0.47599712,0.59122676,0.60516304,0.60509056,0.5944266,0.13954852,0.10164341999999998,0.032199619999999984,0.05510359999999992,0.08331546000000001,0.08236212399999998,1102,1.9506836,24.839931,-1.4432024,-1.5656703,middle_80pct
WuHLxhCSnGs.004,0.2897196,0.375,0.52747256,0.3592233,0.5222222,0.4987563,0.60880756,0.60599065,0.57222843,0.62298685,0.20903669999999996,0.23380756000000003,0.07851808999999998,0.21300513,0.10076465000000001,0.167026426,1103,2.0886123,25.99433,-0.934144,-2.0796874,middle_80pct
WuHLxhCSnGs.005,0.46728972,0.5104167,0.63736266,0.5533981,0.6,0.4700704,0.57283264,0.57241935,0.5866683,0.589224,0.00278067999999998,0.06241594000000006,0.06494330999999998,0.03327020000000003,0.010776000000000008,0.03483722600000001,1104,1.9862815,25.072151,-0.07513438,0.027690873,lowest_error_10pct
WuoQDp7pU24.000,0.62616825,0.5208333,0.50549453,0.4854369,0.56666666,0.569301,0.63321555,0.61131346,0.61717445,0.6447967,0.056867250000000036,0.1123822499999999,0.10581892999999998,0.13173755000000004,0.07813004000000001,0.096987204,1105,1.9742148,21.499634,4.367545,-1.9076502,middle_80pct
WuoQDp7pU24.001,0.682243,0.6354167,0.52747256,0.78640777,0.6111111,0.4773331,0.5303191,0.54882574,0.5631251,0.5513047,0.20490990000000003,0.1050975999999999,0.02135317999999997,0.2232826699999999,0.05980640000000004,0.12288994999999998,1106,2.2333035,22.75687,-0.18841596,0.08667037,middle_80pct
WuoQDp7pU24.002,0.5140187,0.47916666,0.42857143,0.3592233,0.53333336,0.44389427,0.5052257,0.51363945,0.5131397,0.5471338,0.07012443000000007,0.026059039999999978,0.08506802000000002,0.15391639999999995,0.013800440000000025,0.069793666,1107,1.9733632,26.198326,-6.4213266,-0.11395016,middle_80pct
WuoQDp7pU24.003,0.62616825,0.5208333,0.5494506,0.6699029,0.47777778,0.51767737,0.59516406,0.5923337,0.6123462,0.5916328,0.10849087999999996,0.07433075999999994,0.04288309999999995,0.057556700000000016,0.11385501999999997,0.07942329199999996,1108,2.2255375,25.363134,7.4979186,1.1173483,middle_80pct
WuoQDp7pU24.004,0.57009345,0.5833333,0.4945055,0.6407767,0.74444443,0.5234939,0.59436494,0.59225637,0.62458205,0.6136251,0.046599550000000045,0.011031639999999898,0.09775086999999999,0.016194649999999977,0.13081933,0.060479207999999986,1109,2.0571246,23.59429,2.6065378,1.0206734,middle_80pct
X9AEEGzWSU8.001,0.57009345,0.53125,0.5714286,0.5631068,0.5888889,0.38422298,0.4719688,0.5361728,0.4713738,0.46706235,0.18587047,0.05928119999999998,0.03525579999999995,0.09173300000000001,0.12182655000000003,0.098793404,1110,1.9655788,22.838375,10.478463,1.6283581,middle_80pct
X9AEEGzWSU8.002,0.35514018,0.45833334,0.5714286,0.47572815,0.5,0.34743637,0.4545889,0.52120435,0.47064877,0.456645,0.007703810000000033,0.00374443999999996,0.05022424999999997,0.005079380000000022,0.04335499999999998,0.022021375999999992,1111,1.9587358,24.31085,8.815829,4.3451304,lowest_error_10pct
X9AEEGzWSU8.003,0.39252338,0.48958334,0.6043956,0.36893204,0.6666667,0.373154,0.48384786,0.51711625,0.49423414,0.4898104,0.01936937999999999,0.0057354799999999595,0.08727934999999998,0.12530209999999997,0.17685629999999997,0.08290852199999997,1112,2.069979,25.030188,9.25893,3.5837145,middle_80pct
X9AEEGzWSU8.004,0.46728972,0.44791666,0.61538464,0.5145631,0.56666666,0.42788306,0.50788295,0.56827366,0.51015776,0.5015551,0.03940666000000004,0.05996629000000003,0.047110980000000025,0.004405340000000035,0.06511155999999996,0.04320016600000002,1113,1.984092,21.838118,9.7143135,1.729006,lowest_error_10pct
X9AEEGzWSU8.005,0.43925235,0.5520833,0.43956044,0.52427185,0.56666666,0.37665594,0.47274333,0.5254366,0.43416905,0.4734378,0.06259640999999999,0.07933997000000004,0.08587616000000003,0.09010279999999998,0.09322885999999997,0.08222884,1114,1.9885758,22.7791,7.477624,1.792058,middle_80pct
XB4JOAiEanw.000,0.6542056,0.6354167,0.46153846,0.49514562,0.5222222,0.5264096,0.5460845,0.5627798,0.5842335,0.6027864,0.12779600000000002,0.08933219999999997,0.10124134000000007,0.08908787999999995,0.08056420000000009,0.09760432400000002,1115,1.9587098,22.581749,-1.1886148,-1.5477479,middle_80pct
XLV7teADu3c.000,0.47663552,0.53125,0.52747256,0.52427185,0.7222222,0.47184592,0.51085275,0.5512799,0.47028553,0.5776496,0.004789600000000005,0.020397250000000033,0.023807340000000066,0.05398631999999998,0.14457260000000005,0.049510622000000025,1116,1.9756145,25.113268,5.634481,6.0045176,middle_80pct
XLV7teADu3c.002,0.7009346,0.59375,0.7582418,0.57281554,0.87777776,0.48417035,0.51979905,0.5644293,0.5417369,0.6101202,0.21676424999999994,0.07395094999999996,0.19381249999999994,0.031078640000000046,0.26765755999999996,0.15665278,1117,2.1698778,28.81943,9.154206,4.748454,middle_80pct
XN5vpJU3ifw.000,0.26168224,0.26041666,0.31868133,0.4368932,0.31111112,0.31335622,0.3167069,0.42973632,0.3470209,0.40450183,0.05167398000000001,0.05629023999999999,0.11105499000000002,0.08987229999999996,0.09339070999999999,0.08045644399999999,1118,2.3138568,36.89463,-9.837475,9.965097,middle_80pct
XN5vpJU3ifw.001,0.49532712,0.35416666,0.43956044,0.44660193,0.44444445,0.3261514,0.31403986,0.40310454,0.34040362,0.413777,0.16917572000000003,0.04012680000000002,0.036455899999999986,0.10619830999999996,0.030667449999999985,0.076524836,1119,2.4585023,43.09773,-16.87423,10.3327675,middle_80pct
XN5vpJU3ifw.002,0.24299066,0.26041666,0.37362638,0.3398058,0.32222223,0.22408915,0.2442807,0.33289987,0.32895184,0.27664393,0.01890151000000001,0.016135960000000032,0.040726509999999994,0.010853959999999996,0.045578300000000016,0.02643924800000001,1120,3.171443,73.008255,-33.29544,29.887535,lowest_error_10pct
XN5vpJU3ifw.003,0.41121495,0.38541666,0.53846157,0.47572815,0.51111114,0.35534757,0.36118576,0.4587749,0.38230586,0.44328845,0.05586738000000002,0.0242309,0.07968666999999996,0.09342229000000002,0.06782269000000002,0.064205986,1121,2.1781847,27.6027,-6.638663,-1.3677996,middle_80pct
XN5vpJU3ifw.004,0.27102804,0.33333334,0.46153846,0.41747573,0.37777779,0.31625873,0.34195885,0.4142313,0.3974918,0.3811342,0.04523068999999996,0.008625510000000003,0.04730715999999996,0.019983929999999983,0.0033564099999999764,0.024900739999999977,1122,2.5900712,45.122498,-18.475586,20.383919,lowest_error_10pct
XN5vpJU3ifw.005,0.53271025,0.375,0.45054945,0.44660193,0.53333336,0.3821367,0.4304337,0.48314983,0.4872936,0.47022894,0.15057355000000006,0.055433699999999975,0.032600379999999984,0.04069167000000001,0.06310442,0.06848074400000001,1123,2.1461766,31.773153,-3.9944077,3.427432,middle_80pct
XRoSKIIFp9c.000,0.24299066,0.46875,0.42857143,0.6407767,0.43333334,0.4826068,0.5937225,0.6009573,0.6214747,0.5990063,0.23961614,0.12497250000000004,0.17238587000000005,0.01930199999999993,0.16567295999999998,0.144389894,1124,2.0451303,25.208233,7.065679,-3.5649843,middle_80pct
XRoSKIIFp9c.001,0.28037384,0.5416667,0.51648355,0.74757284,0.47777778,0.4788528,0.5928747,0.59917086,0.6771184,0.58925,0.19847896000000004,0.05120800000000003,0.08268730999999996,0.07045444000000001,0.11147222000000007,0.10286018600000002,1125,2.0719337,26.11459,8.285351,-3.3249187,middle_80pct
XRoSKIIFp9c.003,0.11214953,0.20833333,0.36263737,0.592233,0.37777779,0.42827213,0.53886074,0.5742183,0.58031595,0.5254717,0.3161226,0.33052740999999997,0.21158092999999994,0.011917049999999985,0.14769390999999998,0.20356837999999997,1126,2.0707617,22.595903,4.6510386,2.0132427,highest_error_10pct
XRoSKIIFp9c.004,0.3084112,0.48958334,0.6043956,0.7184466,0.53333336,0.4587946,0.5464479,0.5743779,0.62242526,0.5820159,0.1503834,0.05686456000000001,0.030017700000000036,0.09602134000000007,0.04868254000000005,0.07639390800000004,1127,2.0223758,30.783758,6.8235507,-1.5900024,middle_80pct
XT4rTk6-Etc.000,0.57009345,0.5208333,0.5494506,0.6796116,0.5222222,0.3913309,0.49498987,0.5393568,0.5645151,0.5156305,0.17876255000000002,0.025843430000000056,0.010093800000000042,0.11509649999999993,0.006591699999999978,0.06727759600000001,1128,2.0799203,25.724771,10.057659,3.1193523,middle_80pct
XT4rTk6-Etc.001,0.57009345,0.5833333,0.73626375,0.75728154,0.56666666,0.41265073,0.5073127,0.584056,0.57209456,0.54004663,0.15744271999999998,0.0760206000000001,0.15220774999999998,0.18518698,0.026620030000000017,0.119495616,1129,2.0133045,25.41268,10.052748,3.5032678,middle_80pct
XT4rTk6-Etc.002,0.6635514,0.6666667,0.7032967,0.66019416,0.6333333,0.52143127,0.59804714,0.62935805,0.6373766,0.60596097,0.14212013,0.06861955999999991,0.07393865,0.022817560000000014,0.027372329999999945,0.06697364599999997,1130,2.0581858,25.470034,10.93734,3.2015815,middle_80pct
XT4rTk6-Etc.003,0.48598132,0.47916666,0.6043956,0.592233,0.45555556,0.44121018,0.48776704,0.56744146,0.46947122,0.5155995,0.04477113999999999,0.008600379999999963,0.03695414000000008,0.12276177999999999,0.06004393999999996,0.054626275999999994,1131,2.0667362,25.528467,7.147391,0.82281005,middle_80pct
XT4rTk6-Etc.004,0.53271025,0.59375,0.6703297,0.74757284,0.4888889,0.47163564,0.549565,0.6062687,0.60601974,0.58447987,0.06107461000000003,0.04418500000000003,0.06406100000000003,0.1415531,0.09559097,0.08129293600000001,1132,1.9419831,24.430874,8.710674,3.073197,middle_80pct
XfUqFt2amrM.000,0.1588785,0.17708333,0.26373628,0.17475729,0.33333334,0.35629386,0.43178058,0.49015743,0.5261551,0.4705685,0.19741536,0.25469725,0.22642115000000002,0.35139781,0.13723516000000002,0.23343334599999999,1133,2.1885123,29.650183,4.153456,8.889857,highest_error_10pct
XfUqFt2amrM.001,0.34579438,0.3125,0.41758242,0.3398058,0.2888889,0.37217757,0.4029451,0.49314082,0.49524897,0.46587527,0.02638319,0.0904451,0.07555839999999997,0.15544317000000002,0.17698637,0.104963246,1134,2.2498403,27.827223,3.455349,9.514612,middle_80pct
XfUqFt2amrM.002,0.47663552,0.34375,0.4945055,0.4368932,0.46666667,0.3381576,0.39061958,0.47521973,0.44661865,0.44267786,0.13847791999999998,0.04686958000000002,0.01928576999999998,0.009725450000000024,0.023988810000000027,0.04766950600000001,1135,2.2867758,31.628262,2.780708,14.614698,middle_80pct
XfUqFt2amrM.003,0.38317758,0.5104167,0.3956044,0.407767,0.42222223,0.28209782,0.33714876,0.4154977,0.43111694,0.38857126,0.10107976000000002,0.17326793999999995,0.019893300000000003,0.023349940000000013,0.03365097,0.070248382,1136,2.313522,33.09157,-0.6022134,15.36896,middle_80pct
XmWA7zTJj-c.003,0.5794392,0.6145833,0.6593407,0.5145631,0.6666667,0.6639002,0.69353956,0.6257268,0.62716466,0.7501016,0.08446100000000001,0.07895626,0.033613899999999974,0.11260155999999999,0.08343490000000009,0.07861352400000002,1137,1.9600576,21.145811,2.528726,-5.9668264,middle_80pct
XmWA7zTJj-c.005,0.7570093,0.7604167,0.7582418,0.65048546,0.8666667,0.6170335,0.69867676,0.6191356,0.6575174,0.7354344,0.13997579999999998,0.06173993999999994,0.13910619999999996,0.00703194000000007,0.13123229999999997,0.09581723599999999,1138,2.0419157,23.173468,4.1563745,-5.281249,middle_80pct
XndWJ1ieKwY.000,0.27102804,0.39583334,0.43956044,0.6893204,0.46666667,0.43848336,0.5297905,0.53012556,0.5880863,0.5311636,0.16745531999999996,0.13395716000000008,0.09056512,0.1012341000000001,0.06449692999999995,0.11154172600000001,1139,2.0452418,28.5146,12.028638,3.0733142,middle_80pct
Y-YdRocu0os.001,0.39252338,0.46875,0.43956044,0.44660193,0.51111114,0.48917276,0.53261,0.56143886,0.48573834,0.5629232,0.09664938000000001,0.06386000000000003,0.12187841999999999,0.03913641000000001,0.05181205999999994,0.07466725399999999,1140,2.1188912,22.845793,1.8544027,-0.259208,middle_80pct
Y-YdRocu0os.002,0.57009345,0.6458333,0.46153846,0.5339806,0.75555557,0.4980547,0.5479628,0.5945803,0.5445601,0.585397,0.07203874999999998,0.09787050000000008,0.13304183999999997,0.010579499999999964,0.17015857,0.096737832,1141,2.005716,21.323277,-0.7452809,-0.6370643,middle_80pct
Y1LrgyCJtpU.000,0.25233644,0.34375,0.32967034,0.4368932,0.42222223,0.30746576,0.36776838,0.45985484,0.33149433,0.41826385,0.05512931999999998,0.024018380000000006,0.13018449999999998,0.10539886999999998,0.003958379999999984,0.06373788999999999,1142,2.049054,25.316664,5.383744,6.8048134,middle_80pct
Y1LrgyCJtpU.001,0.3084112,0.34375,0.51648355,0.37864077,0.41111112,0.3130483,0.32710695,0.4592253,0.31100017,0.383384,0.004637100000000005,0.016643049999999993,0.05725825000000001,0.0676406,0.027727119999999994,0.034781224,1143,2.0797749,26.211037,5.572444,3.7840567,lowest_error_10pct
Y1LrgyCJtpU.002,0.1682243,0.15625,0.37362638,0.34951457,0.3,0.2977863,0.32024133,0.4295385,0.34082714,0.3803167,0.129562,0.16399133,0.05591212000000001,0.008687430000000051,0.08031670000000002,0.08769391600000001,1144,2.0479589,25.454437,5.043214,3.4791179,middle_80pct
Y1LrgyCJtpU.003,0.317757,0.41666666,0.51648355,0.5145631,0.42222223,0.18102959,0.21938542,0.36047632,0.24868524,0.2645982,0.13672741000000002,0.19728124000000002,0.15600723,0.26587786,0.15762402999999997,0.18270355400000002,1145,2.309404,38.32723,-3.6356125,23.098099,highest_error_10pct
Y1LrgyCJtpU.004,0.47663552,0.5208333,0.53846157,0.592233,0.56666666,0.32694995,0.41023704,0.4906943,0.4346431,0.4383731,0.14968557,0.11059626000000006,0.04776726999999992,0.1575899,0.12829355999999997,0.11878651199999998,1146,2.1074018,23.30894,9.121608,4.7572217,middle_80pct
Y1LrgyCJtpU.005,0.27102804,0.21875,0.35164836,0.36893204,0.5222222,0.31690413,0.37314564,0.48926568,0.41299158,0.41420504,0.04587608999999998,0.15439564,0.13761732,0.04405954000000001,0.10801715999999995,0.09799314999999999,1147,1.9913868,24.378725,8.938328,3.055003,middle_80pct
Y8gv_ZK3w4A.000,0.48598132,0.6145833,0.48351648,0.57281554,0.6,0.51914287,0.5400063,0.56812406,0.52343166,0.62482697,0.03316155000000004,0.074577,0.08460758000000002,0.04938388000000005,0.024826970000000004,0.053311396000000025,1148,2.0653794,18.730047,2.263507,-1.6981697,middle_80pct
Y8gv_ZK3w4A.001,0.43925235,0.48958334,0.52747256,0.4854369,0.54444444,0.45582843,0.49377057,0.5443618,0.48718265,0.5573137,0.016576079999999993,0.004187230000000042,0.016889240000000028,0.0017457499999999904,0.012869259999999993,0.010453512000000009,1149,1.9977037,21.543142,2.030033,-1.2129675,lowest_error_10pct
Y8gv_ZK3w4A.002,0.46728972,0.42708334,0.43956044,0.5339806,0.5777778,0.5273741,0.5613935,0.5750576,0.5453176,0.5959312,0.06008437999999994,0.13431016,0.13549715999999995,0.01133699999999993,0.018153399999999986,0.07187641999999997,1150,1.8929497,19.169054,1.6814076,-4.4399486,middle_80pct
Y8gv_ZK3w4A.003,0.35514018,0.38541666,0.42857143,0.47572815,0.53333336,0.40169662,0.41950896,0.4957742,0.4580487,0.52080786,0.04655643999999998,0.034092299999999964,0.06720277000000002,0.01767945000000004,0.012525499999999967,0.035611291999999996,1151,1.9983866,26.553776,-5.192928,7.4671383,lowest_error_10pct
Y8gv_ZK3w4A.004,0.45794392,0.5208333,0.48351648,0.5631068,0.5888889,0.52432,0.5537399,0.60133535,0.5806268,0.5953476,0.06637608,0.0329065999999999,0.11781887000000002,0.01751999999999998,0.006458699999999928,0.04821604999999997,1152,1.9013923,19.19266,1.6853598,-1.5637316,middle_80pct
YBsKLg3GMrE.001,0.40186915,0.46875,0.47252747,0.5048544,0.5888889,0.50651526,0.5332928,0.534726,0.51497525,0.5998632,0.10464611000000001,0.06454280000000001,0.06219853000000003,0.010120849999999959,0.010974299999999992,0.050496518000000004,1153,1.9321471,21.471247,-3.6956716,-5.8465204,middle_80pct
YBsKLg3GMrE.005,0.36448598,0.46875,0.32967034,0.44660193,0.43333334,0.5352612,0.5877521,0.6029006,0.630132,0.65391517,0.17077522,0.1190021,0.27323026,0.18353007000000005,0.22058182999999998,0.193423896,1154,2.1632986,23.31793,-0.95948565,-5.8438015,highest_error_10pct
YHpEi96AY9w.005,0.42056075,0.53125,0.51648355,0.5533981,0.5888889,0.48018616,0.4463848,0.519728,0.3905093,0.53400975,0.05962540999999999,0.08486519999999997,0.0032444499999999543,0.1628888,0.0548791500000001,0.073100602,1155,2.2486749,35.19113,-17.39869,-4.7194853,middle_80pct
YN0Xd70SqEo.000,0.53271025,0.6145833,0.4945055,0.5631068,0.6666667,0.54385537,0.5619851,0.55279744,0.5051417,0.6379925,0.011145119999999897,0.05259820000000004,0.05829193999999999,0.05796509999999999,0.028674199999999983,0.04173491199999998,1156,2.0886762,23.417671,-6.131772,-4.7004943,lowest_error_10pct
YN0Xd70SqEo.004,0.5233645,0.6458333,0.6043956,0.44660193,0.6,0.6192783,0.6217433,0.5819816,0.52162063,0.6919357,0.09591379999999994,0.024090000000000056,0.022414000000000045,0.07501870000000005,0.09193570000000006,0.06187444000000003,1157,2.1563437,27.823593,-13.61055,-6.216827,middle_80pct
YXz6s1XNOLs.000,0.5607477,0.5729167,0.6923077,0.47572815,0.6,0.5380186,0.5261769,0.5333987,0.48025906,0.61456734,0.022729099999999947,0.0467398,0.15890899999999997,0.004530909999999999,0.01456734000000004,0.04949522999999999,1158,2.0479217,25.348225,-11.708307,-5.8853226,middle_80pct
YXz6s1XNOLs.002,0.5140187,0.47916666,0.4945055,0.42718446,0.44444445,0.5017957,0.50694394,0.50745636,0.4489772,0.5816463,0.012223000000000095,0.02777727999999996,0.012950860000000064,0.021792740000000033,0.13720184999999996,0.04238914600000002,1159,2.0768578,21.407104,-10.168202,-1.3198926,lowest_error_10pct
YXz6s1XNOLs.004,0.46728972,0.47916666,0.43956044,0.4854369,0.53333336,0.5305424,0.53099424,0.54451305,0.4951387,0.6058222,0.06325267999999995,0.05182757999999993,0.10495261000000006,0.009701799999999983,0.07248884,0.06044470199999998,1160,2.0970082,21.2352,-7.0397644,-6.2907085,middle_80pct
YXz6s1XNOLs.005,0.5607477,0.47916666,0.47252747,0.4368932,0.56666666,0.54654986,0.5573595,0.5570518,0.5547715,0.6207315,0.014197839999999906,0.07819283999999999,0.08452432999999998,0.11787829999999999,0.05406484,0.06977162999999997,1161,1.9916654,21.945566,-8.137693,-6.0101657,middle_80pct
YryBLVZgJj0.001,0.14018692,0.33333334,0.4065934,0.6407767,0.2777778,0.3905787,0.48409447,0.547933,0.54670304,0.47232437,0.25039178,0.15076113000000002,0.1413396,0.09407365999999995,0.19454656999999997,0.16622254799999997,1162,2.007345,27.201519,9.577449,7.7052197,middle_80pct
YryBLVZgJj0.002,0.3364486,0.5729167,0.51648355,0.7281553,0.5222222,0.44227254,0.5133941,0.5513781,0.5297776,0.5532608,0.10582394,0.05952259999999998,0.03489454999999997,0.1983777,0.031038600000000027,0.08593147799999999,1163,2.01484,25.07879,10.6964855,3.9733424,middle_80pct
YryBLVZgJj0.003,0.28037384,0.625,0.50549453,0.7184466,0.36666667,0.40223628,0.5302046,0.58351344,0.60369426,0.5037109,0.12186244000000002,0.09479539999999997,0.07801891000000005,0.11475234000000001,0.13704423,0.10929466400000001,1164,1.9884663,26.838593,11.4263,3.927507,middle_80pct
YryBLVZgJj0.004,0.20560747,0.39583334,0.42857143,0.6796116,0.42222223,0.36009243,0.4977356,0.53734165,0.61338925,0.5105005,0.15448496000000003,0.10190226000000002,0.10877022000000003,0.06622234999999999,0.08827827000000005,0.103931612,1165,1.9539664,28.368994,9.686386,6.2592835,middle_80pct
YryBLVZgJj0.005,0.20560747,0.46875,0.30769232,0.65048546,0.4888889,0.39016593,0.47630346,0.51395637,0.5159343,0.50837904,0.18455846,0.007553460000000012,0.20626405000000003,0.13455116,0.01949013999999999,0.11048345400000001,1166,1.9789642,25.148489,11.456358,3.8115637,middle_80pct
YzNbGMNr3z0.001,0.62616825,0.6875,0.61538464,0.5145631,0.8,0.5614206,0.58544725,0.5929836,0.6700722,0.66099626,0.06474764999999993,0.10205275000000003,0.022401039999999983,0.15550909999999996,0.13900374000000004,0.09674285599999999,1167,1.9498583,25.05311,-0.67300135,-6.554141,middle_80pct
Z6vQQvro86Y.000,0.5046729,0.40625,0.46153846,0.3883495,0.51111114,0.47606143,0.4462803,0.48777902,0.43765634,0.54889286,0.028611469999999972,0.04003030000000002,0.026240560000000024,0.04930683999999996,0.03778172000000002,0.036394178,1168,2.1490803,33.709354,-23.15617,-9.423477,lowest_error_10pct
Z6vQQvro86Y.001,0.6635514,0.40625,0.6923077,0.2815534,0.65555555,0.5722571,0.5303245,0.5488368,0.4936598,0.6257008,0.09129430000000005,0.12407449999999998,0.14347089999999996,0.21210639999999997,0.02985475000000004,0.12016017000000001,1169,2.079474,28.65167,-15.335842,-6.498927,middle_80pct
Z6vQQvro86Y.002,0.5233645,0.45833334,0.61538464,0.4563107,0.5777778,0.50173026,0.50428516,0.52938926,0.47070202,0.57031,0.021634240000000027,0.04595182000000003,0.08599538000000007,0.014391319999999985,0.007467800000000024,0.035088112000000025,1170,2.1179357,25.370987,-11.587991,-5.23038,lowest_error_10pct
Z6vQQvro86Y.004,0.48598132,0.4375,0.5604396,0.46601942,0.6111111,0.50059074,0.46165743,0.49805176,0.4294931,0.5582315,0.01460942000000004,0.02415742999999998,0.06238784000000003,0.03652632,0.05287960000000003,0.03811212200000001,1171,2.1523976,27.006401,-12.140789,-6.6306944,lowest_error_10pct
Z6vQQvro86Y.005,0.5233645,0.5104167,0.6923077,0.4854369,0.54444444,0.5492414,0.5210215,0.5476062,0.47745728,0.5960343,0.02587689999999998,0.01060480000000008,0.14470149999999993,0.00797962000000002,0.05158985999999999,0.048150536,1172,2.0416186,20.727388,-6.838972,-6.656188,middle_80pct
ZCLfVue6xAg.000,0.39252338,0.38541666,0.41758242,0.5145631,0.37777779,0.4202643,0.38757268,0.46231678,0.36058444,0.50563425,0.027740920000000002,0.0021560199999999807,0.04473435999999997,0.15397866000000004,0.12785645999999995,0.07129328399999998,1173,2.0231538,25.567774,-7.993992,4.1370935,middle_80pct
ZCLfVue6xAg.001,0.45794392,0.3125,0.41758242,0.44660193,0.42222223,0.5053587,0.49533996,0.5265735,0.48764873,0.6007093,0.047414780000000045,0.18283996000000002,0.10899108000000002,0.041046799999999994,0.17848707000000003,0.11175593800000003,1174,2.0182216,26.016447,-3.3660064,-3.747448,middle_80pct
ZCLfVue6xAg.002,0.5046729,0.34375,0.52747256,0.60194176,0.45555556,0.5457082,0.5644063,0.57545817,0.5336278,0.6435052,0.0410353,0.22065630000000003,0.04798561000000001,0.06831396,0.18794963999999997,0.11318816200000001,1175,1.9075578,22.271935,-0.25255102,-4.5946736,middle_80pct
ZCLfVue6xAg.003,0.41121495,0.32291666,0.53846157,0.63106793,0.54444444,0.46743956,0.47149724,0.49928588,0.43075773,0.5526144,0.05622460999999995,0.14858057999999996,0.03917568999999993,0.20031020000000005,0.00816995999999992,0.09049220799999996,1176,1.889844,24.55292,-9.100706,-4.315218,middle_80pct
ZCLfVue6xAg.005,0.44859812,0.6041667,0.6593407,0.63106793,0.62222224,0.5250219,0.50406486,0.54848325,0.43275744,0.6056338,0.07642378000000005,0.10010184,0.11085745000000002,0.19831049000000006,0.016588440000000038,0.10045640000000003,1177,1.9031054,23.066391,-4.043106,-5.2597027,middle_80pct
ZGox7tevC6A.000,0.43925235,0.6979167,0.6593407,0.5825243,0.67777777,0.5320396,0.60694563,0.6221318,0.5749447,0.6267951,0.09278724999999993,0.09097106999999993,0.03720889999999999,0.00757960000000002,0.0509826699999999,0.055905897999999954,1178,1.93112,21.703342,9.142357,1.7434928,middle_80pct
ZGox7tevC6A.001,0.3271028,0.375,0.4945055,0.5145631,0.44444445,0.505427,0.5816349,0.60491896,0.5750553,0.6203201,0.17832419999999993,0.20663489999999995,0.11041346000000002,0.060492199999999996,0.17587565000000005,0.146348082,1179,2.0739272,23.09201,6.280042,-0.5024834,middle_80pct
ZGox7tevC6A.002,0.38317758,0.48958334,0.5714286,0.42718446,0.41111112,0.47039735,0.53672,0.578492,0.51335543,0.61102605,0.08721976999999997,0.04713666,0.007063400000000053,0.08617096999999996,0.19991493,0.085501146,1180,2.1002045,25.751575,6.210287,1.9952273,middle_80pct
ZGox7tevC6A.003,0.34579438,0.38541666,0.34065935,0.3398058,0.42222223,0.4506614,0.4238422,0.44728994,0.32250422,0.5266014,0.10486701999999998,0.03842553999999998,0.10663058999999997,0.017301579999999983,0.10437917000000002,0.07432077999999999,1181,2.6379797,59.82267,-23.09116,37.00748,middle_80pct
ZGox7tevC6A.004,0.5233645,0.6354167,0.6043956,0.5048544,0.56666666,0.56999296,0.6300789,0.6338739,0.6435461,0.6519758,0.04662845999999998,0.005337799999999948,0.029478299999999957,0.13869169999999997,0.08530914,0.061089079999999976,1182,2.087872,24.30643,6.121336,2.1248925,middle_80pct
ZGox7tevC6A.005,0.43925235,0.5833333,0.48351648,0.5145631,0.5555556,0.47796297,0.5384415,0.59708375,0.53661615,0.58779275,0.03871061999999997,0.04489180000000004,0.11356727,0.022053049999999907,0.03223714999999994,0.05029197799999997,1183,2.049816,25.44665,2.6459558,2.5820827,middle_80pct
ZHya-p83XPQ.000,0.44859812,0.44791666,0.6923077,0.5533981,0.3888889,0.40543592,0.42602655,0.48367745,0.41923776,0.48685384,0.043162199999999984,0.021890110000000018,0.20863024999999996,0.13416034,0.09796494,0.10116156799999998,1184,1.8919219,23.187563,-6.5621767,-5.275306,middle_80pct
ZHya-p83XPQ.002,0.49532712,0.5520833,0.5714286,0.5339806,0.53333336,0.35761252,0.36434606,0.4465636,0.3960613,0.42994162,0.13771460000000002,0.18773724000000003,0.12486499999999995,0.13791930000000002,0.10339173999999995,0.138325576,1185,2.0845761,23.7344,-4.2994943,-1.8082231,middle_80pct
ZMOcuCj-86c.001,0.3364486,0.48958334,0.47252747,0.66019416,0.44444445,0.5358554,0.6578393,0.56836396,0.59656644,0.66696525,0.1994068,0.16825596000000004,0.09583649,0.06362771999999994,0.22252079999999996,0.149929554,1186,1.8436662,29.68383,2.6384137,-7.021305,middle_80pct
ZT7cEiaYGp8.000,0.6635514,0.6979167,0.6923077,0.66019416,0.74444443,0.59723854,0.61295533,0.6184362,0.58206797,0.686383,0.06631286000000003,0.08496136999999993,0.07387149999999998,0.07812618999999998,0.05806143000000008,0.07226667,1187,1.9194912,20.962154,0.6419074,-4.623889,middle_80pct
ZT7cEiaYGp8.002,0.7009346,0.6145833,0.5494506,0.57281554,0.6666667,0.64771724,0.65255487,0.6087198,0.6197237,0.7402078,0.05321735999999999,0.037971569999999955,0.05926920000000002,0.04690815999999998,0.07354110000000003,0.05418147799999999,1188,2.0202284,20.331423,-1.235417,-6.3815956,middle_80pct
ZT7cEiaYGp8.005,0.7943925,0.8020833,0.71428573,0.7184466,0.9111111,0.66327965,0.6749584,0.62725765,0.6173842,0.7377163,0.13111284999999995,0.1271249000000001,0.08702807999999995,0.1010624,0.17339479999999996,0.12394460599999998,1189,1.9906454,22.619555,0.5360995,-6.5579834,middle_80pct
Zcw2LevK-EY.004,0.28037384,0.16666667,0.41758242,0.21359223,0.32222223,0.42600402,0.45943663,0.5345483,0.4970223,0.53109056,0.14563018,0.29276996,0.11696587999999997,0.28343007,0.20886833,0.20953288399999997,1190,2.1544673,24.249884,6.8689575,2.6785786,highest_error_10pct
ZgFh3JPMs3Q.001,0.60747665,0.5833333,0.30769232,0.5533981,0.6666667,0.41387364,0.40603778,0.4129774,0.32874674,0.48363453,0.19360300999999996,0.17729552000000004,0.10528507999999998,0.22465136000000002,0.18303216999999994,0.176773428,1191,2.285982,35.722744,-14.035821,12.396547,middle_80pct
ZgFh3JPMs3Q.002,0.5046729,0.5625,0.48351648,0.83495146,0.64444447,0.54288125,0.57368,0.5755681,0.5415972,0.58960223,0.03820835,0.011179999999999968,0.09205162,0.29335426,0.05484224000000004,0.097927294,1192,2.0684574,22.312344,3.7463112,-2.2547512,middle_80pct
ZgFh3JPMs3Q.003,0.47663552,0.5833333,0.71428573,0.5825243,0.53333336,0.5726269,0.5858015,0.5824996,0.54413754,0.63530344,0.09599138000000007,0.0024681999999999205,0.13178612999999995,0.038386759999999964,0.10197008000000007,0.07412051,1193,1.9483654,19.645206,4.7235827,-3.4937491,middle_80pct
ZgFh3JPMs3Q.005,0.6448598,0.65625,0.6593407,0.776699,0.8,0.62821305,0.63634694,0.55425644,0.5621039,0.6764006,0.016646749999999932,0.019903059999999972,0.10508426000000004,0.21459510000000004,0.12359940000000003,0.09596571400000001,1194,2.0023546,23.667938,2.8892741,-5.690737,middle_80pct
Znixev2a1AI.000,0.42990655,0.5,0.3956044,0.61165047,0.6,0.5447167,0.61129713,0.6078758,0.6901724,0.62290037,0.11481015000000006,0.11129712999999997,0.21227139999999994,0.07852193000000007,0.022900370000000003,0.107960196,1195,1.9530119,24.9529,3.8326926,-4.4397206,middle_80pct
Znixev2a1AI.001,0.42990655,0.5104167,0.51648355,0.66019416,0.6666667,0.54659456,0.60106,0.5983117,0.63190913,0.6009985,0.11668800999999995,0.0906433000000001,0.08182814999999999,0.028285029999999933,0.06566819999999995,0.07662253799999999,1196,1.943858,26.802502,6.601733,-2.7134628,middle_80pct
Znixev2a1AI.004,0.5607477,0.71875,0.6813187,0.776699,0.6666667,0.50871253,0.583725,0.5675186,0.6445804,0.5811028,0.05203516999999991,0.13502499999999995,0.11380010000000007,0.13211859999999997,0.08556389999999992,0.10370855399999997,1197,2.0844936,23.84712,7.312148,-1.8775256,middle_80pct
Znixev2a1AI.005,0.49532712,0.48958334,0.51648355,0.5533981,0.6666667,0.49915683,0.5629576,0.54823536,0.55633044,0.5594141,0.003829709999999986,0.07337425999999997,0.031751809999999936,0.0029323399999999777,0.10725259999999992,0.04382814399999996,1198,1.9346926,24.416544,5.8182364,-2.6017852,lowest_error_10pct
_S_bWJwqsmM.004,0.42990655,0.36458334,0.45054945,0.30097088,0.5,0.43016532,0.40665302,0.45883298,0.38798067,0.47046405,0.00025877000000001926,0.04206968,0.008283529999999983,0.08700979000000003,0.029535949999999977,0.033431544,1199,2.081745,41.09863,-23.990036,-6.4695153,lowest_error_10pct
_S_bWJwqsmM.005,0.42056075,0.35416666,0.50549453,0.3398058,0.47777778,0.28774598,0.26247174,0.3038033,0.19940558,0.33726197,0.13281476999999997,0.09169492000000001,0.20169123,0.14040022,0.14051580999999996,0.14142338999999998,1200,2.572596,60.44333,-35.588676,5.1833715,middle_80pct
_VsE38xSmdM.001,0.6728972,0.75,0.7912088,0.79611653,0.8888889,0.60694695,0.69676185,0.66361654,0.6858125,0.71441436,0.06595024999999999,0.053238149999999984,0.12759226,0.11030403,0.17447453999999996,0.10631184599999999,1201,1.8793806,23.450388,2.9894588,-5.229671,middle_80pct
_VsE38xSmdM.003,0.8317757,0.84375,0.71428573,0.7184466,0.8666667,0.672364,0.6858491,0.6496948,0.635778,0.7339771,0.15941170000000005,0.1579009,0.06459092999999994,0.08266860000000009,0.13268959999999996,0.11945234600000001,1202,1.9084892,23.02416,2.877403,-6.1653366,middle_80pct
_ZjEr8ybbFM.000,0.45794392,0.46875,0.45054945,0.407767,0.5888889,0.47277156,0.48979333,0.5402868,0.46775043,0.579579,0.014827639999999975,0.021043330000000027,0.08973734999999994,0.059983430000000004,0.009309900000000093,0.03898033000000001,1203,2.1785884,26.98427,-3.6252322,-1.1734725,lowest_error_10pct
_ZjEr8ybbFM.005,0.62616825,0.6770833,0.61538464,0.3592233,0.65555555,0.43695837,0.5202966,0.57309383,0.5382252,0.5628373,0.18920988,0.15678670000000006,0.04229081000000001,0.17900189999999994,0.09271825,0.132001508,1204,2.1985292,25.816528,1.0635328,1.8445005,middle_80pct
_hmiW83i0GY.000,0.5794392,0.7291667,0.6593407,0.49514562,0.56666666,0.38537702,0.39738566,0.4536513,0.3382945,0.46355867,0.19406218000000003,0.33178103999999997,0.20568940000000002,0.15685112,0.10310798999999998,0.19829834600000001,1205,1.9305485,25.69187,0.3375796,2.286661,highest_error_10pct
_lQinJGE7Qs.005,0.21495327,0.17708333,0.20879121,0.26213592,0.15555556,0.24217895,0.19874066,0.36592984,0.2718624,0.3329679,0.027225680000000002,0.021657330000000002,0.15713863,0.009726479999999982,0.17741233999999997,0.07863209199999999,1206,2.1957154,42.003902,-9.71018,28.274395,middle_80pct
_mvqVnzddCw.001,0.8130841,0.8333333,0.6813187,0.6893204,0.8111111,0.595352,0.6106535,0.5934141,0.5603902,0.6584309,0.21773209999999998,0.2226798000000001,0.0879046,0.1289302000000001,0.15268019999999993,0.16198538,1207,1.9531012,22.24046,-1.9027988,-7.2459717,middle_80pct
_mvqVnzddCw.003,0.49532712,0.6354167,0.51648355,0.6407767,0.5888889,0.46118358,0.5735006,0.58219224,0.6259253,0.57077724,0.03414354000000003,0.06191609999999992,0.06570869000000001,0.014851399999999959,0.018111660000000085,0.038946278,1208,1.8879492,27.182972,-1.9184198,-6.230749,lowest_error_10pct
_mvqVnzddCw.005,0.62616825,0.71875,0.6813187,0.6893204,0.65555555,0.4949959,0.548348,0.5713865,0.5480457,0.6113488,0.13117235,0.17040200000000005,0.10993220000000004,0.1412747000000001,0.04420674999999996,0.11939760000000003,1209,2.0862045,24.703918,-0.69282454,-4.5117636,middle_80pct
_tOtBfJlWFs.000,0.42990655,0.5625,0.46153846,0.5048544,0.6888889,0.45889556,0.52768135,0.5454298,0.5361853,0.6078751,0.028989009999999982,0.03481864999999995,0.08389133999999998,0.03133089999999994,0.08101380000000002,0.05200873999999998,1210,2.1412873,25.365507,-1.4690074,0.95457023,middle_80pct
_ztmNiy8D3c.000,0.17757009,0.28125,0.2747253,0.27184466,0.2888889,0.35845557,0.3750496,0.4658482,0.37491727,0.40491223,0.18088548,0.09379959999999998,0.19112289999999998,0.10307261000000001,0.11602332999999998,0.136980784,1211,2.0916107,24.341808,4.3633804,7.389518,middle_80pct
_ztmNiy8D3c.001,0.37383178,0.29166666,0.46153846,0.3106796,0.47777778,0.43895736,0.46497682,0.51675844,0.42520064,0.4989519,0.06512558000000002,0.17331016,0.05521998000000006,0.11452104000000002,0.02117412000000002,0.08587017600000002,1212,1.9840845,23.360598,4.3306556,-0.35883397,middle_80pct
_ztmNiy8D3c.002,0.25233644,0.3125,0.51648355,0.37864077,0.42222223,0.3376169,0.3788429,0.4479447,0.3782895,0.43626997,0.08528046,0.06634289999999998,0.06853885000000004,0.0003512700000000146,0.01404774000000003,0.04691224400000001,1213,2.0931857,27.024221,-0.5665419,7.525752,middle_80pct
_ztmNiy8D3c.003,0.42056075,0.38541666,0.36263737,0.3592233,0.31111112,0.39988685,0.4413297,0.49783325,0.40169618,0.48482448,0.020673899999999967,0.05591303999999997,0.13519588,0.04247287999999999,0.17371335999999998,0.08559381199999998,1214,2.164121,24.494152,5.168921,2.5549927,middle_80pct
a84s1DYag-I.000,0.36448598,0.4375,0.5714286,0.5048544,0.5,0.37762785,0.38640213,0.4822097,0.45162177,0.49869913,0.01314187,0.05109786999999999,0.08921889999999993,0.05323263000000006,0.0013008700000000095,0.041598428,1215,2.065189,27.314945,-4.8018675,1.8808057,lowest_error_10pct
a84s1DYag-I.001,0.41121495,0.45833334,0.53846157,0.61165047,0.53333336,0.50555944,0.51611865,0.57261115,0.5840858,0.575923,0.09434448999999995,0.057785310000000034,0.03414958000000001,0.027564669999999958,0.042589639999999984,0.051286737999999985,1216,2.0089648,26.699448,-3.0838835,-2.3116632,middle_80pct
a84s1DYag-I.002,0.28037384,0.30208334,0.47252747,0.3592233,0.25555557,0.42092714,0.45552182,0.5090178,0.5580263,0.52334356,0.1405533,0.15343848000000004,0.03649032999999996,0.19880299999999995,0.26778799000000003,0.15941462,1217,1.9909524,23.87673,-2.2137222,-0.25234374,middle_80pct
a84s1DYag-I.003,0.42990655,0.5,0.6593407,0.5631068,0.44444445,0.50010455,0.5061514,0.56724703,0.5609925,0.59053415,0.07019799999999998,0.006151400000000029,0.09209367000000002,0.0021143000000000134,0.1460897,0.063329414,1218,2.0205426,22.73773,-1.6721139,-1.6351705,middle_80pct
a84s1DYag-I.004,0.5046729,0.53125,0.5714286,0.6213592,0.5888889,0.49429515,0.5370351,0.55394924,0.5608083,0.5923903,0.010377749999999963,0.0057850999999999875,0.017479359999999944,0.06055089999999996,0.003501399999999988,0.01953890199999997,1219,2.0343978,24.958595,-2.0046778,-3.1515243,lowest_error_10pct
a84s1DYag-I.005,0.34579438,0.40625,0.4945055,0.4563107,0.4,0.4888338,0.48486006,0.5434444,0.5273285,0.5670191,0.14303941999999997,0.07861005999999998,0.04893890000000006,0.07101779999999996,0.16701909999999998,0.101725056,1220,2.0613036,22.967419,-2.5886436,-0.41499597,middle_80pct
a97PXgrKSxo.000,0.5046729,0.6145833,0.5604396,0.5533981,0.6,0.44509313,0.53242034,0.5698271,0.5927359,0.56370014,0.059579769999999976,0.08216296000000001,0.009387499999999993,0.03933779999999998,0.03629985999999996,0.045353577999999985,1221,1.8947055,23.599104,4.2494383,-1.8507351,middle_80pct
a97PXgrKSxo.001,0.5046729,0.53125,0.63736266,0.6407767,0.6111111,0.5062231,0.60343194,0.60933936,0.62568724,0.6151762,0.001550200000000057,0.07218194,0.028023299999999973,0.015089459999999999,0.004065099999999933,0.02418199999999999,1222,1.9523458,24.006466,5.2907867,-2.9689374,lowest_error_10pct
a97PXgrKSxo.002,0.6542056,0.6354167,0.8131868,0.7281553,0.5888889,0.5407824,0.5519084,0.5963174,0.5614269,0.5737107,0.11342320000000006,0.08350829999999998,0.2168694,0.1667284,0.01517820000000003,0.11914150000000001,1223,2.0792377,41.047436,-0.9538569,17.048912,middle_80pct
a97PXgrKSxo.003,0.5233645,0.6354167,0.7582418,0.6699029,0.6111111,0.44625086,0.50775206,0.55743134,0.6019952,0.5610785,0.07711363999999998,0.12766464,0.2008104599999999,0.06790770000000002,0.05003259999999998,0.10470580799999998,1224,1.9189949,23.009365,4.236815,0.16691084,middle_80pct
a97PXgrKSxo.004,0.57009345,0.59375,0.6043956,0.74757284,0.5888889,0.50325096,0.5785128,0.6057591,0.61850923,0.57586855,0.06684248999999998,0.01523719999999995,0.001363499999999962,0.12906361,0.013020350000000014,0.04510542999999998,1225,1.9073167,27.905912,4.709906,-1.1038522,middle_80pct
a97PXgrKSxo.005,0.69158876,0.8958333,0.6923077,0.815534,0.7,0.50173116,0.5713866,0.61012006,0.5903091,0.6027165,0.18985760000000007,0.3244467000000001,0.08218764,0.22522489999999995,0.09728349999999997,0.183800068,1226,1.9667577,22.103281,4.0664096,-1.5763931,highest_error_10pct
aL0oPOOeoB8.000,0.34579438,0.53125,0.4945055,0.57281554,0.41111112,0.39654452,0.45825547,0.4801945,0.44093412,0.50346565,0.05075014,0.07299453,0.014310999999999963,0.13188142000000003,0.09235452999999999,0.07245832399999999,1227,2.1662092,33.49208,-3.9112315,5.7809677,middle_80pct
aMPe0uSKqF4.001,0.2897196,0.46875,0.32967034,0.407767,0.6666667,0.45774114,0.4875498,0.50551903,0.5008618,0.5591949,0.16802153999999997,0.018799799999999978,0.17584868999999997,0.09309480000000003,0.1074717999999999,0.11264732599999996,1228,2.03312,26.959589,0.19878341,-1.4251671,middle_80pct
aMPe0uSKqF4.002,0.45794392,0.5104167,0.48351648,0.49514562,0.62222224,0.5982517,0.62434554,0.5763657,0.56783587,0.7025011,0.14030778000000005,0.11392884000000003,0.09284921999999995,0.07269025000000001,0.08027885999999995,0.10001099,1229,1.9313725,28.23583,0.8221602,-9.933239,middle_80pct
aMPe0uSKqF4.003,0.46728972,0.6041667,0.6043956,0.60194176,0.84444445,0.534573,0.5714977,0.55502623,0.5491886,0.6164791,0.06728327999999995,0.03266899999999995,0.04936937000000008,0.052753159999999966,0.22796535000000007,0.086008032,1230,1.8798337,21.888308,1.7146724,-3.3372202,middle_80pct
aMPe0uSKqF4.004,0.42056075,0.5208333,0.48351648,0.5048544,0.6333333,0.5726136,0.5808309,0.5798372,0.55435437,0.6385323,0.15205284999999996,0.059997599999999984,0.09632072000000003,0.04949996999999995,0.005199000000000065,0.072614028,1231,1.9229425,23.945093,0.56702566,-6.8452206,middle_80pct
aMPe0uSKqF4.005,0.3271028,0.34375,0.2967033,0.3398058,0.64444447,0.49044123,0.5526761,0.5523228,0.59494835,0.5991783,0.16333842999999998,0.2089261,0.2556195,0.25514255,0.045266169999999994,0.18565854999999998,1232,1.9220603,22.461876,1.1899996,-4.8984103,highest_error_10pct
aPTNxA43WHY.000,0.7383177,0.8020833,0.8021978,0.6699029,0.8111111,0.6021336,0.61371845,0.6156905,0.62129945,0.67031085,0.13618409999999992,0.18836485000000003,0.18650729999999993,0.04860344999999999,0.14080024999999996,0.14009198999999997,1233,2.0269597,23.969809,9.401645,-0.17393947,middle_80pct
aPTNxA43WHY.001,0.6728972,0.53125,0.72527474,0.6893204,0.7222222,0.5814084,0.5945094,0.5909266,0.6346918,0.6456606,0.09148879999999993,0.06325939999999997,0.13434814000000006,0.05462860000000003,0.07656160000000001,0.084057308,1234,1.928084,23.383219,8.185588,-1.6479727,middle_80pct
aPTNxA43WHY.002,0.5420561,0.6145833,0.5934066,0.6407767,0.6333333,0.55223846,0.5692802,0.5787997,0.58205545,0.62216955,0.010182359999999946,0.04530310000000004,0.014606899999999978,0.05872124999999995,0.011163750000000028,0.027995471999999987,1235,1.947589,22.329313,7.971818,0.12620388,lowest_error_10pct
aQVGVhcMBtE.002,0.5233645,0.5104167,0.5494506,0.5048544,0.5222222,0.47858575,0.4697476,0.50732756,0.45593774,0.5389264,0.044778750000000034,0.04066909999999996,0.04212304,0.048916660000000056,0.016704200000000058,0.03863835000000002,1236,2.2054236,26.940794,-13.464394,-1.0477767,lowest_error_10pct
aQVGVhcMBtE.004,0.57009345,0.625,0.6703297,0.5339806,0.74444443,0.4887427,0.52995914,0.57363313,0.5552406,0.5722752,0.08135075000000003,0.09504086,0.09669656999999998,0.021259999999999946,0.17216923000000006,0.09330348200000001,1237,2.1259043,24.243944,0.946186,-3.951158,middle_80pct
aQVGVhcMBtE.005,0.43925235,0.5208333,0.48351648,0.5339806,0.5555556,0.48670876,0.5031164,0.525693,0.5096802,0.57492775,0.047456410000000004,0.017716900000000035,0.04217651999999994,0.0243004,0.01937214999999992,0.03020447599999998,1238,2.0581467,24.679125,-3.4907649,-2.8211956,lowest_error_10pct
aaylz9A9K80.000,0.7009346,0.84375,0.8901099,0.592233,0.8,0.565784,0.585697,0.6051775,0.5966875,0.6424641,0.1351506,0.258053,0.2849324,0.004454500000000028,0.15753590000000006,0.16802528,1239,1.8714256,19.168608,2.8894696,-1.7984128,middle_80pct
aaylz9A9K80.002,0.7383177,0.7291667,0.8021978,0.78640777,0.75555557,0.5349667,0.5847916,0.5916099,0.6260294,0.6266521,0.20335099999999995,0.14437509999999998,0.21058789999999994,0.16037837,0.1289034699999999,0.16951916799999994,1240,1.9661187,20.439068,4.524148,-2.9553337,middle_80pct
aenedH_X3Us.000,0.45794392,0.27083334,0.43956044,0.2815534,0.53333336,0.5678667,0.5740268,0.5326833,0.52553004,0.6452359,0.10992277999999994,0.30319345999999997,0.09312285999999997,0.24397664000000002,0.11190254,0.172423656,1241,1.9974105,31.57263,-20.119577,-11.054386,middle_80pct
ahqyOhg6D7c.001,0.5046729,0.5833333,0.5714286,0.5533981,0.56666666,0.5189482,0.51510984,0.58097005,0.55383456,0.5895913,0.01427529999999999,0.06822346000000001,0.009541450000000062,0.00043645999999997187,0.02292464000000005,0.023080262000000018,1242,1.9952415,24.369534,3.2474427,-2.1486156,lowest_error_10pct
ahqyOhg6D7c.003,0.36448598,0.46875,0.52747256,0.5631068,0.6111111,0.49649793,0.47836193,0.54927295,0.4937448,0.61054343,0.13201195,0.00961192999999999,0.021800390000000003,0.06936200000000003,0.0005676700000000201,0.046670788000000005,1243,2.0790188,26.908657,3.9334512,-1.5427086,middle_80pct
ana5C73n9bY.000,0.34579438,0.39583334,0.6593407,0.6796116,0.62222224,0.3953515,0.51797193,0.59235054,0.6099366,0.5049893,0.04955712000000001,0.12213858999999999,0.06699016000000002,0.06967499999999993,0.11723294000000006,0.085118762,1244,1.9331964,24.972345,7.566803,-0.26179156,middle_80pct
ana5C73n9bY.001,0.5046729,0.5729167,0.7032967,0.63106793,0.5222222,0.3843778,0.5395062,0.57878727,0.60206234,0.51524496,0.12029509999999999,0.0334104999999999,0.12450943000000003,0.029005590000000026,0.006977239999999996,0.06283957199999998,1245,1.9888921,26.362371,8.5115385,0.38642052,middle_80pct
ana5C73n9bY.002,0.48598132,0.5416667,0.53846157,0.592233,0.62222224,0.3977916,0.51217115,0.57822084,0.5912667,0.50317824,0.08818971999999997,0.029495549999999926,0.03975927000000001,0.0009662999999999755,0.11904400000000004,0.05549096799999999,1246,1.9501808,25.423296,8.648277,1.3799703,middle_80pct
ana5C73n9bY.003,0.5046729,0.5729167,0.7032967,0.66019416,0.5888889,0.4416104,0.56577027,0.6025682,0.6350143,0.5507948,0.06306249999999997,0.007146429999999926,0.1007285,0.025179859999999943,0.03809410000000002,0.04684227799999997,1247,2.0116684,23.84572,7.8354397,0.6116327,middle_80pct
ana5C73n9bY.004,0.48598132,0.6145833,0.6043956,0.65048546,0.6888889,0.46132472,0.58575225,0.6176154,0.6619528,0.55782163,0.024656599999999973,0.02883105000000008,0.013219800000000004,0.011467340000000048,0.13106727000000007,0.041848412000000036,1248,1.9605144,23.836023,5.430841,-0.8914499,lowest_error_10pct
ana5C73n9bY.005,0.6168224,0.6666667,0.73626375,0.70873785,0.6666667,0.42942607,0.5420505,0.59894454,0.6083847,0.5366087,0.18739633,0.12461619999999995,0.13731921000000002,0.10035315,0.1300579999999999,0.135948578,1249,2.0704162,27.795399,10.164752,0.50191087,middle_80pct
aqK-wcGILjw.000,0.5140187,0.48958334,0.5824176,0.44660193,0.6333333,0.5380048,0.60637033,0.57003313,0.51003355,0.61809593,0.0239860999999999,0.11678698999999998,0.01238446999999998,0.06343161999999997,0.015237370000000028,0.04636530999999997,1250,1.8997788,23.957212,0.09819893,-1.9744394,middle_80pct
auhe41Tf50M.003,0.53271025,0.6354167,0.53846157,0.60194176,0.8666667,0.46241757,0.45908907,0.5141764,0.4692487,0.5553217,0.07029268000000005,0.17632762999999996,0.024285169999999967,0.13269305999999997,0.311345,0.142988708,1251,1.9143497,23.126772,-7.2049913,3.8855755,middle_80pct
auhe41Tf50M.005,0.5233645,0.65625,0.45054945,0.5533981,0.65555555,0.5380983,0.56786644,0.56134367,0.5317021,0.62849337,0.014733800000000019,0.08838356000000003,0.11079421999999994,0.02169600000000005,0.027062179999999936,0.052533951999999995,1252,1.9473817,22.80998,0.9277901,-4.9626174,middle_80pct
b-qfeGqPd04.000,0.3271028,0.22916667,0.5494506,0.30097088,0.4,0.47446454,0.50959605,0.5529895,0.44003406,0.52154595,0.14736173999999996,0.28042937999999995,0.0035389000000000115,0.13906318,0.12154595000000001,0.13838783,1253,1.9571079,24.836016,2.2681088,0.77208793,middle_80pct
b-qfeGqPd04.001,0.45794392,0.375,0.5824176,0.4563107,0.44444445,0.37197962,0.43216056,0.48699924,0.37674096,0.45663851,0.0859643,0.05716056000000003,0.09541835999999998,0.07956974,0.012194060000000007,0.066061404,1254,2.1156297,29.238585,5.578805,2.4500775,middle_80pct
b-qfeGqPd04.002,0.44859812,0.5208333,0.5714286,0.47572815,0.4888889,0.43172848,0.5107109,0.53947204,0.5021531,0.5259016,0.016869639999999964,0.010122400000000087,0.03195655999999991,0.026424950000000003,0.037012699999999954,0.024477249999999985,1255,2.0725303,26.364075,6.6955705,2.5036278,lowest_error_10pct
b-qfeGqPd04.003,0.47663552,0.5208333,0.61538464,0.46601942,0.46666667,0.39390558,0.46686578,0.507955,0.42622173,0.48810774,0.08272994,0.05396752000000005,0.10742963999999999,0.03979769,0.021441070000000007,0.06107317200000001,1256,2.2256765,29.573254,5.8729153,1.838687,middle_80pct
b-qfeGqPd04.005,0.40186915,0.4375,0.3846154,0.4854369,0.42222223,0.50051016,0.54337907,0.5755516,0.49813175,0.55648965,0.09864101000000003,0.10587906999999996,0.19093620000000006,0.01269484999999998,0.13426741999999997,0.10848371000000001,1257,1.9307562,25.864943,4.629979,0.21027282,middle_80pct
b69IYs1G1zc.000,0.49532712,0.44791666,0.5934066,0.592233,0.5777778,0.5212201,0.5965943,0.6166363,0.6596161,0.6130051,0.025892979999999954,0.14867764,0.02322970000000002,0.06738310000000003,0.03522729999999996,0.06008214399999999,1258,1.988376,21.399616,3.478928,-1.9142951,middle_80pct
b69IYs1G1zc.002,0.5233645,0.59375,0.5604396,0.49514562,0.67777777,0.5461738,0.63406664,0.61959505,0.6661875,0.6571047,0.022809300000000032,0.040316640000000015,0.05915545,0.17104188000000004,0.02067306999999996,0.062799268,1259,2.1598032,27.023134,4.517583,-1.3171518,middle_80pct
b69IYs1G1zc.003,0.47663552,0.53125,0.64835167,0.49514562,0.6666667,0.55776143,0.64249897,0.599921,0.58222777,0.6714667,0.08112591000000002,0.11124897,0.04843067000000001,0.08708215000000002,0.0048000000000000265,0.06653754000000002,1260,1.9026583,24.20443,1.7394215,-4.477444,middle_80pct
bLOSPQ8MAC8.000,0.12149533,0.40625,0.4945055,0.7378641,0.41111112,0.32500863,0.42365068,0.49957693,0.5072291,0.46987265,0.2035133,0.01740068,0.005071429999999988,0.23063500000000003,0.058761530000000006,0.103076388,1261,1.9961734,30.298573,0.9945123,13.134671,middle_80pct
bLOSPQ8MAC8.001,0.35514018,0.5520833,0.50549453,0.5825243,0.4,0.3631199,0.4465585,0.55092156,0.52104217,0.4834676,0.007979719999999968,0.10552480000000003,0.045427030000000035,0.061482130000000024,0.08346759999999998,0.06077625600000001,1262,2.0122495,27.919258,2.1398046,1.0742254,middle_80pct
bLOSPQ8MAC8.003,0.42990655,0.6145833,0.6703297,0.70873785,0.65555555,0.28561217,0.3885603,0.48113942,0.5119215,0.41018003,0.14429438,0.22602300000000003,0.18919028000000004,0.19681634999999997,0.24537552,0.200339906,1263,2.0934544,28.475613,2.7396555,9.288277,highest_error_10pct
bLOSPQ8MAC8.004,0.3364486,0.5104167,0.6593407,0.74757284,0.41111112,0.3563494,0.4707387,0.5525633,0.59004194,0.48483765,0.019900799999999996,0.039677999999999936,0.10677740000000002,0.15753090000000003,0.07372653000000001,0.079522726,1264,1.979941,26.001802,6.314686,-0.09649625,middle_80pct
bLOSPQ8MAC8.005,0.38317758,0.45833334,0.45054945,0.7281553,0.3888889,0.33542717,0.41676188,0.52942306,0.49448577,0.4440518,0.04775041000000002,0.041571460000000005,0.07887360999999993,0.23366952999999996,0.055162900000000015,0.09140558199999999,1265,2.042514,27.21666,5.5621796,2.2526746,middle_80pct
bLrrDM1Opu0.001,0.45794392,0.48958334,0.3956044,0.61165047,0.46666667,0.5510802,0.56445354,0.5850111,0.5682841,0.6437574,0.09313628000000002,0.07487020000000005,0.18940669999999998,0.04336636999999999,0.17709073000000003,0.11557405600000001,1266,1.9145224,24.567358,-1.9510444,-6.5595503,middle_80pct
bLrrDM1Opu0.003,0.53271025,0.5625,0.46153846,0.66019416,0.65555555,0.5972177,0.6195922,0.60240185,0.6424139,0.67320067,0.06450744999999991,0.05709220000000004,0.14086339000000003,0.017780259999999992,0.01764511999999996,0.059577683999999985,1267,1.9812264,22.634232,1.6634526,-6.480906,middle_80pct
bRoIrXBO9DU.000,0.38317758,0.5,0.4065934,0.2815534,0.64444447,0.6077453,0.61213607,0.5468029,0.52062273,0.7067183,0.22456772000000003,0.11213607000000003,0.1402095,0.23906933000000002,0.062273829999999974,0.15565129000000003,1268,1.9644059,25.856655,-8.795653,-7.899647,middle_80pct
bRoIrXBO9DU.005,0.62616825,0.7083333,0.6923077,0.5048544,0.7,0.61035067,0.63603896,0.59791905,0.5639609,0.67816514,0.015817579999999998,0.07229434000000001,0.09438864999999996,0.05910649999999995,0.0218348599999999,0.05268838599999996,1269,1.9252266,22.227247,-4.128126,-7.090015,middle_80pct
bTLTLzXehPE.000,0.55140185,0.41666666,0.6703297,0.3398058,0.6333333,0.5289791,0.5272114,0.5254074,0.47464126,0.5825831,0.022422749999999936,0.11054473999999997,0.14492230000000006,0.13483546000000002,0.05075019999999997,0.09269509,1270,1.9444786,22.122593,5.7599583,-0.1784642,middle_80pct
bTLTLzXehPE.003,0.69158876,0.65625,0.6813187,0.5631068,0.73333335,0.5220766,0.52565366,0.56416816,0.52361655,0.6074926,0.16951216000000002,0.13059633999999998,0.11715054000000003,0.03949025000000006,0.12584074999999995,0.116518008,1271,2.0734165,26.983784,6.9926023,2.3866792,middle_80pct
bTLTLzXehPE.005,0.5794392,0.5416667,0.62637365,0.52427185,0.6,0.5143808,0.5274875,0.539503,0.5094437,0.58025324,0.06505840000000007,0.014179199999999947,0.08687065000000005,0.014828149999999929,0.019746759999999974,0.04013663199999999,1272,2.0210242,23.583294,5.5161996,-0.51328963,lowest_error_10pct
bcRPLKygrNk.000,0.40186915,0.375,0.46153846,0.37864077,0.5222222,0.48727763,0.50114274,0.5212455,0.4767087,0.5765534,0.08540848000000001,0.12614274000000003,0.059707040000000045,0.09806792999999997,0.054331200000000024,0.08473147800000001,1273,2.1868231,27.491621,-11.394434,-0.04608777,middle_80pct
bcRPLKygrNk.001,0.2990654,0.27083334,0.30769232,0.34951457,0.41111112,0.56599474,0.5814407,0.5858443,0.56873786,0.6494023,0.26692934000000007,0.31060736000000005,0.27815197999999997,0.21922329000000002,0.23829118,0.26264063000000004,1274,1.9431386,23.979012,1.6851995,-3.9864774,highest_error_10pct
bcRPLKygrNk.002,0.42056075,0.46875,0.47252747,0.47572815,0.4888889,0.5021654,0.50901705,0.5511485,0.5453873,0.5884919,0.08160465,0.04026704999999997,0.07862103000000004,0.06965915,0.09960299999999994,0.07395097599999999,1275,2.040261,23.107851,0.2268439,-2.9123244,middle_80pct
bcRPLKygrNk.003,0.5981308,0.46875,0.5934066,0.47572815,0.65555555,0.5058332,0.5287705,0.54990184,0.5281134,0.58353746,0.09229759999999998,0.06002050000000003,0.04350476000000003,0.05238524999999994,0.07201809000000003,0.06404524,1276,1.9957683,22.102571,-3.604478,-2.2368875,middle_80pct
bcRPLKygrNk.004,0.38317758,0.3125,0.37362638,0.3592233,0.34444445,0.5039458,0.51611894,0.5479563,0.44707018,0.5962823,0.12076821999999998,0.20361894000000003,0.17432991999999997,0.08784687999999996,0.25183785000000003,0.16768036199999997,1277,1.9465668,25.147108,-8.715444,-4.785125,middle_80pct
bcRPLKygrNk.005,0.58878505,0.53125,0.36263737,0.4854369,0.42222223,0.548887,0.55950993,0.5898042,0.5574854,0.6140174,0.03989805000000002,0.028259930000000044,0.22716683,0.07204850000000002,0.19179517000000007,0.11183369600000001,1278,1.919897,21.89289,0.08777271,-3.1113534,middle_80pct
bcx6xr9Ja-8.000,0.49532712,0.6041667,0.6593407,0.5631068,0.5555556,0.4497737,0.5011641,0.56026745,0.52306616,0.538015,0.04555342000000001,0.10300259999999994,0.09907325,0.04004064000000007,0.017540600000000017,0.06104210200000001,1279,2.0859208,21.872307,8.582359,0.50089,middle_80pct
bcx6xr9Ja-8.001,0.45794392,0.59375,0.7692308,0.5145631,0.41111112,0.48766947,0.53285635,0.57579297,0.51784205,0.5822886,0.02972554999999999,0.06089365000000002,0.19343783000000003,0.0032789500000000027,0.17117748000000005,0.09170269200000002,1280,1.9627296,22.667484,3.7226539,0.8299489,middle_80pct
bcx6xr9Ja-8.002,0.28037384,0.36458334,0.5494506,0.34951457,0.34444445,0.39092696,0.43997717,0.5300065,0.4726497,0.45229185,0.11055312,0.07539383,0.019444099999999964,0.12313512999999998,0.10784739999999998,0.08727471599999999,1281,1.9291335,23.598738,0.3534045,3.0536153,middle_80pct
bcx6xr9Ja-8.003,0.6168224,0.6979167,0.7692308,0.57281554,0.37777779,0.46099693,0.49691778,0.54781175,0.49210778,0.5300302,0.15582546999999997,0.20099891999999997,0.22141904999999995,0.08070776000000002,0.15225241,0.16224072199999998,1282,1.9671385,21.811432,2.6284153,-0.63420314,middle_80pct
bcx6xr9Ja-8.004,0.39252338,0.39583334,0.64835167,0.5436893,0.37777779,0.40196228,0.4269837,0.521931,0.47456077,0.47149122,0.009438900000000028,0.031150360000000044,0.12642067,0.06912853000000002,0.09371342999999999,0.06597037800000002,1283,1.9833227,23.027813,3.1223974,1.6288143,middle_80pct
bcx6xr9Ja-8.005,0.5046729,0.59375,0.6593407,0.4854369,0.5222222,0.4816499,0.5582683,0.5606938,0.510031,0.56191397,0.02302299999999996,0.03548169999999995,0.09864689999999998,0.024594100000000008,0.039691770000000015,0.04428749399999998,1284,1.907916,22.968613,3.246798,-2.6965535,middle_80pct
bj9kSmBeQRg.000,0.7009346,0.6979167,0.8901099,0.592233,0.8111111,0.46821603,0.50516015,0.54130125,0.53456575,0.5556471,0.23271856999999996,0.19275654999999992,0.34880865000000005,0.05766725000000006,0.255464,0.21748300399999998,1285,1.9882119,25.268614,10.672574,-0.0022048657,highest_error_10pct
bj9kSmBeQRg.002,0.6542056,0.5625,0.5934066,0.5048544,0.64444447,0.5017754,0.5387957,0.59656084,0.55973476,0.5761719,0.15243020000000007,0.02370430000000001,0.003154239999999975,0.05488035999999996,0.06827257000000009,0.06048833400000002,1286,1.8579491,24.192917,9.031954,0.04317589,middle_80pct
blAjqQ0ja8Q.001,0.5140187,0.6770833,0.7912088,0.70873785,0.6333333,0.47984424,0.5470284,0.60632217,0.59872794,0.5777639,0.03417446000000007,0.13005490000000008,0.18488663000000005,0.11000991000000004,0.05556939999999999,0.10293906000000005,1287,1.9948149,23.711391,9.932426,0.7507375,middle_80pct
blAjqQ0ja8Q.002,0.5233645,0.6145833,0.62637365,0.4854369,0.5,0.47676373,0.49988413,0.5881798,0.55325884,0.57348394,0.046600770000000014,0.11469917000000007,0.038193849999999974,0.06782194000000002,0.07348394000000003,0.06815993400000002,1288,1.946532,21.75816,9.698963,1.6544446,middle_80pct
blAjqQ0ja8Q.003,0.46728972,0.5,0.5494506,0.61165047,0.54444444,0.475763,0.55417573,0.62641734,0.61274076,0.5655702,0.008473279999999972,0.05417572999999998,0.07696674000000003,0.0010902900000000493,0.021125759999999993,0.032366360000000004,1289,2.151515,28.532179,11.392828,1.765282,lowest_error_10pct
blAjqQ0ja8Q.004,0.49532712,0.53125,0.6813187,0.5533981,0.64444447,0.44613716,0.5149962,0.5902781,0.5536946,0.5365764,0.04918996000000003,0.016253799999999985,0.09104060000000003,0.00029650000000003285,0.1078680700000001,0.052929786000000034,1290,2.0783346,22.557787,11.136405,1.7144678,middle_80pct
blAjqQ0ja8Q.005,0.6168224,0.5208333,0.6703297,0.5048544,0.5777778,0.5183432,0.58115566,0.64270455,0.6053454,0.6153207,0.09847919999999999,0.06032235999999991,0.027625149999999987,0.100491,0.037542900000000046,0.06489212199999998,1291,1.9608386,22.040655,10.178053,2.650244,middle_80pct
bviHajVIie0.001,0.5981308,0.6041667,0.5604396,0.66019416,0.65555555,0.4731631,0.54614925,0.57665926,0.5138371,0.5622574,0.12496769999999996,0.058017449999999915,0.01621965999999997,0.14635705999999993,0.09329814999999997,0.08777200399999995,1292,1.9321759,24.565306,10.199887,1.5648291,middle_80pct
bviHajVIie0.005,0.7383177,0.8020833,0.6813187,0.63106793,0.67777777,0.46851236,0.5513888,0.5843707,0.45991373,0.58966076,0.26980533999999995,0.25069450000000004,0.09694800000000003,0.17115420000000003,0.08811700999999994,0.17534381000000002,1293,1.8998394,25.161406,6.6410837,-2.7907863,middle_80pct
c4YxfATgYkw.002,0.6168224,0.33333334,0.63736266,0.5825243,0.5555556,0.45802236,0.4348146,0.44775254,0.40852344,0.57907444,0.15880003999999998,0.10148126000000002,0.18961012,0.17400085999999998,0.02351883999999993,0.12948222399999998,1294,2.0373218,38.092422,-27.954838,-7.4351587,middle_80pct
c672aEuUa-g.000,0.40186915,0.45833334,0.48351648,0.42718446,0.4888889,0.38546988,0.42025813,0.4863942,0.49106908,0.5022822,0.01639927000000002,0.03807520999999997,0.0028777199999999725,0.06388462,0.013393299999999997,0.026926023999999993,1295,2.1967165,27.331219,-1.7267218,11.741535,lowest_error_10pct
c672aEuUa-g.002,0.53271025,0.38541666,0.4945055,0.4563107,0.41111112,0.5144323,0.52420783,0.5459728,0.55489606,0.58056396,0.0182779500000001,0.13879117000000002,0.05146730000000005,0.09858536000000001,0.16945284,0.09531492400000004,1296,2.027759,21.549747,1.2941691,0.84959555,middle_80pct
c672aEuUa-g.003,0.47663552,0.38541666,0.48351648,0.42718446,0.6111111,0.4823805,0.4499123,0.47377628,0.46037242,0.5436047,0.005744980000000011,0.06449563999999997,0.009740200000000032,0.033187960000000016,0.06750639999999997,0.036135035999999995,1297,2.2368357,26.774847,-6.480547,-1.7796862,lowest_error_10pct
c672aEuUa-g.004,0.682243,0.71875,0.7032967,0.66019416,0.67777777,0.4709863,0.46929553,0.4930464,0.4892101,0.54736,0.21125670000000002,0.24945446999999998,0.2102503,0.17098406,0.13041777,0.19447266,1298,2.168392,25.517542,-5.4547834,-3.5383148,highest_error_10pct
c672aEuUa-g.005,0.43925235,0.46875,0.4945055,0.4563107,0.46666667,0.3837602,0.41163018,0.48689392,0.5368554,0.4843707,0.05549215000000002,0.05711981999999999,0.007611580000000007,0.08054469999999997,0.01770402999999998,0.04369445599999999,1299,2.2201726,28.692423,3.168665,3.9748821,lowest_error_10pct
cOossY5pTrU.001,0.48598132,0.5833333,0.6043956,0.5533981,0.6666667,0.6550398,0.6486616,0.6143045,0.5503411,0.72504085,0.16905847999999996,0.0653282999999999,0.009908899999999998,0.0030569999999999764,0.058374150000000014,0.061145365999999965,1300,1.9862503,23.60081,-3.045714,-5.830517,middle_80pct
cOossY5pTrU.002,0.62616825,0.78125,0.6813187,0.66019416,0.8888889,0.5870982,0.5937076,0.5520016,0.50701314,0.667559,0.03907004999999997,0.1875424,0.12931710000000007,0.15318102,0.22132989999999997,0.146088094,1301,1.8818085,22.811459,-5.0920286,-5.192146,middle_80pct
cOossY5pTrU.003,0.57009345,0.625,0.61538464,0.46601942,0.6,0.5896163,0.6131793,0.5598953,0.55203676,0.6869388,0.01952284999999998,0.011820700000000017,0.055489340000000054,0.08601734,0.08693879999999998,0.05195780600000001,1302,1.8712901,23.780914,-5.5008206,-6.7135124,middle_80pct
cOossY5pTrU.005,0.635514,0.6666667,0.5714286,0.49514562,0.7222222,0.5897867,0.62006867,0.56882584,0.5365012,0.6688244,0.045727300000000026,0.04659802999999996,0.0026027599999999262,0.04135558,0.05339780000000005,0.037936293999999995,1303,2.0474925,20.304775,0.1663716,-3.8205857,lowest_error_10pct
cSyVbIYfwxA.004,0.5794392,0.7604167,0.71428573,0.776699,0.65555555,0.45187226,0.48863262,0.52091116,0.5375237,0.5504651,0.12756694000000002,0.27178407999999993,0.1933745699999999,0.23917529999999998,0.10509044999999995,0.18739826799999998,1304,2.0649018,21.941675,0.53424126,-1.8777832,highest_error_10pct
cWZudzeJVXg.000,0.25233644,0.19791667,0.35164836,0.29126215,0.3,0.33975565,0.40999886,0.46920758,0.4163311,0.41641256,0.08741921000000002,0.21208219000000003,0.11755922000000002,0.12506895,0.11641256,0.13170842600000002,1305,2.0596812,26.875893,-2.125334,0.9237827,middle_80pct
cWZudzeJVXg.001,0.27102804,0.28125,0.6043956,0.5145631,0.36666667,0.3316872,0.35645092,0.43745834,0.4133838,0.41147697,0.06065915999999999,0.07520092,0.16693726000000003,0.10117930000000003,0.044810300000000025,0.08975738800000002,1306,1.9872295,24.715046,-3.4788163,-0.33522716,middle_80pct
cWZudzeJVXg.002,0.3364486,0.27083334,0.37362638,0.3398058,0.32222223,0.3773858,0.3973647,0.43052644,0.40094015,0.4389977,0.04093720000000001,0.12653136000000004,0.05690006000000003,0.061134350000000004,0.11677546999999999,0.08045568800000001,1307,2.0066004,28.375097,-6.5735655,0.628066,middle_80pct
cWZudzeJVXg.003,0.38317758,0.42708334,0.36263737,0.47572815,0.35555556,0.33939636,0.42614412,0.47361165,0.44948345,0.4614022,0.04378122000000001,0.0009392199999999629,0.11097427999999998,0.02624470000000001,0.10584663999999999,0.05755721199999999,1308,1.9829695,22.908669,-1.1696666,0.52962846,middle_80pct
cWZudzeJVXg.004,0.26168224,0.26041666,0.2967033,0.24271844,0.17777778,0.25728244,0.29261994,0.37346163,0.32592297,0.32399645,0.004399800000000009,0.03220328,0.07675832999999999,0.08320452999999997,0.14621867,0.06855692199999999,1309,2.1981957,33.321285,-9.852046,13.319143,middle_80pct
cXqH7_dYM_k.001,0.42990655,0.41666666,0.41758242,0.63106793,0.53333336,0.41644418,0.46870252,0.5371886,0.49590665,0.539227,0.013462370000000001,0.05203585999999999,0.11960618,0.13516128000000005,0.005893640000000033,0.06523186600000001,1310,2.3116865,36.250244,-17.507063,-2.8938396,middle_80pct
cgGCyBMdGrA.001,0.27102804,0.44791666,0.48351648,0.42718446,0.43333334,0.48056185,0.54464895,0.57548666,0.5026836,0.5623998,0.20953381,0.09673229,0.09197018000000001,0.07549914000000002,0.12906646,0.120560376,1311,2.0401592,24.589336,4.745863,2.1952078,middle_80pct
cgGCyBMdGrA.003,0.5140187,0.28125,0.47252747,0.3592233,0.51111114,0.47982833,0.51108754,0.5668667,0.4486083,0.56712747,0.034190370000000025,0.22983754,0.09433922999999994,0.08938499999999999,0.05601632999999995,0.10075369399999998,1312,2.1552167,25.913107,4.5056925,3.6284866,middle_80pct
cgGCyBMdGrA.004,0.317757,0.30208334,0.4065934,0.3592233,0.4888889,0.4250044,0.46694398,0.50952613,0.43760318,0.50901306,0.10724739999999999,0.16486064,0.10293273000000003,0.07837987999999996,0.020124160000000002,0.094708962,1313,2.392085,28.695402,-3.1139824,2.401537,middle_80pct
cgGCyBMdGrA.005,0.40186915,0.35416666,0.52747256,0.41747573,0.4,0.4395756,0.47936633,0.5334914,0.44693547,0.56324655,0.03770645,0.12519966999999999,0.00601883999999997,0.029459740000000012,0.16324655,0.07232625,1314,2.23417,28.372702,2.0138774,4.98316,middle_80pct
cgT-3CHBmKs.000,0.24299066,0.1875,0.2967033,0.22330096,0.2777778,0.32503632,0.37274736,0.44750112,0.37247625,0.4057448,0.08204565999999999,0.18524736000000003,0.15079781999999997,0.14917529000000002,0.127967,0.13904662599999998,1315,1.9239035,30.944378,-6.6457257,-1.7775161,middle_80pct
cgT-3CHBmKs.001,0.25233644,0.26041666,0.2967033,0.2524272,0.44444445,0.34639066,0.4062525,0.48220628,0.4221856,0.4537111,0.09405422000000002,0.14583584,0.18550297999999998,0.16975839999999998,0.009266649999999987,0.120883618,1316,2.0169706,29.762257,-3.7123675,-0.41610554,middle_80pct
cgT-3CHBmKs.002,0.23364486,0.27083334,0.35164836,0.32038835,0.34444445,0.34531957,0.38359755,0.48860368,0.38316494,0.45274514,0.11167471000000001,0.11276421000000003,0.13695532,0.06277659000000002,0.10830068999999998,0.10649430400000001,1317,2.0714262,35.518333,-9.417092,2.2326264,middle_80pct
cgT-3CHBmKs.003,0.22429906,0.32291666,0.46153846,0.3106796,0.35555556,0.5735746,0.54368263,0.5801765,0.4994026,0.57185006,0.34927554000000005,0.22076596999999992,0.11863804,0.18872299999999997,0.21629450000000006,0.21873941000000002,1318,2.4924781,75.56004,-16.805023,34.419464,highest_error_10pct
cgT-3CHBmKs.004,0.42056075,0.375,0.52747256,0.3883495,0.42222223,0.41197258,0.42584878,0.4892629,0.37249857,0.47807556,0.008588170000000006,0.05084877999999998,0.03820965999999998,0.01585093000000004,0.055853330000000034,0.03387017400000001,1319,1.8489496,28.215685,-7.791518,-0.0050931578,lowest_error_10pct
cgT-3CHBmKs.005,0.317757,0.25,0.3846154,0.27184466,0.26666668,0.33199185,0.36562178,0.46016404,0.3562486,0.4480677,0.014234849999999966,0.11562178000000001,0.07554864,0.08440394000000001,0.18140102000000002,0.094242046,1320,2.0478072,36.258255,-6.4257183,3.3822398,middle_80pct
cpch8WDydcM.004,0.37383178,0.5833333,0.63736266,0.7184466,0.5777778,0.57125115,0.61259216,0.57486296,0.5710668,0.6263953,0.19741937000000004,0.029258859999999998,0.062499699999999936,0.14737980000000006,0.04861749999999998,0.097035046,1321,2.162096,22.616474,2.5732746,1.459969,middle_80pct
cpzY1b6wJqs.000,0.28037384,0.39583334,0.4065934,0.49514562,0.37777779,0.45843858,0.5242166,0.5220413,0.50759023,0.57622004,0.17806474,0.12838326000000005,0.11544790000000005,0.012444610000000023,0.19844225000000004,0.12655655200000004,1322,1.9848471,30.42989,-12.742119,-10.92774,middle_80pct
cpzY1b6wJqs.001,0.34579438,0.5208333,0.47252747,0.5048544,0.43333334,0.4618228,0.49345288,0.5072159,0.5530412,0.55316854,0.11602841999999997,0.027380420000000072,0.03468843000000005,0.048186799999999974,0.11983520000000003,0.06922385400000002,1323,1.9849048,31.635355,-9.044354,-9.818224,middle_80pct
cpzY1b6wJqs.002,0.57009345,0.53125,0.5934066,0.6213592,0.6888889,0.4908056,0.5194815,0.52264595,0.512519,0.5644603,0.07928784999999999,0.01176849999999996,0.07076064999999998,0.10884020000000005,0.1244286,0.07901716,1324,1.9639271,31.889631,-13.297863,-10.6658745,middle_80pct
cvHqtadNJDo.000,0.47663552,0.42708334,0.46153846,0.69902915,0.64444447,0.45712095,0.5797252,0.5802817,0.60801625,0.55228406,0.019514569999999953,0.15264186000000007,0.11874324000000003,0.09101289999999995,0.09216041000000008,0.09481459600000001,1325,1.9900646,24.359388,11.031995,2.0159419,middle_80pct
cvHqtadNJDo.002,0.44859812,0.75,0.5934066,0.7669903,0.6666667,0.46182922,0.5410898,0.5870495,0.6318855,0.557112,0.013231099999999996,0.20891020000000005,0.006357100000000004,0.13510480000000002,0.1095546999999999,0.09463157999999999,1326,1.9815644,24.5017,8.236411,3.2248144,middle_80pct
cvHqtadNJDo.004,0.40186915,0.5833333,0.61538464,0.6699029,0.56666666,0.42014584,0.52175,0.5603725,0.58610827,0.53097224,0.018276689999999984,0.06158330000000001,0.05501213999999999,0.08379462999999998,0.035694420000000004,0.050872235999999994,1327,1.9205588,23.955877,9.254609,2.902265,middle_80pct
cvg03XGFjCk.001,0.6168224,0.5729167,0.6703297,0.6893204,0.74444443,0.47123888,0.51752865,0.5415732,0.5516062,0.5782281,0.14558351999999997,0.05538804999999991,0.12875650000000005,0.1377142,0.16621633000000002,0.12673172,1328,2.0985177,23.270645,2.5751884,-1.9702823,middle_80pct
cvg03XGFjCk.002,0.6168224,0.6770833,0.7032967,0.75728154,0.62222224,0.43556535,0.46250695,0.5163882,0.5120833,0.5442599,0.18125704999999998,0.21457635000000008,0.18690850000000003,0.24519824,0.07796234000000002,0.18118049600000002,1329,2.044758,24.16409,1.1903766,-1.167122,highest_error_10pct
cvg03XGFjCk.003,0.58878505,0.6145833,0.6593407,0.6893204,0.6888889,0.54552907,0.53409475,0.5805641,0.54216605,0.62408304,0.04325598000000008,0.0804885500000001,0.07877659999999997,0.1471543500000001,0.06480585999999999,0.08289626800000005,1330,2.0862284,23.638327,1.8286242,-2.5404022,middle_80pct
cvg03XGFjCk.004,0.55140185,0.53125,0.5824176,0.65048546,0.74444443,0.54197216,0.5527606,0.5679481,0.5432345,0.61513656,0.009429689999999935,0.021510600000000046,0.014469500000000024,0.10725096,0.12930787,0.056393724,1331,2.0833032,22.174847,-2.1247387,0.9114081,middle_80pct
cvg03XGFjCk.005,0.6635514,0.47916666,0.5494506,0.6213592,0.7111111,0.49942422,0.51856893,0.5205378,0.5245888,0.5904156,0.16412718000000004,0.03940227000000002,0.02891279999999996,0.09677040000000003,0.12069549999999996,0.08998163,1332,2.1151261,21.065907,-0.3351538,2.8940563,middle_80pct
d69zeSpdyCI.000,0.74766356,0.8020833,0.6703297,0.78640777,0.7777778,0.53098714,0.5685982,0.5342743,0.5579131,0.62939435,0.21667641999999998,0.2334851,0.13605540000000005,0.2284946699999999,0.14838344999999997,0.19261900799999998,1333,1.920764,35.665756,-16.490826,-15.528337,highest_error_10pct
d69zeSpdyCI.004,0.5981308,0.5520833,0.50549453,0.61165047,0.54444444,0.5096581,0.54246867,0.53977406,0.53918,0.5964648,0.08847269999999996,0.009614630000000068,0.03427953000000006,0.07247046999999995,0.05202035999999999,0.05137153800000001,1334,1.936269,38.0424,-20.906334,-15.5620365,middle_80pct
d9ekvXz64Mc.001,0.7570093,0.65625,0.7032967,0.66019416,0.6888889,0.5185247,0.5244043,0.5810832,0.52719486,0.5732749,0.23848460000000005,0.13184569999999995,0.12221349999999997,0.13299929999999993,0.115614,0.14823141999999997,1335,2.0437117,25.710884,0.50754017,-1.5619411,middle_80pct
d9ekvXz64Mc.004,0.76635516,0.8020833,0.8901099,0.7281553,0.9222222,0.5217104,0.60532296,0.62631226,0.6381203,0.62660843,0.24464476000000002,0.1967603400000001,0.26379764000000006,0.09003499999999998,0.29561377,0.21817030200000004,1336,1.9384362,22.971134,7.746812,-0.8021651,highest_error_10pct
dB2XYhvqUBU.000,0.5233645,0.6979167,0.63736266,0.7669903,0.7,0.34145883,0.35263634,0.48156437,0.40643448,0.4095547,0.18190567000000002,0.34528035999999995,0.15579828999999995,0.36055582,0.29044529999999996,0.266797088,1337,2.2337782,33.04363,-3.0726795,2.4310918,highest_error_10pct
dB2XYhvqUBU.001,0.5140187,0.7083333,0.5824176,0.4854369,0.5777778,0.3697099,0.44413328,0.504414,0.40829605,0.4530495,0.14430880000000007,0.26420002000000004,0.07800359999999995,0.07714084999999998,0.12472830000000001,0.13767631400000002,1338,1.9529694,22.867481,4.0057425,-2.1268258,middle_80pct
dB2XYhvqUBU.002,0.2990654,0.5,0.62637365,0.6213592,0.54444444,0.36508125,0.4529153,0.50739366,0.43330133,0.44496244,0.06601585000000004,0.04708469999999998,0.11897999000000004,0.18805787000000002,0.09948200000000001,0.10392408200000003,1339,1.9668068,24.417295,1.3079798,-2.2088487,middle_80pct
dB2XYhvqUBU.003,0.5233645,0.5833333,0.64835167,0.7184466,0.45555556,0.31944987,0.36115456,0.46235937,0.4181004,0.39159638,0.20391462999999999,0.22217874000000004,0.18599230000000005,0.30034620000000006,0.06395918,0.19527821000000006,1340,2.1638741,26.479582,2.437003,1.9633048,highest_error_10pct
dB2XYhvqUBU.004,0.5140187,0.6770833,0.51648355,0.6407767,0.5555556,0.41996542,0.4644685,0.5251227,0.43718344,0.48012593,0.09405328000000007,0.21261480000000005,0.00863915000000004,0.20359326,0.07542967000000006,0.11886603200000004,1341,2.040001,24.643398,0.26239547,-0.45348796,middle_80pct
dB2XYhvqUBU.005,0.42990655,0.5625,0.62637365,0.7184466,0.5555556,0.33131778,0.38297182,0.49720916,0.46181554,0.40354922,0.09858876999999999,0.17952817999999998,0.12916449000000002,0.25663106,0.15200638000000005,0.16318377600000003,1342,2.070138,25.927452,0.44746688,-0.37188846,middle_80pct
dRYEzqUa_Rc.000,0.2990654,0.27083334,0.32967034,0.22330096,0.36666667,0.37126634,0.35889933,0.4356181,0.3940943,0.47038504,0.07220093999999999,0.08806599000000004,0.10594776,0.17079334000000002,0.10371837,0.10814528000000001,1343,1.9559999,27.520771,-3.0422287,6.1413584,middle_80pct
dVbo9Ftlyl0.004,0.42990655,0.5,0.43956044,0.44660193,0.5777778,0.4671624,0.5636952,0.63355976,0.62675685,0.5793183,0.03725584999999998,0.06369519999999995,0.19399932000000003,0.18015492000000005,0.0015404999999999447,0.095329158,1344,1.939139,27.31915,-3.8090572,-3.9141216,middle_80pct
dVbo9Ftlyl0.005,0.41121495,0.5416667,0.48351648,0.4563107,0.5555556,0.44566357,0.5250192,0.60101974,0.5581546,0.55395174,0.034448619999999985,0.016647499999999926,0.11750326,0.10184389999999993,0.0016038600000000125,0.05440942799999997,1345,1.923863,26.91522,-1.4547399,-1.6327014,middle_80pct
dY7jG5gS3JE.000,0.6635514,0.75,0.7032967,0.6407767,0.85555553,0.53033733,0.5572183,0.55158347,0.56159246,0.65012586,0.13321406999999996,0.19278169999999994,0.15171323000000003,0.07918424000000002,0.2054296699999999,0.15246458199999996,1346,1.8880186,32.835957,-16.634974,-12.906231,middle_80pct
dgoc29MVjfE.000,0.48598132,0.6354167,0.61538464,0.49514562,0.6,0.36626285,0.36647558,0.4659641,0.43294275,0.47208053,0.11971847000000002,0.2689411199999999,0.14942054000000005,0.06220287000000002,0.12791946999999998,0.145640494,1347,2.0214703,28.075636,-4.4835315,11.756355,middle_80pct
duEi37qVB7k.000,0.47663552,0.75,0.6703297,0.60194176,0.76666665,0.58898115,0.66854686,0.62377894,0.6112064,0.68539023,0.11234562999999997,0.08145314000000003,0.046550760000000024,0.009264640000000046,0.08127642000000002,0.06617811800000002,1348,1.824766,25.100555,-0.83747494,-7.615929,middle_80pct
e2pnS_nT9rA.001,0.62616825,0.6770833,0.7692308,0.57281554,0.67777777,0.4929785,0.57559794,0.6037116,0.58439195,0.5952962,0.13318975,0.10148536000000008,0.16551919999999998,0.011576409999999981,0.08248156999999989,0.09885045799999999,1349,1.9516561,22.270475,10.933706,2.7430396,middle_80pct
e2pnS_nT9rA.002,0.6542056,0.7395833,0.7692308,0.7184466,0.76666665,0.50573593,0.5988018,0.61987907,0.5979196,0.62487406,0.1484696700000001,0.1407815,0.14935173000000002,0.12052700000000005,0.14179259,0.14018449800000005,1350,1.892018,24.313978,10.244251,1.693605,middle_80pct
eCoEQ_R5C3U.001,0.5140187,0.53125,0.5824176,0.74757284,0.5888889,0.40246314,0.49894,0.5455591,0.49420935,0.5026194,0.11155556000000005,0.032310000000000005,0.036858500000000016,0.25336349,0.0862695,0.10407141000000002,1351,1.9409121,25.307364,9.832737,1.3090353,middle_80pct
eFzN_frNW8g.000,0.43925235,0.5416667,0.5824176,0.7184466,0.53333336,0.48286456,0.5145832,0.54119486,0.56306434,0.57506746,0.043612209999999985,0.027083499999999927,0.041222739999999924,0.15538226,0.041734099999999996,0.061806961999999965,1352,2.134965,25.747797,8.793703,4.5361104,middle_80pct
eFzN_frNW8g.001,0.5046729,0.5729167,0.61538464,0.74757284,0.6111111,0.49122176,0.5568678,0.55571824,0.6271223,0.5856784,0.013451139999999973,0.01604889999999992,0.05966640000000001,0.12045054,0.025432699999999975,0.047009935999999974,1353,1.9559282,23.677319,7.8302574,4.4215164,middle_80pct
eFzN_frNW8g.002,0.47663552,0.53125,0.62637365,0.6699029,0.6,0.4968464,0.5418625,0.5676142,0.58750534,0.57821965,0.020210880000000042,0.010612500000000025,0.058759450000000046,0.08239755999999998,0.021780350000000004,0.03875214800000002,1354,1.883594,24.28071,6.793714,-0.2554867,lowest_error_10pct
eFzN_frNW8g.003,0.38317758,0.5625,0.4945055,0.69902915,0.3,0.5019485,0.57174104,0.5794407,0.65188015,0.5870612,0.11877092,0.009241040000000034,0.08493520000000004,0.047148999999999996,0.28706119999999996,0.109431472,1355,1.9887675,23.440111,7.6442175,0.94285566,middle_80pct
eFzN_frNW8g.004,0.58878505,0.7083333,0.74725276,0.7669903,0.76666665,0.51980424,0.5822295,0.5782463,0.6127383,0.6302979,0.06898081,0.1261038000000001,0.16900645999999997,0.15425200000000006,0.13636875000000004,0.13094236400000003,1356,1.9404136,23.50624,8.363377,1.9514983,middle_80pct
eFzN_frNW8g.005,0.45794392,0.65625,0.72527474,0.7378641,0.5888889,0.48538965,0.5569235,0.59659684,0.62600666,0.57565814,0.02744573,0.09932649999999998,0.1286779,0.11185743999999997,0.013230760000000008,0.07610766599999999,1357,2.1708317,26.842628,10.120158,0.9926776,middle_80pct
eT3BERfkCBE.001,0.55140185,0.6666667,0.6593407,0.79611653,0.67777777,0.6186079,0.63745177,0.6133334,0.6264553,0.7148685,0.06720605000000002,0.029214929999999972,0.04600729999999997,0.16966123,0.03709073000000007,0.06983604800000001,1358,1.8871979,21.844767,1.034154,-7.8412666,middle_80pct
eT3BERfkCBE.003,0.5981308,0.6770833,0.6043956,0.7281553,0.74444443,0.6125308,0.66315144,0.591937,0.59992355,0.6915581,0.01440000000000008,0.013931860000000018,0.012458599999999986,0.12823174999999998,0.05288633000000009,0.044381708000000034,1359,1.9359468,20.986631,2.4159036,-5.9581738,middle_80pct
eT3BERfkCBE.005,0.53271025,0.625,0.62637365,0.66019416,0.5777778,0.61278546,0.6565621,0.6278811,0.65893716,0.7035813,0.08007520999999995,0.03156210000000004,0.0015074499999999658,0.0012569999999999526,0.12580349999999996,0.04804105199999997,1360,1.9563934,24.420452,4.2353106,-4.9569287,middle_80pct
eZwGkhUa0TQ.000,0.45794392,0.6354167,0.3956044,0.34951457,0.5222222,0.48591802,0.47799703,0.5041729,0.45676404,0.59538573,0.027974100000000002,0.15741966999999996,0.10856850000000001,0.10724946999999996,0.07316352999999998,0.09487505399999999,1361,2.193477,28.569532,-13.454184,5.984455,middle_80pct
eZwGkhUa0TQ.002,0.42990655,0.5208333,0.50549453,0.4854369,0.6111111,0.48943606,0.5023264,0.5548323,0.5005844,0.5889363,0.05952951000000001,0.018506900000000104,0.04933776999999995,0.015147500000000036,0.02217480000000005,0.03293929600000003,1362,2.1017866,24.393894,-2.3735867,3.8950794,lowest_error_10pct
eZwGkhUa0TQ.004,0.58878505,0.6041667,0.7582418,0.47572815,0.6666667,0.4984201,0.51999885,0.56897646,0.53176767,0.5887744,0.09036495000000005,0.08416784999999993,0.18926533999999995,0.05603952000000001,0.07789229999999991,0.09954599199999997,1363,2.0608666,24.400118,2.5342412,1.2855899,middle_80pct
eZwGkhUa0TQ.005,0.27102804,0.3125,0.3956044,0.32038835,0.35555556,0.46757078,0.44278747,0.4960177,0.3979692,0.5522685,0.19654274,0.13028747000000002,0.10041329999999998,0.07758085000000003,0.19671294000000006,0.14030746,1364,2.2146752,29.145124,-8.785352,1.6765989,middle_80pct
edHTGYBFCWQ.000,0.53271025,0.5625,0.6593407,0.776699,0.74444443,0.5115912,0.5565653,0.5507738,0.583534,0.60437065,0.021119050000000028,0.0059346999999999595,0.10856690000000002,0.19316500000000003,0.14007378000000004,0.09377188600000001,1365,1.9687213,19.824566,3.5858839,-4.0922236,middle_80pct
edHTGYBFCWQ.004,0.46728972,0.5416667,0.6703297,0.6699029,0.45555556,0.45302314,0.4727255,0.5002425,0.49221724,0.5356156,0.014266580000000029,0.06894119999999992,0.1700872,0.17768565999999997,0.08006003999999994,0.10220813599999996,1366,1.9745703,20.158936,-0.0541677,-3.1858354,middle_80pct
eqXrUXW4yHY.000,0.7009346,0.5833333,0.5604396,0.5339806,0.67777777,0.5493911,0.6046564,0.6033386,0.5983588,0.6192941,0.15154349999999994,0.021323099999999928,0.04289899999999991,0.06437819999999994,0.05848366999999999,0.06772549399999994,1367,1.949364,22.61237,7.8001604,1.6396013,middle_80pct
eqXrUXW4yHY.001,0.69158876,0.6458333,0.53846157,0.60194176,0.84444445,0.565676,0.5761332,0.6071038,0.5648884,0.6353594,0.12591276000000007,0.06970010000000004,0.06864223000000003,0.037053360000000035,0.20908505,0.10207870000000004,1368,1.9948615,20.432537,7.1198025,-1.9647609,middle_80pct
eqXrUXW4yHY.003,0.62616825,0.625,0.45054945,0.5631068,0.51111114,0.578043,0.64508235,0.62265426,0.68133205,0.6669947,0.04812525000000001,0.020082350000000027,0.17210481,0.11822524999999995,0.15588356000000003,0.102884244,1369,1.9612864,22.817722,8.978641,-2.0428514,middle_80pct
ev42vngXERU.000,0.42056075,0.48958334,0.53846157,0.63106793,0.47777778,0.39831272,0.44301513,0.51229066,0.45428595,0.4893192,0.022248029999999974,0.04656821,0.026170909999999936,0.17678198000000006,0.011541420000000024,0.05666211,1370,1.9206666,25.585503,-5.0370083,-1.8439605,middle_80pct
ev42vngXERU.001,0.3364486,0.45833334,0.47252747,0.44660193,0.33333334,0.32496527,0.42464876,0.5040476,0.4566327,0.41400185,0.011483330000000014,0.033684579999999964,0.031520130000000035,0.010030770000000022,0.08066851000000003,0.03347746400000001,1371,2.1433315,27.095407,-3.7254024,0.3277243,lowest_error_10pct
ev42vngXERU.003,0.317757,0.5833333,0.47252747,0.60194176,0.32222223,0.4096026,0.4817311,0.5564766,0.47081757,0.5290361,0.09184559999999997,0.10160220000000003,0.08394912999999998,0.13112418999999997,0.20681387,0.12306699800000001,1372,1.9687343,24.464653,-1.8207154,-0.6837843,middle_80pct
f0LnGz5Z6kA.000,0.5140187,0.6145833,0.5714286,0.4563107,0.7222222,0.51144147,0.58683074,0.61264527,0.58335435,0.6296815,0.002577230000000097,0.027752560000000037,0.041216670000000066,0.12704365,0.09254070000000003,0.05822616200000005,1373,2.066014,22.904364,6.195511,0.8710462,middle_80pct
f0LnGz5Z6kA.002,0.5981308,0.6145833,0.3846154,0.5048544,0.6888889,0.5949484,0.66628915,0.6449637,0.59808075,0.705925,0.0031823999999999186,0.05170584999999994,0.26034830000000003,0.09322635000000001,0.0170361,0.08509979999999998,1374,1.862861,22.904627,5.0356026,-2.7226038,middle_80pct
f0LnGz5Z6kA.003,0.49532712,0.6041667,0.6593407,0.52427185,0.7111111,0.5249194,0.6297008,0.6304644,0.5578153,0.61304456,0.029592280000000026,0.025534100000000004,0.028876299999999966,0.03354345000000003,0.09806654000000004,0.04312253400000001,1375,2.0268888,22.85057,5.067103,-0.08061695,lowest_error_10pct
f39E4ct09Cc.000,0.6635514,0.6770833,0.51648355,0.57281554,0.75555557,0.553939,0.6427684,0.5953896,0.6568476,0.65919745,0.10961240000000005,0.03431490000000004,0.07890604999999995,0.08403205999999996,0.09635811999999999,0.080644706,1376,1.9481128,26.009335,0.55378944,-8.058768,middle_80pct
f39E4ct09Cc.001,0.53271025,0.6458333,0.5714286,0.5339806,0.7222222,0.61994654,0.6615728,0.6298476,0.65397286,0.70170134,0.08723629,0.015739499999999906,0.058419,0.11999225999999996,0.020520860000000085,0.06038158199999999,1377,1.9642513,25.176037,-3.7617607,-10.424084,middle_80pct
f39E4ct09Cc.003,0.5420561,0.6458333,0.5824176,0.5048544,0.5888889,0.59672296,0.62527287,0.624951,0.66562474,0.65919054,0.054666859999999984,0.020560430000000074,0.042533400000000054,0.16077034,0.07030163999999994,0.06976653400000002,1378,2.024251,23.625526,-2.2340596,-8.045643,middle_80pct
f39E4ct09Cc.005,0.6168224,0.7083333,0.61538464,0.6796116,0.82222223,0.6072478,0.6391408,0.61644286,0.61012846,0.6993195,0.009574599999999989,0.0691925000000001,0.0010582199999999986,0.06948314,0.12290273000000007,0.05444223800000003,1379,1.9863814,21.88792,-1.2651793,-8.896917,middle_80pct
f5jPfJYvihA.000,0.37383178,0.48958334,0.48351648,0.5145631,0.25555557,0.4191948,0.52592605,0.5440516,0.56467247,0.54908204,0.045363019999999976,0.036342710000000056,0.06053511999999994,0.05010936999999993,0.29352647000000004,0.09717533799999999,1380,2.064131,24.985495,10.4724045,3.5830736,middle_80pct
f7E26XfU8rw.001,0.3084112,0.40625,0.42857143,0.26213592,0.42222223,0.23569134,0.2723113,0.37547946,0.29048765,0.2695146,0.07271986,0.13393870000000002,0.05309196999999999,0.028351729999999964,0.15270762999999998,0.088161978,1381,2.2532923,41.195145,-5.131789,12.179689,middle_80pct
f7E26XfU8rw.002,0.48598132,0.5,0.5714286,0.46601942,0.5555556,0.3507603,0.46697897,0.5207469,0.4629057,0.4310441,0.13522101999999997,0.03302103000000001,0.05068169999999994,0.003113720000000042,0.12451150000000005,0.06930979400000001,1382,2.052793,28.532396,4.152499,3.901922,middle_80pct
f7E26XfU8rw.003,0.6168224,0.625,0.5934066,0.42718446,0.56666666,0.41462582,0.51870614,0.55371636,0.5101215,0.5200249,0.20219658000000001,0.10629385999999996,0.03969023999999999,0.08293704000000002,0.04664175999999998,0.095551896,1383,1.9452728,23.205402,3.7904177,1.9158984,middle_80pct
f7E26XfU8rw.005,0.5233645,0.5833333,0.41758242,0.47572815,0.67777777,0.38859424,0.52371657,0.5706966,0.55245656,0.48730984,0.13477026000000003,0.05961673000000001,0.15311418,0.07672840999999997,0.19046792999999995,0.12293950199999999,1384,2.0227602,25.852457,7.856881,2.6636686,middle_80pct
f7togdqxEoo.000,0.21495327,0.19791667,0.2857143,0.14563107,0.22222222,0.3647368,0.4105178,0.48558965,0.4568684,0.45665902,0.14978353000000003,0.21260113,0.19987535,0.31123733,0.23443680000000003,0.221586828,1385,2.1173239,22.887787,3.984887,3.1322932,highest_error_10pct
f7togdqxEoo.001,0.17757009,0.16666667,0.12087912,0.2038835,0.18888889,0.45784613,0.48441574,0.5462416,0.53142345,0.50943404,0.28027604,0.31774906999999997,0.42536248,0.32753995,0.32054515000000006,0.33429453800000003,1386,2.107126,20.184036,6.58815,1.6031922,highest_error_10pct
f7togdqxEoo.002,0.25233644,0.25,0.25274727,0.18446602,0.17777778,0.41610852,0.46445152,0.5023856,0.49917123,0.48967597,0.16377208,0.21445152,0.24963832999999996,0.31470521,0.31189819,0.250893066,1387,1.996738,22.264326,1.9514445,6.064631,highest_error_10pct
f7togdqxEoo.003,0.21495327,0.17708333,0.18681319,0.26213592,0.3,0.4405984,0.48757315,0.55984116,0.51650536,0.52053463,0.22564513,0.31048982,0.37302797,0.25436944,0.22053463,0.276813398,1388,1.9114639,24.560167,3.78691,2.5919843,highest_error_10pct
f7togdqxEoo.004,0.1682243,0.15625,0.10989011,0.19417475,0.15555556,0.43303978,0.47827488,0.5299819,0.5318062,0.52417856,0.26481548,0.32202488,0.42009179,0.33763145,0.3686229999999999,0.34263732,1389,2.1278348,25.111261,0.27600598,10.136831,highest_error_10pct
f7togdqxEoo.005,0.18691589,0.29166666,0.14285715,0.106796116,0.32222223,0.411917,0.4734597,0.53345734,0.52700025,0.47829577,0.22500110999999998,0.18179303999999996,0.39060019,0.42020413399999995,0.15607354,0.27473440279999994,1390,2.0684495,21.500805,5.805383,1.6629623,highest_error_10pct
f83xK4chMJs.001,0.58878505,0.6458333,0.63736266,0.5339806,0.56666666,0.48661584,0.59855473,0.59185046,0.57972234,0.6153692,0.10216921000000001,0.04727857000000002,0.0455122,0.045741739999999975,0.04870253999999996,0.057880851999999997,1391,2.093574,26.035828,2.4295084,-0.13903001,middle_80pct
f8eU5Pc-y0g.004,0.6542056,0.9479167,0.8131868,0.9029126,0.84444445,0.4648109,0.5805556,0.62459356,0.6270345,0.6043017,0.18939470000000003,0.3673611,0.18859324,0.2758780999999999,0.24014274999999996,0.25227397799999995,1392,1.918744,26.346758,1.6875038,-0.35079378,highest_error_10pct
fPLd_NLF43M.002,0.5233645,0.5104167,0.52747256,0.5339806,0.5222222,0.49822652,0.49186718,0.55670416,0.51544946,0.56636405,0.025137980000000004,0.01854951999999993,0.029231600000000024,0.01853114,0.04414185000000004,0.027118418,1393,2.0583076,21.913507,-6.9374905,-5.692421,lowest_error_10pct
fUIWjaZCYwM.000,0.6448598,0.5625,0.52747256,0.33009708,0.6,0.39158803,0.43216994,0.47374827,0.40575066,0.49628568,0.25327177,0.13033006000000003,0.05372428999999995,0.07565358,0.10371431999999997,0.123338804,1394,2.1627839,24.79791,-8.125946,4.1880364,middle_80pct
fUIWjaZCYwM.001,0.1495327,0.32291666,0.26373628,0.0776699,0.2888889,0.4527996,0.47362512,0.4864313,0.3889482,0.5537638,0.3032669,0.15070846,0.22269502000000002,0.3112783,0.2648749,0.250564716,1395,2.3867362,35.45292,-17.873415,0.55958265,highest_error_10pct
fUIWjaZCYwM.002,0.2897196,0.30208334,0.2967033,0.2038835,0.22222222,0.39016363,0.38164654,0.42927378,0.33826733,0.47747132,0.10044402999999996,0.0795632,0.13257048,0.13438382999999998,0.2552491,0.14044212799999997,1396,2.1118302,30.713625,-13.384275,4.155064,middle_80pct
fUf2XzWpSVo.002,0.7383177,0.7083333,0.7032967,0.65048546,0.82222223,0.5407191,0.5446706,0.5632929,0.5343887,0.59567934,0.19759859999999996,0.16366270000000005,0.1400038,0.11609675999999991,0.22654289000000005,0.16878094999999999,1397,1.9957002,25.250443,-2.8946795,3.6246243,middle_80pct
fUf2XzWpSVo.003,0.5607477,0.71875,0.6813187,0.46601942,0.5888889,0.49104875,0.50887555,0.4862166,0.46065474,0.562252,0.06969894999999998,0.20987445000000005,0.19510210000000006,0.0053646800000000106,0.026636900000000074,0.10133541600000004,1398,2.1926188,30.344273,-5.431855,2.9777002,middle_80pct
fUf2XzWpSVo.004,0.6168224,0.625,0.5714286,0.5436893,0.74444443,0.5190482,0.5420835,0.51751757,0.4885698,0.6249502,0.09777420000000003,0.08291649999999995,0.05391102999999997,0.05511950000000004,0.11949423000000003,0.081843092,1399,1.9947603,25.829964,-0.6447955,-1.7196417,middle_80pct
fhUGU2uiS1U.001,0.7943925,0.78125,0.61538464,0.6699029,0.7222222,0.5020583,0.52258426,0.5142293,0.53435755,0.58799905,0.2923342,0.25866574,0.10115534000000004,0.13554535,0.13422315000000007,0.184384756,1400,1.8657006,24.14866,0.73638296,-5.81837,highest_error_10pct
fhUGU2uiS1U.002,0.6542056,0.6979167,0.64835167,0.74757284,0.7,0.50436956,0.5364452,0.55675024,0.5392636,0.5951472,0.14983604000000006,0.1614715,0.0916014300000001,0.20830924000000006,0.10485279999999997,0.14321420200000004,1401,1.8635039,23.53453,0.6677394,-4.4011803,middle_80pct
fhUGU2uiS1U.004,0.7009346,0.7708333,0.7802198,0.83495146,0.84444445,0.49902582,0.50945723,0.50405246,0.49697563,0.5601261,0.20190877999999995,0.26137607000000007,0.27616734,0.33797583,0.28431835000000005,0.27234927400000003,1402,1.8216732,26.30309,-0.517567,-4.488787,highest_error_10pct
fiVkE3iDWY4.001,0.38317758,0.46875,0.37362638,0.5145631,0.45555556,0.5400331,0.59167796,0.596286,0.6016121,0.6159087,0.15685552000000003,0.12292795999999995,0.22265962,0.08704899999999993,0.16035313999999995,0.149969048,1403,1.9447017,23.165321,5.964122,0.49103722,middle_80pct
fiVkE3iDWY4.004,0.24299066,0.42708334,0.26373628,0.3592233,0.43333334,0.465848,0.51666784,0.5384968,0.5176912,0.5955055,0.22285734,0.08958450000000001,0.27476052,0.1584679,0.16217216,0.181568484,1404,2.056226,22.348198,3.6206827,3.8432975,highest_error_10pct
fiVkE3iDWY4.005,0.5420561,0.5729167,0.47252747,0.42718446,0.53333336,0.5333754,0.5697691,0.5478644,0.56992245,0.6137692,0.008680699999999986,0.003147599999999917,0.07533693000000002,0.14273798999999998,0.08043584000000004,0.062067811999999986,1405,1.925855,23.847948,-0.9220653,3.5614357,middle_80pct
fmjILOLc3eg.001,0.2990654,0.44791666,0.5934066,0.52427185,0.37777779,0.47806057,0.54651034,0.5657155,0.5322601,0.55940133,0.17899517000000004,0.09859367999999996,0.02769109999999997,0.00798825000000003,0.18162354000000003,0.09897834800000001,1406,1.8770672,23.513243,3.8240592,-1.7416172,middle_80pct
fmjILOLc3eg.004,0.48598132,0.6354167,0.47252747,0.42718446,0.5888889,0.4415445,0.5133067,0.5634796,0.50365424,0.5382658,0.04443681999999999,0.12210999999999994,0.09095212999999996,0.07646978000000004,0.05062310000000003,0.07691836599999999,1407,1.9847957,28.425684,2.140056,6.9573383,middle_80pct
fsaslN7xV-w.000,0.22429906,0.34375,0.26373628,0.097087376,0.44444445,0.47791627,0.4651347,0.5039168,0.37775347,0.5388069,0.25361721,0.12138470000000001,0.24018052000000006,0.280666094,0.09436244999999999,0.19804219480000002,1408,2.0265837,24.330822,4.759629,0.4776895,highest_error_10pct
fsaslN7xV-w.001,0.317757,0.5520833,0.6043956,0.44660193,0.5888889,0.44049942,0.47674567,0.49657956,0.4478951,0.5192273,0.12274241999999996,0.07533763000000004,0.10781604000000006,0.0012931700000000101,0.0696616000000001,0.07537017200000004,1409,1.9250082,24.173372,6.364,5.0269756,middle_80pct
fsaslN7xV-w.002,0.3364486,0.38541666,0.5604396,0.24271844,0.6,0.44407874,0.51102066,0.5382007,0.5194608,0.5215795,0.10763014000000004,0.125604,0.02223890000000006,0.27674235999999997,0.0784205,0.12212718000000003,1410,2.1061528,23.451426,10.4374695,1.8929238,middle_80pct
fsaslN7xV-w.003,0.21495327,0.30208334,0.32967034,0.097087376,0.43333334,0.5274401,0.5574538,0.5476133,0.44321695,0.59580415,0.31248683,0.25537046,0.21794295999999996,0.346129574,0.16247080999999997,0.2588801268,1411,1.9471446,24.548613,4.815836,-3.5296059,highest_error_10pct
fsaslN7xV-w.004,0.41121495,0.53125,0.6813187,0.36893204,0.5888889,0.4221819,0.48916656,0.50838864,0.4257884,0.5345048,0.010966949999999975,0.04208344000000003,0.1729300600000001,0.056856359999999995,0.054384100000000046,0.06744418200000003,1412,2.0475338,23.188416,8.775396,1.2928376,middle_80pct
fsaslN7xV-w.005,0.27102804,0.45833334,0.5494506,0.27184466,0.45555556,0.45418596,0.49804005,0.5121629,0.4490208,0.54782474,0.18315791999999997,0.039706710000000034,0.037287700000000035,0.17717613999999998,0.09226918,0.10591953000000001,1413,1.8889711,21.959297,7.5410423,-0.17450318,middle_80pct
fv5lLeyRdd4.001,0.49532712,0.47916666,0.6043956,0.6407767,0.6111111,0.51392144,0.6019615,0.60192466,0.67740214,0.6194414,0.018594319999999942,0.12279484000000002,0.0024709400000000326,0.03662544000000001,0.008330300000000013,0.037763168,1414,2.1128037,23.018532,9.249648,-1.2445215,lowest_error_10pct
fv5lLeyRdd4.002,0.55140185,0.7083333,0.62637365,0.61165047,0.6888889,0.4986001,0.5867343,0.6011012,0.66160166,0.5754689,0.05280174999999998,0.12159900000000001,0.025272450000000002,0.049951190000000034,0.11342000000000008,0.07260887800000002,1415,2.0608063,21.015984,8.144196,-0.24112318,middle_80pct
fv5lLeyRdd4.003,0.53271025,0.5625,0.5934066,0.6699029,0.56666666,0.5734413,0.6120248,0.62370473,0.6207849,0.6385014,0.04073104999999999,0.049524800000000035,0.030298130000000034,0.049117999999999995,0.07183474000000001,0.04830134400000001,1416,2.1790075,22.52351,8.546098,-1.58456,middle_80pct
fv5lLeyRdd4.004,0.35514018,0.41666666,0.47252747,0.61165047,0.42222223,0.5440052,0.58335346,0.61936355,0.60840744,0.63208044,0.18886501999999994,0.16668679999999997,0.14683607999999998,0.0032430299999999246,0.20985821,0.14309782799999998,1417,2.1796138,22.272522,6.606601,0.7479716,middle_80pct
fv5lLeyRdd4.005,0.53271025,0.5416667,0.6043956,0.79611653,0.6111111,0.5039091,0.5588444,0.5807981,0.56513035,0.57825124,0.028801150000000053,0.017177700000000073,0.02359750000000005,0.23098618000000004,0.03285985999999996,0.06668447800000003,1418,1.9746267,22.230272,8.4054365,2.001909,middle_80pct
g0PWBzU95sI.000,0.6168224,0.8020833,0.6593407,0.6407767,0.8111111,0.44757432,0.52324486,0.5601873,0.4584538,0.5647184,0.16924807999999997,0.27883844,0.09915339999999995,0.18232289999999995,0.24639270000000002,0.195191104,1419,1.9616282,24.483398,3.2682085,-3.1064625,highest_error_10pct
g0PWBzU95sI.001,0.60747665,0.48958334,0.51648355,0.5145631,0.6,0.46096635,0.49933922,0.561123,0.4386439,0.5627004,0.14651029999999993,0.009755879999999995,0.044639450000000025,0.07591920000000008,0.03729959999999999,0.062824886,1420,1.9529037,23.894455,-1.1859437,2.8002708,middle_80pct
g0PWBzU95sI.002,0.60747665,0.65625,0.7912088,0.61165047,0.74444443,0.5090339,0.5772139,0.63637125,0.53337157,0.61531484,0.09844274999999991,0.07903610000000005,0.15483755,0.07827889999999993,0.12912959000000002,0.10794497799999998,1421,2.0316732,23.53424,7.159333,-1.4354262,middle_80pct
g0PWBzU95sI.003,0.69158876,0.7395833,0.7032967,0.57281554,0.7111111,0.44830552,0.53199,0.5940043,0.514619,0.55674404,0.24328324,0.2075933000000001,0.10929239999999996,0.05819653999999996,0.15436706,0.154546508,1422,1.9266062,25.709362,6.1249084,-0.29018193,middle_80pct
g0PWBzU95sI.004,0.57009345,0.6770833,0.6923077,0.65048546,0.5888889,0.39589736,0.46235096,0.5628745,0.46193397,0.5062494,0.17419609000000003,0.21473234000000008,0.12943319999999991,0.18855148999999993,0.08263950000000009,0.157910524,1423,1.9445615,27.004816,5.037078,-2.1526058,middle_80pct
g1TMjzZH8bw.000,0.22429906,0.27083334,0.3956044,0.33009708,0.3888889,0.37893018,0.42126787,0.48286662,0.39495546,0.46097434,0.15463112,0.15043453,0.08726222,0.06485838,0.07208544,0.10585433800000002,1424,1.9802756,25.846424,1.957983,-0.547259,middle_80pct
g1TMjzZH8bw.002,0.42990655,0.47916666,0.52747256,0.42718446,0.5,0.34900185,0.39012673,0.47137424,0.388779,0.46088818,0.0809047,0.08903993000000004,0.05609831999999998,0.03840546,0.03911182000000002,0.060712046000000006,1425,2.06054,25.621742,3.6170373,1.2524502,middle_80pct
g1TMjzZH8bw.003,0.2897196,0.33333334,0.36263737,0.4368932,0.46666667,0.34887558,0.3719712,0.46799815,0.36135596,0.43289995,0.05915598,0.038637860000000024,0.10536077999999999,0.07553724,0.03376672000000003,0.06249171600000001,1426,2.091357,28.067575,2.8513439,0.3094435,middle_80pct
g1TMjzZH8bw.004,0.37383178,0.32291666,0.31868133,0.2815534,0.2777778,0.37243006,0.4281876,0.4871211,0.42050105,0.4750828,0.0014017199999999952,0.10527093999999998,0.16843977,0.13894764999999998,0.197305,0.12227301599999998,1427,1.9287589,23.88716,-2.73384,-0.62781185,middle_80pct
g1TMjzZH8bw.005,0.2990654,0.26041666,0.43956044,0.37864077,0.46666667,0.3333611,0.35000545,0.44172576,0.27697214,0.42313218,0.03429570000000004,0.08958878999999997,0.002165320000000026,0.10166863000000004,0.04353448999999998,0.05425058600000001,1428,1.9872653,29.019623,-0.07947095,0.46932086,middle_80pct
gJMH7pfz-14.005,0.635514,0.6354167,0.64835167,0.46601942,0.67777777,0.4829214,0.49453896,0.52034724,0.493779,0.5755559,0.15259260000000002,0.14087773999999992,0.12800443000000006,0.027759580000000006,0.10222186999999994,0.11029124399999998,1429,2.036376,23.443617,-0.6621175,-2.4867427,middle_80pct
gSCurvS_vWU.004,0.45794392,0.5520833,0.5494506,0.4563107,0.62222224,0.5324707,0.6030707,0.60332066,0.5575814,0.62285984,0.07452677999999996,0.050987399999999905,0.05387005999999994,0.10127069999999999,0.0006376000000000159,0.056258507999999964,1430,1.8999068,36.038876,-12.918472,-9.805547,middle_80pct
glgfB3vFewc.000,0.74766356,0.7708333,0.9010989,0.83495146,0.8333333,0.4794604,0.50590324,0.56448793,0.59027296,0.5534826,0.26820316,0.2649300600000001,0.33661097000000006,0.24467850000000002,0.2798507,0.27885467799999997,1431,1.9610461,22.987957,4.8657537,-2.9403622,highest_error_10pct
glgfB3vFewc.001,0.6448598,0.7708333,0.6703297,0.815534,0.73333335,0.5020483,0.58774006,0.60047853,0.6687355,0.59790385,0.14281149999999998,0.18309324000000005,0.06985117000000007,0.14679849999999994,0.13542949999999998,0.135596782,1432,1.9602382,23.115042,4.5857086,-3.991085,middle_80pct
glgfB3vFewc.002,0.46728972,0.6458333,0.7912088,0.66019416,0.64444447,0.5579926,0.6010834,0.6093945,0.679023,0.6234455,0.09070287999999993,0.04474990000000001,0.1818143000000001,0.01882884000000007,0.02099897000000006,0.07141897800000004,1433,1.9618021,22.110172,3.8914814,-2.956303,middle_80pct
glgfB3vFewc.003,0.5233645,0.65625,0.6813187,0.8446602,0.54444444,0.46185926,0.5344643,0.5602378,0.62692857,0.52044016,0.06150524000000002,0.1217857,0.12108090000000005,0.21773162999999995,0.02400427999999999,0.10922155,1434,1.9476496,25.545887,3.9276896,-3.617481,middle_80pct
glgfB3vFewc.004,0.62616825,0.5208333,0.6593407,0.6407767,0.6888889,0.51758116,0.54883784,0.6045212,0.6782047,0.54980075,0.10858709,0.028004539999999967,0.05481950000000002,0.03742800000000002,0.13908815000000008,0.07358545600000002,1435,2.2328482,49.90791,-5.2898664,20.959915,middle_80pct
gq0yaEv6gSE.000,0.26168224,0.26041666,0.2967033,0.32038835,0.25555557,0.29829642,0.31636167,0.44398054,0.4032907,0.4195781,0.036614179999999996,0.05594500999999996,0.14727723999999998,0.08290235000000001,0.16402253,0.097352262,1436,2.0367656,30.822113,0.35558048,2.693969,middle_80pct
gq0yaEv6gSE.001,0.41121495,0.39583334,0.48351648,0.39805827,0.4888889,0.24104744,0.27408105,0.41539073,0.37515676,0.34848636,0.17016751000000002,0.12175228999999999,0.06812575000000004,0.022901510000000014,0.14040254000000002,0.10466992000000001,1437,2.0606499,32.288895,-0.31798527,0.89755714,middle_80pct
gq0yaEv6gSE.002,0.39252338,0.38541666,0.64835167,0.44660193,0.51111114,0.23274897,0.25487885,0.3977683,0.34402007,0.35127297,0.15977440999999998,0.13053781000000003,0.25058337,0.10258185999999997,0.15983817,0.160663124,1438,1.994217,27.829834,-0.11575286,1.3085223,middle_80pct
h9jIdLBaMEo.000,0.71028036,0.7916667,0.6923077,0.776699,0.8333333,0.4384405,0.45148546,0.44357207,0.42182207,0.5643234,0.27183986000000004,0.34018123999999994,0.24873562999999999,0.35487693000000003,0.2690099,0.296928712,1439,2.1153653,31.71362,-7.905347,-5.248682,highest_error_10pct
h9jIdLBaMEo.001,0.6542056,0.7291667,0.6923077,0.46601942,0.82222223,0.47336632,0.4665167,0.43251392,0.4025127,0.5837762,0.18083928000000005,0.26264999999999994,0.25979378,0.06350672000000002,0.2384460300000001,0.201047162,1440,2.2477312,39.706047,-12.975757,-0.96763456,highest_error_10pct
h9jIdLBaMEo.002,0.74766356,0.8020833,0.6923077,0.6893204,0.9777778,0.45939523,0.43117473,0.45675933,0.4237294,0.5483135,0.28826833,0.37090857000000005,0.23554836999999995,0.2655910000000001,0.4294643,0.317956114,1441,2.0577135,34.846462,-8.172345,-0.8503119,highest_error_10pct
h9jIdLBaMEo.003,0.69158876,0.7291667,0.6813187,0.5436893,0.76666665,0.49884328,0.4645066,0.4514718,0.39555353,0.5721228,0.19274548000000002,0.26466009999999995,0.22984690000000008,0.14813577000000006,0.19454384999999996,0.20598641999999998,1442,2.1675658,40.082222,-17.452217,14.77137,highest_error_10pct
h9jIdLBaMEo.004,0.62616825,0.6875,0.5934066,0.4854369,0.7888889,0.52271026,0.54104966,0.510663,0.522249,0.6130469,0.10345799,0.14645034,0.08274360000000003,0.03681209999999996,0.17584200000000005,0.10906120600000002,1443,2.0312006,29.55062,-2.9041052,-4.654864,middle_80pct
hF3yR5rmga8.001,0.7757009,0.84375,0.64835167,0.7184466,0.8111111,0.6431158,0.6846566,0.61212075,0.66797405,0.7113061,0.1325851,0.15909340000000005,0.036230920000000055,0.05047255000000006,0.09980499999999992,0.09563739400000001,1444,2.0002909,23.008324,1.0896453,-8.402202,middle_80pct
hF3yR5rmga8.003,0.41121495,0.5729167,0.43956044,0.5145631,0.5777778,0.57019746,0.59698683,0.58114266,0.60019535,0.6479883,0.15898251000000002,0.024070130000000023,0.14158222000000004,0.08563224999999997,0.07021049999999995,0.096095522,1445,2.0175726,20.382475,2.3637214,-6.5136805,middle_80pct
hF3yR5rmga8.004,0.40186915,0.5520833,0.4945055,0.69902915,0.5777778,0.5674228,0.58345217,0.5912323,0.59633744,0.6344446,0.16555365,0.03136886999999999,0.09672680000000006,0.10269170999999999,0.05666680000000002,0.09060156600000001,1446,1.9858651,23.371588,2.4286733,-6.354856,middle_80pct
hIxLNK_x_QA.001,0.46728972,0.45833334,0.6593407,0.4563107,0.6,0.44223526,0.49489006,0.5591239,0.50812006,0.5228005,0.02505446,0.03655672000000004,0.1002168,0.05180935999999997,0.07719949999999998,0.058167368,1447,2.0965095,27.067318,-5.866949,-0.3197448,middle_80pct
hIxLNK_x_QA.002,0.3364486,0.46875,0.46153846,0.39805827,0.5,0.5376627,0.60018104,0.64945894,0.57605994,0.6248379,0.20121410000000006,0.13143104000000005,0.18792048000000006,0.17800167000000006,0.12483789999999995,0.16468103800000003,1448,1.9737289,26.561712,-5.5283656,-4.0546436,middle_80pct
hIxLNK_x_QA.003,0.35514018,0.29166666,0.52747256,0.41747573,0.6,0.5203036,0.5652014,0.6051459,0.5186825,0.59494495,0.16516341999999995,0.27353473999999994,0.07767334000000004,0.10120677000000006,0.00505504999999995,0.12452666400000001,1449,2.0117574,22.650248,-6.941505,-4.250622,middle_80pct
hIxLNK_x_QA.004,0.49532712,0.5,0.6043956,0.3883495,0.64444447,0.4436803,0.48486146,0.5451823,0.4416519,0.53572786,0.05164681999999998,0.015138539999999978,0.059213300000000024,0.05330239999999997,0.1087166100000001,0.05760353400000001,1450,2.1847055,28.333239,-7.9346504,-0.94957155,middle_80pct
hIxLNK_x_QA.005,0.57009345,0.40625,0.51648355,0.49514562,0.65555555,0.5462897,0.62053806,0.66305155,0.60752976,0.6549673,0.023803750000000012,0.21428806,0.14656800000000003,0.11238414000000002,0.0005882499999999569,0.09952644000000001,1451,2.013602,23.35607,0.2546248,-3.2496104,middle_80pct
hK5lmI9pwck.001,0.58878505,0.625,0.5934066,0.69902915,0.6333333,0.5172856,0.5585815,0.57843035,0.58718306,0.6025631,0.07149945000000002,0.06641850000000005,0.014976250000000024,0.11184609000000001,0.03077019999999997,0.05910209800000001,1452,2.1079166,23.30709,5.1172657,-0.3124877,middle_80pct
hK5lmI9pwck.003,0.6168224,0.65625,0.64835167,0.79611653,0.64444447,0.5898232,0.624993,0.63015705,0.6504302,0.63979715,0.0269992,0.03125699999999998,0.01819462000000005,0.14568633000000009,0.00464732000000001,0.04535689400000002,1453,2.198366,33.724403,2.4032931,8.248143,middle_80pct
hPguTv1Zvg8.000,0.5233645,0.5104167,0.62637365,0.65048546,0.6333333,0.4770268,0.5780513,0.6175014,0.5810607,0.5555644,0.04633770000000004,0.0676346000000001,0.008872250000000026,0.06942475999999997,0.07776890000000003,0.054007642000000036,1454,1.9336658,21.3242,6.8765693,-0.19778712,middle_80pct
hPguTv1Zvg8.001,0.5607477,0.6666667,0.6813187,0.6407767,0.5222222,0.45211607,0.56986964,0.58621764,0.58121836,0.5374536,0.10863162999999998,0.09679705999999999,0.09510106000000007,0.05955833999999993,0.015231400000000006,0.07506389799999999,1455,2.1518369,24.255415,6.729752,-2.5554166,middle_80pct
hPguTv1Zvg8.002,0.55140185,0.65625,0.73626375,0.6796116,0.6888889,0.44499952,0.5490257,0.599873,0.5803473,0.54100233,0.10640232999999999,0.10722430000000005,0.13639075,0.09926429999999997,0.14788657000000005,0.11943365000000002,1456,1.9082834,19.292042,5.629472,-1.6453215,middle_80pct
hPguTv1Zvg8.003,0.45794392,0.5833333,0.71428573,0.69902915,0.53333336,0.47250736,0.54037833,0.5808246,0.5648053,0.5275926,0.014563439999999983,0.04295497000000004,0.13346112999999993,0.13422385000000003,0.005740760000000011,0.06618883,1457,2.1125884,23.111734,6.5995255,-1.0863017,middle_80pct
hPguTv1Zvg8.004,0.44859812,0.45833334,0.5494506,0.6699029,0.47777778,0.47743195,0.56935054,0.6233967,0.56895524,0.5447887,0.028833830000000005,0.11101719999999998,0.07394610000000001,0.10094766,0.06701092000000003,0.07635114200000001,1458,1.9748322,23.582262,2.7543993,-1.2467937,middle_80pct
hPguTv1Zvg8.005,0.5046729,0.53125,0.6923077,0.6407767,0.53333336,0.4909374,0.5715037,0.6090831,0.5949894,0.5542686,0.013735499999999956,0.04025369999999995,0.08322459999999998,0.045787299999999975,0.02093524000000002,0.040787267999999974,1459,1.927958,22.87904,7.869653,0.4435837,lowest_error_10pct
hT83GkLYIFs.001,0.53271025,0.38541666,0.5604396,0.37864077,0.41111112,0.5748701,0.58053744,0.57752705,0.50917506,0.6842567,0.04215985,0.19512077999999994,0.017087450000000004,0.13053429,0.27314558000000005,0.13160959,1460,2.0219262,25.124493,-10.01096,-8.699486,middle_80pct
hT83GkLYIFs.002,0.53271025,0.48958334,0.6043956,0.5533981,0.6111111,0.54944104,0.5356815,0.51986927,0.5053393,0.6237386,0.016730789999999995,0.046098160000000055,0.08452632999999998,0.04805879999999996,0.012627500000000014,0.041608316,1461,2.007779,20.84817,1.2473183,-5.9330845,lowest_error_10pct
haxhAfuccuE.000,0.55140185,0.7291667,0.61538464,0.592233,0.65555555,0.5315583,0.6128095,0.5888259,0.5548633,0.6249074,0.019843549999999932,0.11635719999999994,0.026558740000000025,0.03736970000000006,0.030648149999999985,0.04615546799999999,1462,1.7626915,26.195215,-6.917077,-8.222565,middle_80pct
heE4ZZXwehI.000,0.37383178,0.375,0.5494506,0.41747573,0.53333336,0.42449573,0.48462003,0.5615096,0.49217993,0.5350105,0.05066395000000001,0.10962002999999998,0.012059000000000042,0.0747042,0.001677140000000077,0.04974486400000002,1463,2.1226273,26.183289,0.68855596,6.507778,middle_80pct
heE4ZZXwehI.001,0.6728972,0.6666667,0.71428573,0.6796116,0.8333333,0.45841458,0.54054695,0.60009867,0.533062,0.5701231,0.21448261999999996,0.12611974999999997,0.11418706,0.14654959999999995,0.26321020000000006,0.17290984599999998,1464,1.99047,24.108673,3.0825114,2.8391309,middle_80pct
heE4ZZXwehI.002,0.5981308,0.6875,0.52747256,0.5339806,0.8111111,0.4541833,0.5187121,0.5433245,0.50084907,0.5306246,0.14394749999999995,0.1687879,0.01585194000000001,0.03313153000000002,0.28048649999999997,0.128441074,1465,2.070283,27.660105,-1.9109279,8.946563,middle_80pct
heE4ZZXwehI.003,0.37383178,0.6041667,0.50549453,0.44660193,0.5555556,0.45743918,0.5195509,0.5678157,0.4998557,0.5377085,0.0836074,0.08461579999999991,0.06232117000000004,0.053253770000000034,0.017847100000000005,0.060329047999999996,1466,2.0072405,25.131615,0.38236058,3.1772704,middle_80pct
heE4ZZXwehI.004,0.36448598,0.39583334,0.53846157,0.5825243,0.5777778,0.4214559,0.49857095,0.56046516,0.46269464,0.5231574,0.05696992000000001,0.10273761000000003,0.022003590000000073,0.11982966,0.05462040000000001,0.07123223600000003,1467,2.2341108,29.094435,-0.76560986,3.087854,middle_80pct
heE4ZZXwehI.005,0.6542056,0.6979167,0.6043956,0.6213592,0.6333333,0.46324676,0.53280646,0.5796145,0.53248084,0.5588875,0.19095884000000007,0.16511023999999996,0.0247811,0.08887836000000005,0.0744458,0.10883486800000002,1468,2.0190947,23.538061,4.9282312,2.2260818,middle_80pct
hjQpiGBO1Ao.000,0.36448598,0.38541666,0.47252747,0.4563107,0.46666667,0.47608128,0.48024485,0.54325354,0.50380075,0.57553434,0.11159530000000001,0.09482818999999998,0.07072607000000003,0.047490050000000006,0.10886767000000003,0.08670145600000001,1469,2.0633736,22.857111,2.1877325,0.839124,middle_80pct
hl70w5drc_4.003,0.5794392,0.6458333,0.51648355,0.47572815,0.6666667,0.53081095,0.5224418,0.5646472,0.50198483,0.65525484,0.04862825000000004,0.1233915000000001,0.04816365,0.026256680000000032,0.01141185999999994,0.05157038800000002,1470,2.049442,26.20062,-3.778047,-4.9008617,middle_80pct
hl70w5drc_4.005,0.38317758,0.48958334,0.30769232,0.47572815,0.6111111,0.48595342,0.51738346,0.5456147,0.50518095,0.598894,0.10277584000000001,0.02780012000000004,0.23792238,0.029452799999999946,0.01221709999999998,0.08203364799999999,1471,2.121678,26.643766,-5.887952,3.7271824,middle_80pct
hqe-8SMJGmc.000,0.635514,0.625,0.64835167,0.5145631,0.67777777,0.541063,0.6000367,0.56897,0.598986,0.61583394,0.09445100000000006,0.02496330000000002,0.07938167000000007,0.08442289999999997,0.06194382999999992,0.06903254,1472,1.9719771,24.429955,5.288017,-2.9699264,middle_80pct
hqe-8SMJGmc.001,0.6542056,0.6041667,0.71428573,0.44660193,0.8111111,0.4940707,0.5452028,0.5803468,0.57463616,0.5811621,0.16013490000000008,0.05896389999999996,0.1339389299999999,0.12803422999999997,0.22994899999999996,0.14220419199999998,1473,1.9435691,21.138367,5.0469007,2.187037,middle_80pct
hqe-8SMJGmc.002,0.53271025,0.59375,0.62637365,0.5533981,0.6666667,0.50187206,0.54609054,0.5524371,0.55432546,0.5673465,0.0308381900000001,0.04765945999999999,0.07393654999999999,0.0009273600000000437,0.09932019999999997,0.05053635200000002,1474,2.0690129,23.020714,5.4992,1.6726077,middle_80pct
hqe-8SMJGmc.003,0.58878505,0.6875,0.63736266,0.63106793,0.7,0.523869,0.5566464,0.56481004,0.49515074,0.586355,0.06491605,0.13085360000000001,0.07255261999999996,0.13591719000000008,0.113645,0.10357689200000002,1475,2.0534644,24.149313,1.7968701,9.733612,middle_80pct
hqe-8SMJGmc.004,0.69158876,0.6979167,0.6703297,0.6893204,0.8333333,0.639284,0.67115515,0.62063396,0.59981585,0.71453345,0.05230476000000006,0.026761549999999912,0.04969573999999999,0.08950455000000002,0.11879985000000004,0.06741329,1476,2.1623328,21.804913,4.4690475,-1.4731746,middle_80pct
hqe-8SMJGmc.005,0.6728972,0.71875,0.63736266,0.5533981,0.6888889,0.57621336,0.58227825,0.5875873,0.5313885,0.59939396,0.09668383999999997,0.13647175,0.049775359999999935,0.022009599999999963,0.08949494000000002,0.07888709799999997,1477,2.021338,24.108267,7.7148066,-0.6834086,middle_80pct
htH89DBizno.000,0.5981308,0.47916666,0.6593407,0.6699029,0.5222222,0.42028207,0.48287183,0.51604563,0.48405543,0.5306481,0.17784872999999995,0.00370516999999998,0.14329506999999997,0.18584746999999996,0.008425899999999986,0.10382446799999996,1478,2.0161965,33.449673,-3.6909378,17.966915,middle_80pct
htH89DBizno.001,0.40186915,0.29166666,0.45054945,0.37864077,0.46666667,0.43867898,0.46475917,0.5250395,0.43111902,0.5189059,0.03680982999999999,0.17309250999999998,0.07449004999999997,0.052478250000000004,0.052239230000000025,0.07782197399999999,1479,1.9965328,24.585157,-2.7956882,8.28886,middle_80pct
htH89DBizno.002,0.7009346,0.7291667,0.6923077,0.69902915,0.84444445,0.52313936,0.61493915,0.6064332,0.5704863,0.62041783,0.1777952399999999,0.11422754999999996,0.08587449999999996,0.12854285,0.22402662000000007,0.14609335199999998,1480,1.9713559,22.29572,2.636927,-5.8074827,middle_80pct
htH89DBizno.003,0.46728972,0.48958334,0.5714286,0.4563107,0.51111114,0.48613495,0.55213803,0.54999614,0.51381356,0.5944637,0.01884522999999999,0.06255468999999997,0.021432459999999987,0.05750285999999999,0.08335256000000002,0.04873755999999999,1481,2.0099852,22.91316,2.301896,1.9671056,middle_80pct
htH89DBizno.004,0.48598132,0.6458333,0.6813187,0.6699029,0.82222223,0.46425942,0.5357093,0.5718207,0.5557478,0.5795923,0.021721900000000016,0.110124,0.1094980000000001,0.11415509999999995,0.2426299300000001,0.11962578600000003,1482,2.0349958,25.111584,1.6387082,6.577386,middle_80pct
htH89DBizno.005,0.53271025,0.5208333,0.7032967,0.61165047,0.46666667,0.43399456,0.48747185,0.5195291,0.49788758,0.5266587,0.09871569000000008,0.03336145000000007,0.18376760000000003,0.11376288999999995,0.05999203000000003,0.09791993200000003,1483,2.0022562,24.274246,1.2079964,7.1882906,middle_80pct
i1cAYtXA2Xs.002,0.5046729,0.6041667,0.52747256,0.60194176,0.5,0.47114906,0.480785,0.52774787,0.49000087,0.57188606,0.03352383999999997,0.12338169999999993,0.0002753100000000286,0.11194089000000002,0.07188605999999997,0.06820155999999998,1484,1.881362,25.220387,-3.138095,-6.3846836,middle_80pct
i1cAYtXA2Xs.003,0.46728972,0.5729167,0.5714286,0.6407767,0.65555555,0.52960247,0.5408278,0.5621555,0.5259163,0.623097,0.06231275000000003,0.032088899999999976,0.009273099999999923,0.11486039999999997,0.032458549999999975,0.05019873999999998,1485,1.9683683,25.948038,-3.3607516,-6.7660513,middle_80pct
iAgu-wDe2MQ.000,0.58878505,0.41666666,0.52747256,0.37864077,0.56666666,0.48175946,0.48743182,0.53663695,0.4979336,0.5503985,0.10702559000000006,0.07076516,0.009164390000000022,0.11929282999999996,0.016268159999999976,0.064503226,1486,2.0922735,24.71264,-0.6064416,7.3903027,middle_80pct
iAgu-wDe2MQ.002,0.47663552,0.4375,0.62637365,0.41747573,0.5777778,0.5454856,0.58102465,0.60060686,0.5902774,0.6178712,0.06885008000000004,0.14352465000000003,0.02576679000000004,0.17280166999999996,0.040093399999999946,0.09020731800000001,1487,1.9503152,20.326029,2.7100105,-1.4689152,middle_80pct
iAgu-wDe2MQ.003,0.5607477,0.59375,0.46153846,0.52427185,0.5,0.55938494,0.5644484,0.6214132,0.5976274,0.6021089,0.0013627599999999074,0.02930160000000004,0.15987474000000002,0.07335555000000005,0.10210889999999995,0.07320070999999999,1488,2.0479143,23.997938,-1.2391566,5.829463,middle_80pct
iPblZBQpafs.001,0.37383178,0.32291666,0.42857143,0.3592233,0.5222222,0.37168187,0.3835018,0.48992032,0.40532163,0.47135955,0.002149909999999977,0.06058513999999998,0.061348890000000045,0.046098329999999965,0.050862649999999954,0.044208983999999986,1489,2.0028331,33.709362,1.1266297,20.320875,lowest_error_10pct
iPblZBQpafs.002,0.3084112,0.34375,0.3846154,0.27184466,0.32222223,0.40026742,0.44063085,0.53139895,0.468528,0.4815667,0.09185621999999999,0.09688085000000002,0.14678355000000004,0.19668333999999998,0.15934447000000002,0.13830968600000002,1490,2.1837912,24.284754,10.926859,4.814615,middle_80pct
iPblZBQpafs.003,0.47663552,0.48958334,0.46153846,0.39805827,0.5555556,0.44240957,0.46779045,0.53511846,0.43813568,0.54019105,0.034225950000000005,0.021792889999999954,0.07357999999999998,0.040077410000000036,0.015364550000000032,0.03700816,1491,2.0517058,24.717068,7.5469327,4.333101,lowest_error_10pct
iPblZBQpafs.004,0.42056075,0.35416666,0.5934066,0.27184466,0.3888889,0.4317845,0.4469578,0.5221411,0.46660936,0.5352183,0.011223750000000032,0.09279114,0.07126549999999998,0.19476469999999996,0.14632940000000005,0.103274898,1492,2.0073442,27.614454,6.870405,12.406169,middle_80pct
iPblZBQpafs.005,0.3084112,0.4375,0.42857143,0.36893204,0.44444445,0.38274905,0.42189014,0.531846,0.47539467,0.48028037,0.07433784999999998,0.015609859999999975,0.10327457000000007,0.10646263,0.03583592000000002,0.067104166,1493,1.9623752,24.436127,8.012849,3.649689,middle_80pct
iXaqqRE76lI.000,0.5420561,0.53125,0.5714286,0.74757284,0.7222222,0.5120003,0.56897676,0.5576406,0.55895036,0.6262452,0.030055800000000077,0.03772675999999997,0.013787999999999911,0.18862248000000004,0.09597700000000009,0.07323400800000002,1494,2.0062351,22.415472,2.6761775,-2.9488585,middle_80pct
iXaqqRE76lI.001,0.3084112,0.42708334,0.2857143,0.407767,0.5,0.44091615,0.45763072,0.47200862,0.48462436,0.58716977,0.13250495,0.030547380000000013,0.18629432,0.07685735999999999,0.08716977000000004,0.102674756,1495,2.4169738,40.82998,-16.402073,10.92363,middle_80pct
iXaqqRE76lI.003,0.5046729,0.5208333,0.6043956,0.5631068,0.67777777,0.3720107,0.40254822,0.46476543,0.40667507,0.49000424,0.13266219999999995,0.11828508000000004,0.13963017000000005,0.15643173,0.18777352999999997,0.14695654200000002,1496,2.0260618,23.70483,1.1005588,6.3241105,middle_80pct
ibawV2tqKug.000,0.2897196,0.45833334,0.43956044,0.3592233,0.56666666,0.44179928,0.51021254,0.56888837,0.4997122,0.5470678,0.15207968,0.05187920000000007,0.12932793000000004,0.14048889999999997,0.019598859999999996,0.09867491400000002,1497,1.9109703,22.219198,8.182207,2.9320998,middle_80pct
ibawV2tqKug.001,0.5794392,0.40625,0.5824176,0.39805827,0.6111111,0.44268855,0.49984902,0.5581532,0.4304797,0.53003377,0.13675065000000003,0.09359901999999998,0.024264399999999964,0.03242143000000003,0.08107733000000006,0.07362256600000001,1498,2.0401354,25.313725,5.7957983,1.4192429,middle_80pct
ibawV2tqKug.002,0.5233645,0.5625,0.5604396,0.3106796,0.64444447,0.44691783,0.5081726,0.5579357,0.5260202,0.5743112,0.07644667,0.054327400000000026,0.0025039000000000033,0.21534060000000005,0.07013327000000003,0.08375036800000002,1499,2.107223,23.27849,6.7926593,0.28002974,middle_80pct
ibawV2tqKug.003,0.317757,0.27083334,0.3956044,0.33009708,0.3888889,0.41559556,0.46107668,0.57067746,0.47194943,0.5127918,0.09783855999999996,0.19024334000000004,0.17507305999999995,0.14185235000000002,0.12390290000000004,0.145782042,1500,2.0005674,24.17154,8.431257,1.8473902,middle_80pct
ibawV2tqKug.004,0.5607477,0.6666667,0.6593407,0.5436893,0.6666667,0.47642145,0.5629668,0.59054524,0.5372514,0.57219917,0.08432624999999994,0.10369989999999996,0.06879546000000003,0.006437899999999996,0.09446752999999997,0.07154540799999998,1501,2.2656598,28.03132,11.333592,0.61267036,middle_80pct
ibawV2tqKug.005,0.42056075,0.5416667,0.5604396,0.3883495,0.5,0.43702587,0.50661063,0.57970315,0.5080428,0.5364139,0.01646512,0.035056069999999995,0.019263549999999907,0.1196933,0.0364139,0.04537838799999998,1502,1.9084617,21.564322,5.147187,1.2967348,middle_80pct
in-HuMgiDCE.000,0.47663552,0.53125,0.62637365,0.5436893,0.4888889,0.39670312,0.4291038,0.5360377,0.4507939,0.5085346,0.07993239999999996,0.10214620000000002,0.09033595000000005,0.09289540000000002,0.019645699999999933,0.07699112999999999,1503,2.0669088,33.137127,6.0740557,11.859589,middle_80pct
in-HuMgiDCE.001,0.43925235,0.5104167,0.61538464,0.47572815,0.46666667,0.4620553,0.46661755,0.54816145,0.47106174,0.5634849,0.02280294999999999,0.04379914999999995,0.06722318999999999,0.00466641000000001,0.09681822999999995,0.04706198599999998,1504,2.0391767,30.081432,7.344774,15.2768135,middle_80pct
in-HuMgiDCE.002,0.5794392,0.59375,0.7912088,0.66019416,0.62222224,0.4844307,0.49252185,0.5612876,0.4705978,0.5725614,0.09500850000000005,0.10122815000000002,0.22992120000000005,0.18959635999999996,0.04966084000000004,0.13308301000000003,1505,2.0677428,27.189547,8.010869,6.8438196,middle_80pct
in-HuMgiDCE.003,0.42056075,0.5520833,0.48351648,0.44660193,0.51111114,0.43536517,0.48870838,0.53861296,0.47603118,0.54746467,0.01480442000000004,0.06337492000000006,0.05509648,0.029429250000000018,0.03635352999999997,0.039811720000000016,1506,2.0456116,26.203691,9.622122,7.8381844,lowest_error_10pct
in-HuMgiDCE.004,0.5607477,0.5625,0.63736266,0.47572815,0.7222222,0.47499117,0.48639876,0.5652109,0.4950953,0.5843345,0.08575652999999994,0.07610124000000001,0.07215176000000001,0.01936715,0.13788770000000006,0.078252876,1507,2.098481,26.769512,10.421215,6.3372445,middle_80pct
in-HuMgiDCE.005,0.5420561,0.53125,0.72527474,0.69902915,0.65555555,0.3830977,0.3964324,0.48206303,0.40676028,0.48352122,0.15895840000000006,0.13481759999999998,0.24321171000000003,0.29226887,0.17203433,0.200258182,1508,2.148102,27.678255,7.2321978,9.439098,highest_error_10pct
iqs7mZbg5UI.000,0.6168224,0.6145833,0.5934066,0.61165047,0.5888889,0.5563537,0.62920475,0.5842636,0.63458383,0.6610615,0.06046870000000004,0.014621449999999925,0.009143000000000012,0.022933360000000014,0.07217259999999992,0.03586782199999998,1509,1.978601,23.961546,5.1618614,-3.4017196,lowest_error_10pct
iqs7mZbg5UI.001,0.38317758,0.46875,0.5494506,0.5825243,0.45555556,0.48038536,0.57163596,0.55887496,0.57225966,0.57780117,0.09720777999999997,0.10288596000000005,0.00942436000000002,0.010264640000000047,0.12224560999999995,0.06840567,1510,1.9483378,24.37025,4.7537427,-1.9206339,middle_80pct
iqs7mZbg5UI.002,0.39252338,0.4375,0.52747256,0.3883495,0.5555556,0.5034072,0.56904227,0.55731076,0.5227697,0.58006036,0.11088382000000008,0.13154226999999996,0.029838200000000037,0.1344202,0.024504760000000014,0.08623785000000002,1511,2.0708547,21.7178,4.253537,-0.9855009,middle_80pct
iqs7mZbg5UI.003,0.43925235,0.5,0.3956044,0.44660193,0.5777778,0.549394,0.6283492,0.56967396,0.57664883,0.638516,0.11014165000000004,0.12834920000000005,0.17406956,0.13004690000000002,0.060738199999999964,0.12066910200000003,1512,1.9213957,23.718475,2.2252736,-3.2033687,middle_80pct
iqs7mZbg5UI.004,0.5140187,0.45833334,0.61538464,0.5631068,0.4888889,0.48180112,0.51430535,0.50966346,0.4706785,0.563159,0.03221758000000002,0.055972010000000016,0.10572118000000008,0.09242830000000002,0.07427009999999995,0.07212183400000002,1513,2.0416193,22.724663,1.7488319,-0.33996958,middle_80pct
iqs7mZbg5UI.005,0.3271028,0.38541666,0.52747256,0.4563107,0.45555556,0.4992771,0.58903325,0.5521061,0.5664207,0.60374093,0.17217429999999995,0.20361658999999993,0.024633540000000065,0.11010999999999999,0.14818536999999993,0.13174395999999997,1514,1.885764,24.268507,2.2481956,-3.9359453,middle_80pct
isaP2l3rlBQ.001,0.39252338,0.45833334,0.5604396,0.3398058,0.5,0.38012666,0.47884265,0.5453653,0.583426,0.48861924,0.012396719999999972,0.020509310000000003,0.015074299999999985,0.2436202,0.01138075999999999,0.06059625799999999,1515,2.1451218,26.19512,12.033367,2.8868957,middle_80pct
isaP2l3rlBQ.002,0.42056075,0.44791666,0.5494506,0.60194176,0.6111111,0.40334,0.5025638,0.5474092,0.5913944,0.5405418,0.017220750000000007,0.05464713999999998,0.002041399999999971,0.010547360000000006,0.07056930000000006,0.031005190000000005,1516,2.0023408,28.437449,10.049935,4.9355464,lowest_error_10pct
isaP2l3rlBQ.003,0.48598132,0.6979167,0.6923077,0.5048544,0.7222222,0.40553066,0.52891946,0.58240896,0.5993106,0.51859,0.08045066000000001,0.16899723999999994,0.10989874,0.09445619999999999,0.20363220000000004,0.131487008,1517,2.1838202,29.573524,12.497141,3.1894383,middle_80pct
isaP2l3rlBQ.004,0.42056075,0.46875,0.5494506,0.61165047,0.47777778,0.40503854,0.4889217,0.5666218,0.5580959,0.5134528,0.01552220999999998,0.020171700000000015,0.017171199999999942,0.05355456999999997,0.03567502000000006,0.028418939999999993,1518,2.061911,24.618015,10.432065,5.277026,lowest_error_10pct
ivcVlDXJCDo.000,0.6728972,0.6145833,0.6043956,0.4854369,0.6,0.56016606,0.5966706,0.5811676,0.45048967,0.6373141,0.11273113999999995,0.017912700000000004,0.023228000000000026,0.034947229999999996,0.03731410000000002,0.045226634,1519,1.963095,25.800074,0.7954725,-3.3777814,middle_80pct
ivcVlDXJCDo.001,0.58878505,0.6145833,0.5494506,0.5825243,0.67777777,0.52632725,0.5375989,0.5351152,0.40268904,0.5871157,0.06245780000000001,0.07698440000000006,0.014335399999999998,0.17983526,0.09066206999999993,0.084854986,1520,2.1148694,27.404106,0.323474,2.6457114,middle_80pct
ivcVlDXJCDo.002,0.72897196,0.8333333,0.73626375,0.74757284,0.9111111,0.5396078,0.591637,0.57526845,0.4893874,0.6056961,0.18936416,0.24169630000000009,0.16099529999999995,0.25818544000000004,0.305415,0.23113124000000002,1521,1.9420683,22.952057,1.77825,-2.4319804,highest_error_10pct
ivcVlDXJCDo.004,0.55140185,0.7291667,0.6703297,0.5825243,0.6888889,0.4694781,0.5156654,0.46982822,0.3644836,0.5716016,0.08192374999999996,0.2135012999999999,0.20050148,0.21804069999999998,0.11728729999999998,0.16625090599999998,1522,2.3274994,31.221449,-9.582676,2.7234914,middle_80pct
ivecmGb711M.001,0.42056075,0.5104167,0.52747256,0.5145631,0.67777777,0.46617374,0.46644208,0.49975562,0.3598874,0.5434834,0.04561299000000002,0.043974619999999964,0.027716939999999968,0.15467570000000003,0.13429437,0.08125492399999999,1523,2.055654,27.353067,-6.2742424,-2.9935768,middle_80pct
j08b_trEQrU.001,0.39252338,0.5729167,0.5934066,0.78640777,0.5555556,0.41551697,0.58731514,0.6112193,0.6913765,0.5281456,0.022993590000000008,0.014398440000000012,0.017812700000000015,0.09503127,0.027410000000000045,0.03552920000000002,1524,1.9797243,29.406748,11.246703,5.8273787,lowest_error_10pct
j0dnDXTyUBA.001,0.3271028,0.28125,0.5494506,0.3883495,0.42222223,0.3907099,0.42085317,0.49039325,0.48224056,0.46360016,0.06360709999999997,0.13960317,0.05905735000000001,0.09389105999999997,0.04137793000000001,0.07950732199999999,1525,2.1089199,23.611158,3.3570788,5.7330885,middle_80pct
j3jdT1V-DeI.000,0.14018692,0.20833333,0.23076923,0.26213592,0.32222223,0.52460134,0.52775824,0.56464356,0.5608658,0.57514083,0.38441442000000003,0.31942491000000006,0.33387433000000005,0.29872987999999995,0.25291860000000005,0.31787242800000004,1526,1.8969566,20.112833,3.7104993,-0.4456701,highest_error_10pct
j3jdT1V-DeI.001,0.2990654,0.26041666,0.37362638,0.24271844,0.37777779,0.57572913,0.60501343,0.5901003,0.5565732,0.6744109,0.27666373000000005,0.34459676999999994,0.21647392000000004,0.31385476,0.29663311000000003,0.28964445800000005,1527,1.9206002,20.909126,3.795887,-2.5809288,highest_error_10pct
j3jdT1V-DeI.002,0.25233644,0.32291666,0.17582418,0.24271844,0.36666667,0.49485517,0.5145688,0.5694762,0.55128556,0.5723295,0.24251873000000002,0.19165214000000003,0.39365202,0.30856712,0.20566283000000007,0.268410568,1528,2.032116,21.797028,4.6802077,1.0949095,highest_error_10pct
j3jdT1V-DeI.003,0.34579438,0.29166666,0.34065935,0.33009708,0.33333334,0.597049,0.6100423,0.57997423,0.5370424,0.7054485,0.25125462000000004,0.31837564,0.23931488,0.20694532000000004,0.37211516000000006,0.27760112400000003,1529,1.9204353,23.037924,2.7507298,-2.5442667,highest_error_10pct
j3jdT1V-DeI.004,0.11214953,0.15625,0.16483517,0.2038835,0.24444444,0.6025634,0.6317215,0.6113208,0.610343,0.6831545,0.49041387,0.47547150000000005,0.44648562999999997,0.4064595,0.43871006,0.45150811199999996,1530,1.9897573,22.178373,4.982911,-2.6841106,highest_error_10pct
j3jdT1V-DeI.005,0.20560747,0.15625,0.2747253,0.22330096,0.2777778,0.5650778,0.60746205,0.6199764,0.61758846,0.6554652,0.35947032999999995,0.45121205,0.3452511,0.3942875,0.37768739999999995,0.38558167599999993,1531,2.039624,21.366667,6.260682,-0.3117871,highest_error_10pct
jDdRrqRcSzM.000,0.69158876,0.71875,0.7032967,0.6213592,0.6,0.51957905,0.6221257,0.6335009,0.62467194,0.6340811,0.17200970999999998,0.0966243,0.06979579999999996,0.003312740000000036,0.034081099999999975,0.07516472999999999,1532,1.8784872,22.83402,-2.7810147,-6.3465476,middle_80pct
jDdRrqRcSzM.001,0.5794392,0.7083333,0.61538464,0.65048546,0.8,0.527398,0.62500584,0.62952137,0.63492775,0.6428511,0.05204120000000001,0.08332746000000002,0.01413672999999993,0.015557709999999947,0.15714890000000004,0.06444239999999998,1533,1.9179804,23.934278,1.9501969,-4.3343496,middle_80pct
jDdRrqRcSzM.002,0.6635514,0.6979167,0.71428573,0.7184466,0.84444445,0.45730096,0.5369798,0.6189331,0.5854784,0.57946754,0.20625044000000003,0.16093689999999994,0.09535262999999994,0.1329682000000001,0.26497691,0.172097016,1534,2.0594828,21.651222,3.2154496,-2.1296413,middle_80pct
jOTlJwOBSd4.001,0.44859812,0.5520833,0.61538464,0.65048546,0.5,0.4893033,0.5370628,0.58167356,0.5527949,0.56210274,0.04070518000000001,0.015020500000000103,0.033711080000000004,0.09769055999999998,0.062102740000000045,0.04984601200000003,1535,2.1316686,24.191462,8.647697,-0.08883777,middle_80pct
jOTlJwOBSd4.002,0.28037384,0.3125,0.37362638,0.37864077,0.34444445,0.411335,0.42755753,0.48930055,0.4355755,0.4917208,0.13096116000000002,0.11505753000000002,0.11567417000000002,0.05693472999999999,0.14727635,0.11318078800000002,1536,2.1541612,25.733055,-2.4276476,3.2303767,middle_80pct
jOTlJwOBSd4.003,0.5233645,0.6354167,0.5714286,0.52427185,0.51111114,0.49545413,0.50321364,0.5750134,0.52343684,0.54534763,0.027910370000000018,0.13220305999999993,0.0035848000000000546,0.0008350099999999694,0.03423648999999995,0.039753945999999984,1537,1.9492059,20.334534,3.7957897,-0.4611175,lowest_error_10pct
jOTlJwOBSd4.004,0.42990655,0.46875,0.5934066,0.49514562,0.5,0.4402511,0.44063294,0.50889796,0.45941246,0.50614953,0.010344550000000008,0.028117060000000027,0.08450864000000002,0.035733159999999986,0.006149529999999959,0.032970588,1538,1.9424703,20.697895,1.5047361,0.1390588,lowest_error_10pct
jOTlJwOBSd4.005,0.38317758,0.42708334,0.5604396,0.49514562,0.6,0.44046697,0.42994645,0.50112635,0.43789327,0.5183261,0.057289389999999996,0.002863110000000002,0.059313249999999984,0.05725235000000001,0.08167389999999997,0.05167839999999999,1539,2.0529096,23.052105,0.11459767,1.6192411,middle_80pct
jVGTEDAYWZ8.001,0.60747665,0.71875,0.7802198,0.79611653,0.73333335,0.52390075,0.6344842,0.62834704,0.6490011,0.63589174,0.08357589999999993,0.08426579999999995,0.15187276000000005,0.14711543000000005,0.09744160999999996,0.11285429999999999,1540,1.8826501,22.977829,2.9414392,-3.8179488,middle_80pct
jVGTEDAYWZ8.002,0.60747665,0.7083333,0.5934066,0.6213592,0.67777777,0.4903849,0.60291994,0.5952642,0.58525836,0.61940086,0.11709174999999994,0.10541336000000001,0.0018576000000000148,0.03610084000000002,0.05837690999999989,0.06376809199999997,1541,1.8823662,23.52336,2.2771795,-4.7374554,middle_80pct
jVGTEDAYWZ8.003,0.46728972,0.42708334,0.6923077,0.63106793,0.56666666,0.3375464,0.39161235,0.46423036,0.42500544,0.43541044,0.12974332,0.03547098999999998,0.22807733999999996,0.20606249000000004,0.13125621999999998,0.146122072,1542,2.3423223,34.033493,-7.907531,7.2693915,middle_80pct
jZl3Rq1MRQg.000,0.5607477,0.5625,0.5494506,0.5339806,0.73333335,0.4378894,0.4611356,0.483596,0.45638284,0.5418178,0.12285829999999998,0.10136440000000002,0.06585459999999999,0.07759776000000002,0.19151554999999998,0.11183812199999998,1543,2.0471935,32.32122,-21.551735,-9.648838,middle_80pct
jZl3Rq1MRQg.001,0.44859812,0.5625,0.46153846,0.49514562,0.7,0.45535445,0.44349378,0.4889908,0.476002,0.5161662,0.006756330000000033,0.11900622,0.02745234000000002,0.019143620000000028,0.18383379999999994,0.071238462,1544,2.106597,37.523445,-23.347357,-11.1871605,middle_80pct
jZl3Rq1MRQg.003,0.5607477,0.47916666,0.4945055,0.4854369,0.54444444,0.51237696,0.53975326,0.56570596,0.5206852,0.6117198,0.04837073999999997,0.06058659999999999,0.07120045999999997,0.035248299999999955,0.06727536,0.056536291999999974,1545,1.9741348,33.450344,-14.521902,-12.986313,middle_80pct
jd9_8OPxM3A.000,0.53271025,0.5,0.5824176,0.60194176,0.5888889,0.444943,0.58307624,0.6273681,0.63929236,0.59481114,0.08776725000000007,0.08307624000000002,0.044950500000000004,0.03735060000000001,0.0059222399999999675,0.05181336600000001,1546,1.9865489,27.23669,7.3190174,2.5560517,middle_80pct
jd9_8OPxM3A.001,0.42990655,0.48958334,0.74725276,0.57281554,0.6333333,0.46805525,0.58210266,0.6179326,0.62981653,0.57776874,0.03814869999999998,0.09251932000000002,0.1293201599999999,0.05700099000000003,0.055564559999999985,0.07451074599999999,1547,1.9197733,24.063005,9.5824175,1.5929878,middle_80pct
jd9_8OPxM3A.002,0.5420561,0.6770833,0.72527474,0.69902915,0.6888889,0.40586212,0.54339,0.60387707,0.6444334,0.53655183,0.13619398000000005,0.13369330000000001,0.12139767000000001,0.05459574999999994,0.15233707000000007,0.11964355400000001,1548,2.098592,25.265814,7.6597357,2.579998,middle_80pct
jd9_8OPxM3A.003,0.5607477,0.6354167,0.72527474,0.6213592,0.6666667,0.4052407,0.531258,0.5805047,0.6276153,0.56435657,0.15550699999999995,0.10415869999999994,0.14477004000000004,0.006256099999999987,0.10231013,0.10260039399999998,1549,1.9593761,26.361135,6.6388044,9.085969,middle_80pct
jd9_8OPxM3A.004,0.42990655,0.34375,0.41758242,0.5145631,0.5,0.48249626,0.6388968,0.6416226,0.6910322,0.62301147,0.05258971000000001,0.29514680000000004,0.22404018000000003,0.17646909999999993,0.12301147000000001,0.174251452,1550,1.9636506,26.52402,9.4262905,7.0622134,middle_80pct
jd9_8OPxM3A.005,0.3364486,0.53125,0.51648355,0.66019416,0.4888889,0.38928932,0.5397587,0.5789729,0.6351756,0.5447667,0.05284072000000001,0.008508700000000036,0.06248935,0.025018560000000023,0.05587780000000003,0.04094702600000002,1551,2.0112116,28.954819,9.07646,1.6242715,lowest_error_10pct
jpPZVmzleAo.000,0.5794392,0.65625,0.72527474,0.6699029,0.65555555,0.5915994,0.6215854,0.5774667,0.59188515,0.66076267,0.012160199999999954,0.034664600000000045,0.14780804000000003,0.07801775,0.0052071200000000095,0.05557154200000001,1552,1.9107174,21.569868,-0.2039627,-7.825033,middle_80pct
jpPZVmzleAo.001,0.46728972,0.5625,0.3956044,0.44660193,0.5222222,0.4799553,0.552128,0.5241877,0.56386226,0.57989234,0.012665579999999954,0.010372000000000048,0.1285833,0.11726032999999997,0.057670140000000036,0.06531027,1553,1.9785028,24.833439,0.6542109,-3.2053065,middle_80pct
jpPZVmzleAo.002,0.48598132,0.5520833,0.51648355,0.70873785,0.56666666,0.5116983,0.5542316,0.55692863,0.55460906,0.61760783,0.025716980000000056,0.002148299999999992,0.04044508000000002,0.15412879000000002,0.05094116999999998,0.05467606400000001,1554,2.0416212,21.41151,1.492203,0.92339593,middle_80pct
jpPZVmzleAo.003,0.26168224,0.42708334,0.37362638,0.36893204,0.47777778,0.43139404,0.45682377,0.44906685,0.43482244,0.5031063,0.16971179999999997,0.02974043000000004,0.07544047000000004,0.06589039999999996,0.02532852000000002,0.073222324,1555,2.1208313,24.567312,-1.4662195,-2.0384965,middle_80pct
jpPZVmzleAo.005,0.42056075,0.45833334,0.52747256,0.6213592,0.5222222,0.48372933,0.5049919,0.515077,0.49713737,0.5613397,0.06316858000000003,0.04665856000000007,0.012395559999999972,0.12422182999999998,0.03911750000000003,0.05711240600000002,1556,1.9468583,22.574444,-1.6374243,-1.7306273,middle_80pct
jwbHWwySJW8.004,0.71028036,0.78125,0.73626375,0.6699029,0.75555557,0.56043106,0.6133516,0.60610175,0.6163746,0.6596551,0.14984930000000007,0.1678984,0.130162,0.05352829999999997,0.0959004699999999,0.11946769399999999,1557,1.9673305,18.865156,6.531584,-2.0166247,middle_80pct
jwbHWwySJW8.005,0.635514,0.71875,0.6813187,0.75728154,0.73333335,0.60270107,0.63919044,0.6263221,0.58857167,0.6874615,0.03281293000000007,0.07955955999999997,0.05499660000000006,0.16870987000000004,0.04587185000000005,0.07639016200000004,1558,1.8941066,23.904955,4.7754893,-4.507809,middle_80pct
k1eXxMAfnIY.005,0.6635514,0.7291667,0.5714286,0.57281554,0.8888889,0.6811628,0.7067318,0.65193033,0.6515695,0.7919148,0.017611399999999944,0.022434899999999924,0.08050173000000005,0.07875396000000001,0.09697409999999995,0.05925521799999998,1559,1.9268577,26.153479,-3.7001681,-8.012793,middle_80pct
k7-dMNJDc-w.001,0.317757,0.47916666,0.45054945,0.106796116,0.34444445,0.22653645,0.26781863,0.3673183,0.33091253,0.32153264,0.09122055000000001,0.21134803000000002,0.08323115000000003,0.22411641399999999,0.022911810000000032,0.12656559080000002,1560,2.3939939,42.738895,-11.129882,25.365763,middle_80pct
k99PI3FGEj0.000,0.55140185,0.375,0.37362638,0.36893204,0.53333336,0.49315143,0.5037473,0.5367958,0.47015044,0.58226186,0.05825041999999997,0.1287473,0.16316942000000006,0.10121839999999999,0.04892850000000004,0.10006280800000003,1561,2.2437432,33.187824,-20.610249,-7.0504017,middle_80pct
k99PI3FGEj0.001,0.55140185,0.5208333,0.37362638,0.41747573,0.54444444,0.49511233,0.5091517,0.535713,0.41781604,0.56982476,0.05628951999999998,0.01168160000000007,0.16208662000000001,0.0003403100000000103,0.025380320000000012,0.05115567400000002,1562,2.1555173,30.815601,-17.08563,-5.395913,middle_80pct
kK4QL7pOrhs.001,0.5794392,0.6041667,0.52747256,0.6699029,0.56666666,0.62257445,0.5893809,0.60485667,0.58025515,0.7077563,0.04313524999999996,0.01478579999999996,0.07738411,0.08964774999999992,0.14108964000000002,0.07320850999999998,1563,1.9627719,27.615444,-10.241545,-6.634509,middle_80pct
kK4QL7pOrhs.002,0.6542056,0.75,0.6593407,0.66019416,0.75555557,0.5783736,0.5658893,0.5856908,0.55052686,0.66858083,0.07583200000000001,0.18411069999999996,0.07364990000000005,0.10966730000000002,0.08697473999999994,0.106046928,1564,1.8998893,28.811604,-12.729916,-9.234173,middle_80pct
kK4QL7pOrhs.003,0.6542056,0.625,0.71428573,0.70873785,0.5888889,0.5357457,0.5617904,0.5570624,0.576033,0.64112276,0.11845990000000006,0.06320959999999998,0.15722333,0.13270484999999999,0.052233859999999965,0.104766308,1565,1.9805793,22.195826,-5.70702,-7.0065846,middle_80pct
kK4QL7pOrhs.005,0.53271025,0.5208333,0.5824176,0.6796116,0.6666667,0.5706966,0.554885,0.5544301,0.53404874,0.64240676,0.03798634999999995,0.03405169999999991,0.027987499999999943,0.14556285999999996,0.02425993999999998,0.05396966999999995,1566,2.046973,23.255634,-5.885956,-7.1703386,middle_80pct
kK534gUcRF4.000,0.76635516,0.8020833,0.74725276,0.8252427,0.9111111,0.5202651,0.61290085,0.60252213,0.60663116,0.615887,0.24609006,0.18918245,0.14473062999999997,0.21861154000000005,0.2952241,0.218767756,1567,2.1166217,21.08039,3.226632,0.85706824,highest_error_10pct
kK534gUcRF4.003,0.7196262,0.7604167,0.8131868,0.8252427,0.74444443,0.49374786,0.61968166,0.65241176,0.684981,0.61218745,0.22587834,0.14073503999999992,0.16077503999999998,0.14026170000000004,0.13225698000000008,0.15998141999999999,1568,1.9225339,21.117878,3.337357,-2.5315952,middle_80pct
kK534gUcRF4.004,0.5607477,0.5625,0.5604396,0.60194176,0.54444444,0.49226007,0.6165723,0.63589096,0.6658424,0.63878745,0.06848762999999997,0.05407229999999996,0.07545135999999997,0.06390063999999995,0.09434301,0.07125098799999997,1569,1.9759684,24.845163,-2.4050593,-5.6995926,middle_80pct
kL-CeaXG9jM.000,0.45794392,0.47916666,0.6593407,0.60194176,0.4888889,0.4029945,0.4151362,0.5406651,0.48734426,0.46594894,0.05494942000000003,0.06403046000000001,0.11867559999999999,0.11459750000000002,0.022939960000000037,0.07503858800000002,1570,2.0877638,24.724672,6.8129606,2.2191973,middle_80pct
kL-CeaXG9jM.001,0.41121495,0.5104167,0.61538464,0.5825243,0.46666667,0.3389314,0.4048255,0.52129203,0.47985402,0.43966517,0.07228355000000003,0.10559119999999994,0.09409261000000002,0.10267028,0.02700150000000001,0.080327828,1571,2.1661043,26.33706,9.398193,2.324348,middle_80pct
kL-CeaXG9jM.002,0.55140185,0.5,0.64835167,0.5631068,0.5,0.35226074,0.44904697,0.52639115,0.485386,0.4851986,0.19914110999999995,0.05095303000000001,0.12196052000000002,0.07772080000000003,0.01480140000000002,0.09291537200000001,1572,2.199023,25.737923,8.569035,4.6964107,middle_80pct
kL-CeaXG9jM.004,0.39252338,0.46875,0.63736266,0.5048544,0.5222222,0.3573597,0.42564696,0.50651765,0.48402917,0.47639972,0.035163679999999975,0.04310303999999998,0.13084500999999993,0.020825230000000028,0.04582247999999994,0.05515188799999997,1573,2.11262,27.026403,6.0175934,5.49816,middle_80pct
kL-CeaXG9jM.005,0.55140185,0.65625,0.5824176,0.5533981,0.54444444,0.3874821,0.42762423,0.5302011,0.45710677,0.45572317,0.16391974999999998,0.22862577,0.0522165,0.09629133000000001,0.08872127000000002,0.12595492400000002,1574,2.091707,28.917015,5.695994,3.8272376,middle_80pct
kPife9TY9Pw.000,0.71028036,0.7604167,0.5604396,0.74757284,0.7222222,0.4868289,0.48419115,0.5457056,0.49474478,0.5861592,0.22345146000000005,0.27622554999999993,0.014734000000000025,0.25282806,0.13606300000000005,0.18066041400000002,1575,2.0419626,24.028404,-2.7288928,-2.2368379,highest_error_10pct
kPife9TY9Pw.004,0.6542056,0.65625,0.52747256,0.78640777,0.75555557,0.47329852,0.4889329,0.51500636,0.5405977,0.58182675,0.18090708000000005,0.1673171,0.012466199999999983,0.24581007,0.17372882,0.15604585399999998,1576,1.9387538,20.15833,0.45263106,-2.1206708,middle_80pct
kQ8HhrysfaA.002,0.49532712,0.5833333,0.5934066,0.42718446,0.6666667,0.45436,0.49663234,0.51306367,0.44976616,0.5534074,0.040967120000000024,0.08670096000000005,0.08034293000000003,0.022581700000000038,0.11325929999999995,0.06877040200000002,1577,2.1112995,28.162542,-11.437619,0.7696056,middle_80pct
kQ8HhrysfaA.003,0.5420561,0.5729167,0.42857143,0.3398058,0.6333333,0.50101185,0.52809197,0.5595824,0.4769535,0.5921951,0.041044250000000004,0.04482472999999998,0.13101097000000006,0.13714769999999998,0.041138200000000014,0.07903317000000001,1578,2.085127,27.401669,-9.893321,-1.1186302,middle_80pct
kQ8HhrysfaA.005,0.42990655,0.46875,0.5714286,0.407767,0.56666666,0.42563725,0.4517691,0.4999166,0.39442325,0.5087692,0.004269299999999976,0.01698090000000002,0.07151199999999996,0.013343749999999988,0.057897459999999956,0.032800681999999984,1579,2.004893,23.487013,-4.765169,-1.7337292,lowest_error_10pct
kyq-X4IFMtw.001,0.5233645,0.42708334,0.32967034,0.37864077,0.44444445,0.6011294,0.6241879,0.59345895,0.55650157,0.6659906,0.07776490000000003,0.19710456000000004,0.26378861000000003,0.17786079999999999,0.22154615,0.187613004,1580,1.9522697,22.01908,0.22883554,-6.1389456,highest_error_10pct
kyq-X4IFMtw.004,0.34579438,0.36458334,0.5604396,0.30097088,0.5222222,0.4938074,0.55929554,0.56010145,0.5335326,0.59074074,0.14801302,0.19471220000000006,0.00033815000000003703,0.23256172000000003,0.06851854000000002,0.12882872600000003,1581,2.1545696,23.984951,5.1225605,-4.6791267,middle_80pct
kzDQXSGGomg.002,0.6635514,0.71875,0.5934066,0.8446602,0.73333335,0.5987624,0.62015843,0.5869773,0.5894244,0.6987601,0.06478899999999999,0.09859156999999996,0.006429299999999971,0.2552358,0.03457325,0.09192378399999998,1582,1.9741595,27.610344,-9.227326,-8.383254,middle_80pct
kzDQXSGGomg.004,0.6728972,0.7395833,0.6043956,0.6893204,0.7222222,0.6964586,0.68095356,0.60623366,0.58707535,0.7097157,0.023561400000000066,0.0586297400000001,0.0018380599999999747,0.10224505000000006,0.012506500000000087,0.03975615000000006,1583,1.9642609,34.946568,-15.092083,3.4597661,lowest_error_10pct
kzDQXSGGomg.005,0.7570093,0.71875,0.6813187,0.69902915,0.76666665,0.6286495,0.66158915,0.6078522,0.6361116,0.71228415,0.12835980000000002,0.05716085000000004,0.0734665000000001,0.06291754999999999,0.0543825,0.07525744000000004,1584,1.8702003,28.994255,-11.395415,-8.661207,middle_80pct
l1V-DuJ-WgU.000,0.58878505,0.5729167,0.45054945,0.66019416,0.64444447,0.43293452,0.4212271,0.48758087,0.41587403,0.5485526,0.15585053000000004,0.15168959999999992,0.03703141999999998,0.24432012999999997,0.0958918700000001,0.13695671,1585,2.1416612,34.516396,-23.62393,-7.3291044,middle_80pct
l1V-DuJ-WgU.002,0.38317758,0.39583334,0.5714286,0.5825243,0.41111112,0.4513251,0.4387666,0.50615203,0.43583402,0.5561602,0.06814751999999996,0.04293326000000003,0.06527656999999998,0.14669028,0.14504908,0.093619342,1586,1.9958217,29.571245,-14.940594,-6.552009,middle_80pct
l1V-DuJ-WgU.003,0.6448598,0.5625,0.6813187,0.7184466,0.74444443,0.43729594,0.42574874,0.49023065,0.45937908,0.5561628,0.20756386,0.13675125999999999,0.19108805000000006,0.25906752000000005,0.1882816300000001,0.19655046400000004,1587,2.087913,33.310978,-23.6988,-9.219773,highest_error_10pct
l1V-DuJ-WgU.004,0.5607477,0.5520833,0.5604396,0.60194176,0.6888889,0.46749863,0.44128686,0.48728868,0.40441862,0.5625911,0.09324906999999993,0.11079644000000005,0.07315092000000006,0.19752313999999999,0.12629780000000002,0.12020347400000002,1588,2.2395852,35.895313,-27.359335,-9.057864,middle_80pct
lAJWoIcgXlU.000,0.69158876,0.6145833,0.50549453,0.7669903,0.75555557,0.5591559,0.5884222,0.55725825,0.5924339,0.6261211,0.13243285999999999,0.026161100000000048,0.05176371999999996,0.17455640000000006,0.12943446999999997,0.10286971,1589,2.0662894,23.74637,5.992197,-1.9211986,middle_80pct
lAJWoIcgXlU.001,0.7943925,0.7291667,0.5934066,0.6893204,0.76666665,0.5610802,0.61913383,0.57035804,0.6052034,0.6568304,0.23331229999999992,0.11003286999999995,0.023048559999999996,0.08411700000000011,0.10983624999999997,0.11206939599999999,1590,2.0003533,22.310566,4.393215,-2.8660727,middle_80pct
lAJWoIcgXlU.003,0.682243,0.6979167,0.42857143,0.6699029,0.65555555,0.5752858,0.6034981,0.5778834,0.59073126,0.6653744,0.10695720000000009,0.09441859999999991,0.14931197000000007,0.07917163999999999,0.009818850000000046,0.08793565200000002,1591,1.9686233,25.407362,3.633629,-3.538651,middle_80pct
lCWWjATDrRM.003,0.5420561,0.5833333,0.45054945,0.70873785,0.7777778,0.5629464,0.6128088,0.62090904,0.6776996,0.692874,0.020890299999999917,0.029475499999999988,0.17035959,0.031038250000000045,0.08490379999999997,0.06733348799999998,1592,2.1453843,24.106056,4.744828,-5.009493,middle_80pct
lKePJbjYiy0.000,0.635514,0.6875,0.61538464,0.6796116,0.84444445,0.62407833,0.6488476,0.63812774,0.64570504,0.72482735,0.011435670000000009,0.03865240000000003,0.022743100000000016,0.03390656000000003,0.11961710000000003,0.045270966000000024,1593,2.0409038,20.704443,3.126054,-3.5686216,middle_80pct
lKePJbjYiy0.002,0.8317757,0.8020833,0.9010989,0.8640777,0.74444443,0.5777458,0.6403035,0.62059534,0.66336256,0.67960817,0.25402990000000003,0.16177980000000003,0.28050356,0.2007151399999999,0.06483626000000009,0.192372932,1594,2.160793,27.219105,7.820785,-1.6919262,highest_error_10pct
lKePJbjYiy0.004,0.7009346,0.6770833,0.63736266,0.69902915,0.7111111,0.55851233,0.5923725,0.5902761,0.5978495,0.6580538,0.14242226999999996,0.08471080000000009,0.04708656,0.10117964999999995,0.053057299999999974,0.08569131599999999,1595,1.8627571,20.433287,-0.48121855,-3.704348,middle_80pct
lLWOcztaIBI.000,0.60747665,0.71875,0.6593407,0.6893204,0.6666667,0.52114433,0.632773,0.6547391,0.6871727,0.6083959,0.0863323199999999,0.08597699999999997,0.0046015999999999835,0.0021477000000000857,0.058270799999999956,0.04746588399999998,1596,2.0008118,23.417484,9.651878,2.3693643,middle_80pct
lLWOcztaIBI.001,0.47663552,0.6354167,0.43956044,0.6893204,0.5222222,0.5349336,0.61827326,0.6454624,0.6563455,0.5915778,0.05829808000000003,0.0171434399999999,0.20590196,0.03297490000000003,0.06935560000000007,0.07673479600000001,1597,1.9012735,24.089716,8.412104,2.3237314,middle_80pct
lLWOcztaIBI.002,0.47663552,0.6458333,0.53846157,0.5533981,0.64444447,0.47043586,0.6036842,0.6383679,0.6832837,0.58574295,0.006199659999999996,0.04214910000000005,0.09990633000000004,0.12988560000000005,0.05870152000000006,0.06736844200000004,1598,1.9348048,22.560833,9.254503,4.1075106,middle_80pct
lLWOcztaIBI.003,0.48598132,0.6875,0.4945055,0.66019416,0.73333335,0.48542434,0.58458585,0.61925185,0.6684831,0.57774055,0.0005569799999999847,0.10291415000000004,0.12474635000000006,0.008288940000000022,0.15559279999999998,0.07841984400000002,1599,2.0272355,23.191145,7.3685927,2.493052,middle_80pct
lLWOcztaIBI.004,0.5794392,0.8333333,0.74725276,0.8252427,0.7111111,0.45252216,0.5709486,0.6301955,0.6790452,0.54661703,0.12691704000000004,0.2623847,0.11705725999999994,0.14619749999999998,0.16449407000000005,0.163410114,1600,1.9840281,23.061176,8.094311,1.4758328,middle_80pct
lLWOcztaIBI.005,0.47663552,0.7083333,0.6593407,0.66019416,0.5222222,0.48651835,0.57467735,0.6055014,0.65425766,0.5619693,0.009882830000000009,0.13365595000000008,0.053839300000000034,0.005936500000000011,0.039747100000000035,0.048612336000000034,1601,2.0448053,23.70751,6.6010857,2.3439212,middle_80pct
lNG_XdqMf0g.001,0.72897196,0.6770833,0.71428573,0.69902915,0.7222222,0.6185964,0.6344893,0.62436736,0.6236046,0.69085646,0.11037555999999993,0.04259400000000002,0.08991836999999991,0.07542455000000003,0.03136574000000003,0.06993564399999999,1602,1.9145453,20.627293,3.3439317,-5.362679,middle_80pct
lNG_XdqMf0g.004,0.69158876,0.7916667,0.7032967,0.6407767,0.64444447,0.49182284,0.5495855,0.53346676,0.51965356,0.61760694,0.19976592000000004,0.2420812,0.16982993999999996,0.12112314000000002,0.02683753,0.151927546,1603,1.9899796,22.659092,0.21632321,-3.8305202,middle_80pct
liRQoL7SsPw.001,0.69158876,0.6979167,0.73626375,0.65048546,0.6666667,0.5300728,0.49484494,0.54750526,0.47762945,0.55841243,0.16151596000000001,0.20307175999999993,0.18875849,0.17285600999999995,0.10825426999999999,0.16689129799999997,1604,2.1414587,28.687498,1.5743468,-2.5033367,middle_80pct
liRQoL7SsPw.003,0.49532712,0.4375,0.43956044,0.3592233,0.51111114,0.53611827,0.5228756,0.56403846,0.5252706,0.5753023,0.04079115,0.0853756,0.12447802000000002,0.1660473,0.06419116000000002,0.096176646,1605,2.0085723,21.747803,3.062271,-0.45328203,middle_80pct
liRQoL7SsPw.005,0.5981308,0.6666667,0.62637365,0.5048544,0.65555555,0.56159467,0.5742483,0.5746216,0.550245,0.6100978,0.03653613,0.0924183999999999,0.05175205000000005,0.04539059999999995,0.04545774999999996,0.05431098599999997,1606,1.9192712,20.86398,2.2544894,-4.1292515,middle_80pct
ll_chn4R32Y.000,0.43925235,0.375,0.62637365,0.4854369,0.5222222,0.4457233,0.46589416,0.50818866,0.40997964,0.5397711,0.006470949999999975,0.09089416,0.11818499000000005,0.07545726000000003,0.01754889999999998,0.06171125200000001,1607,2.0761743,22.246714,-5.8230724,-3.4510794,middle_80pct
lyZZSU1ziCQ.000,0.44859812,0.375,0.5604396,0.5533981,0.44444445,0.40627724,0.48607042,0.5358471,0.48882428,0.47387594,0.042320880000000005,0.11107042,0.024592500000000017,0.06457382,0.029431490000000005,0.054397822000000005,1608,1.9991307,24.167477,1.300361,1.2587073,middle_80pct
lyZZSU1ziCQ.001,0.6635514,0.6041667,0.6593407,0.5825243,0.6666667,0.45374826,0.5030035,0.55419356,0.4808885,0.5243838,0.20980314,0.1011631999999999,0.10514714000000003,0.1016358,0.1422829,0.13200643599999998,1609,2.0089657,27.035727,-0.58443624,3.068574,middle_80pct
lyZZSU1ziCQ.002,0.44859812,0.39583334,0.51648355,0.61165047,0.34444445,0.33475548,0.4195324,0.49605083,0.4578123,0.44343156,0.11384264,0.02369906000000005,0.020432720000000015,0.15383816999999994,0.09898710999999999,0.08215994,1610,2.1591804,29.699348,-0.5912664,5.580307,middle_80pct
lyZZSU1ziCQ.003,0.3271028,0.5104167,0.4065934,0.6893204,0.2888889,0.34225062,0.43079764,0.5030964,0.52193886,0.44761956,0.015147819999999979,0.07961905999999996,0.096503,0.16738154000000005,0.15873066000000002,0.10347641599999999,1611,1.9224998,25.114605,1.984758,-2.075772,middle_80pct
lyZZSU1ziCQ.004,0.5794392,0.6770833,0.61538464,0.61165047,0.65555555,0.4081608,0.48419732,0.5434735,0.5535749,0.47177303,0.17127840000000005,0.19288598000000007,0.07191113999999998,0.058075569999999965,0.18378252,0.13558672200000002,1612,1.9279686,26.506603,1.4136606,-1.7178142,middle_80pct
lyZZSU1ziCQ.005,0.42990655,0.5,0.61538464,0.5436893,0.5,0.37739107,0.46011114,0.5360979,0.52978253,0.48914477,0.05251548,0.039888860000000026,0.07928674000000002,0.013906770000000068,0.010855229999999993,0.03929061600000002,1613,2.097291,31.383,-4.7126503,7.7863894,lowest_error_10pct
m04e9ylCoK0.000,0.35514018,0.30208334,0.20879121,0.27184466,0.42222223,0.4291722,0.4744785,0.5103002,0.45483202,0.5723922,0.07403201999999998,0.17239516000000005,0.30150899,0.18298736,0.15016997000000004,0.17621870000000003,1614,2.1373036,30.438316,1.7437887,16.038162,middle_80pct
m04e9ylCoK0.002,0.42056075,0.59375,0.53846157,0.592233,0.6111111,0.38183802,0.44038963,0.50620663,0.4975072,0.50222397,0.03872272999999998,0.15336037000000002,0.032254939999999954,0.09472580000000003,0.10888713000000005,0.08559019400000001,1615,2.0307512,32.801373,8.697097,6.670227,middle_80pct
m04e9ylCoK0.003,0.36448598,0.44791666,0.35164836,0.4854369,0.46666667,0.4697648,0.52951944,0.5554947,0.5611813,0.5364327,0.10527882,0.08160277999999993,0.20384634000000001,0.07574439999999999,0.06976602999999998,0.10724767399999999,1616,2.0348086,24.22703,10.6783905,0.94075567,middle_80pct
m04e9ylCoK0.004,0.2897196,0.27083334,0.3956044,0.34951457,0.46666667,0.42457312,0.44448036,0.49440387,0.44972417,0.50101215,0.13485352,0.17364702000000004,0.09879947,0.10020959999999995,0.034345479999999984,0.10837101800000001,1617,2.3183312,38.631516,-5.4381533,28.64698,middle_80pct
m2uxFfpb5xU.000,0.37383178,0.32291666,0.61538464,0.6699029,0.4888889,0.5467143,0.6052889,0.6250385,0.6610514,0.6404891,0.17288251999999998,0.28237224,0.009653860000000014,0.008851500000000012,0.15160020000000002,0.12507206399999998,1618,1.9400604,25.40773,2.9382849,-1.7113985,middle_80pct
m2uxFfpb5xU.001,0.55140185,0.44791666,0.74725276,0.6213592,0.6,0.53774995,0.5993879,0.6290758,0.61052483,0.63075906,0.013651899999999939,0.15147123999999995,0.11817696,0.010834369999999982,0.03075906000000006,0.06497870599999998,1619,1.9504312,23.62571,3.844624,-1.6831775,middle_80pct
m2uxFfpb5xU.002,0.34579438,0.30208334,0.46153846,0.5533981,0.4888889,0.4770799,0.54586965,0.6016419,0.6407925,0.57914484,0.13128552,0.24378631,0.14010343999999997,0.08739439999999998,0.09025593999999998,0.13856512199999999,1620,1.9992788,24.813768,3.820867,-1.2784841,middle_80pct
m2uxFfpb5xU.003,0.21495327,0.30208334,0.4065934,0.5048544,0.37777779,0.50940275,0.607122,0.6422118,0.6572157,0.61752266,0.29444948000000004,0.3050386600000001,0.2356184,0.15236129999999992,0.23974487,0.24544254199999999,1621,1.9146615,26.528244,3.6916637,-0.47461218,highest_error_10pct
m2uxFfpb5xU.004,0.5233645,0.5625,0.63736266,0.7184466,0.51111114,0.5214647,0.57420576,0.59360445,0.6437463,0.6291948,0.001899800000000007,0.01170576000000001,0.04375821000000002,0.07470030000000005,0.11808366000000003,0.05002954600000002,1622,2.0324275,23.347094,4.5788794,-1.065661,middle_80pct
m2uxFfpb5xU.005,0.43925235,0.5208333,0.46153846,0.7378641,0.56666666,0.4569121,0.5367176,0.56363314,0.62017876,0.5561183,0.017659749999999974,0.015884299999999962,0.10209468,0.11768533999999997,0.010548360000000034,0.05277448599999999,1623,1.8826412,29.673677,3.0546846,-2.128672,middle_80pct
m536hegSuKI.002,0.5794392,0.65625,0.51648355,0.592233,0.7888889,0.57777625,0.54975826,0.55908585,0.49436748,0.6385843,0.0016629500000000519,0.10649173999999995,0.04260229999999998,0.09786551999999998,0.1503046,0.079785422,1624,2.0236025,28.227472,-13.246689,-8.131917,middle_80pct
m536hegSuKI.004,0.62616825,0.59375,0.3956044,0.46601942,0.62222224,0.53074247,0.5009397,0.4932637,0.4478941,0.60135084,0.09542578000000002,0.09281030000000001,0.0976593,0.01812532,0.020871399999999984,0.06497842000000001,1625,2.4268482,42.648193,-29.896082,-9.103927,middle_80pct
m7zdWVDT-34.000,0.6635514,0.6145833,0.7032967,0.6407767,0.7111111,0.59024096,0.69260895,0.67370045,0.7899003,0.6650864,0.07331043999999998,0.07802564999999995,0.02959624999999999,0.14912360000000002,0.04602470000000003,0.075216128,1626,2.0724375,26.565878,9.464872,-0.038722456,middle_80pct
m7zdWVDT-34.001,0.6168224,0.53125,0.61538464,0.7184466,0.6666667,0.59135664,0.66996217,0.6582045,0.6923418,0.6681298,0.025465760000000004,0.13871217000000002,0.04281985999999993,0.02610480000000004,0.0014631000000000505,0.04691313800000001,1627,1.9601681,24.965971,7.056407,-2.0219843,middle_80pct
m7zdWVDT-34.002,0.7009346,0.7291667,0.7582418,0.8252427,0.7222222,0.56559813,0.65341854,0.6355991,0.6794467,0.62749135,0.13533646999999993,0.07574815999999995,0.1226427,0.14579600000000004,0.09473085000000003,0.11485083599999998,1628,1.9083406,24.820723,7.355452,-1.278939,middle_80pct
m7zdWVDT-34.003,0.57009345,0.6354167,0.53846157,0.60194176,0.62222224,0.61643195,0.7164929,0.670709,0.708622,0.6774456,0.04633849999999995,0.08107620000000004,0.13224743000000005,0.10668023999999998,0.055223359999999944,0.08431314599999999,1629,2.0345995,24.614788,8.782067,-1.5593752,middle_80pct
m7zdWVDT-34.004,0.6542056,0.6979167,0.6813187,0.74757284,0.82222223,0.57172096,0.6581992,0.6308369,0.72431004,0.6500073,0.08248464000000011,0.03971749999999996,0.05048180000000002,0.023262800000000028,0.1722149300000001,0.07363233400000005,1630,1.939131,26.410707,6.8574543,-2.6624322,middle_80pct
m7zdWVDT-34.005,0.49532712,0.48958334,0.5824176,0.5436893,0.6666667,0.57313675,0.65277684,0.62896824,0.6466368,0.65646094,0.07780962999999996,0.16319350000000005,0.046550639999999976,0.10294749999999997,0.010205759999999953,0.08014140599999998,1631,1.9949253,25.473612,7.7324767,-2.295752,middle_80pct
mFz5Fbs97QA.000,0.47663552,0.38541666,0.36263737,0.3398058,0.43333334,0.4188273,0.4237429,0.5329794,0.49951243,0.50203454,0.057808219999999966,0.038326239999999956,0.17034202999999998,0.15970663000000002,0.06870120000000002,0.09897686399999998,1632,2.1023643,26.53163,0.6936993,0.19195333,middle_80pct
mFz5Fbs97QA.001,0.42990655,0.36458334,0.4065934,0.5825243,0.33333334,0.5156463,0.50004,0.5507233,0.5138926,0.5676097,0.08573975,0.13545666000000006,0.14412990000000003,0.06863169999999996,0.23427636000000002,0.13364687400000003,1633,2.0529284,21.980745,0.30093598,-1.033216,middle_80pct
mFz5Fbs97QA.002,0.38317758,0.41666666,0.42857143,0.41747573,0.34444445,0.4672257,0.4613391,0.5016701,0.4755374,0.5284613,0.08404812,0.04467243999999998,0.07309867000000003,0.05806167000000001,0.18401685,0.08877955000000001,1634,2.1995325,25.40852,1.1618329,1.5391803,middle_80pct
mFz5Fbs97QA.003,0.36448598,0.28125,0.35164836,0.37864077,0.4,0.3584179,0.3651762,0.42750314,0.3920142,0.44287363,0.006068079999999976,0.0839262,0.07585478000000001,0.013373429999999964,0.042873629999999996,0.04441922399999999,1635,2.1990092,31.465977,-3.4075944,9.260254,middle_80pct
mFz5Fbs97QA.004,0.44859812,0.34375,0.4945055,0.37864077,0.43333334,0.4311331,0.4714466,0.5092236,0.5173673,0.5333442,0.017465019999999998,0.1276966,0.014718100000000012,0.13872652999999996,0.10001086000000003,0.079723422,1636,2.022925,22.901861,-1.1900963,-0.4440713,middle_80pct
mFz5Fbs97QA.005,0.38317758,0.42708334,0.5494506,0.49514562,0.42222223,0.4952072,0.4894087,0.5276928,0.46019718,0.5365124,0.11202962,0.062325359999999996,0.02175780000000005,0.034948440000000025,0.11429017000000002,0.06907027800000001,1637,2.088055,30.490278,-9.179437,3.9212627,middle_80pct
mIcktEhNxRo.003,0.5794392,0.53125,0.61538464,0.4563107,0.65555555,0.44427973,0.40170044,0.41534147,0.35565734,0.5002881,0.13515947000000006,0.12954956,0.20004317000000005,0.10065336000000003,0.15526744999999997,0.144134602,1638,2.3245137,44.986813,-30.286602,-0.5494537,middle_80pct
mMNjlGNWsZA.000,0.20560747,0.13541667,0.15384616,0.29126215,0.17777778,0.36446214,0.38201973,0.4632675,0.39840728,0.4512465,0.15885467,0.24660306,0.30942134,0.10714512999999998,0.27346872,0.21909858399999999,1639,2.2358263,32.44032,-1.3297051,8.225572,highest_error_10pct
mMNjlGNWsZA.001,0.20560747,0.23958333,0.18681319,0.3398058,0.2888889,0.41738862,0.45943183,0.5042974,0.4634992,0.4941063,0.21178115,0.21984849999999997,0.31748421000000004,0.12369340000000001,0.2052174,0.21560493200000003,1640,2.1507225,28.952278,2.5455484,1.8777456,highest_error_10pct
mXaI17Dx7u0.000,0.27102804,0.40625,0.3846154,0.407767,0.5555556,0.38219362,0.38856274,0.45774287,0.44135416,0.4688405,0.11116557999999999,0.017687259999999982,0.07312747000000003,0.033587160000000005,0.08671510000000004,0.064456514,1641,2.0660424,22.125103,-1.3749334,0.7074043,middle_80pct
mXaI17Dx7u0.001,0.18691589,0.3125,0.2967033,0.3592233,0.46666667,0.34515047,0.32511288,0.39683723,0.37289214,0.44760755,0.15823457999999999,0.012612879999999993,0.10013392999999998,0.01366883999999996,0.019059119999999985,0.06074186999999999,1642,2.0789893,29.369738,-10.275532,1.9227954,middle_80pct
mXaI17Dx7u0.002,0.317757,0.36458334,0.4945055,0.26213592,0.5888889,0.49674925,0.4789236,0.48578954,0.442574,0.56226796,0.17899224999999996,0.11434026000000003,0.008715959999999967,0.18043808,0.026620940000000037,0.101821498,1643,2.0271392,25.976225,-10.148395,-3.1611185,middle_80pct
mXaI17Dx7u0.003,0.19626169,0.14583333,0.32967034,0.2524272,0.42222223,0.32157868,0.3019746,0.40290698,0.37158853,0.39461607,0.12531699000000002,0.15614126999999997,0.07323664000000002,0.11916132999999995,0.02760615999999999,0.10029247799999999,1644,2.2203352,34.305454,-12.668833,19.91823,middle_80pct
mXaI17Dx7u0.004,0.27102804,0.4375,0.47252747,0.34951457,0.65555555,0.48061693,0.48813996,0.5055117,0.45286566,0.5567163,0.20958888999999997,0.050639959999999984,0.03298423,0.10335108999999998,0.09883924999999993,0.09908068399999997,1645,2.0330918,22.797531,-6.1917353,0.7602151,middle_80pct
me9kzWYVEoI.001,0.62616825,0.6458333,0.5934066,0.5631068,0.8333333,0.330055,0.3210631,0.3371743,0.3097401,0.48279738,0.29611325,0.32477020000000006,0.2562323,0.2533667,0.35053592000000006,0.296203674,1646,2.3580465,48.414745,-26.137138,-3.2041602,highest_error_10pct
mf0LqiLJYr0.001,0.35514018,0.32291666,0.47252747,0.2815534,0.45555556,0.46628287,0.45109674,0.48075026,0.42656726,0.5478497,0.11114268999999999,0.12818007999999997,0.00822278999999998,0.14501386,0.09229413999999997,0.09697071199999999,1647,1.9758022,27.872652,-13.711073,-1.9925063,middle_80pct
mhvkJjOAjYI.001,0.5233645,0.7604167,0.5934066,0.4563107,0.7888889,0.51997536,0.5277258,0.5872682,0.5373828,0.58170944,0.0033891400000000127,0.23269089999999992,0.006138399999999988,0.08107210000000004,0.20717945999999998,0.106094,1648,1.8856912,21.752586,4.2834,0.0023303623,middle_80pct
mhvkJjOAjYI.004,0.6168224,0.5625,0.6703297,0.6699029,0.7,0.42118645,0.40961882,0.48960668,0.46982032,0.51090056,0.19563595,0.15288118,0.18072302,0.20008257999999995,0.18909944,0.183684434,1649,2.0919788,27.998608,-0.4596731,13.466366,highest_error_10pct
mhvkJjOAjYI.005,0.58878505,0.44791666,0.43956044,0.5048544,0.6,0.4897627,0.48164418,0.52528775,0.48885545,0.5906881,0.09902235000000004,0.033727519999999955,0.08572731000000006,0.015998950000000012,0.009311899999999929,0.048757605999999995,1650,2.1753814,26.610506,5.124649,2.5919948,middle_80pct
mkJjaOADfj4.000,0.57009345,0.7604167,0.47252747,0.61165047,0.5777778,0.6580639,0.68144006,0.6434447,0.61160475,0.7411926,0.08797045000000003,0.07897663999999993,0.17091722999999998,4.571999999991583e-05,0.16341479999999997,0.10026496799999998,1651,1.9014708,22.428772,-4.3391485,-8.825731,middle_80pct
mkJjaOADfj4.001,0.72897196,0.6770833,0.6923077,0.6796116,0.62222224,0.62235534,0.64099085,0.6038062,0.5871942,0.7031628,0.10661661999999994,0.036092450000000054,0.08850150000000001,0.09241739999999998,0.08094055999999994,0.08091370599999999,1652,1.8765147,25.351702,-8.762886,-10.723298,middle_80pct
mkJjaOADfj4.002,0.78504676,0.8125,0.8131868,0.69902915,0.8333333,0.6523206,0.69063413,0.6426542,0.6696391,0.7456523,0.13272615999999993,0.12186587000000004,0.17053260000000003,0.029390049999999945,0.08768100000000001,0.10843913599999999,1653,1.8697973,25.49644,-0.8495992,-7.682924,middle_80pct
mkJjaOADfj4.003,0.6542056,0.8125,0.64835167,0.74757284,0.76666665,0.6846436,0.7152877,0.6232303,0.684257,0.7705653,0.030437999999999965,0.09721230000000003,0.02512137000000003,0.06331584000000001,0.0038986500000000035,0.04399723200000001,1654,1.909881,26.884993,-2.2954683,-10.468681,lowest_error_10pct
mkJjaOADfj4.005,0.8037383,0.6875,0.5714286,0.5825243,0.6333333,0.672644,0.71570015,0.6213363,0.63648427,0.75344276,0.1310943,0.02820014999999998,0.0499077,0.05395996999999997,0.12010946,0.07665431599999999,1655,1.97247,24.62638,-4.6050544,-8.756985,middle_80pct
mlXZQ8dO0nQ.000,0.5420561,0.6875,0.6043956,0.70873785,0.5555556,0.6210998,0.6494991,0.6011814,0.63978356,0.68825775,0.07904369999999994,0.038000900000000004,0.003214200000000056,0.06895428999999997,0.13270214999999996,0.06438304799999998,1656,1.9809394,25.250713,0.8751394,-8.216555,middle_80pct
mlXZQ8dO0nQ.001,0.72897196,0.5,0.61538464,0.57281554,0.67777777,0.58120906,0.5897676,0.56022334,0.5934277,0.63125205,0.14776289999999992,0.08976759999999995,0.05516130000000008,0.02061215999999999,0.04652571999999999,0.07196593599999998,1657,2.0452502,24.042534,0.98110974,-5.213816,middle_80pct
mlXZQ8dO0nQ.002,0.7943925,0.6875,0.62637365,0.70873785,0.96666664,0.62277424,0.6325656,0.5844446,0.61293143,0.68331337,0.1716182599999999,0.05493440000000005,0.04192905000000002,0.09580641999999995,0.28335327,0.12952828,1658,1.9709182,27.859646,-3.0631957,-8.123688,middle_80pct
mlXZQ8dO0nQ.004,0.6168224,0.7604167,0.5604396,0.5533981,0.62222224,0.63536406,0.6178621,0.567655,0.5466899,0.69827384,0.018541660000000015,0.14255459999999998,0.007215399999999983,0.006708200000000053,0.0760516,0.05021429200000001,1659,1.9246477,24.672264,-5.24844,-9.155354,middle_80pct
mlXZQ8dO0nQ.005,0.57009345,0.53125,0.46153846,0.5825243,0.6888889,0.56487864,0.57868004,0.5499793,0.5631007,0.6276915,0.005214810000000014,0.04743003999999995,0.08844083999999997,0.019423599999999985,0.06119740000000007,0.044341337999999994,1660,2.032673,27.202362,-0.9369399,-6.7288346,middle_80pct
myhEW1aZRg4.000,0.7757009,0.7083333,0.6813187,0.70873785,0.85555553,0.5876746,0.6487138,0.62616163,0.6367043,0.6665763,0.18802629999999998,0.05961950000000005,0.05515707000000003,0.07203355,0.18897922999999994,0.11276313,1661,1.9244422,23.7914,3.5143645,-1.2996898,middle_80pct
n0acEDmc0mA.000,0.47663552,0.6145833,0.6593407,0.66019416,0.56666666,0.4862872,0.55592763,0.6267246,0.58451986,0.5698943,0.009651679999999996,0.05865567000000005,0.03261610000000004,0.07567429999999997,0.003227639999999976,0.035965078000000004,1662,1.975595,21.83481,7.576598,-0.8357099,lowest_error_10pct
n0acEDmc0mA.001,0.682243,0.71875,0.72527474,0.74757284,0.62222224,0.45086515,0.53484553,0.5875176,0.53156745,0.5450523,0.23137785000000005,0.18390447,0.13775714000000006,0.21600538999999996,0.07716993999999999,0.16924295800000003,1663,1.8972325,23.312254,6.7259626,2.1582007,middle_80pct
n0acEDmc0mA.004,0.7383177,0.6770833,0.83516484,0.52427185,0.7222222,0.4976751,0.56262916,0.5999381,0.5404862,0.613447,0.24064259999999998,0.11445414000000009,0.23522674,0.016214350000000044,0.10877520000000007,0.14306260600000004,1664,1.8388034,21.378233,7.418214,-0.31647968,middle_80pct
n6JNJurop2U.000,0.62616825,0.6458333,0.5934066,0.6796116,0.56666666,0.45622104,0.47586426,0.52090496,0.48151374,0.51676846,0.16994720999999996,0.16996904000000007,0.07250164000000003,0.19809785999999996,0.049898200000000004,0.13208279,1665,1.9686431,22.595789,6.6307516,1.1513929,middle_80pct
n6JNJurop2U.001,0.72897196,0.65625,0.6593407,0.66019416,0.8888889,0.56827563,0.5368024,0.5564619,0.49727324,0.59746784,0.16069632999999994,0.11944759999999999,0.10287880000000005,0.16292091999999997,0.29142106,0.16747294199999999,1666,2.0759447,26.343843,-6.6427875,-4.5832386,middle_80pct
n6JNJurop2U.003,0.78504676,0.6770833,0.7582418,0.63106793,0.6666667,0.4535557,0.4688854,0.5172742,0.48896715,0.5200253,0.33149105999999995,0.20819790000000005,0.24096759999999995,0.14210078000000004,0.14664139999999992,0.213879748,1667,2.1842043,23.551735,7.436488,3.6509333,highest_error_10pct
n6JNJurop2U.005,0.5981308,0.5104167,0.6923077,0.52427185,0.5888889,0.46936238,0.49540207,0.5327295,0.49621308,0.5229281,0.12876841999999994,0.015014629999999918,0.1595782,0.02805877000000001,0.06596080000000004,0.07947616399999999,1668,2.0596864,24.494823,2.5585418,4.3313484,middle_80pct
n9eruV15f3o.003,0.3364486,0.45833334,0.5494506,0.60194176,0.46666667,0.35745683,0.41763836,0.54348546,0.51998657,0.48406038,0.021008230000000017,0.04069497999999999,0.005965140000000035,0.08195518999999996,0.017393710000000007,0.03340345,1669,2.097348,31.07303,5.4105644,5.707454,lowest_error_10pct
nB-fPmvZg3U.003,0.42990655,0.59375,0.51648355,0.4854369,0.64444447,0.48803714,0.5399042,0.56390375,0.4651003,0.571462,0.05813058999999998,0.053845800000000055,0.04742020000000002,0.020336599999999982,0.07298247000000002,0.05054313200000001,1670,1.9714469,24.522892,-5.8728924,-3.2261567,middle_80pct
nB-fPmvZg3U.004,0.46728972,0.5,0.6593407,0.5048544,0.64444447,0.42636594,0.4642394,0.49789134,0.43544346,0.5052997,0.04092378000000002,0.035760599999999976,0.16144936,0.06941094000000003,0.13914477000000003,0.08933789,1671,2.1164486,29.830887,-11.753637,-2.6618946,middle_80pct
nB-fPmvZg3U.005,0.39252338,0.4375,0.48351648,0.3883495,0.56666666,0.4300151,0.4922834,0.5224279,0.4715584,0.530835,0.037491720000000006,0.05478339999999998,0.03891141999999992,0.08320889999999997,0.03583166000000004,0.050045419999999986,1672,2.071537,24.804052,-4.144187,-2.3368468,middle_80pct
nClvfVFYzbM.000,0.37383178,0.5208333,0.6813187,0.70873785,0.5222222,0.47129345,0.56624466,0.602388,0.5794706,0.5770999,0.09746167,0.0454113599999999,0.07893070000000002,0.12926725000000006,0.05487770000000003,0.081189736,1673,1.9379691,22.28822,4.273292,-2.50015,middle_80pct
nClvfVFYzbM.002,0.35514018,0.375,0.47252747,0.5825243,0.41111112,0.42242283,0.4572971,0.5282785,0.4408469,0.5339042,0.06728265,0.08229710000000001,0.05575102999999998,0.1416774,0.12279308000000005,0.09396025200000001,1674,1.9087877,22.819332,2.5245738,-0.21967185,middle_80pct
nClvfVFYzbM.003,0.27102804,0.375,0.48351648,0.5145631,0.41111112,0.42313558,0.5118327,0.5523852,0.5175182,0.51732403,0.15210753999999999,0.13683270000000003,0.06886872,0.0029550999999999883,0.10621291000000005,0.093395394,1675,1.9274966,24.097721,5.6648245,-2.4981809,middle_80pct
nClvfVFYzbM.005,0.3364486,0.4375,0.5824176,0.5145631,0.4888889,0.38258976,0.43287894,0.5074871,0.42399642,0.47970924,0.046141160000000014,0.00462106000000001,0.07493050000000001,0.09056668000000007,0.009179660000000034,0.045087812000000026,1676,2.019488,25.306185,1.3938488,0.3106704,middle_80pct
nDcl8Jo2tYg.002,0.53271025,0.7291667,0.71428573,0.80582523,0.85555553,0.54864347,0.5928673,0.63524693,0.6142709,0.6429385,0.01593321999999997,0.13629939999999996,0.07903879999999996,0.19155433,0.21261702999999998,0.12708855599999996,1677,1.952957,21.200548,0.23594616,-4.213618,middle_80pct
nIwFocnmRFY.000,0.24299066,0.3125,0.3846154,0.4368932,0.44444445,0.5017721,0.5660211,0.556715,0.53423655,0.5866632,0.25878144000000003,0.25352110000000005,0.17209959999999996,0.09734335000000005,0.14221875000000006,0.184792848,1678,1.9070069,26.287804,3.886928,-1.7553284,highest_error_10pct
nIwFocnmRFY.003,0.42990655,0.45833334,0.5934066,0.39805827,0.54444444,0.44274202,0.50015277,0.53434885,0.48268884,0.5306076,0.012835470000000015,0.041819430000000046,0.05905775000000002,0.08463057000000002,0.013836840000000072,0.04243601200000004,1679,1.9571246,28.617826,2.4072015,-2.332703,lowest_error_10pct
nIwFocnmRFY.005,0.55140185,0.5833333,0.6923077,0.6213592,0.6333333,0.45345762,0.5079993,0.53838503,0.49709183,0.5225502,0.09794422999999997,0.07533400000000001,0.15392266999999993,0.12426736999999999,0.11078310000000002,0.11245027399999999,1680,2.029063,26.027287,5.1894264,-0.16958183,middle_80pct
nOFHZ_s7Et4.000,0.60747665,0.5625,0.62637365,0.5339806,0.51111114,0.44501275,0.4578157,0.48954976,0.4613758,0.54189324,0.16246389999999994,0.10468430000000001,0.13682389,0.07260480000000002,0.030782100000000034,0.10147179799999999,1681,2.2944896,34.707687,-3.251125,19.315355,middle_80pct
nOFHZ_s7Et4.001,0.6542056,0.7291667,0.5494506,0.5339806,0.6888889,0.5183696,0.5211148,0.50077987,0.4614146,0.5896448,0.13583600000000007,0.20805189999999996,0.048670729999999995,0.07256600000000002,0.09924410000000006,0.11287374600000002,1682,2.0005553,25.091375,2.3206456,2.8840475,middle_80pct
nOFHZ_s7Et4.004,0.37383178,0.41666666,0.6043956,0.47572815,0.4888889,0.41941747,0.43677694,0.47598612,0.4559331,0.5159047,0.04558569000000001,0.02011027999999998,0.12840948000000002,0.019795050000000036,0.02701579999999998,0.048183260000000006,1683,2.1156027,25.486362,4.8290772,3.4979024,middle_80pct
nOFHZ_s7Et4.005,0.6168224,0.65625,0.6923077,0.4563107,0.6333333,0.46358627,0.48681092,0.52911186,0.49887857,0.53561944,0.15323612999999997,0.16943908000000002,0.16319583999999998,0.04256787000000001,0.09771386000000004,0.125230556,1684,1.981113,21.830778,5.1989236,0.32374325,middle_80pct
nfN9qJSVank.000,0.38317758,0.375,0.46153846,0.5145631,0.51111114,0.5167824,0.5286997,0.58100307,0.5348312,0.62302834,0.13360481999999996,0.1536997,0.11946460999999997,0.0202680999999999,0.11191719999999994,0.10779088599999995,1685,1.9894956,21.59024,-0.8281454,-3.6855261,middle_80pct
nfN9qJSVank.002,0.42990655,0.47916666,0.46153846,0.44660193,0.37777779,0.51821774,0.48250097,0.5196711,0.43263185,0.607629,0.08831118999999998,0.0033343099999999515,0.05813264000000007,0.013970079999999996,0.22985120999999997,0.07871988599999999,1686,2.167077,26.523243,-1.5302168,1.2816994,middle_80pct
nfN9qJSVank.003,0.47663552,0.6666667,0.43956044,0.65048546,0.6,0.51641685,0.5260434,0.55641127,0.5090375,0.62065464,0.03978133000000006,0.1406232999999999,0.11685083000000002,0.14144795999999993,0.020654640000000057,0.09187161199999999,1687,2.049428,22.668505,-2.560326,-2.7242625,middle_80pct
nfN9qJSVank.004,0.28037384,0.34375,0.2747253,0.52427185,0.46666667,0.4750777,0.47389847,0.5020696,0.48310232,0.5341673,0.19470386,0.13014847000000002,0.2273443,0.04116953000000001,0.06750063,0.13217335800000002,1688,1.991294,25.29182,-0.21317865,-1.1969395,middle_80pct
nfN9qJSVank.005,0.34579438,0.38541666,0.41758242,0.42718446,0.5555556,0.48356766,0.49531534,0.55405116,0.5097451,0.5722103,0.13777328,0.10989867999999997,0.13646873999999998,0.08256063999999996,0.01665469999999991,0.09667120799999997,1689,2.1366003,22.419151,-0.66281444,-1.103776,middle_80pct
ng42eoHytOA.000,0.42990655,0.38541666,0.50549453,0.34951457,0.43333334,0.3412314,0.353042,0.44837242,0.40945032,0.45891386,0.08867514999999998,0.03237466,0.057122110000000004,0.059935749999999954,0.025580519999999995,0.05273763799999999,1690,2.173384,33.60058,1.1280683,7.3839293,middle_80pct
ng42eoHytOA.001,0.45794392,0.4375,0.41758242,0.34951457,0.42222223,0.363692,0.3809076,0.46026805,0.3834743,0.47508502,0.09425191999999999,0.05659239999999999,0.042685629999999974,0.033959729999999966,0.05286279000000005,0.05607049399999999,1691,2.131906,39.98053,2.3365862,22.83872,middle_80pct
ng42eoHytOA.002,0.24299066,0.4375,0.32967034,0.1553398,0.35555556,0.45295104,0.4254221,0.48121682,0.39029828,0.5234368,0.20996038000000003,0.012077899999999975,0.15154647999999998,0.23495848,0.16788124000000004,0.155284896,1692,2.1182609,27.423573,2.1467323,7.1150055,middle_80pct
ng42eoHytOA.003,0.3364486,0.35416666,0.4065934,0.30097088,0.3888889,0.4190929,0.43132505,0.5336272,0.47981766,0.507461,0.0826443,0.07715838999999997,0.12703379999999997,0.17884677999999998,0.11857210000000007,0.11685107399999999,1693,2.0628507,26.917482,6.9637403,10.888745,middle_80pct
ng42eoHytOA.004,0.3084112,0.29166666,0.5494506,0.29126215,0.47777778,0.3960954,0.3979725,0.459507,0.36141136,0.49333343,0.08768419999999999,0.10630583999999998,0.08994360000000001,0.07014921000000002,0.015555650000000032,0.07392770000000001,1694,2.0940077,29.19044,-1.9202609,11.520884,middle_80pct
ng42eoHytOA.005,0.20560747,0.3125,0.41758242,0.42718446,0.47777778,0.4317433,0.41591468,0.46970183,0.37908292,0.51710737,0.22613583,0.10341467999999998,0.05211940999999998,0.04810154,0.03932958999999997,0.09382020999999999,1695,2.0885513,29.728369,3.4905548,7.393184,middle_80pct
nmZRXxKPPuQ.000,0.46728972,0.5625,0.52747256,0.5339806,0.6666667,0.5213069,0.56197566,0.589381,0.57791144,0.5810468,0.05401718,0.000524340000000012,0.061908440000000065,0.04393084000000003,0.08561989999999997,0.04920014000000002,1696,1.8974771,24.028273,4.822762,-3.0186596,middle_80pct
nmZRXxKPPuQ.001,0.55140185,0.6354167,0.64835167,0.5048544,0.6666667,0.5327998,0.5635773,0.5870756,0.5776834,0.62425315,0.018602049999999926,0.0718394,0.061276070000000016,0.07282899999999992,0.04241354999999991,0.05339201399999995,1697,2.099012,22.872524,4.910885,-3.7089539,middle_80pct
nmZRXxKPPuQ.002,0.57009345,0.6354167,0.6043956,0.6893204,0.6666667,0.45419386,0.49175292,0.56076497,0.5066463,0.54070896,0.11589959,0.14366377999999996,0.043630630000000004,0.18267410000000006,0.12595773999999993,0.122365168,1698,1.9113933,23.476362,3.2637005,-0.8964382,middle_80pct
nmZRXxKPPuQ.004,0.2990654,0.46875,0.37362638,0.44660193,0.45555556,0.48880267,0.5427829,0.5907687,0.61489815,0.5864028,0.18973727,0.07403289999999996,0.21714232000000006,0.16829622000000005,0.13084723999999998,0.15601119000000002,1699,2.191372,23.190865,6.926226,0.047203667,middle_80pct
nmZRXxKPPuQ.005,0.28037384,0.5,0.5714286,0.592233,0.5777778,0.5004574,0.53208464,0.5681332,0.5718495,0.5968661,0.22008356000000007,0.03208464,0.0032953999999999484,0.0203835,0.019088299999999947,0.05898707999999999,1700,2.1850536,25.138783,6.108267,-3.0756187,middle_80pct
nndDX4RgU1w.000,0.43925235,0.5104167,0.6043956,0.4368932,0.5,0.5281154,0.5364877,0.57357657,0.52178687,0.6009111,0.08886305,0.026071000000000066,0.03081903000000008,0.08489367000000003,0.10091110000000003,0.06631157000000004,1701,1.9329786,21.461586,1.8942631,-0.9827315,middle_80pct
nndDX4RgU1w.001,0.42056075,0.5104167,0.48351648,0.3592233,0.44444445,0.56816256,0.5765544,0.5822375,0.54525703,0.6307942,0.14760181,0.06613770000000008,0.09872101999999994,0.18603373,0.18634974999999998,0.136968802,1702,1.9484358,20.401596,3.0044332,-0.27590013,middle_80pct
nndDX4RgU1w.002,0.42056075,0.48958334,0.50549453,0.3592233,0.54444444,0.48365673,0.54813653,0.57516223,0.5745822,0.5978631,0.06309598,0.05855318999999998,0.0696677,0.21535890000000002,0.05341865999999995,0.092018886,1703,2.1748314,25.612368,7.540168,0.61743385,middle_80pct
nndDX4RgU1w.003,0.41121495,0.42708334,0.50549453,0.4854369,0.5555556,0.5314978,0.5952062,0.61170995,0.5919072,0.6532046,0.12028285,0.16812286000000004,0.10621541999999995,0.10647029999999996,0.09764899999999999,0.119748086,1704,1.9785012,23.515944,5.247623,-0.76876163,middle_80pct
nndDX4RgU1w.004,0.71028036,0.7395833,0.8791209,0.60194176,0.6666667,0.5144061,0.5839472,0.59590375,0.58551884,0.62010074,0.19587426000000008,0.15563610000000005,0.28321715000000003,0.016422920000000008,0.046565959999999906,0.13954327800000002,1705,2.0173104,22.64793,5.8321557,-1.7090452,middle_80pct
nndDX4RgU1w.005,0.28037384,0.35416666,0.48351648,0.4563107,0.45555556,0.46965396,0.5028324,0.54376453,0.53645843,0.5630883,0.18928012,0.14866573999999994,0.06024805,0.08014773000000003,0.10753273999999996,0.11717487599999998,1706,1.9721599,20.421883,3.119793,0.42264983,middle_80pct
nvlqJbHk_Lc.000,0.35514018,0.36458334,0.42857143,0.37864077,0.44444445,0.49946156,0.49678153,0.5334664,0.5020158,0.5491944,0.14432138,0.13219819000000005,0.10489497000000003,0.12337503,0.10474994999999998,0.121907904,1707,2.067072,23.371881,-7.6274595,-1.5559115,middle_80pct
nvlqJbHk_Lc.001,0.42990655,0.41666666,0.48351648,0.33009708,0.62222224,0.5426081,0.4920327,0.56485593,0.50112385,0.6045197,0.11270155000000004,0.07536603999999997,0.08133944999999998,0.17102677000000005,0.017702540000000044,0.09162727000000001,1708,2.076737,27.739786,-6.391523,-7.4793234,middle_80pct
nvlqJbHk_Lc.003,0.22429906,0.53125,0.50549453,0.5436893,0.5777778,0.51475275,0.54865646,0.56334215,0.5699796,0.58974266,0.29045369,0.017406460000000012,0.05784761999999999,0.02629029999999999,0.011964859999999966,0.08079258599999999,1709,2.0095813,25.467894,-5.040288,-8.174004,middle_80pct
nvlqJbHk_Lc.005,0.53271025,0.53125,0.51648355,0.4854369,0.51111114,0.54320174,0.51420885,0.55099463,0.4664549,0.5809609,0.010491489999999937,0.01704114999999995,0.03451108000000003,0.018982,0.06984975999999998,0.030175095999999978,1710,2.0441935,25.41722,-8.592369,-5.890417,lowest_error_10pct
o5eCmKiomvo.000,0.3271028,0.4375,0.4065934,0.7378641,0.37777779,0.395724,0.46042514,0.52406716,0.5201914,0.49365628,0.0686212,0.02292514000000001,0.11747375999999998,0.21767270000000005,0.11587849,0.108514258,1711,2.118978,23.885593,7.8087626,2.5204582,middle_80pct
o5eCmKiomvo.001,0.39252338,0.5208333,0.4065934,0.6407767,0.46666667,0.4318251,0.49565238,0.5555988,0.55719477,0.51776296,0.03930172000000004,0.02518092000000005,0.14900539999999995,0.08358193000000003,0.05109628999999999,0.069633252,1712,1.9969144,20.368706,6.279479,1.784429,middle_80pct
o5eCmKiomvo.002,0.3084112,0.36458334,0.2857143,0.65048546,0.36666667,0.4599414,0.52246654,0.5696962,0.5902611,0.54188997,0.1515302,0.15788320000000006,0.2839819,0.06022435999999998,0.17522330000000008,0.16576859200000002,1713,2.1077895,24.353878,8.348953,3.1539686,middle_80pct
o5eCmKiomvo.003,0.28037384,0.48958334,0.32967034,0.60194176,0.4,0.41593313,0.4987107,0.52359504,0.58327717,0.5196442,0.13555929,0.009127360000000029,0.1939247,0.01866458999999998,0.11964419999999998,0.095384028,1714,2.1312406,25.750477,9.578156,-0.15224424,middle_80pct
o6JCQlOC3oE.000,0.42990655,0.36458334,0.6043956,0.26213592,0.6111111,0.32552207,0.41412362,0.472959,0.42478672,0.4100869,0.10438448,0.04954028000000005,0.13143660000000001,0.16265079999999998,0.20102420000000004,0.12980727200000003,1715,2.1780365,28.783625,4.472847,9.730045,middle_80pct
o6JCQlOC3oE.001,0.41121495,0.41666666,0.48351648,0.30097088,0.44444445,0.39381707,0.44875333,0.5018764,0.40755948,0.4914404,0.017397880000000032,0.032086669999999984,0.018359919999999974,0.10658859999999998,0.04699595000000001,0.044285804,1716,2.0301178,24.626862,1.9076593,4.39795,middle_80pct
o6JCQlOC3oE.002,0.2897196,0.44791666,0.35164836,0.21359223,0.44444445,0.40202656,0.47917265,0.5448354,0.512879,0.5079904,0.11230695999999996,0.031255989999999956,0.19318703999999998,0.29928677,0.06354594999999996,0.13991654199999998,1717,1.9244906,22.511415,4.1411543,2.956122,middle_80pct
o6JCQlOC3oE.003,0.2897196,0.47916666,0.6043956,0.24271844,0.56666666,0.37148434,0.42668742,0.47113124,0.3836422,0.4544875,0.08176474,0.05247924000000004,0.13326436000000003,0.14092375999999998,0.11217916,0.10412225200000003,1718,2.0698235,29.37501,2.8508146,0.87779397,middle_80pct
o6JCQlOC3oE.004,0.20560747,0.35416666,0.42857143,0.23300971,0.44444445,0.37675893,0.4599079,0.53106433,0.50078404,0.48735812,0.17115146,0.10574123999999996,0.1024929,0.26777432999999995,0.042913670000000015,0.13801471999999998,1719,2.188348,28.263842,5.412087,4.288576,middle_80pct
oANKg9_grdA.001,0.43925235,0.48958334,0.6043956,0.5145631,0.5,0.3638171,0.3742318,0.41595298,0.38331187,0.46259093,0.07543525000000001,0.11535153999999997,0.18844262,0.13125123000000005,0.03740906999999999,0.109577942,1720,2.3565972,43.9382,-35.057884,-3.1391385,middle_80pct
oANKg9_grdA.004,0.42990655,0.5833333,0.62637365,0.5825243,0.5888889,0.48636007,0.5085866,0.53168404,0.49011022,0.5782757,0.05645351999999998,0.07474670000000005,0.09468960999999998,0.09241408000000001,0.0106132000000001,0.06578342200000002,1721,1.9453393,23.7932,-3.9990494,-4.930725,middle_80pct
oBE9f5xD9rk.000,0.57009345,0.6979167,0.72527474,0.6699029,0.7777778,0.5267641,0.55817735,0.5961568,0.5526213,0.6159033,0.043329350000000044,0.13973934999999993,0.12911794,0.11728159999999999,0.16187449999999992,0.11826854799999997,1722,1.9482205,25.119722,1.7144935,5.0856895,middle_80pct
oBE9f5xD9rk.002,0.74766356,0.8020833,0.71428573,0.7184466,0.82222223,0.60192925,0.65576726,0.6247889,0.68397045,0.6811804,0.14573431000000003,0.1463160400000001,0.08949682999999997,0.03447615000000004,0.14104183000000003,0.11141303200000004,1723,2.0368574,24.14352,6.0522366,-2.1310604,middle_80pct
oBE9f5xD9rk.004,0.72897196,0.7395833,0.64835167,0.7378641,0.65555555,0.56881464,0.6505976,0.6677992,0.68896055,0.6688486,0.16015731999999994,0.08898570000000006,0.01944752999999999,0.04890355000000002,0.013293050000000028,0.06615743,1724,1.8253407,22.651772,5.9989986,-0.81049275,middle_80pct
oBE9f5xD9rk.005,0.7009346,0.625,0.6043956,0.5339806,0.8,0.5882038,0.6414659,0.59240526,0.5969934,0.68086785,0.11273079999999991,0.016465900000000033,0.011990339999999988,0.06301279999999998,0.11913214999999999,0.06466639799999999,1725,2.0158448,20.248423,4.5171957,0.07414183,middle_80pct
oGa05H9UXxU.000,0.1588785,0.21875,0.34065935,0.24271844,0.35555556,0.2502831,0.31968006,0.39081913,0.3405371,0.3935387,0.09140459999999997,0.10093005999999999,0.05015977999999999,0.09781865999999997,0.037983140000000026,0.07565924799999998,1726,2.551916,46.457542,-25.622322,-2.7718022,middle_80pct
oGa05H9UXxU.002,0.317757,0.47916666,0.46153846,0.37864077,0.4888889,0.38290197,0.47494724,0.48052913,0.40090057,0.51535535,0.06514496999999997,0.004219420000000029,0.018990670000000043,0.022259799999999996,0.026466449999999975,0.027416262000000004,1727,2.0281007,24.74569,-5.2455215,-0.083347276,lowest_error_10pct
oGa05H9UXxU.004,0.42056075,0.45833334,0.51648355,0.4368932,0.53333336,0.40821975,0.44271877,0.4672401,0.37239003,0.52160066,0.01234099999999999,0.015614569999999994,0.04924345000000002,0.06450317,0.01173269999999993,0.030686977999999986,1728,2.1002629,30.496168,-1.438847,-2.4935641,lowest_error_10pct
oYiWW-Qc0rs.000,0.60747665,0.6666667,0.51648355,0.88349515,0.7,0.46763954,0.57624894,0.60342133,0.6364821,0.58222276,0.13983710999999993,0.0904177599999999,0.08693777999999996,0.24701304999999996,0.11777724,0.13639658799999996,1729,1.9050946,28.708689,0.115369305,-5.4429107,middle_80pct
oYiWW-Qc0rs.001,0.37383178,0.59375,0.4945055,0.776699,0.6,0.47821105,0.5638027,0.54820675,0.5380901,0.57494926,0.10437927000000002,0.02994730000000001,0.05370124999999998,0.2386089,0.02505073999999996,0.09033749199999999,1730,2.0404034,29.209707,-3.4846635,-8.307428,middle_80pct
oYiWW-Qc0rs.002,0.5046729,0.6354167,0.4945055,0.80582523,0.7,0.42979515,0.5481589,0.5383692,0.5669925,0.55568016,0.07487774999999997,0.08725779999999994,0.043863700000000005,0.23883272999999994,0.14431983999999998,0.11783036399999998,1731,1.9047295,30.438753,-10.159394,-7.4255733,middle_80pct
oYiWW-Qc0rs.003,0.38317758,0.53125,0.5494506,0.7378641,0.64444447,0.44213426,0.5727171,0.5872139,0.64713436,0.5900949,0.058956679999999984,0.04146709999999998,0.037763299999999944,0.09072974,0.05434957000000007,0.056653277999999994,1732,1.9639105,31.43966,-2.1204042,-5.3073606,middle_80pct
oYiWW-Qc0rs.004,0.5420561,0.8125,0.64835167,0.7281553,0.7888889,0.43352753,0.5608554,0.545071,0.61054695,0.562236,0.10852857000000005,0.2516446,0.10328067000000007,0.11760834999999992,0.22665290000000005,0.161543018,1733,1.9260962,29.84599,-3.426045,-6.7927313,middle_80pct
oYiWW-Qc0rs.005,0.72897196,0.8125,0.7032967,0.9029126,0.8,0.43494874,0.5639271,0.566924,0.5910682,0.567916,0.29402322,0.24857289999999999,0.1363727,0.3118443999999999,0.23208400000000007,0.24457944400000003,1734,1.8856138,29.043774,-3.3520274,-5.45391,highest_error_10pct
o_kTWEEjtyw.000,0.19626169,0.20833333,0.14285715,0.24271844,0.15555556,0.36604047,0.44522178,0.5142536,0.46418306,0.49672496,0.16977878000000002,0.23688845,0.37139645,0.22146461999999997,0.34116939999999996,0.26813954,1735,2.2101672,34.512505,2.205268,19.60172,highest_error_10pct
o_kTWEEjtyw.001,0.28037384,0.30208334,0.43956044,0.3592233,0.4888889,0.38238174,0.47433862,0.54138285,0.46788675,0.48256537,0.10200790000000004,0.17225528,0.10182240999999997,0.10866345,0.006323530000000022,0.098214514,1736,2.0948715,23.216047,4.3679953,6.516319,middle_80pct
o_kTWEEjtyw.002,0.12149533,0.13541667,0.15384616,0.17475729,0.17777778,0.4000663,0.44191286,0.5247979,0.44377935,0.5024673,0.27857097,0.30649619000000006,0.37095174000000003,0.26902206,0.32468951999999995,0.309946096,1737,2.027727,32.03769,3.0392141,12.618214,highest_error_10pct
o_kTWEEjtyw.003,0.18691589,0.16666667,0.2747253,0.3398058,0.26666668,0.40925694,0.5082511,0.56277317,0.48643696,0.516996,0.22234105,0.34158442999999994,0.28804787000000004,0.14663115999999998,0.25032932,0.249786766,1738,1.9614596,26.547209,7.892358,3.8587105,highest_error_10pct
o_kTWEEjtyw.005,0.13084112,0.17708333,0.23076923,0.26213592,0.21111111,0.30962062,0.36949754,0.45506674,0.39308953,0.44203645,0.1787795,0.19241421,0.22429751000000003,0.13095361,0.23092534000000003,0.191474034,1739,2.1663957,30.601023,1.7663325,10.3052025,highest_error_10pct
obr7ktzX8w8.001,0.60747665,0.36458334,0.6593407,0.52427185,0.5,0.46544865,0.39896566,0.48820537,0.42919317,0.5068238,0.14202799999999993,0.03438232000000002,0.17113532999999997,0.09507867999999997,0.0068238000000000465,0.08988962599999999,1740,2.2285943,41.835346,-24.607277,-7.8549204,middle_80pct
obr7ktzX8w8.003,0.42056075,0.28125,0.5494506,0.407767,0.42222223,0.46673864,0.41798735,0.48083776,0.42960408,0.5360933,0.04617789,0.13673734999999998,0.06861284000000001,0.02183708000000001,0.11387107000000002,0.077447246,1741,2.117221,38.345306,-22.422785,-5.8089,middle_80pct
obr7ktzX8w8.004,0.39252338,0.3125,0.47252747,0.42718446,0.41111112,0.33744743,0.29080653,0.41676006,0.39205253,0.4171278,0.055075949999999985,0.021693469999999992,0.05576741000000002,0.03513192999999998,0.0060166799999999965,0.03473708799999999,1742,2.298434,46.498894,-28.058426,-4.135509,lowest_error_10pct
obr7ktzX8w8.005,0.1682243,0.125,0.2857143,0.29126215,0.37777779,0.36627358,0.3082588,0.44232535,0.39701307,0.43598863,0.19804928,0.1832588,0.15661105000000003,0.10575092000000003,0.058210839999999986,0.14037617800000002,1743,2.2913325,43.304,-18.79887,-1.5965886,middle_80pct
odHogR_36Dc.000,0.58878505,0.6145833,0.6923077,0.5339806,0.7,0.4726852,0.52473027,0.5758951,0.5737008,0.57221335,0.11609985,0.08985303,0.11641259999999998,0.03972019999999998,0.12778665,0.097974466,1744,2.0899363,23.12304,-1.0793136,-2.1392684,middle_80pct
odHogR_36Dc.002,0.53271025,0.5104167,0.51648355,0.39805827,0.67777777,0.51406324,0.5545208,0.5755336,0.5125162,0.6101774,0.01864701000000002,0.04410410000000009,0.059050049999999965,0.11445792999999999,0.06760036999999997,0.06077189200000001,1745,2.0601685,23.314247,-5.989131,-4.0178905,middle_80pct
odHogR_36Dc.003,0.62616825,0.71875,0.64835167,0.63106793,0.75555557,0.5149467,0.57324785,0.5740053,0.53554136,0.59565353,0.11122155,0.14550215,0.07434637,0.09552657000000009,0.15990203999999997,0.11729973600000002,1746,2.13489,27.093172,-4.994272,-3.2371259,middle_80pct
odRqijkG28U.000,0.5607477,0.625,0.47252747,0.6213592,0.6888889,0.62241673,0.65440905,0.6139426,0.66866547,0.69855005,0.061669030000000014,0.029409050000000048,0.14141513,0.047306269999999984,0.009661150000000007,0.05789212600000001,1747,1.9858565,26.4947,-1.9057091,-7.3057547,middle_80pct
odRqijkG28U.001,0.6728972,0.6354167,0.74725276,0.6796116,0.67777777,0.64729714,0.6725298,0.6408076,0.6208079,0.7473625,0.025600059999999925,0.03711310000000001,0.10644515999999993,0.058803700000000014,0.0695847300000001,0.059509349999999996,1748,1.9231105,25.74356,-2.796087,-7.4468822,middle_80pct
odRqijkG28U.002,0.60747665,0.78125,0.63736266,0.6893204,0.7111111,0.60046685,0.6342598,0.59443945,0.6236038,0.7031158,0.007009799999999955,0.14699019999999996,0.04292320999999999,0.06571660000000001,0.007995300000000038,0.05412702199999999,1749,1.9000019,23.792864,-3.328927,-9.333647,middle_80pct
odRqijkG28U.004,0.7009346,0.71875,0.5714286,0.61165047,0.76666665,0.6417285,0.706766,0.616579,0.6774793,0.7116171,0.05920609999999993,0.011983999999999995,0.045150400000000035,0.06582883000000006,0.05504955,0.04744377600000001,1750,1.9731426,26.883455,-4.374403,-8.727989,middle_80pct
okSmKH2k5lE.000,0.08411215,0.21875,0.25274727,0.3592233,0.2777778,0.37089264,0.46626464,0.5617676,0.5349372,0.46559688,0.28678049,0.24751464,0.30902033,0.17571389999999998,0.18781907999999997,0.24136968800000003,1751,1.9498161,22.623446,9.413326,1.6859157,highest_error_10pct
okSmKH2k5lE.002,0.20560747,0.36458334,0.3956044,0.69902915,0.35555556,0.3502237,0.45999172,0.5307309,0.50202036,0.4294411,0.14461623000000004,0.09540838000000001,0.13512649999999998,0.19700878999999993,0.07388554000000003,0.129209088,1752,2.1826935,29.121517,7.6437187,7.642313,middle_80pct
okSmKH2k5lE.003,0.3084112,0.35416666,0.5824176,0.592233,0.37777779,0.3619181,0.4825824,0.5565297,0.53248,0.46175554,0.053506900000000024,0.12841574,0.025887899999999964,0.059753000000000056,0.08397775000000002,0.07030825800000001,1753,1.9495726,23.02795,8.121324,0.488667,middle_80pct
okSmKH2k5lE.004,0.14018692,0.27083334,0.2967033,0.49514562,0.21111111,0.3405848,0.45642072,0.5520952,0.5081205,0.44428843,0.20039788000000003,0.18558738000000002,0.2553919,0.012974879999999966,0.23317732000000002,0.177505872,1754,2.091224,25.79107,9.224819,2.900725,highest_error_10pct
oontew1LiUU.000,0.43925235,0.5104167,0.5714286,0.5533981,0.47777778,0.39480647,0.3999366,0.47703964,0.3960393,0.45088154,0.04444587999999999,0.11048009999999997,0.09438895999999997,0.15735880000000002,0.02689623999999996,0.08671399599999999,1755,2.0476215,24.004084,1.7021822,5.161979,middle_80pct
oontew1LiUU.002,0.17757009,0.23958333,0.2967033,0.36893204,0.42222223,0.43331328,0.4598943,0.50962263,0.4358112,0.53621495,0.25574319,0.22031096999999997,0.21291932999999996,0.06687915999999999,0.11399271999999999,0.173969074,1756,1.8930216,21.802324,3.0219939,-2.0910292,middle_80pct
oontew1LiUU.003,0.37383178,0.36458334,0.42857143,0.49514562,0.44444445,0.36284846,0.3637362,0.4546703,0.35909155,0.44434947,0.010983320000000019,0.0008471399999999685,0.026098870000000052,0.13605407000000003,9.497999999996676e-05,0.034815676000000004,1757,2.1561906,28.636757,-3.06949,12.408041,lowest_error_10pct
oontew1LiUU.004,0.27102804,0.48958334,0.48351648,0.5825243,0.54444444,0.47120526,0.47246814,0.5188807,0.43506658,0.5447335,0.20017722,0.017115199999999997,0.035364219999999946,0.14745772000000001,0.00028905999999995213,0.08008068399999999,1758,1.9460438,21.58095,0.45895794,-2.3446705,middle_80pct
oontew1LiUU.005,0.3364486,0.375,0.46153846,0.49514562,0.47777778,0.4353377,0.42187488,0.4828883,0.37315643,0.5018374,0.09888910000000001,0.04687488000000001,0.02134984000000001,0.12198919000000003,0.024059620000000004,0.06263252600000001,1759,2.0602522,23.605556,0.9043997,0.19616973,middle_80pct
p-OcwNFQB0U.000,0.42056075,0.375,0.61538464,0.3398058,0.5555556,0.49692598,0.5760522,0.6015011,0.5748572,0.6192829,0.07636523,0.20105220000000001,0.013883540000000028,0.23505139999999997,0.06372729999999993,0.11801593399999999,1760,2.0154257,23.035418,6.3075953,2.879785,middle_80pct
p-OcwNFQB0U.001,0.36448598,0.39583334,0.32967034,0.33009708,0.62222224,0.4617334,0.5745964,0.5945885,0.58918035,0.57297647,0.09724742000000003,0.17876306000000003,0.26491815999999996,0.25908327000000003,0.04924577000000008,0.16985153600000003,1761,2.1251202,22.852781,7.035037,1.2274384,middle_80pct
p-OcwNFQB0U.002,0.5233645,0.6145833,0.5934066,0.4368932,0.67777777,0.51471776,0.57458484,0.58671373,0.46712065,0.631309,0.008646739999999986,0.03999846000000007,0.006692869999999962,0.030227450000000045,0.04646876999999994,0.026406858,1762,2.0710964,24.342033,4.508401,0.12907544,lowest_error_10pct
p-OcwNFQB0U.003,0.5046729,0.32291666,0.34065935,0.32038835,0.6,0.46804807,0.52207565,0.57813513,0.500312,0.5479572,0.03662483,0.19915898999999998,0.23747578000000003,0.17992365,0.052042799999999945,0.14104520999999998,1763,1.9243348,21.39699,3.6477613,2.7036421,middle_80pct
p-OcwNFQB0U.004,0.41121495,0.34375,0.53846157,0.3398058,0.4888889,0.49735433,0.570043,0.58703977,0.51896876,0.59750843,0.08613937999999999,0.22629299999999997,0.048578200000000016,0.17916296000000004,0.10861952999999996,0.129758614,1764,1.917258,19.89446,5.8620243,-0.81972307,middle_80pct
p-OcwNFQB0U.005,0.3084112,0.39583334,0.51648355,0.3106796,0.44444445,0.3972373,0.43414128,0.48993906,0.39620966,0.4976715,0.08882610000000002,0.03830794000000004,0.02654449000000003,0.08553006000000002,0.05322705,0.05848712800000002,1765,2.1112208,29.246138,-1.1505247,16.010098,middle_80pct
p7-JUvStF4w.000,0.38317758,0.375,0.5714286,0.52427185,0.6888889,0.3920088,0.41049582,0.48706034,0.48175347,0.49549004,0.008831219999999973,0.03549582000000001,0.08436825999999997,0.04251837999999997,0.19339886,0.07292250799999998,1766,2.1364765,29.457888,-1.2745546,13.934664,middle_80pct
p7-JUvStF4w.001,0.57009345,0.4375,0.5824176,0.4563107,0.6666667,0.47946247,0.46560484,0.52712196,0.45593193,0.5524657,0.09063098000000003,0.02810484000000002,0.05529563999999998,0.00037877000000002825,0.114201,0.05772224600000001,1767,2.0265532,22.331343,1.7410222,-0.28460467,middle_80pct
p7-JUvStF4w.002,0.60747665,0.7604167,0.6923077,0.63106793,0.8,0.519562,0.4977708,0.54323864,0.4677832,0.5979729,0.08791464999999998,0.26264589999999993,0.14906905999999998,0.16328473000000004,0.20202710000000002,0.172988288,1768,2.009553,23.258535,1.4048527,1.8714213,middle_80pct
p7-JUvStF4w.003,0.6448598,0.53125,0.5494506,0.66019416,0.75555557,0.4435616,0.43989325,0.5118489,0.4550481,0.52190316,0.20129819999999998,0.09135674999999999,0.03760169999999996,0.20514605999999996,0.23365240999999992,0.15381102399999996,1769,2.1110644,26.511362,-0.84663504,4.4597363,middle_80pct
p7-JUvStF4w.004,0.20560747,0.29166666,0.3956044,0.32038835,0.51111114,0.32485417,0.304971,0.40323904,0.3187344,0.40684292,0.11924670000000001,0.01330433999999997,0.00763463999999997,0.0016539500000000151,0.10426822000000002,0.04922157,1770,2.3089428,34.699944,-8.109938,19.73518,middle_80pct
p7-JUvStF4w.005,0.2990654,0.29166666,0.41758242,0.39805827,0.5,0.2894376,0.27212542,0.39478472,0.315438,0.38316333,0.009627799999999964,0.019541240000000015,0.022797700000000032,0.08262027,0.11683666999999998,0.050284736,1771,2.1724362,30.472488,-3.4624677,9.497238,middle_80pct
p7aNK5GKwEc.000,0.44859812,0.6041667,0.5824176,0.42718446,0.47777778,0.51272225,0.5043707,0.57126147,0.5309326,0.57087535,0.06412413000000006,0.099796,0.01115612999999993,0.10374813999999999,0.09309757000000002,0.07438439399999999,1772,2.103051,23.118206,4.316666,1.0329468,middle_80pct
p8ce3grr9XE.001,0.45794392,0.59375,0.5714286,0.39805827,0.6888889,0.5674567,0.61564004,0.58896774,0.5795585,0.6575044,0.10951278000000003,0.021890040000000055,0.01753914000000001,0.18150022999999998,0.03138450000000004,0.07236533800000003,1773,1.9234207,23.038198,-2.3949175,-2.035678,middle_80pct
p9tAC-RqZPI.000,0.5046729,0.625,0.5494506,0.3592233,0.62222224,0.496785,0.5669226,0.56384856,0.52391577,0.5879745,0.007887900000000003,0.058077399999999946,0.014397960000000043,0.16469246999999998,0.03424774000000008,0.05586069400000001,1774,1.9459454,25.13191,0.0911452,-3.0047083,middle_80pct
p9tAC-RqZPI.002,0.37383178,0.47916666,0.5934066,0.41747573,0.54444444,0.4794388,0.5493024,0.5709001,0.5036161,0.5760051,0.10560702,0.07013573999999995,0.022506499999999985,0.08614037000000002,0.03156066000000002,0.063190058,1775,1.9163977,23.403494,-0.619839,-3.022915,middle_80pct
p9tAC-RqZPI.005,0.5140187,0.48958334,0.62637365,0.36893204,0.64444447,0.48073515,0.57162714,0.564167,0.5768583,0.60659,0.03328355000000005,0.08204380000000006,0.06220665000000003,0.20792626000000003,0.037854470000000084,0.08466294600000004,1776,1.9781704,28.468452,-1.2098765,-3.062951,middle_80pct
p_wf-KszNlk.001,0.6168224,0.59375,0.6923077,0.5145631,0.65555555,0.47545928,0.49816945,0.4974726,0.4052412,0.5787549,0.14136312,0.09558054999999999,0.19483509999999998,0.10932190000000003,0.07680065000000003,0.12358026400000002,1777,2.2054331,24.359886,-3.5652006,2.3133235,middle_80pct
puJ_NbKzRTE.003,0.43925235,0.48958334,0.46153846,0.39805827,0.5888889,0.4895005,0.55303967,0.5478651,0.5766256,0.5770416,0.05024814999999999,0.06345633,0.08632664000000001,0.17856732999999997,0.011847300000000005,0.07808915,1778,1.920403,22.995205,5.118384,2.8883166,middle_80pct
q5eIfoGdPWw.004,0.42990655,0.6770833,0.5824176,0.79611653,0.74444443,0.40251744,0.4891754,0.5682501,0.5402867,0.5195455,0.027389109999999994,0.18790790000000007,0.0141675,0.25582983000000004,0.22489893000000005,0.14203865400000004,1779,1.9832966,24.65079,-1.8319527,-3.7766175,middle_80pct
q6au1xn_wIE.000,0.5794392,0.7083333,0.6043956,0.5533981,0.5888889,0.39416474,0.43868127,0.4723668,0.4133821,0.46872178,0.18527446000000003,0.26965203000000004,0.13202880000000006,0.14001600000000003,0.12016712000000007,0.16942768200000005,1780,1.953814,21.286049,-3.2283235,-3.8936603,middle_80pct
q6au1xn_wIE.001,0.3084112,0.5,0.43956044,0.5048544,0.46666667,0.353178,0.4107151,0.44892305,0.40217304,0.44632587,0.044766799999999995,0.0892849,0.009362609999999993,0.10268136000000005,0.020340799999999992,0.053287294000000006,1781,2.1116285,24.366058,-4.6353984,-2.4932323,middle_80pct
qCFFW1dM8V8.000,0.42056075,0.46875,0.52747256,0.42718446,0.46666667,0.41701323,0.45923793,0.52975583,0.41048345,0.48026007,0.0035475199999999707,0.009512069999999984,0.0022832700000000594,0.01670100999999996,0.013593399999999978,0.00912745399999999,1782,2.1276832,24.714235,7.605033,2.0341992,lowest_error_10pct
qCFFW1dM8V8.001,0.34579438,0.4375,0.52747256,0.36893204,0.47777778,0.4057758,0.4500134,0.5187529,0.43279535,0.44981027,0.05998142000000001,0.012513400000000008,0.008719660000000018,0.06386331,0.027967509999999973,0.034609060000000004,1783,2.053717,24.487143,7.5892534,-0.27905452,lowest_error_10pct
qCFFW1dM8V8.002,0.38317758,0.5520833,0.48351648,0.5436893,0.45555556,0.3874365,0.45085526,0.50260055,0.42885584,0.4534029,0.004258919999999999,0.10122804000000007,0.01908407000000001,0.11483346000000005,0.0021526600000000284,0.04831143000000003,1784,2.1247394,24.410995,8.471624,3.0052595,middle_80pct
qCFFW1dM8V8.003,0.55140185,0.6666667,0.6703297,0.3592233,0.5,0.51730394,0.5536007,0.5730586,0.5116729,0.57229996,0.034097909999999954,0.113066,0.09727110000000005,0.15244959999999996,0.07229996000000005,0.09383691400000001,1785,1.9832247,23.345127,5.77298,-2.6728845,middle_80pct
qCFFW1dM8V8.004,0.36448598,0.6875,0.71428573,0.65048546,0.53333336,0.374271,0.44265947,0.50084656,0.43209448,0.4610599,0.009785020000000033,0.24484053,0.2134391699999999,0.21839097999999996,0.07227345999999996,0.15174583199999997,1786,2.0743349,24.065659,6.9826603,3.9891248,middle_80pct
qCFFW1dM8V8.005,0.3271028,0.5208333,0.48351648,0.39805827,0.5222222,0.37926346,0.43390328,0.4974496,0.37647447,0.46403372,0.05216065999999997,0.08693002000000005,0.013933119999999966,0.021583799999999986,0.05818847999999999,0.046559215999999994,1787,2.1425283,24.629707,8.136144,2.7340534,middle_80pct
qj-3b8snKho.002,0.39252338,0.3125,0.42857143,0.39805827,0.5777778,0.5346851,0.5757137,0.56672186,0.5000904,0.6143003,0.14216172000000005,0.2632137,0.13815043000000005,0.10203213000000005,0.03652250000000001,0.13641609600000004,1788,1.906326,24.313955,-2.2125587,-1.8400598,middle_80pct
qoztP0w5-Vo.000,0.46728972,0.6770833,0.5604396,0.57281554,0.73333335,0.42605332,0.52482355,0.5807932,0.55408657,0.5395957,0.041236400000000006,0.15225975000000003,0.02035359999999997,0.018728970000000067,0.19373764999999998,0.08526327400000001,1789,2.0546007,24.963423,10.813904,-0.31090292,middle_80pct
qoztP0w5-Vo.001,0.5607477,0.6666667,0.5604396,0.47572815,0.75555557,0.48877275,0.5504887,0.5791029,0.5265598,0.5723993,0.07197494999999998,0.11617799999999989,0.01866329999999994,0.050831650000000006,0.1831562699999999,0.08816083399999994,1790,1.9544811,20.714483,8.587753,-0.6406931,middle_80pct
qoztP0w5-Vo.002,0.635514,0.6354167,0.71428573,0.60194176,0.73333335,0.41718096,0.54051155,0.5504529,0.59090865,0.5307958,0.21833304000000003,0.09490515,0.16383282999999993,0.011033109999999957,0.20253754999999996,0.138128336,1791,2.0803561,26.767315,9.160269,1.5471501,middle_80pct
qoztP0w5-Vo.003,0.44859812,0.46875,0.48351648,0.5048544,0.6333333,0.38106292,0.49451894,0.5420943,0.5281922,0.5019188,0.06753519999999996,0.025768940000000018,0.05857782,0.023337799999999964,0.1314145,0.06132685199999999,1792,2.2598848,25.093468,13.431824,2.487472,middle_80pct
qoztP0w5-Vo.004,0.635514,0.6770833,0.6923077,0.41747573,0.76666665,0.49197185,0.58581734,0.59641135,0.5722915,0.58239156,0.14354215000000003,0.09126596000000009,0.09589634999999996,0.15481576999999996,0.18427508999999997,0.133959064,1793,1.9527253,20.516207,6.867854,-1.9917054,middle_80pct
qoztP0w5-Vo.005,0.36448598,0.5416667,0.5494506,0.3883495,0.5,0.4392698,0.5153838,0.5639485,0.5153089,0.54917693,0.07478382,0.026282899999999998,0.014497899999999952,0.12695939999999994,0.04917693000000001,0.05834018999999998,1794,2.0562615,24.10788,10.957283,0.3528339,middle_80pct
qssXr_Fg96o.001,0.5420561,0.53125,0.5714286,0.49514562,0.4888889,0.55566245,0.58468324,0.6390403,0.5548487,0.64083534,0.01360634999999999,0.05343324000000005,0.06761170000000005,0.059703079999999964,0.15194643999999996,0.069260162,1795,2.0109982,22.319973,7.1935024,0.055589966,middle_80pct
qssXr_Fg96o.004,0.43925235,0.42708334,0.42857143,0.49514562,0.41111112,0.5250519,0.55976593,0.5853844,0.52977157,0.5994196,0.08579955,0.13268259,0.15681297000000005,0.03462594999999996,0.18830848000000006,0.11964590800000001,1796,2.103029,22.59491,6.151726,1.3196943,middle_80pct
qtB-CogljAo.000,0.6448598,0.6875,0.8901099,0.7184466,0.6666667,0.5022052,0.5397177,0.6115592,0.52885056,0.57268757,0.14265459999999996,0.14778230000000003,0.27855070000000004,0.18959604000000008,0.09397912999999991,0.170512554,1797,2.0542886,21.255644,3.1876595,-0.583402,middle_80pct
qtB-CogljAo.001,0.43925235,0.47916666,0.62637365,0.5339806,0.6111111,0.4062504,0.49381727,0.5632965,0.49910623,0.5107248,0.03300195,0.014650609999999953,0.06307715000000003,0.03487437000000004,0.10038630000000004,0.049198076000000014,1798,2.1130812,23.586494,4.3245564,3.5014353,middle_80pct
qtB-CogljAo.002,0.53271025,0.6458333,0.72527474,0.63106793,0.5888889,0.47518912,0.5230961,0.58046097,0.49824208,0.5469087,0.05752113000000003,0.1227372000000001,0.14481377000000006,0.13282585000000008,0.04198020000000002,0.09997563000000007,1799,2.1635668,25.102262,0.7135697,-1.6515832,middle_80pct
qtB-CogljAo.003,0.42056075,0.40625,0.61538464,0.61165047,0.5555556,0.43987688,0.51476717,0.57221675,0.5668492,0.5108918,0.019316130000000042,0.10851717000000005,0.04316788999999999,0.04480126999999989,0.04466380000000003,0.052093252,1800,2.105015,24.193417,4.5568357,1.2851084,middle_80pct
qtB-CogljAo.004,0.39252338,0.6354167,0.7912088,0.5339806,0.7888889,0.5102392,0.5895804,0.6133049,0.60434103,0.6006938,0.11771582000000003,0.04583629999999994,0.1779039,0.07036042999999992,0.18819509999999995,0.12000230999999997,1801,2.0070608,24.047422,6.5631094,-0.43522197,middle_80pct
qtB-CogljAo.005,0.682243,0.65625,0.8021978,0.6213592,0.84444445,0.47792372,0.5663267,0.632584,0.6059348,0.5800072,0.20431928000000005,0.08992330000000004,0.16961379999999993,0.015424400000000005,0.26443725000000007,0.14874360600000003,1802,1.9926876,22.17481,5.2265477,2.1401536,middle_80pct
r1v6EmZv7-o.000,0.45794392,0.5104167,0.61538464,0.60194176,0.54444444,0.39261097,0.5375369,0.5750564,0.6248132,0.5127902,0.06533295,0.02712020000000004,0.040328240000000015,0.022871439999999965,0.031654240000000056,0.03746141400000001,1803,2.1242645,27.413578,8.590059,2.8906307,lowest_error_10pct
r1v6EmZv7-o.001,0.3084112,0.5208333,0.50549453,0.6213592,0.47777778,0.47995317,0.6185202,0.65759337,0.6526654,0.5823885,0.17154197,0.09768689999999991,0.15209883999999996,0.03130619999999995,0.10461071999999999,0.11144892599999996,1804,1.9736706,27.143673,8.500694,-0.24972528,middle_80pct
r1v6EmZv7-o.002,0.37383178,0.38541666,0.47252747,0.592233,0.34444445,0.4111113,0.5394205,0.6215053,0.5940414,0.5163129,0.03727952000000001,0.15400383999999995,0.14897783000000003,0.0018084000000000433,0.17186844999999995,0.102787608,1805,1.9676567,23.947546,7.3920803,2.1199913,middle_80pct
r1v6EmZv7-o.004,0.37383178,0.7291667,0.6813187,0.4854369,0.6111111,0.43780887,0.56375706,0.616767,0.61486167,0.56325084,0.06397709000000001,0.1654096399999999,0.0645517000000001,0.12942477000000002,0.04786025999999999,0.094244692,1806,2.0904818,25.199112,9.210685,1.7005745,middle_80pct
r1v6EmZv7-o.005,0.43925235,0.47916666,0.5714286,0.5631068,0.3888889,0.42584425,0.53938913,0.60399956,0.58990747,0.5192148,0.013408100000000034,0.06022246999999997,0.03257096000000004,0.02680066999999997,0.1303259,0.05266562,1807,2.029914,24.891365,9.09647,2.2525783,middle_80pct
rCxlfusNJlY.000,0.53271025,0.6770833,0.74725276,0.7669903,0.7111111,0.5256177,0.6527016,0.65856373,0.634825,0.6449425,0.007092550000000086,0.02438170000000006,0.08868902999999995,0.13216530000000004,0.06616860000000002,0.06369943600000003,1808,1.8617883,25.094765,2.4393644,-3.870987,middle_80pct
rCxlfusNJlY.001,0.49532712,0.5833333,0.48351648,0.6796116,0.53333336,0.48640835,0.6050191,0.62185746,0.59067494,0.6083963,0.00891877000000002,0.021685799999999977,0.13834097999999995,0.08893666,0.07506294000000002,0.06658903,1809,1.9721043,22.40543,8.033792,-0.7116158,middle_80pct
rCxlfusNJlY.002,0.48598132,0.6875,0.5604396,0.6699029,0.7,0.5384237,0.69613576,0.65080094,0.6753917,0.7030215,0.052442379999999955,0.008635759999999992,0.09036133999999996,0.005488800000000071,0.0030215000000000103,0.031989956,1810,1.9114509,25.114428,5.5267386,-3.1591566,lowest_error_10pct
rCxlfusNJlY.003,0.42056075,0.59375,0.5824176,0.69902915,0.67777777,0.52622586,0.63170844,0.64170474,0.6548689,0.6600863,0.10566511000000006,0.03795844000000004,0.059287140000000016,0.04416025000000001,0.01769146999999993,0.05295248200000001,1811,1.9671959,24.078335,8.888342,0.40636042,middle_80pct
rCxlfusNJlY.004,0.35514018,0.5833333,0.45054945,0.5825243,0.5888889,0.47440282,0.57621384,0.59710443,0.5760757,0.60233647,0.11926263999999998,0.007119460000000077,0.14655498,0.0064486000000000265,0.013447569999999964,0.05856665000000001,1812,1.9060771,22.517216,6.7971907,0.39135787,middle_80pct
rGTn2uaCAT0.002,0.7009346,0.6875,0.6923077,0.6213592,0.54444444,0.62087256,0.6366874,0.58956486,0.5773494,0.6989326,0.08006203999999995,0.050812599999999986,0.10274284,0.04400979999999999,0.15448815999999999,0.08642308799999998,1813,1.9695214,25.41451,-4.940538,-8.683754,middle_80pct
rGTn2uaCAT0.003,0.7757009,0.6979167,0.6813187,0.74757284,0.76666665,0.68079805,0.6661758,0.6090501,0.5713495,0.7416336,0.09490284999999998,0.03174089999999996,0.07226860000000002,0.17622334000000006,0.02503305,0.080033748,1814,1.9404832,26.615671,-5.1427555,-10.379705,middle_80pct
rGTn2uaCAT0.004,0.7009346,0.7395833,0.7582418,0.6407767,0.8888889,0.6526588,0.67259574,0.61629146,0.5909726,0.7572716,0.04827579999999998,0.06698756000000006,0.14195033999999995,0.04980410000000002,0.13161729999999994,0.08772701999999999,1815,1.931981,24.938564,-4.516376,-10.750501,middle_80pct
rGTn2uaCAT0.005,0.6542056,0.71875,0.6593407,0.5631068,0.7222222,0.63212657,0.67098415,0.62123907,0.6154314,0.7517497,0.02207903,0.04776585,0.03810163,0.05232459999999994,0.02952749999999993,0.037959721999999974,1816,1.9470804,26.392345,-1.9903234,-10.462826,lowest_error_10pct
rNDxXRvuSDg.000,0.60747665,0.6354167,0.53846157,0.5436893,0.7777778,0.50849456,0.53250736,0.52794707,0.4610098,0.60451305,0.09898208999999991,0.10290933999999996,0.010514499999999982,0.08267950000000002,0.17326474999999997,0.09367003599999997,1817,1.9832898,30.216608,-10.938242,-10.829641,middle_80pct
rqfvIjzegpI.000,0.8411215,0.7916667,0.6923077,0.8543689,0.7,0.5921349,0.6186464,0.5869976,0.58893716,0.6817016,0.24898659999999995,0.1730202999999999,0.10531009999999996,0.26543174,0.018298399999999937,0.16220942799999996,1818,2.0795748,25.150274,-4.8072963,-5.3612146,middle_80pct
rqfvIjzegpI.001,0.6728972,0.6354167,0.63736266,0.6796116,0.5888889,0.58365446,0.6316258,0.5541034,0.57628673,0.6961721,0.08924273999999999,0.0037908999999999304,0.08325925999999995,0.10332487000000001,0.10728319999999991,0.07738019399999996,1819,2.027683,30.05562,-10.005535,-8.156134,middle_80pct
rqfvIjzegpI.004,0.69158876,0.7604167,0.7582418,0.75728154,0.7111111,0.6290637,0.64597076,0.57353926,0.52063894,0.71477807,0.06252506000000002,0.11444593999999997,0.18470253999999997,0.23664260000000004,0.003666970000000047,0.12039662200000001,1820,1.9364498,28.737791,-10.54838,-8.391785,middle_80pct
rqfvIjzegpI.005,0.635514,0.75,0.63736266,0.79611653,0.7111111,0.6485143,0.6926205,0.64859164,0.6597699,0.72999614,0.013000299999999965,0.05737950000000003,0.011228980000000055,0.13634663000000002,0.01888504000000002,0.047368090000000015,1821,1.8800094,21.979607,-1.5181442,-6.0616646,middle_80pct
rvB9DYAKHpk.000,0.53271025,0.5,0.52747256,0.5631068,0.67777777,0.4356491,0.50332135,0.57560474,0.56460834,0.5236251,0.09706115000000004,0.0033213500000000007,0.04813217999999997,0.0015015400000000234,0.15415267,0.060833778000000005,1822,1.9592655,21.750196,7.963792,2.537117,middle_80pct
rvB9DYAKHpk.001,0.3364486,0.46875,0.5494506,0.36893204,0.5555556,0.28757203,0.3717121,0.45186663,0.42324314,0.4076383,0.04887657000000001,0.09703790000000001,0.09758397000000002,0.0543111,0.14791730000000003,0.08914536800000002,1823,2.1257277,33.175743,3.912765,18.515144,middle_80pct
rvB9DYAKHpk.002,0.26168224,0.5,0.46153846,0.5631068,0.43333334,0.37832168,0.43664774,0.5033387,0.45980278,0.44785896,0.11663943999999998,0.06335226,0.041800240000000044,0.10330402,0.014525619999999961,0.067924316,1824,2.136833,23.992998,9.222358,0.93286043,middle_80pct
s0MKUEnyHSE.003,0.6635514,0.6458333,0.6703297,0.75728154,0.62222224,0.6149249,0.6848868,0.63555515,0.6965674,0.6736114,0.04862650000000002,0.03905349999999996,0.03477455000000007,0.06071414000000008,0.051389159999999934,0.046911570000000014,1825,1.9913244,23.8422,4.644742,-5.1777487,middle_80pct
s0MKUEnyHSE.005,0.37383178,0.625,0.5494506,0.6407767,0.5,0.69286126,0.73975945,0.7046197,0.7468065,0.7302396,0.31902948000000003,0.11475944999999999,0.15516909999999995,0.10602980000000006,0.2302396,0.18504548599999998,1826,2.075618,23.98923,4.1801567,-5.616433,highest_error_10pct
s6N1pv5lzrU.001,0.44859812,0.53125,0.5494506,0.4854369,0.46666667,0.39879626,0.48061806,0.5261726,0.42331436,0.48685265,0.049801859999999976,0.050631939999999986,0.02327800000000002,0.062122540000000004,0.020185979999999992,0.041204064,1827,1.9710484,22.973745,8.859089,1.2492746,lowest_error_10pct
s6N1pv5lzrU.002,0.44859812,0.5625,0.6043956,0.4368932,0.53333336,0.32388574,0.40490645,0.46143168,0.34849596,0.42431933,0.12471238000000001,0.15759355000000003,0.14296392000000002,0.08839723999999999,0.10901402999999998,0.124536224,1828,2.1497254,29.05569,7.863686,5.1501713,middle_80pct
s6N1pv5lzrU.003,0.43925235,0.5208333,0.5604396,0.49514562,0.43333334,0.3927244,0.44694436,0.5036272,0.39074108,0.46041453,0.04652795000000004,0.07388894000000007,0.056812399999999985,0.10440453999999999,0.027081189999999977,0.06174300400000001,1829,2.1128829,25.929596,8.329044,1.493233,middle_80pct
s6N1pv5lzrU.005,0.43925235,0.6875,0.6593407,0.5145631,0.73333335,0.4621768,0.5378096,0.5704021,0.49206823,0.5557796,0.022924449999999985,0.1496904,0.08893859999999998,0.022494870000000056,0.17755374999999995,0.09232041399999999,1830,1.9122977,23.569788,8.482755,-0.69197387,middle_80pct
sBHv1jYmZQE.000,0.35514018,0.32291666,0.31868133,0.30097088,0.45555556,0.3748441,0.39228952,0.465575,0.36332172,0.45974872,0.019703919999999986,0.06937285999999998,0.14689367000000003,0.06235084000000002,0.004193159999999974,0.06050289,1831,2.293865,30.7302,-9.856731,8.469732,middle_80pct
sBHv1jYmZQE.003,0.39252338,0.48958334,0.4945055,0.46601942,0.5555556,0.53028905,0.5412123,0.55245143,0.4649274,0.6061234,0.13776567000000006,0.05162896,0.05794592999999998,0.0010920200000000269,0.05056779999999994,0.059800076,1832,1.9218018,21.450989,3.0208929,-1.8160743,middle_80pct
sBHv1jYmZQE.004,0.5233645,0.29166666,0.5824176,0.4368932,0.47777778,0.52935493,0.50664085,0.5113948,0.40559345,0.575408,0.005990429999999991,0.21497419,0.07102279999999994,0.03129974999999996,0.09763022000000005,0.08418347799999999,1833,2.1368308,29.499092,-5.432602,1.5113,middle_80pct
sBw7VHQ74SY.005,0.5233645,0.6041667,0.31868133,0.49514562,0.6888889,0.6029582,0.6157975,0.6069067,0.5383921,0.65718895,0.07959369999999999,0.011630800000000052,0.28822537000000004,0.04324648000000003,0.03169995000000003,0.09087926000000003,1834,2.0946689,21.894,2.7391648,-1.9710472,middle_80pct
sC2k2CD1jC0.002,0.13084112,0.114583336,0.24175824,0.13592233,0.2,0.3825947,0.4318033,0.5114057,0.42444447,0.45114666,0.25175358000000003,0.317219964,0.26964745999999995,0.28852214,0.25114665999999997,0.2756579608,1835,1.9690437,26.017338,5.437585,5.098422,highest_error_10pct
sHVXhr7_EOs.000,0.3084112,0.35416666,0.3956044,0.33009708,0.44444445,0.45089772,0.5005036,0.51489145,0.4646188,0.5434434,0.14248652,0.14633694000000003,0.11928705,0.13452172,0.09899895000000003,0.128326236,1836,1.9674802,24.52022,6.9050107,-0.47913688,middle_80pct
sHVXhr7_EOs.001,0.1588785,0.28125,0.24175824,0.36893204,0.2777778,0.5360998,0.5346249,0.54325086,0.45761263,0.5931139,0.3772213,0.25337489999999996,0.30149262,0.08868059,0.31533609999999995,0.267221102,1837,1.9778371,22.63963,5.3524303,-1.4345669,highest_error_10pct
sHVXhr7_EOs.002,0.34579438,0.35416666,0.2967033,0.4854369,0.33333334,0.58411443,0.5572163,0.5624431,0.527016,0.5894522,0.23832004999999995,0.20304963999999998,0.26573979999999997,0.041579100000000035,0.25611886,0.20096149,1838,2.2272475,57.488323,-8.347234,27.410095,highest_error_10pct
sHVXhr7_EOs.003,0.27102804,0.26041666,0.35164836,0.2524272,0.33333334,0.47214317,0.49639872,0.5449937,0.4760836,0.5288629,0.20111512999999998,0.23598206,0.19334534000000003,0.22365639999999998,0.19552956000000005,0.20992569800000002,1839,2.0010881,25.361626,7.851211,-0.7538571,highest_error_10pct
sHVXhr7_EOs.004,0.20560747,0.26041666,0.2857143,0.24271844,0.31111112,0.50143874,0.5229694,0.53940177,0.47397184,0.5495513,0.29583127,0.26255274,0.25368747,0.23125339999999997,0.23844017999999995,0.256353012,1840,1.9832487,25.302113,6.73822,0.9903222,highest_error_10pct
sHVXhr7_EOs.005,0.18691589,0.3125,0.2747253,0.32038835,0.26666668,0.44258818,0.46907568,0.5009411,0.38013807,0.5206494,0.25567229,0.15657568,0.22621580000000002,0.059749720000000006,0.25398272000000005,0.190439242,1841,1.9295876,25.85658,5.931568,1.2810748,highest_error_10pct
sPMNhG1Sehc.000,0.26168224,0.39583334,0.43956044,0.5339806,0.5777778,0.51886135,0.5108328,0.5141994,0.5289863,0.60477996,0.25717911,0.11499946,0.07463895999999998,0.004994300000000007,0.027002159999999997,0.095762798,1842,1.947114,38.55459,-24.467762,-14.916228,middle_80pct
sPMNhG1Sehc.001,0.2990654,0.375,0.51648355,0.3883495,0.34444445,0.51722777,0.50056684,0.5200418,0.5136676,0.59384745,0.21816237,0.12556683999999996,0.003558249999999985,0.1253181,0.24940300000000004,0.144401712,1843,1.9473008,42.05661,-28.617584,-14.655783,middle_80pct
sPMNhG1Sehc.004,0.317757,0.47916666,0.42857143,0.46601942,0.6,0.5540385,0.5557696,0.5495349,0.5720068,0.6413511,0.23628149999999998,0.07660293999999995,0.12096347000000007,0.10598738000000002,0.041351099999999974,0.11623727800000001,1844,1.9121403,35.071243,-18.538754,-15.264158,middle_80pct
sPMNhG1Sehc.005,0.3364486,0.41666666,0.45054945,0.46601942,0.6333333,0.57000697,0.5832151,0.5599003,0.59384686,0.6450622,0.23355837000000002,0.16654843999999996,0.10935085,0.12782743999999996,0.011728900000000042,0.1298028,1845,1.8612342,33.58861,-17.00277,-14.580067,middle_80pct
sRuO_Fz3eog.004,0.3364486,0.47916666,0.5934066,0.7281553,0.5777778,0.49955887,0.6017097,0.5650741,0.60242516,0.58669263,0.16311027,0.12254303999999999,0.028332499999999983,0.12573013999999993,0.00891483000000004,0.08972615599999999,1846,1.9888066,28.709776,2.6056054,-5.6871586,middle_80pct
sSYCMN-WHmI.000,0.5981308,0.625,0.72527474,0.57281554,0.6111111,0.5759388,0.63364494,0.61117166,0.648808,0.6603974,0.02219199999999999,0.008644940000000045,0.11410308000000002,0.07599246000000004,0.049286300000000005,0.05404375600000002,1847,1.9429882,22.043465,2.7831247,-3.8467107,middle_80pct
syTTeox8Yaw.000,0.53271025,0.625,0.73626375,0.5048544,0.6,0.46814787,0.56101394,0.5770852,0.5195815,0.56655264,0.06456238000000003,0.06398605999999996,0.15917855000000003,0.014727099999999993,0.033447359999999926,0.06718028999999999,1848,1.8963786,20.71434,6.7850394,-3.1800327,middle_80pct
syTTeox8Yaw.001,0.57009345,0.7395833,0.6923077,0.4854369,0.76666665,0.50263244,0.5632674,0.58576167,0.49911398,0.5767306,0.06746101000000004,0.17631590000000008,0.10654602999999996,0.013677080000000008,0.18993605000000002,0.11078721400000002,1849,1.9491347,21.606346,4.560515,-2.3448982,middle_80pct
syTTeox8Yaw.002,0.39252338,0.46875,0.51648355,0.49514562,0.6111111,0.4929391,0.5841678,0.60822654,0.56498086,0.6049422,0.10041572000000004,0.11541780000000001,0.09174298999999997,0.06983524000000002,0.006168900000000033,0.07671613000000002,1850,1.9288976,20.667816,6.4920044,-0.20958559,middle_80pct
syTTeox8Yaw.003,0.39252338,0.5833333,0.50549453,0.5145631,0.5222222,0.47425574,0.54225314,0.58512604,0.5075193,0.5608509,0.08173236,0.04108016000000003,0.07963151000000002,0.0070438000000000445,0.03862870000000007,0.049623306000000034,1851,1.946338,21.823992,6.4730024,-1.5416274,middle_80pct
t9wFHk9TM-U.000,0.5140187,0.65625,0.63736266,0.776699,0.65555555,0.41212216,0.45724213,0.5263452,0.5804075,0.5341718,0.10189654000000004,0.19900786999999998,0.11101746000000001,0.19629150000000006,0.12138375000000001,0.14591942400000002,1852,2.125443,23.821964,1.6743337,2.0310106,middle_80pct
t9wFHk9TM-U.001,0.43925235,0.41666666,0.52747256,0.79611653,0.46666667,0.403863,0.43566793,0.5268417,0.5378585,0.50485134,0.035389349999999986,0.01900126999999996,0.0006308600000000109,0.25825803,0.038184669999999976,0.070292836,1853,2.1000628,27.117678,-1.7753451,1.1838639,middle_80pct
t9wFHk9TM-U.002,0.34579438,0.29166666,0.48351648,0.5145631,0.5,0.34439588,0.37507138,0.4725381,0.47836572,0.44749963,0.0013985000000000247,0.08340471999999999,0.01097838000000001,0.03619738000000006,0.05250037000000002,0.03689587000000002,1854,2.1700954,28.027218,-4.671731,4.0672607,lowest_error_10pct
t9wFHk9TM-U.003,0.24299066,0.23958333,0.4945055,0.6407767,0.3888889,0.42094648,0.42723057,0.5219428,0.5331867,0.5020809,0.17795582000000001,0.18764723999999997,0.027437300000000053,0.10758999999999996,0.11319200000000007,0.122764472,1855,2.1467228,28.303427,-2.495856,1.5255108,middle_80pct
tcmYlyeqwuI.001,0.27102804,0.26041666,0.46153846,0.29126215,0.23333333,0.46410722,0.47863403,0.53094494,0.4747082,0.53786767,0.19307917999999996,0.21821736999999997,0.06940648000000005,0.18344605000000003,0.30453434,0.19373668400000002,1856,2.1041615,25.522177,7.404124,0.49171868,highest_error_10pct
tcmYlyeqwuI.002,0.48598132,0.36458334,0.53846157,0.41747573,0.45555556,0.51054287,0.52663517,0.5474763,0.51087356,0.57799417,0.024561549999999988,0.16205183000000006,0.009014730000000082,0.09339782999999996,0.12243860999999995,0.08229291000000001,1857,2.2725396,26.092764,7.7290497,0.61939275,middle_80pct
tcmYlyeqwuI.003,0.36448598,0.30208334,0.51648355,0.3592233,0.41111112,0.4159631,0.39493,0.4839805,0.42930382,0.4780788,0.05147711999999999,0.09284666000000003,0.03250305000000003,0.07008051999999998,0.06696768000000003,0.06277500600000001,1858,2.120339,24.884604,5.273859,2.8519802,middle_80pct
tcmYlyeqwuI.004,0.45794392,0.44791666,0.6593407,0.4854369,0.5,0.49712455,0.5240193,0.5704115,0.5461887,0.58522904,0.039180629999999994,0.07610263999999994,0.08892920000000004,0.06075179999999997,0.08522903999999998,0.07003866199999999,1859,1.940547,21.881691,3.6904297,-2.0851657,middle_80pct
tcmYlyeqwuI.005,0.24299066,0.26041666,0.3956044,0.33009708,0.34444445,0.4758383,0.47064406,0.4983671,0.4329319,0.54495114,0.23284764,0.21022739999999995,0.10276269999999998,0.10283482,0.20050669,0.16983584999999998,1860,1.9574258,23.441372,3.8117652,0.6625378,middle_80pct
tvKUJujTUEo.000,0.53271025,0.7916667,0.7582418,0.75728154,0.6111111,0.49523374,0.6514737,0.633685,0.6654308,0.6034796,0.037476510000000074,0.1401929999999999,0.12455679999999991,0.09185074000000004,0.007631500000000013,0.08034170999999998,1861,1.9013871,25.896654,7.635605,-1.9131665,middle_80pct
tvKUJujTUEo.001,0.46728972,0.6354167,0.6813187,0.8543689,0.56666666,0.49991608,0.6411815,0.64838666,0.6432644,0.6183238,0.032626359999999965,0.005764800000000014,0.03293204000000005,0.21110450000000003,0.05165713999999999,0.066816968,1862,1.906279,25.597572,6.428993,-1.723551,middle_80pct
tvKUJujTUEo.002,0.6635514,0.7083333,0.7032967,0.78640777,0.6333333,0.46519282,0.63039184,0.62058085,0.652812,0.5725792,0.19835858,0.07794146000000002,0.08271585000000004,0.13359577,0.06075410000000003,0.11067315200000002,1863,1.939503,24.754654,7.5439854,1.7338274,middle_80pct
tvKUJujTUEo.003,0.48598132,0.7291667,0.73626375,0.7281553,0.7222222,0.53318393,0.656564,0.639583,0.6154884,0.6415169,0.04720260999999998,0.07260269999999991,0.09668074999999998,0.1126668999999999,0.08070530000000009,0.08197165199999998,1864,2.166606,25.805696,7.1553845,1.2792313,middle_80pct
tvKUJujTUEo.004,0.5794392,0.7291667,0.6813187,0.78640777,0.6333333,0.49661642,0.62689143,0.6196375,0.66594005,0.5937706,0.08282278000000004,0.10227526999999992,0.0616812000000001,0.12046771999999994,0.03956269999999995,0.081361934,1865,1.9245857,27.043373,6.671108,-0.30911082,middle_80pct
tvKUJujTUEo.005,0.6448598,0.84375,0.85714287,0.9223301,0.6888889,0.48231223,0.63586533,0.6347087,0.6628324,0.58151186,0.16254756999999997,0.20788467,0.22243417,0.25949770000000005,0.10737704000000003,0.19194823,1866,1.9072618,24.576164,7.0319433,-1.812928,highest_error_10pct
txU8yE9d-4k.000,0.26168224,0.3125,0.2967033,0.2524272,0.2777778,0.46144563,0.42970854,0.51315135,0.44354385,0.5408025,0.19976338999999999,0.11720854000000003,0.21644805,0.19111665,0.26302469999999994,0.197512266,1867,1.9094349,22.953926,-1.8201971,0.5886305,highest_error_10pct
txU8yE9d-4k.001,0.13084112,0.20833333,0.14285715,0.1262136,0.18888889,0.43346694,0.41601658,0.49302128,0.39959908,0.5185715,0.30262582000000005,0.20768325,0.35016413,0.27338547999999996,0.32968261,0.29270825799999994,1868,1.9310746,28.458244,-6.449084,-2.6453009,highest_error_10pct
txU8yE9d-4k.002,0.20560747,0.28125,0.32967034,0.26213592,0.33333334,0.4104736,0.40117905,0.48709947,0.3953671,0.50635386,0.20486613,0.11992904999999998,0.15742912999999997,0.13323118,0.17302052000000007,0.15769520200000003,1869,1.9672661,28.40708,-2.3952887,0.41230488,middle_80pct
txU8yE9d-4k.003,0.1588785,0.19791667,0.34065935,0.23300971,0.26666668,0.37271437,0.34310603,0.43193668,0.3588888,0.4525966,0.21383587,0.14518936000000002,0.09127732999999999,0.12587909,0.18592992000000003,0.152422314,1870,1.97018,28.721395,-5.898214,-0.58955884,middle_80pct
txU8yE9d-4k.004,0.21495327,0.30208334,0.31868133,0.2815534,0.24444444,0.4280796,0.3945228,0.48542938,0.37172496,0.5299363,0.21312633,0.09243946000000003,0.16674805000000004,0.09017155999999998,0.28549186000000004,0.16959545200000004,1871,1.8974307,22.863962,-2.0895696,-2.8181856,middle_80pct
txU8yE9d-4k.005,0.14018692,0.29166666,0.17582418,0.18446602,0.22222222,0.41989797,0.3698302,0.45613313,0.33842593,0.49126983,0.27971105,0.07816353999999998,0.28030895,0.15395990999999998,0.26904761,0.212238212,1872,1.879581,27.590754,-6.8968887,0.11484283,highest_error_10pct
u0NIAbS0mDM.001,0.55140185,0.65625,0.35164836,0.4563107,0.6888889,0.5367265,0.5328356,0.5622363,0.53450835,0.6380345,0.014675349999999976,0.12341440000000004,0.21058794000000003,0.07819764999999995,0.05085440000000008,0.09554594800000002,1873,2.0410817,24.901924,-8.191877,-5.3714914,middle_80pct
uCJNAX_b9mc.000,0.5981308,0.6770833,0.74725276,0.7184466,0.6666667,0.5894822,0.62894917,0.63578886,0.5821205,0.6793083,0.008648600000000006,0.04813413000000011,0.11146389999999995,0.1363261,0.01264160000000003,0.06344286600000001,1874,2.0631785,22.97349,5.798525,1.3038185,middle_80pct
uCJNAX_b9mc.001,0.6635514,0.6354167,0.71428573,0.49514562,0.7777778,0.573155,0.6289347,0.6172991,0.52222395,0.675782,0.09039640000000004,0.006481999999999988,0.09698662999999996,0.027078329999999984,0.10199579999999997,0.06458783199999998,1875,1.9545474,24.141325,2.5338345,0.0014969999,middle_80pct
uCJNAX_b9mc.002,0.5420561,0.6875,0.6923077,0.5436893,0.76666665,0.52087414,0.57887137,0.5924018,0.5350514,0.6019385,0.021181960000000055,0.10862863,0.09990589999999999,0.008637900000000087,0.16472814999999996,0.08061650800000002,1876,1.936159,23.420656,2.2912574,-1.7952299,middle_80pct
udn-L92wdn8.000,0.5140187,0.7083333,0.7912088,0.776699,0.7,0.37922758,0.42046523,0.53886646,0.57930154,0.49874425,0.13479112000000004,0.28786807000000003,0.25234234,0.19739746000000002,0.20125574999999996,0.214730948,1877,2.1666749,26.23698,-0.81075233,2.9543684,highest_error_10pct
uqd_cEJMJ4o.002,0.49532712,0.44791666,0.50549453,0.44660193,0.5555556,0.5431672,0.574218,0.5470874,0.468962,0.5990822,0.04784007999999995,0.12630133999999998,0.041592870000000004,0.02236007000000001,0.04352659999999997,0.05632419199999998,1878,2.043913,30.941626,-14.123697,-5.096611,middle_80pct
uqd_cEJMJ4o.003,0.45794392,0.44791666,0.53846157,0.3592233,0.5888889,0.56773514,0.56724316,0.5365685,0.5010352,0.625656,0.10979122000000002,0.11932649999999995,0.0018930699999999412,0.1418119,0.03676709999999994,0.08191795799999997,1879,2.0722272,22.948875,-5.1998734,-1.3816777,middle_80pct
usG6pVxbQkw.000,0.41121495,0.5520833,0.5714286,0.5436893,0.56666666,0.38304728,0.49646306,0.5448173,0.56727177,0.48821884,0.028167670000000034,0.05562024000000004,0.026611300000000004,0.02358246999999991,0.07844782,0.0424859,1880,1.9642254,27.944405,10.332968,6.012475,lowest_error_10pct
usG6pVxbQkw.001,0.26168224,0.6770833,0.5934066,0.63106793,0.43333334,0.3306821,0.49344027,0.5728571,0.59701836,0.463647,0.06899985999999997,0.18364303000000004,0.0205495,0.034049570000000084,0.030313659999999965,0.067511124,1881,1.9807935,28.093296,10.409834,5.2713413,middle_80pct
usG6pVxbQkw.002,0.28037384,0.39583334,0.48351648,0.42718446,0.35555556,0.31996632,0.41668892,0.48790804,0.47753,0.4291063,0.03959248000000004,0.02085558000000004,0.004391559999999961,0.05034554000000002,0.07355074,0.03774718000000001,1882,2.0422184,29.640394,10.63176,7.092371,lowest_error_10pct
usG6pVxbQkw.003,0.36448598,0.47916666,0.5714286,0.46601942,0.33333334,0.3605045,0.4816164,0.55108744,0.55224496,0.45841426,0.003981479999999982,0.002449739999999978,0.02034115999999997,0.08622553999999999,0.12508092000000004,0.04761576799999999,1883,2.1918023,29.410864,13.956831,4.128026,middle_80pct
usG6pVxbQkw.004,0.1682243,0.47916666,0.37362638,0.65048546,0.36666667,0.38615963,0.50140613,0.55968815,0.56048864,0.5043222,0.21793532999999998,0.022239469999999983,0.18606177000000007,0.08999681999999998,0.13765553000000008,0.130777784,1884,2.0318356,29.271582,13.419449,5.1421547,middle_80pct
usG6pVxbQkw.005,0.1682243,0.29166666,0.25274727,0.34951457,0.22222222,0.30024818,0.42054543,0.45905867,0.46328074,0.42731524,0.13202387999999998,0.12887876999999998,0.20631139999999998,0.11376617,0.20509302,0.15721464799999998,1885,2.2438908,33.774384,11.556612,7.7660627,middle_80pct
uxTxqewSuxg.000,0.57009345,0.6666667,0.6593407,0.4368932,0.46666667,0.5570358,0.6294259,0.6120379,0.6229627,0.62143916,0.013057650000000032,0.03724079999999996,0.04730279999999998,0.1860695,0.15477248999999998,0.087688648,1886,1.9656771,23.811474,3.7378473,-2.5247145,middle_80pct
v0jtovM6Ajg.000,0.6168224,0.6979167,0.63736266,0.6213592,0.7,0.58395404,0.628214,0.61328346,0.54441994,0.67766154,0.03286836000000004,0.0697026999999999,0.024079199999999967,0.07693925999999995,0.02233845999999995,0.04518559599999996,1887,2.0808501,23.212498,0.38262093,-3.7564259,middle_80pct
v0jtovM6Ajg.003,0.72897196,0.6666667,0.7802198,0.6407767,0.65555555,0.60778916,0.6449001,0.6163345,0.5739656,0.6956136,0.12118279999999992,0.02176659999999997,0.1638853,0.06681110000000001,0.04005805000000007,0.08274076999999999,1888,1.9884957,21.701216,-1.3537859,-5.6756973,middle_80pct
vE9XgQL7DGE.000,0.2897196,0.39583334,0.3846154,0.37864077,0.44444445,0.43267965,0.5171168,0.5440761,0.5220046,0.5305802,0.14296005,0.12128346000000007,0.15946069999999996,0.14336383000000003,0.08613574999999996,0.13064075800000002,1889,2.2238817,24.581102,9.552938,3.3273315,middle_80pct
vE9XgQL7DGE.001,0.2897196,0.34375,0.3956044,0.24271844,0.35555556,0.4473693,0.54282874,0.5871364,0.54283893,0.5705226,0.1576497,0.19907874000000003,0.19153199999999998,0.3001204900000001,0.21496704,0.21266959400000002,1890,2.1182535,24.94881,2.7677937,0.6134993,highest_error_10pct
vE9XgQL7DGE.003,0.46728972,0.39583334,0.5934066,0.32038835,0.36666667,0.4901494,0.5355884,0.5842473,0.50578773,0.576065,0.022859679999999993,0.13975506,0.009159299999999981,0.18539938,0.20939833000000008,0.11331435000000001,1891,2.0288095,27.992725,-4.5730486,-2.2271893,middle_80pct
vE9XgQL7DGE.004,0.42056075,0.48958334,0.5494506,0.42718446,0.5888889,0.41039535,0.5169806,0.5378692,0.51537603,0.53803813,0.010165399999999991,0.027397260000000034,0.011581399999999964,0.08819157,0.050850770000000045,0.03763728000000001,1892,1.9846662,23.246069,4.769803,1.3066212,lowest_error_10pct
vHIBCKwJLEY.000,0.62616825,0.5520833,0.6043956,0.46601942,0.54444444,0.38116243,0.3777542,0.45496702,0.396752,0.47979212,0.24500581999999999,0.17432910000000007,0.14942858000000003,0.06926742000000002,0.06465232000000004,0.14053664800000001,1893,2.2316315,35.25385,-6.8976154,20.74433,middle_80pct
vHIBCKwJLEY.001,0.45794392,0.48958334,0.6923077,0.4563107,0.5555556,0.48129183,0.49988872,0.5431519,0.4921807,0.5507333,0.023347909999999972,0.01030538000000003,0.14915579999999995,0.03587000000000001,0.004822300000000057,0.044700278,1894,2.1067207,23.581415,4.880966,3.8974085,middle_80pct
vHIBCKwJLEY.003,0.62616825,0.6354167,0.6813187,0.6893204,0.56666666,0.4911225,0.5202196,0.5481842,0.5506377,0.5737109,0.13504574999999996,0.11519709999999994,0.13313450000000004,0.13868270000000005,0.007044240000000035,0.105820858,1895,2.054445,20.872385,8.183122,-0.45811912,middle_80pct
vHIBCKwJLEY.004,0.48598132,0.40625,0.52747256,0.52427185,0.5222222,0.5087495,0.52532625,0.5553486,0.5517619,0.58212465,0.02276817999999997,0.11907625,0.02787603999999999,0.027490050000000044,0.05990245000000005,0.05142259400000001,1896,1.9890937,21.786188,6.7004204,1.8933887,middle_80pct
vJDx6TCX32M.000,0.5607477,0.47916666,0.53846157,0.4563107,0.47777778,0.49764863,0.57280195,0.56244695,0.5287527,0.6211574,0.06309906999999998,0.09363528999999998,0.023985380000000056,0.07244199999999995,0.14337961999999999,0.07930827199999999,1897,2.1772003,28.095846,-4.317152,1.497333,middle_80pct
vJDx6TCX32M.001,0.5420561,0.5,0.6593407,0.57281554,0.54444444,0.5141443,0.5582529,0.57959217,0.5380646,0.5654235,0.027911800000000042,0.05825290000000005,0.07974853000000004,0.03475094000000001,0.02097905999999994,0.04432864600000001,1898,2.0743344,23.645725,2.7329037,2.6572595,middle_80pct
vJDx6TCX32M.004,0.635514,0.6041667,0.6703297,0.65048546,0.67777777,0.47292757,0.5451359,0.6066698,0.5921756,0.5890757,0.16258643,0.05903079999999994,0.06365989999999999,0.058309859999999936,0.08870206999999997,0.08645781199999997,1899,1.9854718,23.836355,3.7963402,1.418494,middle_80pct
vJDx6TCX32M.005,0.71028036,0.7291667,0.84615386,0.79611653,0.6,0.49042532,0.5686225,0.6161889,0.5668451,0.57746816,0.21985504000000006,0.16054419999999991,0.22996496,0.22927143000000005,0.02253183999999997,0.17243349400000002,1900,1.9327976,21.825153,2.5538588,-1.000804,middle_80pct
vNZJSHliTR4.001,0.57009345,0.44791666,0.51648355,0.5533981,0.4,0.5196642,0.5424706,0.5521473,0.5275509,0.6261966,0.05042924999999998,0.09455394,0.035663749999999994,0.02584719999999996,0.22619659999999997,0.08653814799999998,1901,2.0796738,21.858768,-8.56331,-4.767413,middle_80pct
vYkHHVeNK_M.000,0.2897196,0.39583334,0.43956044,0.3592233,0.41111112,0.33539096,0.39560297,0.51936364,0.40145585,0.4230068,0.045671359999999994,0.00023036999999997976,0.07980320000000002,0.04223254999999998,0.01189568000000002,0.035966632,1902,2.1405504,30.420107,0.20384102,5.165801,lowest_error_10pct
vYkHHVeNK_M.001,0.24299066,0.16666667,0.35164836,0.39805827,0.34444445,0.2681393,0.31815848,0.46486804,0.3757233,0.36989462,0.025148640000000028,0.15149181000000003,0.11321967999999999,0.02233497000000001,0.025450169999999994,0.067529054,1903,2.0634966,32.365616,0.38292688,8.138427,middle_80pct
vYkHHVeNK_M.002,0.1682243,0.14583333,0.34065935,0.19417475,0.26666668,0.30602574,0.37762275,0.50320965,0.43943372,0.40319815,0.13780144,0.23178942,0.16255029999999993,0.24525897000000002,0.13653147,0.18278632,1904,2.1752563,28.474833,2.2932558,10.233356,highest_error_10pct
vYkHHVeNK_M.003,0.13084112,0.16666667,0.1978022,0.16504854,0.25555557,0.35072762,0.3954214,0.50812685,0.4471631,0.43092316,0.2198865,0.22875473,0.31032465,0.28211456,0.17536759000000002,0.243289606,1905,2.1956418,27.530031,2.743618,5.523105,highest_error_10pct
vYkHHVeNK_M.004,0.18691589,0.19791667,0.46153846,0.30097088,0.31111112,0.35814238,0.40657064,0.53224176,0.4387474,0.4622121,0.17122648999999998,0.20865397,0.07070330000000002,0.13777652,0.15110098,0.14789225200000003,1906,2.02202,28.124334,3.3426738,3.9931479,middle_80pct
vYkHHVeNK_M.005,0.24299066,0.17708333,0.43956044,0.18446602,0.41111112,0.2497268,0.32099476,0.4736871,0.4120822,0.36386138,0.006736140000000002,0.14391142999999998,0.03412666000000003,0.22761618,0.047249739999999985,0.09192803,1907,2.1647525,33.057114,-0.33216155,12.492882,middle_80pct
vZpneJlniAE.005,0.42056075,0.6354167,0.5714286,0.46601942,0.6333333,0.49522582,0.541804,0.5564493,0.48330978,0.59088874,0.07466507,0.0936127,0.014979299999999918,0.017290360000000005,0.042444559999999965,0.04859839799999997,1908,1.9157546,22.512041,3.059493,-3.7933116,middle_80pct
vp9p1osOaLI.000,0.48598132,0.5729167,0.64835167,0.60194176,0.7111111,0.44074756,0.46044856,0.55866045,0.5346497,0.54435945,0.04523376000000001,0.11246813999999994,0.08969122000000007,0.06729205999999999,0.16675165000000003,0.09628736600000001,1909,1.9979042,23.574102,0.067789815,7.772971,middle_80pct
vp9p1osOaLI.001,0.60747665,0.6145833,0.72527474,0.66019416,0.6111111,0.45830324,0.4801968,0.52591556,0.49922585,0.5859691,0.14917340999999995,0.13438650000000008,0.19935918000000008,0.16096830999999995,0.025141999999999998,0.13380588000000002,1910,2.144639,28.511604,4.417448,13.301337,middle_80pct
vp9p1osOaLI.002,0.44859812,0.25,0.3956044,0.44660193,0.37777779,0.44414413,0.44160098,0.51189315,0.4743271,0.542823,0.004453989999999963,0.19160097999999998,0.11628875,0.02772517000000002,0.16504521000000005,0.10102282,1911,2.0505257,29.088036,-5.359072,12.782965,middle_80pct
vp9p1osOaLI.003,0.57009345,0.5,0.5824176,0.63106793,0.5888889,0.5389402,0.53287536,0.58654934,0.5200797,0.6260543,0.03115325000000002,0.03287536000000002,0.00413174000000005,0.11098823000000002,0.037165399999999904,0.043262796000000006,1912,2.047318,22.259272,3.2760253,-1.0795977,lowest_error_10pct
vp9p1osOaLI.004,0.53271025,0.625,0.6593407,0.5825243,0.56666666,0.41139868,0.4056431,0.45331067,0.35933295,0.46770972,0.12131157000000004,0.21935690000000002,0.20603002999999998,0.22319135,0.09895694,0.17376935799999998,1913,2.1821952,32.910683,-4.8025885,7.0668077,middle_80pct
vp9p1osOaLI.005,0.38317758,0.35416666,0.43956044,0.39805827,0.45555556,0.29996154,0.2915997,0.35092252,0.32807064,0.44084764,0.08321603999999999,0.06256696,0.08863791999999998,0.06998762999999997,0.014707920000000041,0.063823294,1914,2.167847,35.878162,-16.212791,10.773738,middle_80pct
w0CQ55sKmck.000,0.39252338,0.4375,0.50549453,0.65048546,0.4888889,0.49253896,0.5060123,0.5578836,0.52673006,0.6045453,0.10001558000000005,0.06851229999999997,0.05238907000000004,0.12375539999999996,0.11565639999999994,0.09206574999999999,1915,1.9402469,24.730537,2.2228737,0.96153104,middle_80pct
w0CQ55sKmck.002,0.27102804,0.30208334,0.5494506,0.52427185,0.47777778,0.48056927,0.48857328,0.55094457,0.49382764,0.55520743,0.20954122999999997,0.18648994000000002,0.0014939699999999556,0.03044420999999997,0.07742964999999996,0.10107979999999998,1916,2.1566575,22.122301,6.678529,0.8747752,middle_80pct
w2FKw8IhbFw.001,0.46728972,0.5416667,0.51648355,0.60194176,0.5777778,0.39977345,0.464347,0.5280322,0.44992596,0.51958627,0.06751627000000004,0.07731969999999994,0.011548649999999938,0.15201579999999998,0.05819152999999999,0.07331838999999998,1917,1.9440116,20.860264,3.7773542,-2.3858078,middle_80pct
w2FKw8IhbFw.004,0.3084112,0.27083334,0.2857143,0.3398058,0.41111112,0.28348422,0.31679788,0.37435582,0.2758059,0.40332484,0.024926979999999987,0.04596454,0.08864152000000003,0.0639999,0.007786279999999979,0.046263844,1918,2.7859826,54.52338,-20.04092,31.906649,middle_80pct
wAl_Pm7xG3A.001,0.8037383,0.8229167,0.85714287,0.7281553,0.96666664,0.65483975,0.6379695,0.62097156,0.60461366,0.7149981,0.14889854999999996,0.18494719999999998,0.23617131000000002,0.1235416399999999,0.25166854000000005,0.18904544799999998,1919,1.9502863,23.274282,-2.011231,-4.360697,highest_error_10pct
wBCSJVBr4ZE.000,0.5981308,0.5416667,0.74725276,0.57281554,0.47777778,0.457584,0.53080934,0.58185256,0.6279163,0.5442981,0.14054679999999997,0.010857359999999927,0.1654002,0.05510075999999997,0.06652032000000002,0.08768508799999998,1920,2.1171718,24.5705,10.768011,4.5196805,middle_80pct
wBCSJVBr4ZE.001,0.44859812,0.5416667,0.63736266,0.5436893,0.5888889,0.43147308,0.5223134,0.58255225,0.60993,0.53247845,0.01712503999999998,0.019353299999999907,0.054810409999999976,0.06624069999999993,0.05641045,0.04278797999999996,1921,2.0272238,24.644218,11.057224,4.7990084,lowest_error_10pct
wBCSJVBr4ZE.002,0.53271025,0.5520833,0.6923077,0.65048546,0.74444443,0.3954978,0.44866794,0.5300869,0.5128857,0.5035415,0.13721245000000004,0.10341536000000007,0.16222079999999994,0.13759975999999996,0.24090293000000007,0.15627026000000002,1922,2.0659811,25.38699,10.41799,4.9351997,middle_80pct
wBCSJVBr4ZE.003,0.45794392,0.5416667,0.73626375,0.5631068,0.43333334,0.44285348,0.5204893,0.5942769,0.62369084,0.52449805,0.015090439999999983,0.021177399999999902,0.14198685,0.06058403999999995,0.09116471000000004,0.06600068799999997,1923,1.9886485,22.863518,11.409291,4.504776,middle_80pct
wBCSJVBr4ZE.004,0.47663552,0.5729167,0.5714286,0.5145631,0.47777778,0.41323248,0.5348616,0.5904927,0.5928371,0.5180444,0.06340303999999997,0.0380550999999999,0.019064100000000028,0.07827399999999995,0.040266619999999975,0.04781257199999996,1924,1.9403208,23.041195,9.294876,2.1643395,middle_80pct
wBCSJVBr4ZE.005,0.55140185,0.6041667,0.7692308,0.70873785,0.6111111,0.4339611,0.5544387,0.5869094,0.64323795,0.52255994,0.11744074999999998,0.049727999999999994,0.18232139999999997,0.06549990000000006,0.08855116000000007,0.10070824200000002,1925,2.005713,24.5605,10.807573,1.6348362,middle_80pct
wFZJ3gTKwwM.000,0.5140187,0.48958334,0.5934066,0.5145631,0.64444447,0.44797552,0.47039473,0.49259916,0.4456253,0.5244789,0.06604318000000003,0.019188609999999995,0.10080744000000003,0.06893780000000005,0.11996557000000008,0.07498852000000003,1926,2.3297675,26.181519,-6.6993027,-0.7769951,middle_80pct
wFZJ3gTKwwM.002,0.2990654,0.27083334,0.3956044,0.36893204,0.3888889,0.41419625,0.4226075,0.45318455,0.43392345,0.5055059,0.11513085,0.15177416000000005,0.05758015,0.06499140999999997,0.11661699999999997,0.101218714,1927,2.682142,37.44749,-18.139524,5.0069714,middle_80pct
wK_ExIjn5Q8.000,0.3084112,0.36458334,0.42857143,0.5631068,0.51111114,0.4167964,0.44573277,0.51012194,0.5869713,0.49985188,0.10838520000000001,0.08114943000000002,0.08155051000000002,0.023864499999999955,0.011259259999999993,0.06124178,1928,2.2282224,50.40535,-2.734258,32.41484,middle_80pct
wK_ExIjn5Q8.002,0.24299066,0.44791666,0.43956044,0.63106793,0.54444444,0.37688613,0.46196127,0.49545738,0.5477838,0.47584593,0.13389547,0.014044609999999957,0.055896940000000006,0.08328413000000001,0.06859851000000006,0.071143932,1929,2.08828,24.958824,10.994446,3.4818792,middle_80pct
wK_ExIjn5Q8.003,0.3084112,0.34375,0.32967034,0.47572815,0.51111114,0.38191903,0.45477208,0.5245148,0.61476326,0.5162427,0.07350783,0.11102208000000002,0.19484445999999994,0.13903511000000002,0.005131560000000035,0.104708208,1930,2.2025185,31.488842,8.742431,6.4441204,middle_80pct
wK_ExIjn5Q8.004,0.13084112,0.29166666,0.3956044,0.5048544,0.32222223,0.37500423,0.44240686,0.49058622,0.56456506,0.47646856,0.24416311,0.1507402,0.09498182,0.059710659999999915,0.15424633,0.14076842399999998,1931,1.9994664,26.861311,8.417732,6.734811,middle_80pct
wK_ExIjn5Q8.005,0.23364486,0.40625,0.45054945,0.5533981,0.34444445,0.3965599,0.46299762,0.5069545,0.58915377,0.5002043,0.16291504,0.05674762,0.05640504999999996,0.03575567000000002,0.15575985000000003,0.09351664600000001,1932,2.054656,28.799337,8.563327,6.8361487,middle_80pct
wVpjBxCirAQ.000,0.40186915,0.38541666,0.5714286,0.5048544,0.33333334,0.43005028,0.46841064,0.53600097,0.46164888,0.5189743,0.02818113,0.08299397999999997,0.03542762999999993,0.04320552000000005,0.18564096000000002,0.07508984399999999,1933,1.9626548,24.61499,-1.1596144,0.2667985,middle_80pct
wVpjBxCirAQ.001,0.317757,0.20833333,0.43956044,0.49514562,0.45555556,0.4064384,0.45823634,0.49770987,0.4598927,0.49831763,0.08868139999999997,0.24990301,0.05814943,0.03525292000000002,0.042762069999999985,0.09494976599999999,1934,2.0895355,25.242302,-0.85871065,2.1948206,middle_80pct
wVpjBxCirAQ.002,0.3364486,0.41666666,0.45054945,0.592233,0.3888889,0.39878395,0.46336645,0.52554727,0.4923213,0.47529706,0.06233535000000001,0.04669978999999996,0.07499781999999999,0.09991169999999999,0.08640816000000001,0.07407056399999999,1935,2.0916917,30.356766,-1.8588806,-0.0376682,middle_80pct
wVpjBxCirAQ.003,0.24299066,0.32291666,0.36263737,0.4563107,0.35555556,0.32766598,0.39039654,0.46837503,0.4555921,0.44126636,0.08467532000000003,0.06747987999999999,0.10573766000000001,0.0007186000000000137,0.08571080000000003,0.068864452,1936,2.1733787,29.09535,-1.022403,4.862982,middle_80pct
wVpjBxCirAQ.004,0.41121495,0.5625,0.4945055,0.61165047,0.5888889,0.32514083,0.39131704,0.49310544,0.47182503,0.43263626,0.08607412000000003,0.17118296,0.0014000599999999808,0.13982543999999997,0.15625264000000005,0.110947044,1937,2.2089813,34.739735,-4.6596966,4.820904,middle_80pct
wVpjBxCirAQ.005,0.18691589,0.30208334,0.32967034,0.3883495,0.43333334,0.39581487,0.41064718,0.5126128,0.4848875,0.46675646,0.20889897999999998,0.10856384000000002,0.18294245999999997,0.09653800000000001,0.03342311999999997,0.12607328,1938,2.255917,31.060965,-1.6090404,2.179263,middle_80pct
wXLL0teBlvs.002,0.72897196,0.8958333,0.7692308,0.815534,0.87777776,0.61487675,0.6844213,0.63495475,0.6750362,0.70735216,0.11409521,0.21141200000000004,0.13427604999999998,0.1404978,0.17042559999999995,0.154141332,1939,1.9105799,22.6008,-0.61474705,-5.8830595,middle_80pct
wsBrLt5coeM.000,0.5794392,0.53125,0.47252747,0.44660193,0.65555555,0.5563113,0.5598435,0.56991506,0.5444495,0.5968082,0.02312790000000009,0.02859350000000005,0.09738759000000002,0.09784757000000005,0.058747349999999976,0.06114078200000004,1940,1.9827222,24.150087,1.7635278,-0.3469173,middle_80pct
wy1szFSVpEI.000,0.5607477,0.6770833,0.53846157,0.5436893,0.8111111,0.49368897,0.5589907,0.58267015,0.5719921,0.58748186,0.06705872999999996,0.1180926000000001,0.04420858000000005,0.02830279999999996,0.22362923999999995,0.09625839,1941,1.9083761,22.098774,-1.2228664,-5.540143,middle_80pct
wy1szFSVpEI.002,0.5420561,0.7291667,0.46153846,0.5825243,0.6,0.5362303,0.6268733,0.6091431,0.6051605,0.64532286,0.005825799999999992,0.10229339999999998,0.14760464000000006,0.022636199999999995,0.045322860000000076,0.06473658000000002,1942,1.9209586,22.41105,-0.08097164,-5.1083317,middle_80pct
wy1szFSVpEI.003,0.42056075,0.48958334,0.47252747,0.4563107,0.45555556,0.5150966,0.6048934,0.57899874,0.59214985,0.61382174,0.09453585000000003,0.11531006000000005,0.10647126999999995,0.13583914999999996,0.15826617999999998,0.12208450200000001,1943,2.0902627,23.286736,1.5906233,-5.793654,middle_80pct
wzCdM6Fe_4A.000,0.35514018,0.47916666,0.63736266,0.5631068,0.64444447,0.47238433,0.54907155,0.57064176,0.56944126,0.6032036,0.11724414999999999,0.06990488999999994,0.06672089999999997,0.006334459999999931,0.041240870000000096,0.06028905399999999,1944,2.0587707,28.833647,4.1925583,-4.280366,middle_80pct
wzCdM6Fe_4A.001,0.5794392,0.625,0.6813187,0.79611653,0.8666667,0.5406666,0.56842774,0.5665433,0.55394787,0.624407,0.038772600000000046,0.05657226000000004,0.11477540000000008,0.24216866000000004,0.24225969999999997,0.13890972400000004,1945,1.945042,19.159029,1.4582688,-3.706787,middle_80pct
wzCdM6Fe_4A.002,0.34579438,0.4375,0.4945055,0.5436893,0.5,0.4785197,0.5433845,0.56705517,0.5712619,0.58419526,0.13272531999999998,0.10588450000000005,0.07254967000000007,0.027572599999999947,0.08419526,0.08458547000000001,1946,1.9807726,22.2146,4.113348,-2.8540828,middle_80pct
wzCdM6Fe_4A.003,0.41121495,0.5208333,0.5714286,0.5533981,0.6666667,0.5438018,0.5872123,0.61350226,0.5781646,0.6103788,0.13258684999999998,0.06637899999999997,0.04207366000000001,0.024766500000000025,0.056287899999999946,0.06441878199999998,1947,1.8695313,21.335808,0.5612244,-3.8644853,middle_80pct
wzCdM6Fe_4A.004,0.48598132,0.40625,0.48351648,0.57281554,0.4888889,0.49403432,0.5372281,0.52382684,0.51118296,0.58234394,0.008053000000000032,0.1309781,0.04031035999999999,0.06163258000000005,0.09345503999999999,0.06688581600000001,1948,1.9522324,21.318638,-0.9816665,-4.071516,middle_80pct
xBiI0Oo1vBw.000,0.7570093,0.6770833,0.7582418,0.7184466,0.7111111,0.54597926,0.58159024,0.5958947,0.6562575,0.6567153,0.21103004000000003,0.09549306000000002,0.16234709999999997,0.0621891,0.054395799999999994,0.11709102,1949,2.0073767,27.980171,-5.318461,-6.79964,middle_80pct
xBiI0Oo1vBw.005,0.5420561,0.5416667,0.47252747,0.5533981,0.5888889,0.4542073,0.44563168,0.4723537,0.505098,0.5387694,0.08784880000000006,0.09603501999999997,0.00017377000000001752,0.04830009999999996,0.050119500000000095,0.05649543800000002,1950,2.1334665,34.169106,-10.214613,-7.5166483,middle_80pct
xRhUBifOWiI.000,0.5607477,0.5729167,0.7582418,0.63106793,0.7,0.5492191,0.57502294,0.58867085,0.5690391,0.6482348,0.0115286,0.002106240000000037,0.16957095,0.062028830000000035,0.051765199999999956,0.059399964000000006,1951,1.8801874,26.933105,-11.110617,-10.245857,middle_80pct
xRhUBifOWiI.001,0.57009345,0.59375,0.6923077,0.69902915,0.5777778,0.57268226,0.62586266,0.6275373,0.62904567,0.6608813,0.002588809999999997,0.032112660000000015,0.0647704,0.06998347999999999,0.0831035,0.05051177,1952,1.9067768,22.575539,-0.965376,-4.7202196,middle_80pct
xRhUBifOWiI.002,0.5420561,0.5833333,0.63736266,0.6796116,0.5222222,0.47125098,0.48438543,0.53349257,0.46573138,0.54326683,0.07080512000000005,0.09894787000000005,0.10387008999999991,0.21388022,0.02104463000000001,0.10170958599999999,1953,1.9400542,32.67991,-18.206696,-7.6179543,middle_80pct
xRhUBifOWiI.003,0.49532712,0.48958334,0.6593407,0.6699029,0.65555555,0.5682457,0.61926705,0.60224587,0.6235287,0.6842108,0.07291857999999996,0.12968371000000006,0.05709483000000004,0.04637419999999992,0.02865525000000002,0.066945314,1954,1.9578679,21.814444,-5.525391,-6.3590117,middle_80pct
xRhUBifOWiI.004,0.42056075,0.59375,0.5604396,0.63106793,0.65555555,0.549707,0.548813,0.5526025,0.5207903,0.6272351,0.12914624999999996,0.044937000000000005,0.007837100000000041,0.11027763000000002,0.02832044999999994,0.064103686,1955,2.1836593,30.685163,-17.304762,-7.9780927,middle_80pct
xRhUBifOWiI.005,0.48598132,0.6145833,0.6923077,0.61165047,0.64444447,0.5087885,0.53306574,0.5703205,0.53605205,0.61525816,0.022807179999999982,0.0815175600000001,0.12198719999999996,0.07559841999999994,0.02918631000000005,0.066219334,1956,1.9480191,21.39734,-4.861153,-4.619774,middle_80pct
xYXVkQOmSfk.001,0.45794392,0.6041667,0.62637365,0.4854369,0.4888889,0.4586267,0.53429055,0.5784435,0.538549,0.55848444,0.000682779999999994,0.06987614999999991,0.047930150000000005,0.05311210000000005,0.06959553999999996,0.04823934399999998,1957,2.2770894,26.914436,11.2888,1.8646002,middle_80pct
xYXVkQOmSfk.002,0.6448598,0.6458333,0.6703297,0.6699029,0.8,0.43965787,0.48437643,0.54698217,0.47517216,0.5183717,0.20520192999999998,0.16145687000000003,0.12334752999999998,0.19473073999999996,0.28162830000000005,0.193273074,1958,2.2633889,26.954319,7.892432,3.7302225,highest_error_10pct
xYXVkQOmSfk.004,0.42056075,0.5625,0.62637365,0.57281554,0.53333336,0.44640726,0.5024696,0.57197773,0.49952197,0.54934376,0.02584650999999999,0.06003040000000004,0.05439592000000004,0.07329357000000003,0.01601039999999998,0.045915360000000016,1959,2.0688143,24.77809,6.506571,1.0192199,middle_80pct
xZ9iwqHw7GY.001,0.49532712,0.6041667,0.46153846,0.41747573,0.5555556,0.4750707,0.49077684,0.49555385,0.44508213,0.5453056,0.020256419999999997,0.11338985999999995,0.034015390000000034,0.02760640000000003,0.010250000000000092,0.041103614000000024,1960,2.165795,41.227036,-26.975521,-12.570357,lowest_error_10pct
xZ9iwqHw7GY.002,0.48598132,0.45833334,0.41758242,0.47572815,0.4888889,0.4625341,0.4735211,0.48029006,0.415807,0.52250457,0.02344721999999999,0.015187759999999995,0.06270764000000001,0.059921150000000034,0.03361566999999993,0.03897588799999999,1961,2.377517,50.64605,-34.652107,-13.880931,lowest_error_10pct
xZ9iwqHw7GY.003,0.2897196,0.625,0.47252747,0.41747573,0.35555556,0.48290202,0.512462,0.5244889,0.5085461,0.52524436,0.19318241999999997,0.11253800000000003,0.05196143000000003,0.09107037000000001,0.16968879999999997,0.123688204,1962,2.0353558,21.953135,-3.6969333,-4.416395,middle_80pct
xcMwMi4fdis.000,0.44859812,0.41666666,0.51648355,0.3592233,0.37777779,0.35795906,0.38456586,0.4232598,0.41632944,0.44444618,0.09063906,0.03210080000000004,0.09322375,0.05710613999999997,0.06666839000000002,0.06794762800000001,1963,1.9272835,35.68077,-20.65179,-7.355291,middle_80pct
xcMwMi4fdis.001,0.21495327,0.39583334,0.52747256,0.3398058,0.43333334,0.28833157,0.26779637,0.3668844,0.33976558,0.3512779,0.07337829999999998,0.12803696999999997,0.16058815999999998,4.0219999999979716e-05,0.08205544000000004,0.08881981799999998,1964,2.7012298,58.064754,-27.028244,8.853206,middle_80pct
xcMwMi4fdis.002,0.40186915,0.38541666,0.46153846,0.39805827,0.47777778,0.33033317,0.29591295,0.36809644,0.3128516,0.37004972,0.07153598,0.08950371000000001,0.09344201999999996,0.08520666999999998,0.10772805999999996,0.08948328799999998,1965,2.487606,46.740665,-32.776966,-5.1901226,middle_80pct
xcMwMi4fdis.003,0.48598132,0.6354167,0.3956044,0.36893204,0.5222222,0.40869105,0.41643018,0.4355973,0.37704682,0.48333514,0.07729027,0.21898651999999996,0.0399929,0.008114779999999988,0.03888705999999997,0.07665430599999998,1966,2.0729163,31.88613,-19.489426,-5.8345485,middle_80pct
xcMwMi4fdis.005,0.36448598,0.5208333,0.50549453,0.3398058,0.51111114,0.37462604,0.3632955,0.4191789,0.34645808,0.4629172,0.010140060000000006,0.15753780000000006,0.08631562999999998,0.00665228000000001,0.048193940000000046,0.06176794200000002,1967,2.0992172,34.702934,-22.763615,-6.663485,middle_80pct
xotlPVnG05U.000,0.37383178,0.5625,0.47252747,0.44660193,0.62222224,0.5396673,0.6110156,0.5602597,0.5508812,0.63093966,0.16583551999999996,0.04851559999999999,0.08773223000000002,0.10427926999999998,0.008717419999999976,0.08301600799999999,1968,2.100506,21.848703,0.8866053,-5.5900297,middle_80pct
xq0-QVHxp-Q.001,0.42056075,0.65625,0.47252747,0.60194176,0.64444447,0.5412934,0.6167601,0.61780244,0.5741617,0.6679071,0.12073265000000005,0.03948989999999997,0.14527496999999995,0.027780059999999995,0.02346262999999993,0.07134804199999997,1969,1.8824966,22.933792,-3.8077307,-5.570794,middle_80pct
xq0-QVHxp-Q.002,0.71028036,0.7291667,0.7912088,0.6893204,0.84444445,0.50832665,0.51440436,0.5170203,0.41836694,0.5634489,0.20195371000000006,0.21476233999999994,0.27418850000000006,0.27095346000000003,0.28099555,0.24857071199999997,1970,2.375506,34.7182,-16.48206,-3.2517233,highest_error_10pct
xq0-QVHxp-Q.003,0.5420561,0.5208333,0.47252747,0.5145631,0.5555556,0.49076265,0.5352718,0.54118615,0.47861803,0.5850171,0.05129345000000002,0.01443849999999991,0.06865868000000003,0.03594507000000002,0.02946149999999992,0.03995943999999998,1971,2.19187,30.827505,-11.154466,-4.2376823,lowest_error_10pct
xq0-QVHxp-Q.005,0.5046729,0.5729167,0.73626375,0.46601942,0.65555555,0.5385648,0.5486392,0.54429466,0.44948357,0.6014679,0.033891899999999975,0.024277499999999952,0.19196908999999995,0.01653585000000002,0.05408764999999993,0.06415239799999997,1972,2.2634292,33.143997,-19.24209,-7.4553256,middle_80pct
xtDw9TlWiww.000,0.57009345,0.6666667,0.6593407,0.6796116,0.6666667,0.5208664,0.6133748,0.65041834,0.6942158,0.5872023,0.04922705000000005,0.05329189999999995,0.008922360000000018,0.014604200000000067,0.07946439999999999,0.041101982000000016,1973,1.9788054,27.130655,9.96468,2.1496491,lowest_error_10pct
xtDw9TlWiww.001,0.42056075,0.5,0.53846157,0.61165047,0.43333334,0.45405406,0.58844316,0.6106802,0.63713634,0.58342373,0.03349331,0.08844315999999997,0.07221863000000006,0.02548587000000002,0.15009039000000002,0.07394627200000001,1974,2.0134892,24.679943,10.003834,2.9508948,middle_80pct
xtDw9TlWiww.002,0.42056075,0.5520833,0.52747256,0.5533981,0.6,0.398006,0.5402062,0.5824,0.62500083,0.51805073,0.022554749999999957,0.011877100000000085,0.05492744000000005,0.07160272999999995,0.08194926999999996,0.048582258,1975,2.0047865,25.94063,9.515148,3.6865048,middle_80pct
xtDw9TlWiww.003,0.39252338,0.46875,0.53846157,0.52427185,0.42222223,0.4121984,0.541805,0.5894091,0.6262958,0.5253888,0.019675020000000043,0.07305499999999998,0.050947530000000074,0.10202394999999997,0.10316657000000001,0.06977361400000001,1976,2.1241014,26.571373,11.450767,3.8110456,middle_80pct
xtDw9TlWiww.004,0.5233645,0.6041667,0.64835167,0.5825243,0.53333336,0.4874557,0.57944703,0.64137936,0.6931702,0.550683,0.03590880000000002,0.02471966999999997,0.006972310000000093,0.11064589999999996,0.017349640000000055,0.03911926400000002,1977,1.9905131,26.812178,9.538162,3.648442,lowest_error_10pct
xun35caJTQI.001,0.5140187,0.5416667,0.52747256,0.3592233,0.41111112,0.42014837,0.4916135,0.542536,0.4893296,0.5190803,0.09387033000000006,0.050053199999999964,0.015063440000000039,0.13010629999999995,0.10796918000000005,0.07941249000000002,1978,1.9498237,27.91293,9.425378,5.1609516,middle_80pct
xun35caJTQI.002,0.42056075,0.5625,0.5604396,0.60194176,0.47777778,0.33426774,0.43796,0.4947532,0.45435295,0.44706,0.08629301,0.12453999999999998,0.06568640000000003,0.14758881000000001,0.030717779999999972,0.0909652,1979,1.9431846,31.838364,8.3998165,16.67428,middle_80pct
xun35caJTQI.003,0.5794392,0.7604167,0.5824176,0.4563107,0.6333333,0.4343437,0.4899913,0.5554697,0.48440224,0.52196574,0.14509550000000004,0.2704253999999999,0.026947900000000025,0.02809153999999997,0.11136756000000003,0.11638557999999999,1980,2.157645,27.732538,8.046615,5.9898868,middle_80pct
xun35caJTQI.004,0.2897196,0.34375,0.43956044,0.5048544,0.42222223,0.37656876,0.45967665,0.5017238,0.43864894,0.47202116,0.08684915999999998,0.11592665000000002,0.062163360000000056,0.06620546000000005,0.04979893000000002,0.07618871200000002,1981,2.0847454,30.083302,10.048073,4.597327,middle_80pct
xun35caJTQI.005,0.38317758,0.5729167,0.62637365,0.5145631,0.41111112,0.4153934,0.49376005,0.5520233,0.48330957,0.5094069,0.032215820000000006,0.07915664999999994,0.07435035000000001,0.03125353000000003,0.09829578,0.063054426,1982,2.0842984,27.842253,10.432671,4.4743576,middle_80pct
xvLi31p57oA.004,0.46728972,0.5520833,0.51648355,0.5631068,0.5777778,0.6103636,0.6951184,0.6383999,0.5591564,0.70817685,0.14307388,0.14303509999999997,0.12191635,0.0039504000000000206,0.13039904999999996,0.10847495599999998,1983,1.9172262,23.801842,4.3589587,-2.8924155,middle_80pct
y1e8xPAaL9k.000,0.48598132,0.5,0.6923077,0.6796116,0.7,0.4690669,0.5504227,0.58796066,0.54162335,0.57938826,0.016914419999999986,0.05042270000000004,0.10434703999999995,0.13798825000000003,0.12061173999999997,0.08605683,1984,1.963517,21.78934,6.5805354,-1.3729109,middle_80pct
y1e8xPAaL9k.002,0.43925235,0.42708334,0.48351648,0.5436893,0.46666667,0.41513747,0.42678982,0.5120679,0.43707687,0.50982994,0.024114880000000005,0.00029351999999999157,0.028551419999999994,0.10661243000000004,0.04316327000000003,0.040547104000000014,1985,1.9835869,23.753666,-3.2905655,8.873693,lowest_error_10pct
y2UF49ddapI.000,0.5794392,0.71875,0.73626375,0.69902915,0.7,0.44096026,0.44009876,0.5162556,0.49058,0.5104174,0.13847894000000005,0.27865124,0.22000814999999996,0.20844914999999997,0.18958259999999993,0.207034016,1986,1.9662575,24.669058,1.7572216,0.245821,highest_error_10pct
y2UF49ddapI.001,0.35514018,0.46875,0.64835167,0.4854369,0.5555556,0.37427676,0.38883692,0.46820483,0.45393896,0.4624372,0.01913657999999996,0.07991308000000003,0.18014684000000003,0.03149794,0.09311840000000005,0.080762568,1987,2.160388,26.457783,0.09106752,3.1347795,middle_80pct
y2UF49ddapI.003,0.47663552,0.48958334,0.74725276,0.61165047,0.56666666,0.4083441,0.42025796,0.4829269,0.4468885,0.49932408,0.06829141999999999,0.06932537999999999,0.26432585999999997,0.16476196999999992,0.06734257999999999,0.12680944199999997,1988,1.9424658,22.554285,1.2984523,0.959076,middle_80pct
yAVnxsaTyuE.001,0.45794392,0.45833334,0.5934066,0.4854369,0.5777778,0.4323138,0.44215503,0.51518095,0.40506634,0.5273213,0.02563011999999998,0.016178309999999974,0.07822565000000004,0.08037055999999998,0.050456500000000015,0.050172228,1989,1.904036,24.202509,-9.756422,-4.0094175,middle_80pct
yFZ3eUD6Pqs.000,0.57009345,0.6666667,0.6923077,0.592233,0.44444445,0.51554406,0.57376194,0.56226104,0.5970303,0.6094191,0.05454939000000003,0.09290475999999992,0.13004665999999998,0.004797300000000004,0.16497465,0.08945455199999999,1990,2.0099413,23.611544,0.8713791,-4.8652954,middle_80pct
yFZ3eUD6Pqs.001,0.53271025,0.48958334,0.47252747,0.61165047,0.6111111,0.4386207,0.5092686,0.54888904,0.5658933,0.5373639,0.09408955000000008,0.019685259999999982,0.07636157000000005,0.0457571699999999,0.07374720000000001,0.06192815,1991,2.000768,24.414064,-0.06905033,-5.033759,middle_80pct
yFZ3eUD6Pqs.002,0.42990655,0.5416667,0.50549453,0.7184466,0.6333333,0.4776183,0.558082,0.5804375,0.62549114,0.57510775,0.04771175,0.01641530000000002,0.07494297000000005,0.0929554600000001,0.05822554999999996,0.05805020600000003,1992,2.0578756,23.716747,4.977482,-2.8518667,middle_80pct
yFZ3eUD6Pqs.003,0.317757,0.47916666,0.47252747,0.69902915,0.3888889,0.51410294,0.6082662,0.59608084,0.6864915,0.6174419,0.19634594,0.12909953999999996,0.12355336999999994,0.012537649999999956,0.228553,0.13801789999999997,1993,2.017398,23.901289,0.6151761,-4.6302915,middle_80pct
yFZ3eUD6Pqs.004,0.6168224,0.7604167,0.5714286,0.75728154,0.5777778,0.50338167,0.579763,0.5740859,0.62465477,0.5805438,0.11344072999999999,0.18065369999999992,0.0026573000000000846,0.13262677,0.002766000000000046,0.0864289,1994,2.2002008,24.961252,4.440983,-1.5747107,middle_80pct
yFZ3eUD6Pqs.005,0.1588785,0.40625,0.46153846,0.60194176,0.37777779,0.43211085,0.47378185,0.53634334,0.5358987,0.50713485,0.27323235,0.06753185,0.07480487999999996,0.06604306000000004,0.12935706000000002,0.12219384,1995,2.039809,24.71265,1.8586746,-0.29354736,middle_80pct
yHwuRYr5lxk.000,0.55140185,0.5208333,0.63736266,0.60194176,0.5222222,0.65155494,0.65985495,0.63919276,0.6583549,0.7029042,0.10015309000000006,0.13902165,0.0018301000000000567,0.05641313999999997,0.180682,0.09561999600000001,1996,1.993656,21.508354,6.4703712,-1.4747472,middle_80pct
yHwuRYr5lxk.001,0.42990655,0.38541666,0.46153846,0.39805827,0.47777778,0.62344676,0.64820874,0.6107051,0.65040267,0.6768051,0.19354021,0.26279207999999993,0.14916664000000002,0.25234439999999997,0.19902732000000006,0.21137413,1997,1.9085722,23.387995,4.449999,-3.0009632,highest_error_10pct
yHwuRYr5lxk.002,0.635514,0.6458333,0.6703297,0.7281553,0.54444444,0.591573,0.616318,0.57706654,0.59726936,0.6570097,0.04394100000000001,0.029515300000000022,0.09326316000000001,0.13088593999999998,0.11256526,0.08203413200000001,1998,1.9544568,24.185999,5.7718205,-3.8822827,middle_80pct
yHwuRYr5lxk.003,0.60747665,0.5520833,0.51648355,0.47572815,0.6,0.65458244,0.6991036,0.6358782,0.69537663,0.7239299,0.047105790000000036,0.1470203,0.11939464999999994,0.21964848000000003,0.12392990000000004,0.13141982400000002,1999,1.9251107,22.714201,5.4573455,-2.8252516,middle_80pct
yHwuRYr5lxk.004,0.55140185,0.5833333,0.52747256,0.65048546,0.6888889,0.6378528,0.6544027,0.62969387,0.63620317,0.7099246,0.08645095000000003,0.07106939999999995,0.10222131000000001,0.01428228999999992,0.02103569999999999,0.059011929999999976,2000,2.004284,22.943365,7.041347,-1.8176103,middle_80pct
yHwuRYr5lxk.005,0.5794392,0.40625,0.42857143,0.4368932,0.41111112,0.56206745,0.5836074,0.55481476,0.5794401,0.6282849,0.01737175000000002,0.1773574,0.12624333,0.14254690000000003,0.21717378000000004,0.13613863200000004,2001,2.0373557,22.363855,6.3498116,0.42964354,middle_80pct
yIe7Rp54-bU.001,0.5233645,0.44791666,0.6703297,0.4854369,0.5777778,0.61693597,0.60496247,0.6405951,0.6398536,0.6565324,0.09357146999999999,0.15704581,0.029734600000000055,0.15441670000000002,0.07875460000000001,0.10270463600000002,2002,1.9342307,22.051828,3.1850495,-1.8814282,middle_80pct
yIe7Rp54-bU.003,0.682243,0.65625,0.6923077,0.8252427,0.76666665,0.60835505,0.6139801,0.606599,0.6762183,0.66984236,0.07388795000000004,0.04226989999999997,0.08570869999999997,0.14902439999999995,0.09682429000000004,0.08954304799999999,2003,1.9811693,22.44,3.8776855,-2.1364272,middle_80pct
yIe7Rp54-bU.004,0.5046729,0.6354167,0.61538464,0.66019416,0.6333333,0.6053933,0.6048877,0.60522705,0.62048084,0.64267015,0.10072040000000004,0.030528999999999917,0.01015759000000005,0.03971331999999994,0.009336850000000063,0.038091432,2004,1.9435922,23.10522,2.6694071,-2.2586222,lowest_error_10pct
yIe7Rp54-bU.005,0.635514,0.59375,0.7582418,0.592233,0.7,0.58735657,0.57908905,0.6076901,0.6248082,0.64048743,0.04815743000000006,0.014660950000000006,0.15055169999999996,0.032575200000000026,0.05951256999999999,0.061091570000000005,2005,2.030198,20.663485,4.467687,-1.9902767,middle_80pct
ygUEI08LgcM.000,0.3364486,0.38541666,0.48351648,0.407767,0.45555556,0.5177979,0.566444,0.57114,0.54872173,0.6181785,0.18134930000000005,0.18102733999999993,0.08762351999999995,0.14095473000000003,0.16262293999999994,0.15071556599999997,2006,1.927142,23.852118,7.310418,-2.4282873,middle_80pct
ygUEI08LgcM.002,0.2897196,0.27083334,0.24175824,0.32038835,0.33333334,0.40395397,0.4654459,0.5152777,0.5103488,0.49382687,0.11423436999999997,0.19461256000000005,0.27351945999999994,0.18996045000000006,0.16049353,0.18656407400000002,2007,2.0506768,22.52234,7.950412,0.461086,highest_error_10pct
ygUEI08LgcM.003,0.3084112,0.38541666,0.45054945,0.407767,0.4,0.41417953,0.44166428,0.55141276,0.5167155,0.5008269,0.10576833000000002,0.05624762,0.10086330999999993,0.1089485,0.10082689999999994,0.09453093199999998,2008,2.0264676,22.05729,3.347153,4.228229,middle_80pct
ygUEI08LgcM.005,0.28037384,0.35416666,0.50549453,0.4854369,0.37777779,0.39744028,0.44788998,0.5060717,0.5733972,0.51929224,0.11706644,0.09372332,0.0005771700000000157,0.08796030000000005,0.14151444999999996,0.088168336,2009,2.0474694,23.251698,5.668904,-0.4005723,middle_80pct
yzgA9oAEgI4.002,0.6728972,0.7708333,0.61538464,0.7669903,0.76666665,0.6789372,0.719602,0.6876507,0.75732946,0.7465582,0.006040000000000045,0.05123130000000009,0.07226605999999991,0.009660840000000004,0.020108450000000055,0.03186133000000002,2010,1.908892,23.277332,3.4954462,-5.3096075,lowest_error_10pct
yzgA9oAEgI4.003,0.7757009,0.8020833,0.5934066,0.7378641,0.85555553,0.6570733,0.6789906,0.6290297,0.6236383,0.74665445,0.11862760000000006,0.12309270000000005,0.03562310000000002,0.11422580000000004,0.10890107999999998,0.10009405600000003,2011,2.0278826,23.817177,0.7001907,-2.3448715,middle_80pct
z54OqeICELg.000,0.58878505,0.5520833,0.5714286,0.60194176,0.65555555,0.60747254,0.6323782,0.6099882,0.59820354,0.6850121,0.018687489999999918,0.08029489999999995,0.03855960000000003,0.0037382200000000143,0.029456550000000026,0.034147351999999985,2012,1.9333438,24.128424,-2.0465627,-5.6573505,lowest_error_10pct
z54OqeICELg.001,0.62616825,0.7708333,0.6923077,0.6893204,0.7777778,0.67572004,0.7131475,0.6618273,0.7115778,0.73803914,0.049551789999999984,0.05768580000000001,0.030480399999999963,0.022257399999999983,0.039738659999999926,0.039942809999999974,2013,1.9761498,21.860567,0.8099494,-6.0800867,lowest_error_10pct
z54OqeICELg.002,0.5420561,0.75,0.74725276,0.6796116,0.9222222,0.6558753,0.7056605,0.6578499,0.6948638,0.736153,0.11381920000000001,0.044339499999999976,0.08940285999999997,0.015252200000000049,0.18606920000000005,0.08977659200000002,2014,1.8992088,22.647636,0.54431474,-6.284252,middle_80pct
z54OqeICELg.004,0.6448598,0.6979167,0.48351648,0.5631068,0.73333335,0.62325174,0.6712251,0.6133096,0.66293013,0.6922653,0.02160805999999993,0.026691599999999926,0.12979311999999998,0.09982332999999999,0.04106805000000002,0.06379683199999997,2015,2.0240839,23.50124,-0.36193222,-7.296451,middle_80pct
z54OqeICELg.005,0.682243,0.6875,0.5824176,0.69902915,0.64444447,0.66256213,0.7014895,0.6734466,0.7032081,0.7303964,0.019680870000000072,0.013989499999999988,0.09102900000000003,0.004178950000000015,0.0859519299999999,0.04296605,2016,1.9155757,23.100721,1.052004,-7.225031,lowest_error_10pct
zFVjcb45pjI.000,0.18691589,0.125,0.47252747,0.3592233,0.31111112,0.37084723,0.37978938,0.4723257,0.39801723,0.46422726,0.18393134000000003,0.25478938,0.00020176999999999,0.038793929999999976,0.15311613999999996,0.126166512,2017,2.0709877,25.699892,-1.2097392,9.702475,middle_80pct
zFVjcb45pjI.002,0.2990654,0.375,0.32967034,0.3883495,0.44444445,0.5227925,0.5217499,0.5536452,0.5363806,0.5713196,0.2237271,0.1467499,0.22397485999999994,0.14803109999999997,0.12687515000000005,0.173871622,2018,1.9845537,22.347021,5.1447973,1.4305393,middle_80pct
zFVjcb45pjI.003,0.20560747,0.16666667,0.34065935,0.08737864,0.21111111,0.41859508,0.4445465,0.51043254,0.4604017,0.487121,0.21298761000000002,0.27787983000000005,0.16977319000000002,0.37302306,0.27600989000000004,0.261934716,2019,1.9320729,27.856297,-0.77120817,8.285891,highest_error_10pct
zFVjcb45pjI.004,0.42990655,0.34375,0.3846154,0.23300971,0.45555556,0.48326534,0.5424678,0.55856234,0.5120159,0.562109,0.05335878999999999,0.19871780000000006,0.17394694000000005,0.27900618999999993,0.10655343999999994,0.16231663199999996,2020,1.8578141,21.290094,4.2192445,-0.82146806,middle_80pct
zFVjcb45pjI.005,0.2897196,0.3125,0.34065935,0.30097088,0.2888889,0.48376396,0.4888325,0.53399646,0.48351648,0.53191125,0.19404435999999997,0.1763325,0.19333710999999998,0.18254560000000003,0.24302234999999994,0.197856384,2021,1.9998124,25.34754,1.4585031,4.202337,highest_error_10pct
zRevZ94Rxjc.003,0.5420561,0.6875,0.52747256,0.63106793,0.7222222,0.45176736,0.48263004,0.49449873,0.4858022,0.5435162,0.09028874000000003,0.20486996000000002,0.03297382999999998,0.14526573000000004,0.17870600000000003,0.13042085200000003,2022,2.0315206,26.29363,-5.7604284,-0.9613129,middle_80pct
zRevZ94Rxjc.004,0.6448598,0.6041667,0.62637365,0.5339806,0.7888889,0.51486874,0.52059096,0.5242228,0.46316358,0.58658504,0.12999105999999994,0.0835757399999999,0.10215085000000002,0.07081702000000001,0.20230386,0.11776770599999997,2023,2.0056648,23.832415,-4.5925517,-0.48701727,middle_80pct
zWetcoNHgrQ.001,0.34579438,0.39583334,0.52747256,0.3592233,0.54444444,0.5344518,0.5768611,0.602756,0.51101494,0.6121794,0.18865742000000002,0.18102776000000004,0.07528343999999998,0.15179164,0.06773496000000001,0.13289904400000002,2024,2.1328962,23.463076,8.655104,-0.31441012,middle_80pct
z_W8_j7CB2A.000,0.10280374,0.32291666,0.2857143,0.17475729,0.18888889,0.3749801,0.41150147,0.5014996,0.43819058,0.42784804,0.27217636,0.08858480999999996,0.21578530000000007,0.26343329,0.23895914999999998,0.21578778199999998,2025,1.9137962,26.521948,2.65382,-0.28909594,highest_error_10pct
z_W8_j7CB2A.001,0.17757009,0.3125,0.30769232,0.2038835,0.31111112,0.25546575,0.33039802,0.45091224,0.39855027,0.35255718,0.07789565999999998,0.017898020000000014,0.14321992,0.19466677,0.04144606000000001,0.095025286,2026,2.0633533,28.863705,4.9795365,8.453701,middle_80pct
zpLiIVF0x7U.000,0.26168224,0.21875,0.35164836,0.26213592,0.24444444,0.44176298,0.47091508,0.5386955,0.51155335,0.52222055,0.18008074000000002,0.25216508,0.18704714,0.24941743,0.27777611,0.22929729999999998,2027,2.1039968,27.081892,8.080293,2.677579,highest_error_10pct
zrdxHERn628.003,0.42990655,0.45833334,0.51648355,0.5339806,0.5888889,0.55785924,0.6133339,0.6091708,0.585117,0.69845617,0.12795268999999998,0.15500056,0.09268725,0.05113639999999997,0.10956727,0.10726883400000001,2028,2.1498654,27.546522,10.535454,-2.986176,middle_80pct
ztyBhnjtrz0.000,0.48598132,0.33333334,0.5494506,0.41747573,0.42222223,0.24300715,0.27245033,0.37866452,0.33598715,0.34763545,0.24297417,0.06088300999999996,0.17078608,0.08148857999999998,0.07458677999999996,0.12614372399999998,2029,2.1994975,39.82308,-4.1478224,18.781797,middle_80pct
ztyBhnjtrz0.001,0.58878505,0.48958334,0.63736266,0.4854369,0.6888889,0.22116098,0.26334897,0.4062412,0.41786727,0.3153091,0.36762407,0.22623436999999996,0.23112145999999995,0.06756962999999999,0.3735798,0.253225866,2030,2.2290285,40.28413,-0.9040411,16.562418,highest_error_10pct
ztyBhnjtrz0.002,0.34579438,0.375,0.51648355,0.4563107,0.36666667,0.2526883,0.29234013,0.43037254,0.4155527,0.33003724,0.09310608000000004,0.08265987000000002,0.08611100999999999,0.040758000000000016,0.03662942999999996,0.067852878,2031,2.2219908,35.24817,2.896646,11.532305,middle_80pct
ztyBhnjtrz0.003,0.5607477,0.21875,0.5934066,0.39805827,0.5,0.30461356,0.36900356,0.4624278,0.43315268,0.40215102,0.25613413999999995,0.15025356,0.1309788,0.03509441000000002,0.09784897999999997,0.134061978,2032,2.0859773,29.061232,3.781145,8.1749525,middle_80pct
ztyBhnjtrz0.004,0.5233645,0.5729167,0.6923077,0.60194176,0.6333333,0.16534787,0.24696118,0.38002494,0.38857412,0.2947507,0.35801663,0.32595551999999994,0.31228276,0.21336763999999997,0.3385826,0.30964103,2033,2.1944482,42.37681,-1.5479009,17.617931,highest_error_10pct
zupxsNi2er8.000,0.25233644,0.35416666,0.42857143,0.4368932,0.36666667,0.38731158,0.4433976,0.51437914,0.42862725,0.5151153,0.13497514,0.08923093999999998,0.08580770999999998,0.008265949999999966,0.14844863000000008,0.093345674,2034,2.026019,29.740362,5.4784517,10.994459,middle_80pct
zupxsNi2er8.002,0.35514018,0.39583334,0.50549453,0.41747573,0.4888889,0.3862741,0.44799373,0.5016361,0.4155249,0.47582316,0.03113391999999998,0.05216039,0.0038584299999999683,0.0019508300000000145,0.013065739999999992,0.02043386199999999,2035,2.1210036,26.930742,4.9526587,3.6289225,lowest_error_10pct
zupxsNi2er8.003,0.36448598,0.47916666,0.53846157,0.42718446,0.4,0.43785203,0.49283776,0.5541726,0.48555467,0.52302474,0.07336605000000002,0.013671099999999992,0.01571103000000007,0.05837021000000003,0.12302473999999997,0.056828626000000014,2036,1.9452952,25.767736,9.42298,2.35427,middle_80pct
zupxsNi2er8.004,0.3364486,0.4375,0.50549453,0.18446602,0.34444445,0.4122561,0.44252917,0.48134312,0.3748185,0.49514228,0.07580750000000003,0.005029170000000027,0.024151409999999984,0.19035248,0.15069782999999998,0.089207678,2037,1.9557508,26.610651,3.6972418,4.844328,middle_80pct
zupxsNi2er8.005,0.47663552,0.5,0.5824176,0.5145631,0.5222222,0.40262163,0.47764057,0.5549554,0.51880234,0.51340353,0.07401388999999997,0.022359430000000013,0.027462199999999992,0.0042392399999999775,0.008818669999999917,0.027378685999999975,2038,1.9940993,23.45832,7.0427055,6.702959,lowest_error_10pct
